user_id,gender,age,occupation,zip_code,zip_prefix
1,F,1,10,48067,480
2,M,56,16,70072,700
3,M,25,15,55117,551
4,M,45,7,02460,024
5,M,25,20,55455,554
6,F,50,9,55117,551
7,M,35,1,06810,068
8,M,25,12,11413,114
9,M,25,17,61614,616
10,F,35,1,95370,953
11,F,25,1,04093,040
12,M,25,12,32793,327
13,M,45,1,93304,933
14,M,35,0,60126,601
15,M,25,7,22903,229
16,F,35,0,20670,206
17,M,50,1,95350,953
18,F,18,3,95825,958
19,M,1,10,48073,480
20,M,25,14,55113,551
21,M,18,16,99353,993
22,M,18,15,53706,537
23,M,35,0,90049,900
24,F,25,7,10023,100
25,M,18,4,01609,016
26,M,25,7,23112,231
27,M,25,11,19130,191
28,F,25,1,14607,146
29,M,35,7,33407,334
30,F,35,7,19143,191
31,M,56,7,06840,068
32,F,25,0,19355,193
33,M,45,3,55421,554
34,F,18,0,02135,021
35,M,45,1,02482,024
36,M,25,3,94123,941
37,F,25,9,66212,662
38,F,18,4,02215,022
39,M,18,4,61820,618
40,M,45,0,10543,105
41,F,18,4,15116,151
42,M,25,8,24502,245
43,M,25,12,60614,606
44,M,45,17,98052,980
45,F,45,16,94110,941
46,M,18,19,75602,756
47,M,18,4,94305,943
48,M,25,4,92107,921
49,M,18,12,77084,770
50,F,25,2,98133,981
51,F,1,10,10562,105
52,M,18,4,72212,722
53,M,25,0,96931,969
54,M,50,1,56723,567
55,F,35,12,55303,553
56,M,35,20,60440,604
57,M,18,19,30350,303
58,M,25,2,30303,303
59,F,50,1,55413,554
60,M,50,1,72118,721
61,M,25,17,95122,951
62,F,35,3,98105,981
63,M,18,4,54902,549
64,M,18,1,53706,537
65,M,35,12,55803,558
66,M,25,18,57706,577
67,F,50,5,60181,601
68,M,18,4,53706,537
69,F,25,1,02143,021
70,M,18,4,53703,537
71,M,25,14,95008,950
72,F,45,0,55122,551
73,M,18,4,53706,537
74,M,35,14,94530,945
75,F,1,10,01748,017
76,M,35,7,55413,554
77,M,18,4,15321,153
78,F,45,1,98029,980
79,F,45,0,98103,981
80,M,56,1,49327,493
81,F,25,0,60640,606
82,M,25,17,48380,483
83,F,25,2,94609,946
84,M,18,4,53140,531
85,M,18,4,94945,949
86,F,1,10,54467,544
87,M,25,14,48360,483
88,F,45,1,02476,024
89,F,56,9,85749,857
90,M,56,13,85749,857
91,M,35,7,07650,076
92,F,18,4,44243,442
93,M,25,17,95825,958
94,M,25,17,28601,286
95,M,45,0,98201,982
96,F,25,16,78028,780
97,F,35,3,66210,662
98,F,35,7,33547,335
99,F,1,10,19390,193
100,M,35,17,95401,954
101,F,18,3,33314,333
102,M,35,19,20871,208
103,M,45,7,92104,921
104,M,25,12,00926,009
105,M,45,12,90277,902
106,F,35,11,79101,791
107,M,45,18,63129,631
108,M,25,12,30316,303
109,M,45,15,92028,920
110,M,25,2,90803,908
111,M,35,15,55416,554
112,M,25,16,97209,972
113,M,18,12,37032,370
114,F,25,2,83712,837
115,M,25,17,28083,280
116,M,25,17,55744,557
117,M,25,17,33314,333
118,M,35,17,22315,223
119,F,1,10,77515,775
120,M,25,11,27106,271
121,M,35,7,75229,752
122,F,18,4,94305,943
123,M,35,9,67208,672
124,M,56,7,91356,913
125,M,45,14,01701,017
126,M,18,9,98117,981
127,F,45,3,01770,017
128,M,56,6,37922,379
129,M,25,11,20164,201
130,M,35,17,50021,500
131,M,18,4,06520,065
132,M,25,17,99709,997
133,F,25,0,55071,550
134,M,25,0,66212,662
135,M,18,4,20006,200
136,M,18,2,21202,212
137,F,45,6,78758,787
138,M,18,20,22203,222
139,F,25,20,45409,454
140,F,35,1,55107,551
141,M,35,13,62035,620
142,M,25,7,10011,100
143,M,18,3,64043,640
144,M,25,17,29401,294
145,M,18,4,19081,190
146,F,35,20,10954,109
147,M,18,4,91360,913
148,M,50,17,57747,577
149,M,25,1,29205,292
150,M,35,7,98144,981
151,F,25,20,85013,850
152,M,18,4,48104,481
153,M,1,10,51537,515
154,M,50,20,94530,945
155,M,35,12,07470,074
156,F,45,7,14519,145
157,M,35,16,12866,128
158,M,56,7,28754,287
159,F,45,0,37922,379
160,M,35,7,13021,130
161,M,45,16,98107-2117,981
162,F,18,4,93117,931
163,M,18,4,85013,850
164,F,56,13,94566,945
165,M,18,16,98502,985
166,M,18,4,92802,928
167,F,25,11,10022,100
168,F,50,0,46970,469
169,M,25,7,55439,554
170,M,25,11,07002,070
171,F,50,17,55441,554
172,M,25,3,07661,076
173,M,25,0,45237,452
174,M,25,16,21203,212
175,F,25,2,95123,951
176,F,18,3,55016,550
177,M,50,1,54016,540
178,M,56,17,53705,537
179,M,25,0,02135,021
180,M,45,12,01603,016
181,M,18,17,33186,331
182,M,18,4,03052,030
183,F,45,1,55407,554
184,F,25,0,19001,190
185,M,45,0,14468,144
186,M,18,5,91767,917
187,F,45,1,94061,940
188,M,56,16,79930,799
189,M,18,0,60076,600
190,M,25,17,55125,551
191,M,18,4,04915,049
192,M,18,1,10977,109
193,F,45,15,44106,441
194,F,1,10,29146,291
195,M,25,12,10458,104
196,F,35,9,94587,945
197,M,18,14,10023,100
198,M,25,12,55108,551
199,M,18,4,83706,837
200,F,18,4,84321,843
201,F,35,2,55117,551
202,M,18,4,53706,537
203,F,18,4,53715,537
204,M,25,7,92123,921
205,M,35,12,97333,973
206,M,25,17,20194,201
207,M,25,12,94115,941
208,M,35,17,55432,554
209,M,35,1,90048,900
210,F,1,10,25801,258
211,M,45,17,90620,906
212,M,25,16,53714,537
213,F,18,4,01609,016
214,M,18,20,80218,802
215,M,35,14,92075,920
216,M,45,13,52761,527
217,M,18,4,22903,229
218,M,35,14,95822,958
219,F,25,4,55113,551
220,M,25,12,22903,229
221,F,25,0,94063,940
222,M,25,1,55116,551
223,M,25,17,28262,282
224,F,18,4,14850,148
225,M,25,7,11215,112
226,M,35,1,94518,945
227,M,35,20,90291,902
228,M,25,15,55455,554
229,M,18,10,04576,045
230,M,45,1,43210,432
231,M,25,3,55455,554
232,M,25,20,55408,554
233,F,45,20,37919-4204,379
234,M,35,7,39652,396
235,M,25,0,98153,981
236,M,25,5,55126,551
237,M,25,6,46835,468
238,F,50,7,90291,902
239,M,18,19,94618,946
240,M,50,17,55113,551
241,M,35,20,55121,551
242,F,18,4,53706,537
243,M,25,16,11576,115
244,M,50,7,19072,190
245,M,35,16,66046,660
246,F,18,4,60625,606
247,M,25,17,94404,944
248,M,18,17,72703,727
249,F,18,14,48126,481
250,M,35,16,11229,112
251,M,56,17,55105,551
252,M,25,12,94112,941
253,F,25,11,97370,973
254,M,35,17,49015,490
255,M,35,0,85310,853
256,M,45,16,55076,550
257,M,18,18,55113,551
258,M,25,7,55436,554
259,M,25,1,60615,606
260,M,18,19,98126,981
261,M,25,20,75801,758
262,F,25,1,68503,685
263,F,25,7,22304,223
264,M,35,0,20755,207
265,F,35,7,55116,551
266,M,35,11,75229,752
267,M,45,12,55001,550
268,F,18,12,29708,297
269,M,25,2,55408,554
270,M,50,14,55414,554
271,M,18,4,48202,482
272,M,18,0,80302,803
273,M,18,4,55427,554
274,M,18,4,55455,554
275,M,25,0,48162,481
276,M,45,16,01982,019
277,F,35,1,98126,981
278,M,45,18,60482,604
279,M,25,14,91214,912
280,M,50,7,19118,191
281,F,35,0,94117,941
282,M,25,17,94401,944
283,M,25,0,10003,100
284,M,25,12,91910,919
285,F,35,0,94109,941
286,M,25,1,54601,546
287,M,50,13,94706,947
288,F,25,12,97119,971
289,F,25,0,11801,118
290,F,25,20,94591,945
291,M,35,12,55110,551
292,M,35,7,19406,194
293,M,56,1,55337-4056,553
294,F,45,9,43147,431
295,M,18,0,80203,802
296,M,50,5,89432,894
297,M,18,2,97211,972
298,F,18,4,19010,190
299,M,25,12,97370,973
300,M,25,7,78664,786
301,M,18,4,61820,618
302,M,18,4,04901,049
303,M,25,7,20006,200
304,M,25,0,55414,554
305,F,18,0,55414,554
306,M,18,0,53051,530
307,M,50,16,90027,900
308,M,25,2,10025,100
309,M,25,4,16801,168
310,F,18,4,31207,312
311,M,18,4,31201,312
312,F,50,2,22207,222
313,F,18,4,02138,021
314,F,56,9,46911,469
315,F,56,1,55105,551
316,M,56,13,90740,907
317,M,35,7,38555,385
318,F,56,13,55104,551
319,F,50,6,33436,334
320,M,35,6,99516,995
321,M,18,4,55128,551
322,M,56,17,55117,551
323,M,45,12,53716,537
324,M,35,17,55106,551
325,F,50,3,55112,551
326,M,50,11,25302,253
327,M,35,18,55448,554
328,M,35,12,80401,804
329,M,35,7,02115,021
330,M,56,7,92065,920
331,M,25,7,55902,559
332,M,50,1,55109,551
333,M,35,2,55410,554
334,F,56,2,55113,551
335,M,35,18,55434,554
336,M,18,0,98765,987
337,M,18,19,80205,802
338,M,35,7,55116,551
339,M,50,7,80207,802
340,F,25,3,28001,280
341,F,56,13,92119,921
342,M,18,12,55076,550
343,F,35,3,55127,551
344,M,35,14,75034,750
345,M,25,12,94114,941
346,F,25,0,55110,551
347,F,56,1,55305,553
348,M,50,7,55110,551
349,M,1,10,08035,080
350,M,45,20,08035,080
351,M,18,4,55105,551
352,M,18,4,60115,601
353,F,35,7,92625,926
354,M,35,1,55117,551
355,M,18,3,55107,551
356,M,56,20,55101,551
357,M,18,0,98103,981
358,F,56,1,20815,208
359,M,25,17,55128,551
360,M,35,17,28208,282
361,F,25,14,94115,941
362,M,35,20,55407,554
363,M,18,10,55419,554
364,F,35,1,46815,468
365,F,18,4,02138,021
366,M,50,15,55126,551
367,M,50,12,55421,554
368,M,25,0,90293,902
369,M,35,1,55110,551
370,M,18,17,22304,223
371,M,18,4,02141,021
372,F,18,4,72227,722
373,F,25,2,55347,553
374,F,35,14,55346,553
375,M,25,2,55106,551
376,M,35,1,80026,800
377,M,25,17,55418,554
378,F,18,0,55105,551
379,F,35,1,54822,548
380,M,25,2,92024,920
381,M,35,17,89015,890
382,F,35,20,66205,662
383,F,25,7,78757,787
384,M,25,11,55075,550
385,M,25,6,68131,681
386,M,25,0,55408,554
387,F,35,7,55111,551
388,F,25,0,10021,100
389,M,25,6,68128,681
390,M,25,4,55405,554
391,M,45,11,22122,221
392,M,18,7,20037,200
393,M,35,17,55402,554
394,M,18,0,55013,550
395,M,18,5,55104,551
396,M,25,1,56187,561
397,M,35,17,22124,221
398,M,25,17,55454,554
399,F,35,6,55128,551
400,F,18,3,55422,554
401,M,18,0,55129,551
402,M,25,11,55427,554
403,M,18,4,02138,021
404,M,18,4,10128,101
405,M,56,1,13077,130
406,M,25,20,55105,551
407,M,18,17,89503,895
408,M,25,11,02143,021
409,M,18,12,55122,551
410,F,25,1,55417,554
411,F,45,1,43214,432
412,M,35,15,55117,551
413,M,25,11,55409,554
414,M,25,0,55317,553
415,F,35,0,55406,554
416,M,45,14,55076,550
417,F,25,0,50613,506
418,F,25,3,54016,540
419,M,18,3,55422,554
420,M,35,1,55406,554
421,F,45,3,55125,551
422,M,56,17,55104,551
423,M,18,4,55455,554
424,M,25,17,55112,551
425,M,25,12,55303,553
426,M,18,4,55455,554
427,M,35,12,55104,551
428,F,18,4,55455,554
429,M,18,0,54901,549
430,F,18,10,55306,553
431,M,18,10,55303,553
432,M,45,16,55306,553
433,M,50,6,55115,551
434,F,45,3,98155,981
435,M,25,7,55125,551
436,M,18,4,43023,430
437,M,35,17,55030,550
438,M,18,11,53705,537
439,M,35,14,55129,551
440,M,56,1,32940,329
441,M,35,1,55127,551
442,M,25,1,55105,551
443,M,25,3,55421,554
444,M,56,0,55108,551
445,M,45,12,55117,551
446,F,50,0,55042,550
447,F,45,11,55105,551
448,M,25,17,80123,801
449,M,25,7,85037,850
450,M,45,1,24523,245
451,M,56,13,54720,547
452,M,50,17,55117,551
453,M,18,4,55102,551
454,M,25,20,55092,550
455,F,35,2,55113,551
456,M,35,0,55105,551
457,M,18,4,54703,547
458,M,50,16,55405-2546,554
459,F,18,4,55105,551
460,M,45,18,55313,553
461,M,50,7,55075,550
462,M,18,16,55416,554
463,M,25,7,55105,551
464,F,18,4,55455,554
465,M,18,19,94523,945
466,M,25,5,55405,554
467,F,35,3,55075,550
468,F,1,10,55082,550
469,M,35,6,55122,551
470,F,1,10,55068,550
471,M,35,7,08904,089
472,M,35,0,55418,554
473,F,18,4,55112,551
474,M,25,17,92126,921
475,F,25,2,55421,554
476,M,35,0,55127,551
477,M,35,14,55410,554
478,M,50,16,55113,551
479,M,25,12,55042,550
480,F,18,4,55422,554
481,M,45,7,55115,551
482,M,25,14,55305,553
483,M,18,12,55105,551
484,F,1,10,55104,551
485,M,56,7,55042,550
486,M,56,0,91367,913
487,F,35,17,55082,550
488,M,25,12,55107,551
489,M,18,4,55455,554
490,M,1,10,55345,553
491,M,18,4,56043,560
492,M,25,12,55112,551
493,M,50,7,55016,550
494,F,35,0,17870,178
495,M,18,10,55421,554
496,M,18,4,55455,554
497,F,25,17,55412,554
498,M,35,17,55113,551
499,F,25,1,55108,551
500,F,18,2,55105,551
501,M,25,2,55372,553
502,M,35,6,55126,551
503,M,35,11,73120,731
504,M,25,2,17003,170
505,M,35,17,37815,378
506,M,25,16,55103-1006,551
507,F,25,0,55405,554
508,M,25,12,55418,554
509,M,25,2,55125,551
510,M,18,12,55109,551
511,F,45,4,15232,152
512,M,35,0,55379,553
513,M,25,0,55119,551
514,M,25,2,55113,551
515,M,25,1,55406,554
516,F,56,14,55033,550
517,F,25,14,55408,554
518,F,35,12,75240,752
519,F,35,14,55038,550
520,F,35,20,55104,551
521,M,56,7,55105,551
522,M,25,12,55124,551
523,M,50,7,55105,551
524,M,18,0,91320,913
525,M,35,6,19027,190
526,M,45,17,94806,948
527,F,25,2,11201,112
528,F,18,17,83843,838
529,M,35,12,92009,920
530,M,25,2,10019,100
531,F,18,14,22206,222
532,M,25,7,94301,943
533,M,25,12,27514,275
534,M,25,15,55902,559
535,M,35,6,95370,953
536,M,25,20,01267,012
537,M,45,14,07704,077
538,M,56,16,95407,954
539,M,25,2,55103,551
540,M,18,1,15213,152
541,F,18,4,5849574,584
542,M,18,4,78705,787
543,M,25,5,55057,550
544,M,35,12,94538,945
545,M,35,17,01890,018
546,F,25,0,37211,372
547,M,35,12,76109,761
548,F,35,16,96860,968
549,M,25,6,53217,532
550,M,45,8,21559,215
551,M,35,20,55116,551
552,M,50,18,23456,234
553,M,25,2,94131,941
554,M,25,12,94086,940
555,M,18,4,53213,532
556,F,25,9,37221,372
557,M,56,1,30030,300
558,M,35,20,55108,551
559,F,25,7,60422,604
560,M,45,15,81335,813
561,F,18,14,64060,640
562,M,35,20,48083,480
563,M,25,4,53703,537
564,M,45,1,49419,494
565,M,25,16,45242,452
566,M,25,17,92122,921
567,M,35,20,52570-9634,525
568,F,50,17,19716,197
569,F,18,4,97339,973
570,M,25,4,33314,333
571,M,50,5,95401,954
572,M,18,4,61801,618
573,F,35,2,98119,981
574,M,25,19,90214,902
575,M,25,12,92130,921
576,F,45,15,20910,209
577,M,35,0,02115,021
578,M,18,17,90064,900
579,M,25,5,32839,328
580,M,1,10,08534,085
581,M,50,14,73543,735
582,M,18,4,67042,670
583,F,25,0,48067,480
584,F,25,0,94403,944
585,M,18,1,53703,537
586,M,35,14,53092,530
587,M,25,20,92649,926
588,F,25,11,23220,232
589,M,18,2,90210,902
590,F,35,6,98032,980
591,M,25,0,76201,762
592,M,18,0,92103,921
593,F,50,1,91711,917
594,F,56,13,60076,600
595,M,25,7,10019,100
596,F,25,1,01950,019
597,M,35,12,80206,802
598,M,35,7,95476,954
599,M,50,6,53711,537
600,M,35,17,66209,662
601,F,18,20,06320,063
602,F,56,6,14612,146
603,F,25,6,32256,322
604,M,45,17,32256,322
605,F,18,4,44425,444
606,F,1,10,49507,495
607,M,25,0,43614,436
608,M,18,4,18011,180
609,M,25,7,10012,100
610,M,25,4,77025,770
611,M,35,0,20715,207
612,M,50,7,95020,950
613,M,35,20,10562,105
614,M,35,1,90024,900
615,M,50,17,32951,329
616,M,25,7,94115,941
617,F,25,7,92117,921
618,M,25,0,74105,741
619,F,18,1,94706,947
620,M,18,0,13210,132
621,M,18,4,93560,935
622,M,25,0,92612,926
623,M,25,17,60555,605
624,M,25,1,75207,752
625,F,35,12,44106,441
626,M,18,4,77005,770
627,M,50,2,97210,972
628,F,35,0,20715,207
629,F,1,10,48154,481
630,F,35,14,80525,805
631,M,35,17,28601,286
632,M,45,17,07649,076
633,M,25,17,94131,941
634,F,1,10,49512,495
635,M,56,17,33785,337
636,M,18,20,92055,920
637,M,35,12,97132,971
638,M,25,6,77584,775
639,M,45,17,85202,852
640,M,18,4,47406,474
641,F,35,0,55116,551
642,F,35,1,78155,781
643,M,25,2,23188,231
644,M,25,20,93704,937
645,M,35,20,11215,112
646,M,35,7,08505,085
647,M,35,12,85224,852
648,F,25,12,94131,941
649,M,25,4,80526,805
650,M,25,17,49445,494
651,M,35,7,20895,208
652,M,18,20,12222,122
653,M,56,13,92660,926
654,M,50,7,75023,750
655,F,25,2,92629,926
656,F,45,16,92106,921
657,F,50,13,34691,346
658,F,25,0,10021,100
659,F,25,0,28134,281
660,M,45,16,70507,705
661,M,45,1,13114,131
662,M,18,4,99163,991
663,F,25,7,12345,123
664,M,35,18,74601,746
665,M,18,2,13317,133
666,F,18,0,08540,085
667,M,25,18,98438,984
668,F,25,3,22042,220
669,M,25,17,30307,303
670,M,25,12,30303,303
671,M,18,4,61761,617
672,M,35,7,46845,468
673,M,25,20,10023,100
674,M,25,17,22042,220
675,M,25,20,02048,020
676,M,18,16,55129,551
677,M,50,2,94122,941
678,M,25,0,34952,349
679,M,35,16,29681,296
680,M,25,12,37013,370
681,M,35,7,30501,305
682,M,25,4,27510,275
683,M,25,4,27514,275
684,M,25,4,27510,275
685,M,25,4,27514,275
686,M,18,4,27514,275
687,F,25,7,14136,141
688,M,56,13,13407,134
689,F,50,0,48103,481
690,M,25,12,90717,907
691,M,35,11,96813,968
692,F,25,0,85207,852
693,M,35,12,98103,981
694,M,18,4,76401,764
695,F,18,1,04240,042
696,M,25,12,94114,941
697,F,50,6,97330,973
698,M,18,4,76401,764
699,M,18,0,73505,735
700,M,50,17,14650,146
701,F,18,4,01002,010
702,M,35,7,90808,908
703,F,56,1,44074,440
704,F,35,8,85712,857
705,M,25,4,48065,480
706,M,35,20,78664,786
707,M,35,7,17740,177
708,M,25,0,37042,370
709,M,18,0,92647,926
710,M,25,20,85207,852
711,M,25,18,80521,805
712,M,25,0,95136,951
713,M,35,7,79912,799
714,M,18,4,76013,760
715,M,18,0,53715,537
716,M,18,4,98188,981
717,M,25,11,90211,902
718,M,18,2,90211,902
719,M,1,0,75070,750
720,M,18,0,55129,551
721,F,35,9,97520,975
722,M,25,12,55106,551
723,M,25,12,98027,980
724,M,50,13,90266,902
725,M,56,11,08904,089
726,F,25,9,77449,774
727,M,35,11,94061,940
728,M,25,6,11598,115
729,M,35,12,85284,852
730,M,25,0,10580,105
731,M,45,3,55410,554
732,M,25,7,07030,070
733,M,35,16,30034,300
734,M,25,7,90078,900
735,M,25,14,04240,042
736,M,18,12,07070,070
737,M,1,19,53711,537
738,M,18,17,99205,992
739,M,35,12,55803,558
740,M,25,14,24551,245
741,M,25,5,44095,440
742,M,18,0,54758,547
743,F,1,2,60660,606
744,M,25,17,77007,770
745,M,1,10,90004,900
746,F,18,19,95019,950
747,M,18,4,98606,986
748,M,25,0,60098,600
749,M,35,18,56303,563
750,F,35,9,13066,130
751,F,25,17,97201,972
752,F,25,3,97401,974
753,M,1,10,42754,427
754,M,35,7,38024,380
755,F,35,0,94002,940
756,M,35,0,90064,900
757,M,25,12,97401,974
758,M,35,7,19518,195
759,F,56,3,89156,891
760,M,56,15,94114,941
761,M,18,7,99945,999
762,M,1,10,63041,630
763,M,18,10,02882,028
764,M,18,20,85296,852
765,M,25,17,74467,744
766,F,25,7,95128,951
767,M,25,12,45241,452
768,M,25,12,17067,170
769,M,45,17,02421,024
770,M,18,4,98499,984
771,F,50,1,75087,750
772,M,18,12,89118,891
773,M,25,6,48108,481
774,M,18,4,22903,229
775,M,1,17,56258,562
776,F,25,3,92627,926
777,M,18,19,87543,875
778,M,18,17,32694,326
779,M,25,0,60156,601
780,M,25,17,91776,917
781,M,18,4,95076,950
782,M,56,1,28223,282
783,M,25,4,53703,537
784,M,18,0,11040,110
785,M,18,19,29307,293
786,M,25,0,55987,559
787,M,18,4,77802,778
788,M,25,0,37601,376
789,M,18,1,67212,672
790,M,25,17,45694,456
791,M,35,7,27511,275
792,M,25,17,01002,010
793,F,35,14,37043,370
794,M,50,20,10543,105
795,F,35,14,19147,191
796,M,50,6,98237,982
797,F,50,7,20175,201
798,F,25,20,48464,484
799,F,25,5,98498,984
800,F,35,12,72032,720
801,F,25,20,95776,957
802,M,25,16,22801,228
803,M,18,4,67217,672
804,M,25,20,90032,900
805,M,35,12,37211,372
806,M,35,0,34990,349
807,M,18,4,89015,890
808,M,25,7,85226,852
809,M,25,17,70508,705
810,M,25,12,98006,980
811,M,50,0,94043,940
812,M,25,6,37930,379
813,M,18,4,70002,700
814,F,18,4,92612,926
815,M,25,4,37130,371
816,M,45,0,92108,921
817,M,18,4,41076,410
818,M,18,4,60107,601
819,M,35,7,60611,606
820,M,35,7,78759,787
821,M,18,2,14456,144
822,F,25,1,07666,076
823,M,25,0,92078,920
824,M,35,12,94530,945
825,M,56,1,39532,395
826,F,35,1,80210,802
827,M,45,2,55409,554
828,M,18,4,70817,708
829,M,1,19,53711,537
830,M,35,7,60657,606
831,F,45,0,20874,208
832,M,18,2,19464,194
833,M,35,7,46825,468
834,F,35,12,78640,786
835,M,56,0,94952,949
836,M,25,11,10023,100
837,M,56,7,08540,085
838,M,50,17,92661,926
839,M,25,0,98103,981
840,F,25,3,02828,028
841,F,50,14,92119,921
842,F,18,0,55102,551
843,M,25,7,49321,493
844,M,25,0,92121,921
845,F,18,0,20009,200
846,M,25,5,80209,802
847,F,25,7,80228,802
848,M,25,15,94121,941
849,M,25,3,75006,750
850,M,35,0,60640,606
851,M,18,4,75287,752
852,M,25,5,92105,921
853,M,25,17,55447,554
854,F,25,16,44092,440
855,F,18,2,72701,727
856,F,45,6,02453,024
857,M,35,17,11701,117
858,M,35,14,10013,100
859,M,25,12,10128,101
860,M,18,0,78237,782
861,M,25,7,37027,370
862,M,35,7,10019,100
863,M,25,7,62522,625
864,F,25,0,97205,972
865,M,35,1,91711,917
866,M,1,10,08820,088
867,M,45,12,95814,958
868,M,50,17,01702-7224,017
869,M,18,20,92026,920
870,F,25,1,02144,021
871,M,1,10,76013,760
872,M,50,1,20815,208
873,M,56,6,19027,190
874,M,45,15,26105,261
875,M,1,10,94707,947
876,M,25,4,43202,432
877,M,25,0,90631,906
878,M,18,2,01720,017
879,M,45,16,92018,920
880,M,35,17,94114,941
881,M,18,14,76401,764
882,M,18,2,01720,017
883,F,35,14,92673,926
884,M,1,10,49454,494
885,M,35,0,48105,481
886,F,56,0,14830,148
887,F,56,16,55345,553
888,F,1,10,08820,088
889,M,45,20,10024,100
890,M,18,4,92153,921
891,M,25,1,80202,802
892,M,35,0,76031,760
893,F,50,6,85016,850
894,M,18,4,31602,316
895,M,50,1,34683,346
896,M,18,15,94015,940
897,M,25,6,92130,921
898,M,25,7,77005,770
899,F,25,1,30605,306
900,F,56,13,90066,900
901,F,56,0,92027,920
902,M,56,0,45432,454
903,M,56,13,75165,751
904,M,35,20,92308,923
905,F,45,12,28655,286
906,M,1,10,71106,711
907,F,45,6,92117,921
908,F,50,1,92103,921
909,M,45,7,92831,928
910,F,50,0,98226,982
911,M,50,0,98226,982
912,F,35,2,91324,913
913,M,25,0,20744-6223,207
914,F,35,9,30338,303
915,M,25,7,72762,727
916,F,25,1,92084,920
917,M,50,6,92117,921
918,F,45,1,91901,919
919,F,35,1,92056,920
920,M,18,4,92173,921
921,M,25,17,92084,920
922,M,56,16,48009,480
923,M,25,7,37212,372
924,M,50,17,98642,986
925,F,35,3,48073,480
926,M,1,10,07869,078
927,F,25,20,91105,911
928,F,56,16,98199,981
929,M,25,15,53706,537
930,M,25,5,98380,983
931,F,56,1,06032,060
932,F,35,6,97838,978
933,M,45,1,49419,494
934,F,35,7,97401,974
935,M,35,14,60538,605
936,M,18,4,34567,345
937,M,25,15,60513,605
938,F,25,1,01060,010
939,F,25,20,20110-5616,201
940,M,1,10,76240,762
941,M,18,20,45387,453
942,F,50,6,85716,857
943,F,45,12,08033,080
944,M,35,0,91505,915
945,M,45,7,49345,493
946,M,35,7,48103-8929,481
947,M,18,0,21015,210
948,M,56,12,43056,430
949,M,50,17,96753,967
950,M,35,7,21044,210
951,M,45,2,10009,100
952,M,56,16,97478,974
953,M,50,20,97030,970
954,F,25,0,21030,210
955,F,50,7,94941,949
956,M,35,1,55104,551
957,M,35,1,29706,297
958,M,35,2,48116,481
959,M,50,11,44622,446
960,M,1,10,45244,452
961,M,18,10,10016,100
962,F,25,1,80020,800
963,M,25,0,48197,481
964,M,25,7,94123,941
965,M,56,7,10954,109
966,M,56,2,92262,922
967,F,18,0,43615,436
968,M,50,12,94530,945
969,F,25,11,19103,191
970,M,25,0,27615,276
971,M,25,12,43615,436
972,M,45,1,02138,021
973,F,25,1,80026,800
974,M,35,19,94930,949
975,M,35,0,98136,981
976,M,35,14,89113,891
977,M,25,2,80110,801
978,M,18,0,19116,191
979,M,1,10,48073,480
980,M,25,6,92014,920
981,M,25,20,02141,021
982,F,25,9,92064,920
983,F,25,16,99224,992
984,M,50,16,92129,921
985,M,25,4,32608,326
986,F,56,0,19004,190
987,F,35,17,48098,480
988,M,50,11,48823,488
989,M,50,0,20706,207
990,M,18,6,10004,100
991,F,25,9,48103,481
992,F,35,3,02780,027
993,M,25,0,45678,456
994,M,18,2,92109,921
995,F,18,4,96803,968
996,M,25,17,98102,981
997,M,1,19,15748,157
998,M,45,20,10019,100
999,M,25,15,62558,625
1000,F,25,6,90027,900
1001,M,25,4,90210,902
1002,M,50,11,07043,070
1003,M,25,2,19320,193
1004,M,25,3,95136,951
1005,M,35,11,08003,080
1006,M,18,4,53220,532
1007,M,50,12,01960,019
1008,M,35,3,77064,770
1009,M,50,7,48315,483
1010,M,25,0,10310,103
1011,M,25,8,92115,921
1012,F,35,1,30004,300
1013,M,56,13,02576,025
1014,F,45,17,03054,030
1015,M,35,3,11220,112
1016,M,56,16,60044,600
1017,M,35,0,30906,309
1018,M,18,4,95616,956
1019,M,35,1,60640,606
1020,M,18,20,93455,934
1021,M,35,0,94559,945
1022,M,25,3,00918,009
1023,M,56,13,92675,926
1024,F,35,1,74135,741
1025,M,25,16,34677,346
1026,F,45,0,19130,191
1027,M,18,4,77005,770
1028,F,45,7,03848,038
1029,M,25,0,20015,200
1030,M,25,7,97303,973
1031,M,35,16,19803,198
1032,M,50,16,19425,194
1033,M,25,5,60076,600
1034,F,35,1,82601,826
1035,M,18,2,15956,159
1036,M,35,7,28036,280
1037,M,45,7,02081,020
1038,F,56,15,20194,201
1039,F,35,1,02346,023
1040,M,25,11,76309,763
1041,M,45,2,94306,943
1042,M,35,5,92801,928
1043,F,50,11,87004,870
1044,M,25,20,72701,727
1045,F,1,10,77477,774
1046,M,56,18,53404-1230,534
1047,M,18,0,62225,622
1048,M,35,6,75225,752
1049,M,45,14,95002,950
1050,M,25,1,97302,973
1051,F,25,0,60513,605
1052,F,35,2,75214,752
1053,M,35,0,18360,183
1054,M,1,10,75040,750
1055,M,35,0,91505,915
1056,M,1,0,48133,481
1057,M,45,17,73069,730
1058,M,25,1,97321,973
1059,F,25,0,97213,972
1060,M,18,10,11235,112
1061,M,45,0,46060,460
1062,M,50,19,59457,594
1063,M,35,7,50265,502
1064,M,25,7,91344,913
1065,F,25,0,94402,944
1066,M,45,12,02151,021
1067,M,35,12,94402,944
1068,F,18,4,77581,775
1069,M,25,20,98105,981
1070,F,45,2,20036,200
1071,M,50,16,13045,130
1072,F,35,7,07601,076
1073,F,25,6,72211,722
1074,M,45,17,48073,480
1075,F,25,6,60660,606
1076,F,25,3,27606,276
1077,M,25,3,60660,606
1078,F,45,9,95661,956
1079,M,25,7,98115,981
1080,M,56,7,08854,088
1081,M,18,4,68144-2410,681
1082,M,45,7,48170,481
1083,M,56,0,27705,277
1084,M,1,19,03226,032
1085,M,25,7,34695,346
1086,M,18,4,98225,982
1087,M,25,16,08826,088
1088,F,1,10,98103,981
1089,M,35,6,37853,378
1090,M,25,7,94105,941
1091,M,18,5,345567,345
1092,F,18,4,49525,495
1093,M,50,14,60504,605
1094,F,18,0,92626,926
1095,F,56,6,08753,087
1096,M,1,10,80439,804
1097,M,18,17,92109,921
1098,M,35,7,94945,949
1099,M,25,17,77059,770
1100,M,25,0,60090,600
1101,M,35,1,06417,064
1102,M,18,1,55408,554
1103,F,45,7,60605,606
1104,M,35,11,10023,100
1105,M,35,6,48105,481
1106,M,18,4,90241,902
1107,F,50,1,02324,023
1108,M,56,1,93003,930
1109,M,18,10,45904,459
1110,F,56,6,77005,770
1111,F,50,16,44319,443
1112,M,18,6,19104,191
1113,M,18,4,97215,972
1114,F,18,9,75801,758
1115,F,25,1,60551,605
1116,M,25,15,92121,921
1117,M,18,14,10017,100
1118,M,50,13,02718,027
1119,M,35,1,90504,905
1120,M,18,4,95616,956
1121,M,56,7,78701,787
1122,M,56,14,02632,026
1123,M,50,0,91789,917
1124,M,25,2,60156,601
1125,F,18,4,53715,537
1126,M,56,16,13031,130
1127,M,25,0,11788,117
1128,M,25,1,72701,727
1129,M,35,17,22309,223
1130,M,18,7,60012,600
1131,M,56,13,12570,125
1132,M,18,12,98225,982
1133,M,18,2,90038,900
1134,M,18,20,19114,191
1135,M,50,13,98201,982
1136,F,35,7,90274,902
1137,M,18,4,13165,131
1138,M,18,12,12047,120
1139,M,25,1,93420-2852,934
1140,F,45,2,73069,730
1141,F,25,3,84770,847
1142,M,18,1,43623,436
1143,M,50,7,94024,940
1144,M,25,7,94025,940
1145,M,50,3,92103,921
1146,F,18,16,80260,802
1147,M,25,20,98101,981
1148,M,35,17,92618,926
1149,M,25,12,98103,981
1150,F,25,20,75226,752
1151,M,25,15,46805,468
1152,M,18,4,30328,303
1153,M,18,10,33024,330
1154,F,1,10,53545,535
1155,M,25,12,90278,902
1156,F,50,2,33334,333
1157,M,45,7,30253,302
1158,F,35,1,98026,980
1159,M,18,0,48314,483
1160,M,18,14,07017,070
1161,M,25,0,10025,100
1162,F,35,0,97213,972
1163,M,1,10,70448,704
1164,F,25,19,90020,900
1165,M,25,12,45014,450
1166,M,56,6,94030,940
1167,F,50,1,55126,551
1168,F,25,0,94109,941
1169,M,25,20,94402,944
1170,M,56,3,10023,100
1171,M,45,12,94114,941
1172,F,25,0,61801,618
1173,F,25,7,10019,100
1174,F,18,16,91780,917
1175,F,25,2,90020,900
1176,M,56,1,44256,442
1177,F,25,17,01453,014
1178,M,56,0,48186,481
1179,M,50,1,91030,910
1180,F,50,20,95503,955
1181,M,35,7,20716,207
1182,M,1,10,91326,913
1183,M,35,19,94598,945
1184,F,25,4,92354,923
1185,F,35,1,97374,973
1186,M,18,19,98502,985
1187,F,1,0,90210,902
1188,M,45,7,72212,722
1189,M,25,0,85712,857
1190,M,45,0,98031,980
1191,F,35,0,98117,981
1192,M,50,16,98103,981
1193,M,25,12,90712,907
1194,F,25,1,95617,956
1195,F,1,10,13907,139
1196,F,18,14,22203,222
1197,M,35,1,44077,440
1198,M,1,10,49544,495
1199,M,50,13,77459,774
1200,M,1,0,97222,972
1201,M,18,4,84112-2004,841
1202,M,35,12,97006,970
1203,F,25,1,06417,064
1204,M,25,7,95076,950
1205,F,56,0,46814,468
1206,F,50,7,33764,337
1207,M,50,0,43617,436
1208,M,25,0,12590,125
1209,M,35,7,94127,941
1210,M,25,17,27519,275
1211,M,18,4,10027,100
1212,F,50,1,60089,600
1213,M,50,0,91505,915
1214,M,56,13,94558,945
1215,M,35,17,23602,236
1216,M,25,2,90292,902
1217,M,25,12,94118,941
1218,M,56,15,13207,132
1219,M,25,7,12206,122
1220,M,1,10,48073,480
1221,M,18,0,19134,191
1222,M,35,0,52162,521
1223,M,25,2,60102,601
1224,M,50,13,02125,021
1225,M,45,7,61081,610
1226,M,18,20,07087,070
1227,M,50,1,90027,900
1228,M,25,1,94720,947
1229,F,25,4,48219,482
1230,M,25,11,95125,951
1231,M,25,12,60515,605
1232,F,18,4,43235,432
1233,F,45,20,94519,945
1234,M,18,4,91006,910
1235,F,25,7,94043,940
1236,F,25,1,48316,483
1237,M,18,4,32720,327
1238,F,35,20,11215,112
1239,F,25,20,50111,501
1240,F,18,14,02144,021
1241,M,1,10,11803,118
1242,F,35,0,10014,100
1243,M,35,15,92627,926
1244,M,25,4,22030,220
1245,M,25,17,80461,804
1246,M,18,4,98225,982
1247,M,35,0,92649,926
1248,F,35,20,94598,945
1249,M,35,2,94587,945
1250,M,50,0,10573,105
1251,M,25,7,48188,481
1252,M,56,13,94134,941
1253,F,35,20,76205,762
1254,F,18,1,02144,021
1255,M,25,17,94110,941
1256,M,25,20,10002,100
1257,F,18,14,84101,841
1258,M,45,7,20879,208
1259,M,35,7,2020010,202
1260,M,25,17,28262,282
1261,M,18,4,40205,402
1262,M,25,4,22903,229
1263,M,1,10,81301,813
1264,M,25,1,53711,537
1265,F,18,20,49321,493
1266,M,25,4,18104,181
1267,M,25,15,12203,122
1268,M,50,2,10028,100
1269,F,56,13,01234,012
1270,M,25,6,12230,122
1271,F,45,6,54401,544
1272,M,18,20,49506,495
1273,M,35,2,19123,191
1274,M,45,7,37343,373
1275,M,50,17,39567,395
1276,M,35,17,94041,940
1277,F,18,0,06360,063
1278,M,18,4,98312,983
1279,M,35,1,98502,985
1280,M,1,10,97801,978
1281,M,25,19,97209,972
1282,M,50,1,98541,985
1283,F,18,1,94607,946
1284,M,45,16,33334,333
1285,M,35,4,98125,981
1286,M,35,17,92630,926
1287,F,50,7,94611,946
1288,F,35,19,92867,928
1289,M,45,6,78750,787
1290,M,35,0,91504,915
1291,F,35,0,10011,100
1292,M,25,7,94904,949
1293,M,25,5,60074,600
1294,F,50,20,11217,112
1295,F,35,6,90036,900
1296,M,1,0,75244,752
1297,M,25,7,92109,921
1298,M,35,6,33615,336
1299,M,25,14,02038,020
1300,M,1,10,97201,972
1301,F,25,2,10475,104
1302,M,18,4,85282,852
1303,M,25,19,94111,941
1304,M,25,14,97203,972
1305,M,45,20,94121,941
1306,M,25,3,64068,640
1307,M,56,13,75703,757
1308,M,1,10,75082,750
1309,M,25,14,76051,760
1310,M,45,0,92866,928
1311,M,18,10,90274,902
1312,M,25,14,60153,601
1313,M,18,4,43214,432
1314,F,18,4,68154,681
1315,M,35,7,75214,752
1316,M,50,2,50310,503
1317,M,45,7,98028,980
1318,M,18,16,94014,940
1319,F,25,3,98626,986
1320,M,25,4,22030,220
1321,F,25,14,34639,346
1322,M,56,0,94043,940
1323,F,35,2,11218,112
1324,M,35,16,07030,070
1325,M,25,1,75230,752
1326,F,25,0,98115,981
1327,M,1,10,12159,121
1328,M,35,14,60657,606
1329,M,18,14,60194,601
1330,M,56,1,95117,951
1331,M,45,0,12065,120
1332,M,25,7,02840,028
1333,M,25,17,06460,064
1334,M,50,7,10805,108
1335,M,35,0,14228,142
1336,F,50,20,95051,950
1337,M,56,17,97146,971
1338,M,25,0,94108,941
1339,M,35,18,85275,852
1340,M,25,7,14302,143
1341,M,18,7,11434,114
1342,M,35,0,94560,945
1343,M,35,14,91324,913
1344,F,25,9,43420,434
1345,F,25,2,75070,750
1346,M,35,20,27607,276
1347,F,18,1,11375,113
1348,F,1,10,04240,042
1349,M,50,7,13088,130
1350,F,35,0,90278,902
1351,F,25,17,98034,980
1352,M,35,20,94122,941
1353,M,1,10,95926,959
1354,F,25,2,94040,940
1355,F,45,20,04240,042
1356,F,18,4,91706,917
1357,M,45,0,34116,341
1358,M,35,17,49508,495
1359,M,35,1,10918,109
1360,M,25,20,14895,148
1361,F,25,0,97401,974
1362,M,35,12,75069,750
1363,M,50,7,01915,019
1364,F,45,2,97214,972
1365,F,1,10,61665,616
1366,M,1,10,89509,895
1367,M,25,12,53707,537
1368,F,25,3,50266,502
1369,M,25,5,12308,123
1370,M,35,2,92821,928
1371,F,50,2,60657,606
1372,M,1,10,95123,951
1373,F,25,1,55104,551
1374,M,50,1,91403,914
1375,F,45,5,95136,951
1376,F,45,1,32750,327
1377,M,35,16,65270,652
1378,F,45,7,21044,210
1379,F,56,13,93448,934
1380,M,1,10,58078,580
1381,M,18,11,89170,891
1382,F,45,1,92100,921
1383,F,25,7,19806,198
1384,M,18,10,98058,980
1385,F,25,5,90262,902
1386,F,25,0,07026,070
1387,F,50,13,94702,947
1388,M,56,20,87107,871
1389,M,25,17,19801,198
1390,M,35,16,99352,993
1391,M,35,15,20723,207
1392,M,45,3,90006,900
1393,M,18,4,06430,064
1394,F,25,3,94117,941
1395,M,25,2,07026,070
1396,F,25,12,94530,945
1397,M,35,7,55901,559
1398,F,56,16,94904,949
1399,M,18,17,10804,108
1400,M,25,7,92130,921
1401,F,18,1,94578,945
1402,M,18,4,90601,906
1403,F,25,0,53713,537
1404,M,50,16,91360,913
1405,M,56,13,33445,334
1406,M,25,4,91911,919
1407,F,35,15,53704,537
1408,M,25,0,90046,900
1409,M,18,4,97215,972
1410,M,50,7,94404,944
1411,M,35,1,08107,081
1412,M,25,17,94089,940
1413,M,18,3,98122,981
1414,M,18,4,85035,850
1415,M,45,14,22901,229
1416,M,25,14,98101,981
1417,M,35,16,10472,104
1418,M,18,4,48197,481
1419,F,25,1,95336,953
1420,M,18,4,01375,013
1421,F,1,10,53704,537
1422,M,35,17,55934,559
1423,M,25,4,08540,085
1424,M,35,0,28209,282
1425,M,1,10,08872,088
1426,M,18,14,94070,940
1427,M,25,12,21401,214
1428,F,45,11,40204,402
1429,F,35,3,11229,112
1430,M,18,4,97215,972
1431,M,56,6,91011,910
1432,M,35,1,94549,945
1433,F,18,14,49505,495
1434,F,1,10,495321,495
1435,M,25,14,48103,481
1436,F,50,6,97005,970
1437,M,50,3,89102,891
1438,M,18,2,21222,212
1439,M,35,3,98037,980
1440,M,35,12,94520,945
1441,M,35,16,54729,547
1442,M,18,2,12345,123
1443,M,35,2,98055,980
1444,F,25,4,91106,911
1445,M,25,2,98109,981
1446,M,35,12,10128,101
1447,M,18,4,80521,805
1448,F,25,3,17522,175
1449,M,35,20,17112,171
1450,M,18,4,94704,947
1451,M,35,20,90012,900
1452,F,56,13,90732,907
1453,M,25,14,19444,194
1454,M,18,4,93117,931
1455,F,45,0,92126,921
1456,M,25,2,98074,980
1457,M,25,1,95472,954
1458,M,1,0,08055,080
1459,F,25,0,80027,800
1460,F,18,4,95132,951
1461,F,45,0,94115,941
1462,M,35,16,95405,954
1463,M,50,16,92612-3417,926
1464,M,35,12,75063,750
1465,M,50,16,93003,930
1466,M,18,4,29201,292
1467,M,25,5,97007,970
1468,M,1,14,19147,191
1469,M,56,20,95420,954
1470,M,18,4,94118,941
1471,M,25,17,11106,111
1472,M,25,7,90248,902
1473,M,25,14,06511,065
1474,M,25,4,98115,981
1475,F,25,2,75075,750
1476,F,18,0,91030,910
1477,F,45,1,90601,906
1478,M,1,10,92620,926
1479,F,50,2,94501,945
1480,M,25,20,91367,913
1481,M,35,17,77096,770
1482,M,25,7,94132,941
1483,M,18,4,54481,544
1484,M,25,12,07054,070
1485,F,25,9,80538,805
1486,M,25,16,90638,906
1487,M,35,7,07644,076
1488,M,25,7,94538,945
1489,F,35,2,60201,602
1490,M,50,7,90505,905
1491,M,18,4,06511,065
1492,M,25,12,98102,981
1493,F,25,14,60657,606
1494,M,25,17,38104,381
1495,M,18,0,77341,773
1496,M,25,17,94108,941
1497,M,50,5,80220,802
1498,M,18,4,02139,021
1499,M,1,10,19343,193
1500,M,25,17,98115,981
1501,M,25,11,75801,758
1502,M,18,4,12188,121
1503,M,25,12,92688,926
1504,M,18,19,22030,220
1505,M,50,11,90041,900
1506,M,25,7,08550,085
1507,M,35,17,95476,954
1508,F,1,10,94539,945
1509,M,1,0,11803,118
1510,F,25,1,48067,480
1511,M,35,12,08902,089
1512,M,25,20,11102,111
1513,F,35,16,95003,950
1514,M,18,4,97215,972
1515,M,25,16,48324,483
1516,F,25,12,53154,531
1517,M,18,0,10002,100
1518,M,25,2,95831,958
1519,M,18,4,38120,381
1520,M,25,17,94506,945
1521,F,25,7,08902,089
1522,M,35,20,10025,100
1523,M,25,17,95209,952
1524,M,18,4,06459,064
1525,F,25,16,94706,947
1526,M,56,17,80538,805
1527,M,18,10,78230,782
1528,M,25,15,94903,949
1529,M,18,4,97266,972
1530,M,25,4,53711,537
1531,M,45,17,60462,604
1532,M,18,14,43613,436
1533,M,45,1,71711,717
1534,M,50,12,12184,121
1535,F,18,20,90036,900
1536,F,35,3,83001,830
1537,M,18,20,02446,024
1538,M,25,3,22601,226
1539,M,25,3,02359,023
1540,M,45,0,97214,972
1541,M,56,17,23464-3016,234
1542,M,18,17,12054,120
1543,M,25,11,10549,105
1544,M,25,12,63146,631
1545,M,25,20,20009,200
1546,M,25,4,22903,229
1547,M,56,13,02115,021
1548,M,35,1,53703,537
1549,M,35,6,20901,209
1550,M,18,4,11580,115
1551,M,25,11,20008,200
1552,M,45,20,10021,100
1553,F,25,15,64116,641
1554,F,35,12,17013,170
1555,F,18,0,20008,200
1556,M,18,4,48073,480
1557,F,18,4,10039,100
1558,M,18,6,60611,606
1559,M,35,8,10014,100
1560,F,25,3,85226,852
1561,F,18,4,11214,112
1562,M,18,20,43611,436
1563,F,1,10,87123,871
1564,M,50,1,01096,010
1565,M,45,17,78731,787
1566,M,35,16,77550,775
1567,M,25,12,06511,065
1568,F,1,10,94086,940
1569,F,56,13,07701,077
1570,M,18,17,75093,750
1571,M,25,20,98033,980
1572,F,25,3,02155,021
1573,M,1,0,77479,774
1574,M,25,6,81007,810
1575,F,50,7,94949,949
1576,F,45,9,85202,852
1577,M,56,0,72227-5733,722
1578,M,18,4,22201,222
1579,M,25,0,60201,602
1580,F,18,4,76201,762
1581,F,18,4,10003,100
1582,M,18,0,10705,107
1583,M,35,6,94115,941
1584,M,25,19,45701,457
1585,M,56,20,92315,923
1586,M,45,7,77351,773
1587,F,25,3,30308,303
1588,M,25,11,22043,220
1589,M,25,0,95136,951
1590,M,35,1,95003,950
1591,M,50,7,26501,265
1592,M,35,7,50111,501
1593,M,25,16,78411,784
1594,F,35,20,10013,100
1595,M,35,1,92683-1892,926
1596,F,18,5,48108,481
1597,M,25,12,10002,100
1598,M,35,13,76548,765
1599,M,25,0,92646,926
1600,M,35,7,08234,082
1601,M,25,12,83001,830
1602,F,25,7,10562,105
1603,F,25,0,13326,133
1604,M,25,11,50111,501
1605,F,18,0,28270,282
1606,F,35,3,55405,554
1607,M,45,1,02135,021
1608,M,25,11,75230,752
1609,F,35,9,06830,068
1610,M,25,11,55555,555
1611,M,25,0,03867,038
1612,M,25,17,11354,113
1613,M,18,20,61801,618
1614,M,35,0,90027,900
1615,F,45,7,10022,100
1616,M,25,0,16101,161
1617,M,25,12,44060,440
1618,M,50,0,44139,441
1619,M,50,3,48843,488
1620,M,25,20,48009,480
1621,M,25,4,11423,114
1622,M,18,4,53715,537
1623,M,50,15,07746,077
1624,M,25,0,06810,068
1625,M,45,0,04330,043
1626,M,18,4,10010,100
1627,M,18,17,91505,915
1628,M,18,20,90028,900
1629,M,18,4,10003,100
1630,M,45,17,91355,913
1631,F,50,0,94514,945
1632,M,25,16,94120,941
1633,F,45,7,99701,997
1634,F,56,0,38340,383
1635,M,25,0,97212,972
1636,F,25,19,60612,606
1637,M,56,0,90049,900
1638,F,18,17,95405,954
1639,M,25,17,95405,954
1640,M,35,17,95610,956
1641,M,25,0,95819,958
1642,M,50,13,62002,620
1643,M,45,2,90813,908
1644,M,18,12,90210,902
1645,F,18,9,62225,622
1646,M,25,20,90046,900
1647,M,18,18,98118,981
1648,M,50,14,85202,852
1649,M,18,19,98034,980
1650,M,25,19,94607,946
1651,M,25,12,94520,945
1652,M,25,16,98208,982
1653,M,18,0,94044,940
1654,F,45,0,94114,941
1655,M,18,4,94507,945
1656,M,25,17,94122,941
1657,F,45,0,10022,100
1658,F,35,6,94214,942
1659,F,18,9,99703,997
1660,F,25,2,94577,945
1661,M,35,7,80526,805
1662,M,25,12,94121,941
1663,M,18,4,77845,778
1664,F,18,4,76707,767
1665,M,45,17,87505,875
1666,M,25,14,15241,152
1667,M,50,16,98516,985
1668,M,35,2,95602,956
1669,F,25,17,75006,750
1670,F,56,13,95320,953
1671,M,35,0,98368,983
1672,M,25,17,93933,939
1673,M,1,10,98043-3621,980
1674,M,35,2,95816,958
1675,F,25,6,97116,971
1676,M,18,4,91301,913
1677,M,18,14,97123,971
1678,F,18,17,97070,970
1679,M,25,12,98052,980
1680,M,25,20,95380,953
1681,M,18,4,78705,787
1682,M,25,2,98102,981
1683,F,25,7,98109,981
1684,M,18,3,85226,852
1685,M,35,12,95833,958
1686,M,35,12,94062,940
1687,M,25,3,85013,850
1688,F,18,4,34243,342
1689,M,35,5,98465,984
1690,M,35,16,98029,980
1691,F,25,17,85301,853
1692,M,35,20,97333,973
1693,M,25,12,98684,986
1694,M,25,12,98116,981
1695,M,25,1,97206,972
1696,M,35,7,95765,957
1697,F,18,4,98052,980
1698,M,35,2,97214,972
1699,F,25,19,98102,981
1700,M,25,20,98119,981
1701,F,25,4,97233,972
1702,M,18,10,97303,973
1703,M,18,15,77047,770
1704,M,25,4,98926,989
1705,F,18,4,85033,850
1706,M,25,20,19134,191
1707,M,50,1,95070,950
1708,M,25,0,64106,641
1709,M,25,0,73147,731
1710,M,18,0,94530,945
1711,F,18,4,30134,301
1712,M,25,0,73003,730
1713,M,25,0,47421,474
1714,M,25,17,43212,432
1715,M,25,16,53406,534
1716,M,25,0,43229,432
1717,F,50,6,30307,303
1718,M,18,4,43235,432
1719,M,18,16,60523,605
1720,M,18,4,94720,947
1721,M,18,19,70043,700
1722,M,35,0,72058,720
1723,M,35,17,60103,601
1724,M,18,4,00961,009
1725,M,18,19,67218,672
1726,M,25,2,60160,601
1727,M,35,16,50317,503
1728,M,18,4,11710-1641,117
1729,M,25,7,53715,537
1730,F,18,4,60137,601
1731,F,18,0,91601,916
1732,M,18,4,13655,136
1733,M,18,14,43725,437
1734,M,45,17,94602,946
1735,M,18,20,30605,306
1736,M,56,8,00606,006
1737,M,35,20,46614,466
1738,M,35,16,30034,300
1739,M,56,16,77079,770
1740,M,56,1,96153,961
1741,M,35,7,91107,911
1742,M,25,15,08109,081
1743,M,35,17,77566,775
1744,M,35,12,50325,503
1745,M,45,0,94114,941
1746,M,25,4,33157,331
1747,M,25,0,90638,906
1748,M,50,1,04240,042
1749,M,25,2,10040,100
1750,M,50,5,10128,101
1751,M,35,20,77024,770
1752,M,25,3,96813,968
1753,M,35,6,90803,908
1754,M,18,19,27028,270
1755,F,18,4,77005,770
1756,F,25,1,75149,751
1757,M,25,4,75206,752
1758,F,25,0,33067-1400,330
1759,M,25,16,22112,221
1760,F,25,3,90016,900
1761,M,35,0,72058,720
1762,M,25,14,75230,752
1763,M,35,7,76248,762
1764,M,18,0,75149,751
1765,M,18,4,13655,136
1766,F,45,0,94566,945
1767,M,25,20,75205,752
1768,M,45,16,75067,750
1769,M,25,17,75240,752
1770,M,35,16,79605,796
1771,M,25,17,75044,750
1772,M,56,2,90680,906
1773,M,18,4,07030,070
1774,M,25,17,99003,990
1775,M,25,4,70115,701
1776,M,25,0,45801,458
1777,M,25,20,17022,170
1778,M,18,4,94704,947
1779,M,18,1,78133,781
1780,M,35,1,22181,221
1781,F,35,0,08009,080
1782,M,45,0,23454,234
1783,M,18,4,10027,100
1784,M,18,20,18104,181
1785,M,18,4,04901,049
1786,M,45,1,85721,857
1787,M,18,8,90210,902
1788,M,45,2,19104,191
1789,M,1,10,19116,191
1790,M,25,0,19152,191
1791,M,18,4,19146,191
1792,F,25,2,53523,535
1793,M,25,4,20008,200
1794,M,25,11,20878,208
1795,M,18,17,20724,207
1796,M,50,11,20852,208
1797,M,35,7,52003,520
1798,M,45,11,22204,222
1799,M,35,11,70118,701
1800,M,18,4,70118,701
1801,F,25,6,54729,547
1802,M,18,4,22903,229
1803,M,25,2,50021,500
1804,M,25,7,22314,223
1805,M,18,4,22401,224
1806,M,18,4,22032,220
1807,M,18,17,20742,207
1808,F,18,4,22031,220
1809,F,25,14,12189,121
1810,M,50,13,90210,902
1811,M,56,2,08825,088
1812,F,25,12,48103,481
1813,F,35,6,90035,900
1814,M,50,7,10014,100
1815,M,1,1,30707,307
1816,F,35,9,56007,560
1817,M,35,1,53706,537
1818,M,1,8,02254,022
1819,F,35,12,45249,452
1820,M,25,20,50265,502
1821,M,25,20,43315,433
1822,F,25,0,53713,537
1823,F,35,1,92801,928
1824,F,18,4,43560,435
1825,M,25,7,50310,503
1826,M,45,11,49265,492
1827,F,25,1,07721,077
1828,M,18,4,07030,070
1829,M,25,16,07302,073
1830,M,18,4,12180,121
1831,M,18,4,53190,531
1832,F,18,4,14433,144
1833,M,18,17,07030,070
1834,M,35,5,10990,109
1835,M,25,19,11501,115
1836,M,25,0,10016,100
1837,M,25,2,08817,088
1838,M,35,7,10011,100
1839,M,18,4,07940,079
1840,M,25,12,11217,112
1841,M,18,0,95037,950
1842,M,18,4,53190,531
1843,M,25,12,10014,100
1844,F,18,4,53711,537
1845,M,25,2,10002,100
1846,M,45,12,95051,950
1847,M,18,4,60047,600
1848,M,35,5,10011,100
1849,M,35,7,11747,117
1850,M,18,5,12582,125
1851,M,25,19,59602,596
1852,M,25,12,10036,100
1853,M,50,0,90803,908
1854,M,25,0,92346,923
1855,M,18,4,93004,930
1856,M,56,7,92065,920
1857,M,1,10,92106,921
1858,F,18,4,59715,597
1859,F,25,4,66049,660
1860,M,56,16,94591,945
1861,M,50,16,92129,921
1862,M,50,14,95129,951
1863,M,18,4,90048,900
1864,M,35,7,94306,943
1865,F,18,1,94606,946
1866,M,25,7,94043,940
1867,M,50,7,95008,950
1868,M,50,11,92346,923
1869,M,45,14,95148,951
1870,M,56,13,85248,852
1871,F,45,1,46774,467
1872,M,50,20,92106,921
1873,M,35,7,02127,021
1874,M,45,7,95076,950
1875,M,35,12,94107,941
1876,M,25,12,92024,920
1877,F,45,20,90069,900
1878,M,1,10,92846,928
1879,M,25,4,29732,297
1880,M,35,0,91006,910
1881,M,35,2,95008,950
1882,M,35,16,92352,923
1883,F,50,0,94521,945
1884,M,45,20,93108,931
1885,M,50,17,94611,946
1886,M,25,12,94086,940
1887,M,56,15,92119,921
1888,M,35,12,95124,951
1889,M,18,14,80023,800
1890,M,50,6,94702,947
1891,M,45,1,91335,913
1892,M,25,20,90066,900
1893,F,35,0,90024,900
1894,F,35,7,94602,946
1895,M,35,14,89119,891
1896,M,56,13,92115,921
1897,F,50,2,94530,945
1898,M,25,12,91101,911
1899,F,45,6,02135,021
1900,M,56,12,94109,941
1901,M,50,7,94024,940
1902,M,25,19,93536,935
1903,M,35,0,90401,904
1904,M,18,1,30115,301
1905,F,35,20,94118,941
1906,F,25,5,91311,913
1907,M,35,17,94804,948
1908,M,56,13,95129,951
1909,M,18,4,89146,891
1910,M,1,10,94707,947
1911,F,18,4,92805,928
1912,M,25,4,91325,913
1913,M,25,17,95126,951
1914,F,35,14,95051,950
1915,M,50,13,01938,019
1916,M,45,7,90405,904
1917,M,18,10,92704,927
1918,F,45,6,95209,952
1919,M,1,0,94525,945
1920,F,35,7,80122,801
1921,M,56,12,92780,927
1922,F,25,7,94303,943
1923,M,35,7,90026,900
1924,F,56,6,90630,906
1925,M,50,7,92886,928
1926,F,1,0,95404,954
1927,M,35,7,94806,948
1928,M,1,10,94501,945
1929,F,1,10,91107,911
1930,M,25,15,94550,945
1931,M,25,2,94114,941
1932,M,25,7,94114,941
1933,M,18,19,94703,947
1934,M,25,17,95014,950
1935,M,1,10,90405,904
1936,M,35,0,90026,900
1937,M,25,11,92335,923
1938,F,25,2,91351,913
1939,F,35,2,94930,949
1940,M,25,12,95158,951
1941,M,35,17,94550,945
1942,M,35,5,04901,049
1943,M,18,4,91501,915
1944,F,18,4,93107,931
1945,M,25,20,92866,928
1946,M,25,14,94110,941
1947,M,25,7,94041,940
1948,M,1,10,93111,931
1949,M,18,17,92595,925
1950,M,25,12,49024,490
1951,F,18,4,90630,906
1952,M,35,1,91030,910
1953,F,25,2,94566,945
1954,M,25,16,91402,914
1955,M,1,19,03109,031
1956,M,35,0,44280,442
1957,F,18,4,23185,231
1958,F,25,1,17055,170
1959,F,50,13,53092,530
1960,M,45,7,55555,555
1961,F,50,3,91911,919
1962,F,18,1,60914,609
1963,F,50,9,91941,919
1964,F,25,6,89523,895
1965,M,56,17,48304,483
1966,M,25,20,93637,936
1967,M,50,7,92116,921
1968,M,25,11,85258,852
1969,F,25,3,92116,921
1970,M,50,13,89052,890
1971,F,25,14,80230,802
1972,M,45,17,92111,921
1973,M,25,1,22903,229
1974,M,35,17,12159,121
1975,M,18,4,97361,973
1976,M,35,5,58703,587
1977,M,56,6,02726,027
1978,M,1,10,43357,433
1979,M,56,17,49506,495
1980,M,35,7,06460,064
1981,M,56,1,80303,803
1982,M,1,10,80540,805
1983,M,25,14,92109,921
1984,M,18,10,92130,921
1985,M,45,12,92122,921
1986,M,50,13,91977,919
1987,M,25,17,62629,626
1988,F,25,1,85224,852
1989,M,50,6,02090,020
1990,M,25,7,85257,852
1991,M,25,20,48309,483
1992,M,18,4,85259,852
1993,M,35,17,99508,995
1994,M,35,2,89012,890
1995,M,25,1,85364,853
1996,M,35,0,85621,856
1997,M,25,0,84108,841
1998,F,50,9,24018,240
1999,F,35,3,02113,021
2000,M,18,4,44685,446
2001,M,50,1,48197,481
2002,F,56,13,02136-1522,021
2003,M,1,10,80014,800
2004,M,45,19,53572,535
2005,M,18,4,58601,586
2006,M,35,0,66048,660
2007,M,50,16,80442,804
2008,M,25,3,48220,482
2009,F,35,7,60625,606
2010,M,18,4,81520,815
2011,F,35,3,01545,015
2012,M,25,4,49456,494
2013,M,45,0,60543,605
2014,M,18,4,53233,532
2015,M,18,4,01003,010
2016,F,56,2,20783,207
2017,M,25,17,35808,358
2018,M,35,16,46214,462
2019,M,50,1,27705,277
2020,M,25,7,45011,450
2021,M,25,0,61364,613
2022,M,25,7,60137,601
2023,M,18,4,56001,560
2024,M,1,19,06614,066
2025,M,56,13,03440,034
2026,M,50,16,49277,492
2027,F,25,9,48021,480
2028,M,45,6,44131,441
2029,F,25,12,10011,100
2030,M,25,4,77345,773
2031,M,35,20,60640,606
2032,M,50,14,44614,446
2033,F,45,20,91436,914
2034,F,45,2,01851,018
2035,F,18,0,45212,452
2036,F,25,14,90046,900
2037,M,56,14,02468,024
2038,F,45,1,33301,333
2039,M,50,16,60060,600
2040,F,25,7,02494,024
2041,F,25,20,24015,240
2042,M,1,10,79358,793
2043,M,25,14,37931,379
2044,F,45,0,49408,494
2045,F,1,0,24179,241
2046,M,35,1,91711,917
2047,M,1,10,06437,064
2048,M,50,6,49456,494
2049,F,50,0,13210,132
2050,F,35,3,99504,995
2051,M,35,7,93906,939
2052,M,1,10,46033,460
2053,M,45,11,06416,064
2054,M,25,12,03110,031
2055,M,50,11,49008,490
2056,M,25,4,56301,563
2057,M,35,1,49417,494
2058,F,56,1,06437,064
2059,M,35,0,44130,441
2060,M,1,1,48304,483
2061,M,56,1,44107,441
2062,M,18,4,44646,446
2063,M,25,4,43138,431
2064,M,35,1,01020,010
2065,M,25,6,46807,468
2066,F,25,6,53202,532
2067,M,50,16,06430,064
2068,F,35,12,43528,435
2069,M,56,15,79068,790
2070,F,35,6,13210,132
2071,M,45,7,01605,016
2072,F,50,12,21133,211
2073,F,18,4,13148,131
2074,M,18,4,48197,481
2075,F,25,4,13210,132
2076,M,18,4,13165,131
2077,M,18,0,55112,551
2078,M,18,4,13323,133
2079,M,1,10,45241,452
2080,M,25,11,37931,379
2081,M,18,17,49445,494
2082,M,1,19,48323,483
2083,M,18,4,64920,649
2084,M,18,4,23186,231
2085,M,18,0,06360,063
2086,M,35,14,48328,483
2087,M,25,0,37923-3112,379
2088,M,50,7,60618,606
2089,M,35,17,17601,176
2090,M,35,17,48313,483
2091,F,35,20,48044,480
2092,M,56,1,49006,490
2093,M,18,0,48322,483
2094,M,35,2,60061,600
2095,M,56,13,58504,585
2096,F,25,17,33990,339
2097,M,18,5,48504,485
2098,M,35,20,48067,480
2099,F,18,0,48823,488
2100,F,25,0,24017,240
2101,M,25,16,48309,483
2102,M,25,11,48825,488
2103,M,35,12,03062,030
2104,M,45,15,60035,600
2105,M,25,1,24060,240
2106,F,18,20,495321,495
2107,M,25,1,24060,240
2108,M,1,10,60462,604
2109,M,25,16,13090,130
2110,M,50,11,46802,468
2111,M,56,13,32806,328
2112,F,45,12,23116,231
2113,M,25,6,04456,044
2114,M,18,18,21740,217
2115,M,35,17,01519,015
2116,M,18,4,49546,495
2117,M,56,13,49307,493
2118,M,25,14,02148,021
2119,M,35,4,10036,100
2120,M,1,0,02780,027
2121,M,56,13,02356,023
2122,M,35,12,61614,616
2123,F,35,0,13064,130
2124,M,25,0,12306,123
2125,M,35,3,46033,460
2126,M,56,14,02632,026
2127,M,18,4,12309,123
2128,F,45,1,46737,467
2129,M,25,5,04103,041
2130,M,45,0,03060,030
2131,M,25,0,01701,017
2132,M,56,14,02632,026
2133,F,1,10,01607,016
2134,M,18,10,02780,027
2135,M,50,1,01778,017
2136,M,35,18,13027,130
2137,F,1,10,00681,006
2138,F,18,4,88119,881
2139,F,50,3,33615,336
2140,M,45,14,46804,468
2141,F,50,16,48706,487
2142,F,45,14,46804,468
2143,M,18,4,32607,326
2144,M,18,0,46517,465
2145,M,18,10,32750,327
2146,M,18,2,96002,960
2147,F,18,0,60641,606
2148,F,18,0,81301,813
2149,M,25,0,60089,600
2150,F,18,4,22904,229
2151,M,56,13,33316,333
2152,M,18,4,22807,228
2153,M,18,16,97405,974
2154,M,25,12,68508,685
2155,F,1,10,50246,502
2156,M,18,19,55912,559
2157,F,18,3,45244,452
2158,M,25,12,60618,606
2159,F,50,14,60618,606
2160,F,18,19,46556,465
2161,F,35,2,95521,955
2162,F,1,10,35810,358
2163,M,18,0,87122,871
2164,M,35,0,95826,958
2165,M,25,7,32836,328
2166,M,1,10,99203,992
2167,F,25,6,95833,958
2168,M,1,10,60202,602
2169,M,1,0,95451,954
2170,F,50,16,99114,991
2171,M,35,0,48103,481
2172,M,18,20,60641,606
2173,M,50,13,87502,875
2174,M,50,12,87505,875
2175,M,25,4,99217,992
2176,M,1,19,73505,735
2177,F,35,20,95451,954
2178,M,45,14,85251,852
2179,F,25,0,28304,283
2180,M,25,12,27713-9225,277
2181,M,25,0,45245,452
2182,F,25,4,60443,604
2183,F,56,1,11795,117
2184,M,18,4,45403,454
2185,M,45,17,27502,275
2186,M,18,5,41018,410
2187,M,45,16,60126,601
2188,F,18,19,60641,606
2189,M,1,10,60148,601
2190,F,25,15,27603,276
2191,M,18,4,45231,452
2192,F,25,0,27713,277
2193,M,1,10,41011,410
2194,M,25,17,45233,452
2195,M,1,10,60148,601
2196,M,25,12,45140,451
2197,F,25,1,27515,275
2198,F,35,9,46815,468
2199,M,1,10,60613,606
2200,M,35,1,60016,600
2201,M,56,20,46804,468
2202,F,1,10,11743,117
2203,M,45,12,53718,537
2204,M,56,3,94941,949
2205,F,25,7,10016,100
2206,M,45,7,11201,112
2207,M,18,4,07508,075
2208,M,25,0,10006,100
2209,M,35,7,10011,100
2210,M,45,17,88005-4313,880
2211,M,45,6,01950,019
2212,M,18,4,80521,805
2213,F,25,0,60622,606
2214,F,25,1,46807,468
2215,F,25,0,93940,939
2216,F,25,20,60612,606
2217,M,1,10,44906,449
2218,M,35,17,64153,641
2219,M,25,6,60060,600
2220,F,50,3,95451-9554,954
2221,M,56,17,94931,949
2222,F,45,1,13088,130
2223,M,25,2,60123,601
2224,M,25,12,60025,600
2225,M,25,5,96815,968
2226,F,25,7,27514,275
2227,M,50,14,60016,600
2228,M,25,12,60025,600
2229,M,45,0,61821,618
2230,F,45,1,60302,603
2231,M,50,11,85726,857
2232,M,25,14,60061,600
2233,F,35,3,60187,601
2234,M,56,1,85718,857
2235,M,1,10,46324,463
2236,M,1,10,96782,967
2237,F,35,6,14905,149
2238,F,25,4,32607,326
2239,M,18,10,60148,601
2240,M,45,12,64117,641
2241,M,45,5,60647,606
2242,M,18,4,60115,601
2243,M,45,2,86701,867
2244,M,1,10,60565,605
2245,M,1,10,60007,600
2246,M,25,0,60622,606
2247,M,45,2,60613,606
2248,F,35,12,46755,467
2249,M,25,5,60466,604
2250,M,18,19,60010,600
2251,M,35,14,60626,606
2252,F,18,1,01562,015
2253,F,50,0,46815,468
2254,M,35,5,33317,333
2255,F,35,6,44303,443
2256,F,45,15,59840,598
2257,F,18,4,59715,597
2258,F,18,4,10033,100
2259,F,56,16,70503,705
2260,F,25,20,46835,468
2261,M,25,5,33025,330
2262,M,45,17,48116,481
2263,M,25,6,70508,705
2264,F,45,7,37877,378
2265,M,56,13,60506,605
2266,F,50,2,48118,481
2267,F,56,13,37774,377
2268,F,35,1,46774,467
2269,F,45,0,11217,112
2270,M,18,1,14620,146
2271,M,50,14,13210,132
2272,M,25,0,71731,717
2273,M,25,6,23235,232
2274,M,18,2,31401,314
2275,M,56,7,39211,392
2276,M,56,13,44143,441
2277,F,45,9,13035,130
2278,M,50,17,01536,015
2279,M,50,7,08816,088
2280,M,56,6,74105,741
2281,M,45,11,48104,481
2282,M,50,2,32117,321
2283,M,35,18,44708,447
2284,M,25,20,90024,900
2285,F,1,10,13090,130
2286,M,35,17,82604,826
2287,M,56,0,06082,060
2288,M,1,10,13066,130
2289,F,50,1,52002,520
2290,M,25,0,61021,610
2291,M,45,1,13214,132
2292,M,50,15,13039,130
2293,F,56,3,48130,481
2294,M,56,13,48108,481
2295,M,45,11,72316,723
2296,F,25,6,22923,229
2297,M,56,13,52003,520
2298,M,35,17,77584,775
2299,F,18,10,13090,130
2300,M,56,13,49423,494
2301,F,25,12,02478,024
2302,M,50,12,48104,481
2303,M,50,17,08055,080
2304,M,45,12,94103,941
2305,M,50,20,48104,481
2306,F,18,4,02138,021
2307,M,25,17,02140,021
2308,F,45,16,48103,481
2309,F,45,0,08901,089
2310,M,45,12,48130,481
2311,F,25,4,22902,229
2312,M,45,0,13131,131
2313,F,50,6,48103-4711,481
2314,F,25,1,13210,132
2315,M,56,7,48114,481
2316,M,35,0,13207,132
2317,F,45,9,57108,571
2318,M,56,7,48114,481
2319,M,35,7,48104,481
2320,F,50,1,06043,060
2321,M,25,7,30115,301
2322,F,56,13,48105,481
2323,M,35,3,13088,130
2324,M,35,17,50321,503
2325,F,18,4,27708,277
2326,M,18,4,01040,010
2327,M,18,10,48169,481
2328,M,56,7,13212,132
2329,F,56,15,97367,973
2330,M,45,7,48103,481
2331,M,56,1,48104,481
2332,M,56,14,01545,015
2333,M,50,6,13035,130
2334,F,56,7,01562,015
2335,M,50,17,48197,481
2336,M,35,18,13146,131
2337,M,35,17,49424,494
2338,M,45,17,13152,131
2339,F,56,3,52003,520
2340,M,35,2,48104,481
2341,M,56,1,13210,132
2342,M,35,3,48107,481
2343,F,45,1,01604,016
2344,M,25,12,02139,021
2345,M,35,16,98031,980
2346,F,1,10,48105,481
2347,M,35,1,48116,481
2348,M,50,12,06082,060
2349,M,25,8,50309,503
2350,M,18,4,44312,443
2351,F,25,0,11106,111
2352,M,50,13,41076,410
2353,F,35,9,61270,612
2354,M,35,11,94306,943
2355,F,45,9,13203,132
2356,F,50,16,13207,132
2357,F,35,14,13316,133
2358,F,56,6,06074,060
2359,M,56,13,13685,136
2360,M,50,6,13210,132
2361,M,56,7,49423,494
2362,M,25,14,94110,941
2363,M,50,14,95823,958
2364,F,56,9,13078,130
2365,M,50,7,13203,132
2366,F,45,16,01532,015
2367,F,25,9,49424,494
2368,F,56,13,13057,130
2369,M,35,14,06040,060
2370,M,50,1,13215,132
2371,F,35,7,06082,060
2372,F,45,7,01602,016
2373,M,45,7,94109,941
2374,M,25,14,94404,944
2375,F,50,7,13027,130
2376,M,25,1,13210,132
2377,M,35,0,06108,061
2378,M,25,3,75150,751
2379,M,18,18,13045,130
2380,M,25,4,22903,229
2381,F,35,9,13066,130
2382,M,50,13,59715,597
2383,F,25,14,95125,951
2384,M,35,17,62034,620
2385,F,45,2,01545,015
2386,F,25,0,06040,060
2387,M,25,17,32224,322
2388,M,56,5,06082,060
2389,M,25,16,37922,379
2390,F,25,6,33076,330
2391,M,50,18,13126,131
2392,F,56,3,06040,060
2393,M,56,13,13123,131
2394,M,35,6,37923,379
2395,M,35,7,08021,080
2396,F,18,0,22102,221
2397,F,35,11,43201,432
2398,M,25,0,98122,981
2399,M,35,17,11355,113
2400,F,25,16,95687,956
2401,M,25,4,22901,229
2402,M,45,17,32024,320
2403,M,18,4,37743,377
2404,M,18,7,64055,640
2405,M,50,8,78065,780
2406,F,56,12,01520,015
2407,M,35,16,11358,113
2408,F,45,1,01609,016
2409,F,35,9,06074,060
2410,M,56,7,06071,060
2411,F,35,14,01536,015
2412,M,56,13,01501,015
2413,F,56,7,06118,061
2414,M,25,1,49503,495
2415,M,25,7,22407,224
2416,M,45,7,01531,015
2417,M,45,1,53045,530
2418,F,1,10,06074,060
2419,M,25,0,06096,060
2420,M,50,7,37938,379
2421,M,35,7,44306,443
2422,F,50,9,02865,028
2423,F,45,9,01520,015
2424,M,25,17,95035,950
2425,F,35,14,45243,452
2426,M,56,0,01606,016
2427,F,25,14,94010,940
2428,M,45,17,45255,452
2429,M,25,2,22903,229
2430,M,25,4,22902,229
2431,F,25,4,22903,229
2432,M,25,4,22903,229
2433,M,25,4,22903,229
2434,M,25,4,22901,229
2435,M,25,4,22903,229
2436,M,25,7,22902,229
2437,M,25,4,22923,229
2438,M,35,1,22903,229
2439,M,45,17,48105,481
2440,M,50,17,01430,014
2441,F,45,6,42406,424
2442,M,35,17,36830,368
2443,F,35,0,49464,494
2444,F,45,4,42420,424
2445,M,25,0,48104,481
2446,M,18,7,10038,100
2447,M,25,14,03051,030
2448,M,35,6,37932,379
2449,M,56,13,37922,379
2450,M,45,16,01612,016
2451,M,45,12,37853,378
2452,M,45,7,01545,015
2453,M,25,7,55429,554
2454,M,18,0,97005,970
2455,M,35,7,48197,481
2456,M,25,5,48103,481
2457,M,25,0,60656,606
2458,M,25,7,85040,850
2459,M,50,7,44313,443
2460,F,50,1,36067,360
2461,M,18,4,98117,981
2462,M,35,1,44303,443
2463,M,25,7,33916,339
2464,F,18,4,44106,441
2465,M,50,6,44333,443
2466,M,25,15,94303,943
2467,M,1,10,44224,442
2468,M,50,1,44240,442
2469,M,25,4,90048,900
2470,M,35,18,52001,520
2471,M,50,13,98683,986
2472,M,25,18,37922,379
2473,M,25,12,98105,981
2474,M,25,12,83815,838
2475,F,25,18,98115,981
2476,M,50,12,78703,787
2477,M,45,0,42420,424
2478,M,50,1,37922,379
2479,F,25,1,23454,234
2480,F,18,20,94410,944
2481,M,35,14,03054,030
2482,F,50,3,37772,377
2483,M,56,13,90503,905
2484,M,45,5,31901,319
2485,M,35,14,95746,957
2486,M,18,12,98105,981
2487,M,45,7,55438,554
2488,F,45,2,31804,318
2489,F,35,9,37843,378
2490,M,25,12,94703,947
2491,M,35,7,22904,229
2492,F,45,2,37924,379
2493,M,45,2,90631,906
2494,M,18,4,52003,520
2495,F,18,4,56401,564
2496,M,50,1,37932,379
2497,F,50,14,37922,379
2498,M,56,18,70817,708
2499,M,50,0,36109,361
2500,M,56,1,29672,296
2501,M,25,15,37923,379
2502,M,56,13,49423,494
2503,M,35,17,19360,193
2504,M,25,7,98115,981
2505,M,25,7,55405,554
2506,F,25,14,98225,982
2507,M,25,4,94107,941
2508,F,35,3,77429,774
2509,M,25,5,36109,361
2510,M,25,7,37930,379
2511,M,25,7,15209,152
2512,F,45,14,36109,361
2513,M,56,1,37922,379
2514,M,56,14,37922,379
2515,M,45,12,37914,379
2516,F,45,6,37909,379
2517,F,35,9,53806,538
2518,M,25,7,11793,117
2519,F,45,2,14850,148
2520,F,56,2,95448,954
2521,M,35,17,49424,494
2522,M,18,11,60614,606
2523,M,25,17,49423,494
2524,F,56,9,38558,385
2525,F,35,1,37922,379
2526,M,56,13,37923,379
2527,M,35,15,36109,361
2528,M,56,0,37922,379
2529,F,35,9,95903,959
2530,M,18,0,42420,424
2531,F,45,7,52003,520
2532,F,56,13,37917,379
2533,F,25,3,49423,494
2534,F,50,6,37922,379
2535,F,56,2,03431,034
2536,M,56,13,37830,378
2537,M,35,11,37620,376
2538,M,56,13,37923,379
2539,M,35,7,32444,324
2540,F,45,6,42420,424
2541,F,35,5,49424,494
2542,F,45,13,37922,379
2543,F,35,0,42420,424
2544,M,45,1,52001,520
2545,M,56,13,37830,378
2546,F,56,13,37931,379
2547,F,35,0,37920,379
2548,F,35,6,37919,379
2549,M,56,13,37938,379
2550,M,50,7,37931,379
2551,M,25,12,98133,981
2552,F,25,9,29369,293
2553,M,25,7,29369,293
2554,M,25,1,97405,974
2555,M,56,7,10522,105
2556,M,25,4,02430,024
2557,F,18,19,02452,024
2558,M,56,17,53061,530
2559,M,18,10,53207,532
2560,F,45,6,84318,843
2561,M,25,15,06460,064
2562,M,18,0,98021,980
2563,M,45,13,53132,531
2564,F,35,20,43230,432
2565,M,35,5,34786,347
2566,M,35,17,94022,940
2567,M,25,0,06451,064
2568,M,25,17,31311,313
2569,M,45,0,45248,452
2570,F,56,14,95005,950
2571,M,35,17,20151,201
2572,M,35,14,75005,750
2573,M,45,16,94536,945
2574,M,50,6,06511,065
2575,M,35,7,76248,762
2576,M,18,17,97030,970
2577,M,25,7,77099,770
2578,M,50,7,94107,941
2579,M,35,15,91411,914
2580,F,45,1,12538,125
2581,M,25,11,60611,606
2582,F,25,1,97201,972
2583,M,35,7,19610,196
2584,F,56,1,94563,945
2585,M,45,15,64081-8102,640
2586,M,25,20,46802,468
2587,M,35,7,55124,551
2588,F,56,13,78737,787
2589,M,25,0,19004,190
2590,M,18,4,94044,940
2591,M,18,1,50310,503
2592,M,50,7,80004-4448,800
2593,M,56,16,95816,958
2594,M,35,7,31047,310
2595,M,18,4,15213,152
2596,M,50,7,48152,481
2597,F,50,0,95616,956
2598,M,25,17,20866,208
2599,M,25,12,53154,531
2600,M,25,14,19312,193
2601,M,35,16,27613,276
2602,M,45,12,92104,921
2603,M,25,17,19126,191
2604,M,25,0,45459,454
2605,M,35,7,75013,750
2606,M,50,7,34285,342
2607,F,56,0,48178,481
2608,F,25,1,10025,100
2609,F,50,12,55391,553
2610,M,45,7,48322,483
2611,M,25,3,07719,077
2612,F,45,3,94560,945
2613,M,35,1,92120,921
2614,M,25,7,15205,152
2615,M,25,7,21029,210
2616,M,35,7,02657,026
2617,F,45,15,60081,600
2618,F,18,4,53538,535
2619,M,35,12,95677,956
2620,M,18,4,47306,473
2621,M,18,0,46304,463
2622,F,35,6,27516,275
2623,M,56,1,30345,303
2624,F,35,0,44313,443
2625,M,35,7,61910,619
2626,M,56,1,04056,040
2627,M,25,1,06877,068
2628,F,25,2,11217,112
2629,M,25,11,15237,152
2630,F,18,5,78704,787
2631,F,50,1,14850,148
2632,M,56,0,43528,435
2633,F,35,9,07728,077
2634,M,56,1,15701,157
2635,M,35,0,06403,064
2636,M,18,12,78750,787
2637,F,35,20,44303,443
2638,M,25,14,06405,064
2639,F,25,6,80236,802
2640,M,35,12,78230,782
2641,M,25,6,19428,194
2642,M,25,0,33073,330
2643,M,45,17,99005,990
2644,M,18,15,45215,452
2645,M,25,7,60657,606
2646,M,45,17,18049,180
2647,F,35,11,15116,151
2648,M,25,17,27707,277
2649,M,25,16,80126,801
2650,M,45,7,75080,750
2651,M,56,14,11779,117
2652,M,35,20,84010,840
2653,M,25,7,94109,941
2654,F,35,9,48336,483
2655,M,35,7,66224,662
2656,M,56,13,32837,328
2657,F,1,10,47403,474
2658,M,25,7,60115,601
2659,M,35,14,01060,010
2660,M,56,17,28704,287
2661,M,56,13,19312,193
2662,M,25,17,02021,020
2663,F,25,4,02215,022
2664,M,35,7,52402,524
2665,M,35,11,98443,984
2666,M,45,16,63128,631
2667,F,35,6,08043,080
2668,F,25,4,94110,941
2669,M,45,0,24541,245
2670,M,35,6,94598,945
2671,F,35,12,54220,542
2672,M,35,7,04096,040
2673,M,35,7,77040,770
2674,M,25,4,94110,941
2675,M,35,18,98664,986
2676,M,56,20,78731,787
2677,F,35,7,66204,662
2678,M,25,6,49707,497
2679,F,18,4,02143,021
2680,M,25,12,01864,018
2681,F,25,4,48823,488
2682,M,18,4,43210,432
2683,M,35,7,60188,601
2684,F,18,0,19143,191
2685,M,45,7,02116,021
2686,M,25,0,85283,852
2687,M,1,10,08805,088
2688,M,25,17,54915,549
2689,M,25,12,27511,275
2690,M,25,7,24210,242
2691,M,18,4,06459,064
2692,F,18,4,14620,146
2693,M,56,13,72949,729
2694,M,18,4,90024,900
2695,M,35,11,46033,460
2696,M,25,7,24210,242
2697,F,50,17,87031,870
2698,F,25,2,10028,100
2699,F,56,13,74128,741
2700,M,25,7,30117,301
2701,M,45,1,60115,601
2702,M,45,6,65201,652
2703,M,35,11,52803,528
2704,M,56,13,72764,727
2705,M,25,1,27713,277
2706,F,25,1,27713,277
2707,M,56,13,24060,240
2708,M,25,7,44115,441
2709,F,25,0,60660,606
2710,M,35,17,94303,943
2711,F,25,4,01075,010
2712,F,18,19,33953,339
2713,M,25,7,96811,968
2714,M,18,4,96815,968
2715,F,50,4,96822,968
2716,F,50,4,96825,968
2717,M,25,4,96826,968
2718,F,25,4,96817,968
2719,M,25,12,98100,981
2720,M,35,0,20795,207
2721,M,45,14,19382,193
2722,M,35,7,22043,220
2723,F,25,9,28147,281
2724,F,45,2,27514,275
2725,M,35,7,30071,300
2726,M,45,11,02155,021
2727,M,25,11,60603,606
2728,M,35,12,27614,276
2729,M,50,7,17402,174
2730,M,35,11,48640,486
2731,M,35,7,11050,110
2732,M,45,17,92805,928
2733,M,45,17,94002,940
2734,F,18,4,02912,029
2735,M,25,7,22903,229
2736,M,45,12,80303,803
2737,M,25,3,50311,503
2738,F,50,2,22181,221
2739,F,35,7,92316,923
2740,M,45,17,22181,221
2741,M,25,14,60614,606
2742,M,25,17,36092,360
2743,M,25,14,72601,726
2744,M,18,17,53818,538
2745,F,35,1,30345,303
2746,M,50,14,50265-2850,502
2747,F,18,4,90025,900
2748,M,25,4,85719,857
2749,M,25,12,10025,100
2750,F,25,15,91360,913
2751,F,25,16,28120,281
2752,M,25,15,77006,770
2753,F,50,20,27516,275
2754,M,50,12,60148,601
2755,M,35,7,29631,296
2756,M,18,4,97331,973
2757,M,25,2,10023,100
2758,M,56,8,12436,124
2759,M,25,7,36102,361
2760,M,56,0,01886,018
2761,M,35,6,80917,809
2762,M,50,16,63131,631
2763,F,18,4,48104,481
2764,M,25,7,91403,914
2765,M,50,7,02420,024
2766,M,45,7,55016,550
2767,M,25,0,99163,991
2768,M,25,17,90210,902
2769,M,25,7,20170,201
2770,M,35,1,14260,142
2771,M,18,1,92037,920
2772,M,35,17,10025,100
2773,M,35,2,78766,787
2774,M,25,1,92103,921
2775,F,18,4,90038,900
2776,M,25,14,22205,222
2777,M,18,4,95326,953
2778,M,56,13,94025,940
2779,M,35,7,10040,100
2780,M,25,17,94133,941
2781,M,35,4,45205,452
2782,F,18,4,48858,488
2783,M,45,17,78750,787
2784,M,50,20,20007,200
2785,M,56,13,29928,299
2786,M,25,4,60201,602
2787,M,25,4,60614,606
2788,M,56,1,90049,900
2789,M,18,4,90025,900
2790,M,25,20,85013,850
2791,M,56,7,10023,100
2792,M,18,4,02452,024
2793,M,35,7,70116,701
2794,M,25,2,20036,200
2795,M,50,13,33710,337
2796,M,25,14,92104,921
2797,F,25,7,94043,940
2798,M,35,20,10038,100
2799,M,18,0,55404,554
2800,F,18,4,73070,730
2801,F,25,3,12866,128
2802,M,35,20,10036,100
2803,M,25,7,94022,940
2804,F,35,0,46234,462
2805,M,56,19,06040,060
2806,M,1,10,15208,152
2807,F,35,11,22043,220
2808,M,56,16,60610,606
2809,M,25,7,10016,100
2810,F,1,10,64093,640
2811,M,25,19,94122,941
2812,M,25,17,60607,606
2813,M,25,20,55406,554
2814,M,35,7,02127,021
2815,M,35,17,60477,604
2816,M,25,7,60015,600
2817,M,35,12,53130,531
2818,M,25,12,55106,551
2819,M,45,14,44122,441
2820,F,35,0,02138,021
2821,M,18,20,10036,100
2822,M,50,7,10003,100
2823,M,25,4,02452,024
2824,M,18,4,02111,021
2825,F,25,20,94014,940
2826,M,35,12,10011,100
2827,M,25,17,94063,940
2828,M,18,4,02454,024
2829,M,45,20,10013,100
2830,M,35,7,94506,945
2831,M,25,0,32225,322
2832,M,25,17,20036,200
2833,M,25,15,85003,850
2834,M,35,1,33304,333
2835,M,35,20,60622,606
2836,M,25,12,07974,079
2837,M,18,0,49506,495
2838,M,18,1,95864,958
2839,M,25,17,10003,100
2840,M,25,0,60660,606
2841,M,50,12,98056,980
2842,M,35,17,30145,301
2843,F,25,4,78705,787
2844,M,25,20,87103,871
2845,M,25,4,74074,740
2846,F,18,4,91604,916
2847,M,18,4,10027,100
2848,M,25,0,47401,474
2849,M,45,11,94114,941
2850,M,18,20,94608,946
2851,F,25,7,94107,941
2852,M,25,12,98037,980
2853,M,1,1,444555,444
2854,F,18,4,64151,641
2855,M,25,4,94102,941
2856,M,35,11,22030,220
2857,M,25,0,10469,104
2858,F,1,10,72601,726
2859,M,18,1,95814,958
2860,M,35,17,20009,200
2861,M,25,15,06510,065
2862,M,45,7,55066,550
2863,F,25,2,27705,277
2864,F,35,3,11725,117
2865,F,25,6,21014,210
2866,M,25,7,53717,537
2867,M,45,17,15204,152
2868,M,35,12,94025,940
2869,M,50,17,07650,076
2870,M,50,18,95472,954
2871,F,25,14,98110,981
2872,M,25,20,94014,940
2873,F,18,4,64093,640
2874,F,35,20,20036,200
2875,M,25,2,10013,100
2876,M,25,17,02149,021
2877,M,35,1,80687,806
2878,F,50,20,88005,880
2879,M,18,4,60062,600
2880,M,18,12,55405,554
2881,F,25,12,77019,770
2882,M,18,20,78759,787
2883,M,18,20,30101,301
2884,F,50,3,53222,532
2885,F,18,1,80302,803
2886,M,18,4,60073,600
2887,M,25,3,66205,662
2888,M,25,14,55438,554
2889,M,35,3,55104,551
2890,M,35,7,90069,900
2891,F,18,4,66044,660
2892,M,25,4,84064,840
2893,M,25,1,94025,940
2894,M,18,4,44130,441
2895,M,25,11,07039,070
2896,M,18,14,60073,600
2897,M,25,5,97405,974
2898,M,18,4,02453,024
2899,M,35,14,94133,941
2900,M,18,12,95120,951
2901,M,25,17,78749,787
2902,M,25,12,98007,980
2903,M,25,16,20850,208
2904,M,25,4,16802,168
2905,M,35,17,55407,554
2906,M,35,19,55421,554
2907,F,35,5,12345,123
2908,M,18,2,74403,744
2909,M,25,7,43228,432
2910,M,1,19,75602,756
2911,F,25,4,55455,554
2912,F,18,4,48104,481
2913,F,35,20,98119,981
2914,M,25,4,92614,926
2915,M,25,7,23423,234
2916,M,45,2,98011,980
2917,M,25,0,60201,602
2918,M,25,12,98112,981
2919,M,18,17,88076,880
2920,M,25,2,55116,551
2921,M,50,1,53221,532
2922,M,25,17,52402,524
2923,M,35,12,44256,442
2924,F,18,4,94121,941
2925,F,25,4,23454,234
2926,F,18,2,55118,551
2927,M,25,12,24060,240
2928,M,25,2,90068,900
2929,M,18,2,60614,606
2930,M,50,17,45420,454
2931,M,18,4,16803,168
2932,M,25,12,55346,553
2933,M,35,11,32082,320
2934,F,35,20,91324,913
2935,M,25,0,55126,551
2936,F,18,4,94122,941
2937,F,18,4,48103,481
2938,F,25,0,55345,553
2939,F,25,15,94901,949
2940,M,25,0,02143,021
2941,M,35,12,98033,980
2942,F,50,1,93103,931
2943,M,35,12,95864,958
2944,F,18,4,48104,481
2945,F,35,17,89507,895
2946,M,35,16,92630,926
2947,F,25,0,02138,021
2948,M,18,14,48185,481
2949,M,25,17,98033,980
2950,M,18,0,72761,727
2951,F,35,14,94303,943
2952,M,25,4,06511,065
2953,M,25,20,23225,232
2954,M,18,2,11435,114
2955,M,35,14,92025,920
2956,M,25,12,50265,502
2957,M,18,4,48104,481
2958,M,25,7,91911,919
2959,M,35,17,06074,060
2960,M,18,4,48104,481
2961,M,50,17,91977,919
2962,M,35,3,94109,941
2963,F,18,4,48104,481
2964,M,25,17,07030,070
2965,F,35,4,48103,481
2966,F,25,4,48104,481
2967,M,25,0,94110,941
2968,F,18,0,48104,481
2969,M,25,7,06851,068
2970,M,18,4,48104,481
2971,M,25,4,48104,481
2972,M,25,4,97330,973
2973,F,18,4,48108,481
2974,M,18,4,48105,481
2975,M,35,11,20879,208
2976,M,18,20,86001,860
2977,F,18,4,48104,481
2978,M,35,20,45236,452
2979,M,35,2,45243,452
2980,M,45,7,91766,917
2981,M,45,6,52556,525
2982,M,25,4,54902,549
2983,M,18,4,97850,978
2984,M,25,4,48105,481
2985,M,18,4,97333,973
2986,M,25,4,24060,240
2987,M,18,4,15213,152
2988,F,18,6,92122,921
2989,M,35,12,97330,973
2990,M,35,12,45243,452
2991,M,50,1,48105,481
2992,M,18,4,14853,148
2993,M,18,19,12133,121
2994,M,35,5,95008,950
2995,M,25,15,97333,973
2996,M,18,0,63011,630
2997,F,35,16,45238,452
2998,F,25,1,45241,452
2999,M,25,7,33813,338
3000,M,25,4,55408,554
3001,M,18,4,94704,947
3002,M,45,11,90028,900
3003,M,18,15,94606,946
3004,F,18,4,02138,021
3005,M,25,17,94133,941
3006,M,18,4,45750,457
3007,M,35,0,33174,331
3008,M,18,4,94403,944
3009,F,35,3,55112,551
3010,M,25,12,78759,787
3011,M,25,1,10003,100
3012,M,25,12,78660,786
3013,M,45,17,97124,971
3014,M,35,7,06430,064
3015,M,56,6,62707,627
3016,M,18,12,78759,787
3017,F,35,9,85255,852
3018,M,35,0,45242,452
3019,M,50,12,97330,973
3020,F,35,7,60302,603
3021,F,45,15,78750,787
3022,M,25,17,78730,787
3023,F,25,7,92108,921
3024,M,35,17,14302,143
3025,F,35,0,90004,900
3026,F,18,4,45750,457
3027,M,18,4,85719,857
3028,M,1,10,12701,127
3029,M,18,4,92037,920
3030,M,35,1,48103,481
3031,M,18,4,48135,481
3032,M,25,0,47303,473
3033,M,18,4,02906,029
3034,F,18,1,33143,331
3035,F,25,7,90230,902
3036,M,56,13,14843,148
3037,F,25,2,97333,973
3038,F,35,2,97401,974
3039,F,50,3,33611,336
3040,M,25,8,22046,220
3041,M,25,4,97333,973
3042,M,56,1,49042,490
3043,M,18,2,90069,900
3044,M,35,16,77301,773
3045,M,45,1,90631,906
3046,M,1,4,46311,463
3047,F,25,4,94117,941
3048,M,18,2,02066,020
3049,F,50,0,02421,024
3050,M,35,12,94025,940
3051,M,18,17,94063,940
3052,M,35,12,10036,100
3053,F,25,3,55102,551
3054,M,18,4,44056,440
3055,F,25,3,98501,985
3056,M,25,18,10309,103
3057,F,25,12,55438,554
3058,M,18,12,55123,551
3059,M,35,0,75023,750
3060,F,35,1,92705,927
3061,M,45,2,29440,294
3062,M,18,4,03106,031
3063,M,18,4,03106,031
3064,M,35,17,90026,900
3065,F,18,4,48135,481
3066,M,18,4,61801,618
3067,F,25,0,02148,021
3068,F,35,9,66204,662
3069,M,18,4,97470,974
3070,F,18,4,10708,107
3071,M,25,1,02115,021
3072,M,50,1,55126,551
3073,M,25,0,90028,900
3074,M,25,0,23451,234
3075,F,25,11,06107,061
3076,M,35,17,30024,300
3077,M,18,4,43202,432
3078,F,35,1,02155,021
3079,F,25,1,55410,554
3080,M,25,20,55410,554
3081,M,25,7,77252,772
3082,F,35,6,45459,454
3083,F,50,0,97403,974
3084,M,25,16,01581,015
3085,M,25,4,78703,787
3086,M,18,12,98105,981
3087,F,1,1,90802,908
3088,F,25,4,87110,871
3089,M,45,16,93448,934
3090,M,25,2,90004,900
3091,F,25,0,19107,191
3092,M,35,15,98108,981
3093,F,45,20,89134,891
3094,M,35,0,30030,300
3095,F,25,3,06810,068
3096,F,45,3,38028,380
3097,F,25,5,10021,100
3098,M,25,4,55112,551
3099,M,25,17,20910,209
3100,F,25,6,91423,914
3101,M,18,15,91101,911
3102,M,25,12,34170,341
3103,M,25,20,64112,641
3104,M,18,17,02118,021
3105,M,35,12,98166,981
3106,M,25,0,33142,331
3107,M,25,17,92656,926
3108,M,50,6,22039,220
3109,F,25,11,43201,432
3110,M,25,0,10002,100
3111,M,18,4,56520,565
3112,M,18,12,98133,981
3113,M,25,10,55414,554
3114,M,18,5,65211,652
3115,M,35,17,48323,483
3116,M,25,12,98034,980
3117,M,35,0,83704,837
3118,M,25,0,77025,770
3119,M,45,1,37027,370
3120,M,18,4,55414,554
3121,M,25,2,32118,321
3122,F,25,7,22209,222
3123,M,25,2,90401,904
3124,M,25,12,30337,303
3125,M,25,7,10025,100
3126,M,25,2,32118,321
3127,F,25,0,10003,100
3128,M,18,2,10012,100
3129,M,25,7,21117,211
3130,M,25,7,32835,328
3131,F,25,2,90036,900
3132,M,35,7,98467,984
3133,M,18,4,33720,337
3134,M,18,4,55455,554
3135,M,25,15,12345,123
3136,F,25,4,72801,728
3137,M,25,11,11217,112
3138,M,35,17,46229,462
3139,M,56,13,89128,891
3140,F,25,4,78728,787
3141,M,25,14,81679,816
3142,M,25,20,85719,857
3143,F,50,16,90272,902
3144,F,25,7,85260,852
3145,M,18,4,02138,021
3146,M,25,0,31605,316
3147,M,25,14,49355,493
3148,M,18,20,72837,728
3149,M,18,4,92602,926
3150,F,25,3,92831,928
3151,F,25,0,92870,928
3152,M,18,4,61801,618
3153,F,25,4,73160,731
3154,F,25,4,95616,956
3155,M,25,7,55112,551
3156,M,35,7,07663,076
3157,M,25,12,92880,928
3158,M,25,15,15217,152
3159,F,25,15,15213,152
3160,M,25,17,77521,775
3161,M,25,7,55408,554
3162,M,25,1,08854-3115,088
3163,M,18,15,95616,956
3164,M,18,12,55118,551
3165,M,35,7,60611,606
3166,M,18,4,32607,326
3167,M,25,2,77056,770
3168,F,35,5,94546,945
3169,M,50,0,23518,235
3170,M,25,0,08461,084
3171,F,50,3,10128,101
3172,M,18,12,55408,554
3173,M,25,12,55317,553
3174,F,18,14,10018,100
3175,M,35,16,10014,100
3176,M,25,17,95129,951
3177,F,25,6,94132,941
3178,F,35,5,44313,443
3179,F,18,20,02125,021
3180,M,25,14,07430,074
3181,M,25,12,07436,074
3182,M,25,12,12866,128
3183,M,50,7,60510,605
3184,F,25,18,21214,212
3185,M,18,7,55337,553
3186,M,50,1,92122,921
3187,M,35,12,32935,329
3188,M,56,13,55344,553
3189,M,25,16,90292,902
3190,M,1,17,97062,970
3191,M,25,12,27707,277
3192,M,18,4,02912,029
3193,M,25,0,92019,920
3194,M,25,15,92648,926
3195,M,18,4,80228,802
3196,F,18,4,45219,452
3197,F,18,14,94110,941
3198,M,25,12,94110,941
3199,M,18,0,57106,571
3200,F,25,1,98144,981
3201,M,45,7,35216,352
3202,F,18,4,24060,240
3203,M,35,0,90254,902
3204,M,45,16,80304,803
3205,F,35,16,80304,803
3206,M,18,20,44089,440
3207,M,35,7,60610,606
3208,M,25,14,30342,303
3209,M,25,0,21555,215
3210,F,45,0,02115,021
3211,M,50,16,20015,200
3212,F,25,17,11215,112
3213,F,25,1,83705,837
3214,F,56,7,10019,100
3215,F,50,13,55447,554
3216,M,35,1,54481,544
3217,F,35,0,92630,926
3218,M,56,6,48070,480
3219,F,18,4,54302,543
3220,M,35,7,54016,540
3221,M,25,0,19106,191
3222,M,35,7,10583,105
3223,M,25,20,10014,100
3224,F,25,14,93428,934
3225,M,18,0,15237,152
3226,M,35,4,10027,100
3227,F,25,14,60657,606
3228,M,25,14,05448,054
3229,F,56,1,93105,931
3230,M,35,16,92630,926
3231,M,25,7,55112,551
3232,M,35,12,92821,928
3233,M,50,2,60660,606
3234,F,1,0,90012,900
3235,M,18,4,87801,878
3236,M,18,15,87111,871
3237,M,35,7,05401,054
3238,M,35,7,10069,100
3239,F,25,12,07730,077
3240,M,18,4,55403,554
3241,F,50,0,20004,200
3242,M,50,13,94089,940
3243,M,25,12,98117,981
3244,F,18,4,92647,926
3245,M,18,2,08820,088
3246,F,35,1,85258,852
3247,M,35,15,92649,926
3248,F,25,7,94115,941
3249,F,25,4,92648,926
3250,M,25,4,90069,900
3251,M,35,17,15330,153
3252,M,50,0,76067,760
3253,F,35,4,26505,265
3254,F,35,6,95843,958
3255,F,25,15,91902,919
3256,M,25,15,92111,921
3257,M,25,14,94105,941
3258,M,45,6,02339,023
3259,F,18,4,95616,956
3260,M,25,4,44514,445
3261,M,45,20,87505,875
3262,M,25,14,55391,553
3263,M,50,11,66048,660
3264,F,25,1,94536,945
3265,M,25,15,53704,537
3266,F,25,4,95616,956
3267,M,25,4,78705,787
3268,M,25,12,04106,041
3269,F,18,20,45220,452
3270,M,18,11,45220,452
3271,F,35,0,92704,927
3272,M,35,0,08330,083
3273,M,35,7,11201,112
3274,M,25,20,02062,020
3275,M,35,7,10028,100
3276,M,25,20,55391,553
3277,M,25,17,94107,941
3278,M,35,7,10014,100
3279,M,45,15,92880,928
3280,M,25,7,33486,334
3281,M,25,17,79705,797
3282,M,45,3,20009,200
3283,M,35,16,66208,662
3284,M,25,6,48197,481
3285,M,25,4,44706,447
3286,F,35,7,80013,800
3287,M,56,13,27514-3540,275
3288,M,25,14,94133,941
3289,M,45,6,95695,956
3290,M,25,14,90292,902
3291,F,25,7,27516,275
3292,F,50,6,79410,794
3293,M,45,14,37343,373
3294,M,18,4,78749,787
3295,M,18,18,92123,921
3296,M,18,14,90292,902
3297,M,18,4,91325,913
3298,M,1,10,20876,208
3299,F,25,4,19119,191
3300,M,35,5,19119,191
3301,F,25,2,85719,857
3302,M,25,17,74074,740
3303,M,56,17,06405,064
3304,F,45,5,92649,926
3305,M,56,20,94708,947
3306,M,45,14,60045,600
3307,M,50,6,90640,906
3308,F,18,20,15701-1348,157
3309,M,25,17,20707,207
3310,M,45,14,12561,125
3311,M,25,4,90039,900
3312,F,18,4,90039,900
3313,M,35,20,90292,902
3314,M,25,7,06516,065
3315,M,25,12,78731,787
3316,M,1,19,92557,925
3317,M,25,4,78705,787
3318,M,56,13,30047,300
3319,F,56,13,92308,923
3320,M,25,1,56082,560
3321,M,35,1,95380,953
3322,F,18,4,68516,685
3323,M,35,14,11784,117
3324,M,35,17,48083,480
3325,F,35,14,39180,391
3326,M,45,7,64138,641
3327,M,18,12,91423,914
3328,M,56,19,91790-1161,917
3329,M,50,18,72601,726
3330,F,35,1,47933,479
3331,F,25,7,06854,068
3332,M,25,7,06854,068
3333,M,18,16,29404-2205,294
3334,M,35,0,09142,091
3335,M,25,0,10023,100
3336,M,35,17,93436,934
3337,M,25,4,97214,972
3338,M,45,16,08053,080
3339,M,25,17,44118,441
3340,M,45,16,48097,480
3341,M,25,20,91730,917
3342,F,25,5,92705,927
3343,F,18,4,79912,799
3344,M,35,0,08902,089
3345,M,25,7,18655,186
3346,M,35,7,54016,540
3347,F,35,7,91362,913
3348,M,45,16,94546,945
3349,F,18,4,92054,920
3350,F,18,0,20815,208
3351,F,18,5,92870,928
3352,M,35,0,30533,305
3353,M,35,17,92688,926
3354,M,25,7,18615,186
3355,M,25,1,400060,400
3356,M,35,7,95031,950
3357,M,25,18,64055,640
3358,F,25,1,91790,917
3359,M,25,20,22936,229
3360,F,25,0,92646,926
3361,M,25,4,91790,917
3362,F,25,0,90212,902
3363,F,35,9,04046,040
3364,M,56,13,17033,170
3365,M,50,17,23059,230
3366,M,35,14,08750,087
3367,M,50,16,10025,100
3368,M,25,14,55435,554
3369,M,45,18,14701,147
3370,M,18,4,92833,928
3371,M,25,2,55405,554
3372,M,56,13,55118,551
3373,M,18,16,94709,947
3374,M,35,5,64801,648
3375,M,25,4,89193,891
3376,M,35,16,10803,108
3377,M,25,17,03570,035
3378,M,18,4,48135,481
3379,M,35,1,20037,200
3380,M,50,0,20815,208
3381,M,25,0,96671,966
3382,F,1,10,55305,553
3383,M,56,16,03070,030
3384,M,35,7,91304,913
3385,F,25,9,32212,322
3386,M,18,4,55414,554
3387,M,18,1,94706,947
3388,F,25,1,92646,926
3389,M,18,0,13603,136
3390,F,45,20,02476,024
3391,M,18,4,48135,481
3392,M,50,6,08108,081
3393,M,35,12,60563,605
3394,M,35,7,90069,900
3395,M,25,7,02134,021
3396,M,25,12,15217,152
3397,M,25,5,55414,554
3398,M,18,20,30033,300
3399,M,25,4,14623,146
3400,M,25,14,08742,087
3401,M,35,7,76109,761
3402,M,35,20,30306,303
3403,M,35,5,48342,483
3404,M,25,8,95380,953
3405,M,35,14,92084,920
3406,F,25,7,85214,852
3407,F,45,5,60050,600
3408,M,25,17,14830,148
3409,M,25,4,48127,481
3410,M,35,1,20653,206
3411,M,18,4,02139,021
3412,M,25,18,85213,852
3413,F,25,17,92084,920
3414,M,25,17,75146,751
3415,M,35,7,80129,801
3416,M,25,12,20850,208
3417,F,18,2,14616,146
3418,F,18,3,22305,223
3419,M,45,1,16801,168
3420,F,25,7,48105,481
3421,M,45,7,94501,945
3422,M,25,5,43221,432
3423,M,25,7,84088,840
3424,M,25,6,92111,921
3425,M,18,20,48135,481
3426,M,25,20,90046,900
3427,M,25,14,78267,782
3428,M,45,1,47933,479
3429,F,25,7,94602,946
3430,F,45,1,15208,152
3431,F,45,6,48867,488
3432,M,25,12,27410,274
3433,M,18,12,55113,551
3434,M,18,4,48867,488
3435,M,45,1,48867,488
3436,M,35,0,98503,985
3437,F,25,0,37203,372
3438,F,25,0,78735,787
3439,M,18,17,76116,761
3440,M,56,17,32822,328
3441,F,25,14,94109,941
3442,M,18,12,20878,208
3443,F,35,17,48219,482
3444,M,50,14,33401,334
3445,F,35,20,92009,920
3446,M,25,7,30620,306
3447,M,25,12,94131,941
3448,F,18,3,60640,606
3449,M,25,14,02142,021
3450,M,25,5,78251,782
3451,F,25,11,94117,941
3452,M,25,14,07702,077
3453,M,35,7,07981,079
3454,M,18,0,92122,921
3455,F,25,0,07701,077
3456,M,25,17,54401,544
3457,M,25,20,19083,190
3458,M,45,0,02131,021
3459,M,18,4,76266,762
3460,M,1,4,10012,100
3461,M,35,0,95409,954
3462,F,25,4,73160,731
3463,M,25,15,80301,803
3464,F,25,14,78251,782
3465,M,25,14,45383,453
3466,M,25,14,94306,943
3467,M,25,14,55421,554
3468,M,25,20,94546,945
3469,M,45,17,02176,021
3470,M,35,17,49887,498
3471,M,18,4,80302,803
3472,M,25,6,33156,331
3473,F,35,16,02472,024
3474,M,35,11,10538,105
3475,M,25,14,33133,331
3476,M,50,0,44126,441
3477,F,50,1,10024,100
3478,M,25,7,10019,100
3479,M,18,4,78626,786
3480,M,25,0,59405,594
3481,M,18,4,94122,941
3482,M,50,17,08043,080
3483,F,45,7,30260,302
3484,M,18,4,28403,284
3485,M,25,0,94121,941
3486,F,18,0,98225,982
3487,M,18,4,60611,606
3488,M,45,17,80228,802
3489,M,18,4,60201,602
3490,M,25,0,74136,741
3491,M,25,16,28542,285
3492,M,35,7,77005,770
3493,M,25,17,61350,613
3494,M,25,1,28607,286
3495,M,18,4,94608,946
3496,M,35,5,92867,928
3497,F,35,2,94109,941
3498,M,25,17,28052,280
3499,M,25,3,77006,770
3500,M,35,7,20650,206
3501,F,35,7,30309,303
3502,F,18,7,80503,805
3503,M,18,4,59715,597
3504,M,18,7,02215,022
3505,F,25,15,55455,554
3506,M,18,12,80503,805
3507,M,25,0,02472,024
3508,M,18,4,02151,021
3509,M,18,4,02115,021
3510,F,18,4,02142,021
3511,M,50,0,88004,880
3512,M,18,17,02140,021
3513,M,25,16,01890,018
3514,M,18,12,30318,303
3515,M,35,3,55042,550
3516,M,18,4,42101,421
3517,M,18,12,53713,537
3518,F,18,7,11215,112
3519,F,25,14,11215,112
3520,M,25,0,40515,405
3521,M,25,0,53213,532
3522,M,18,0,97469,974
3523,M,35,7,53404,534
3524,F,25,0,83355,833
3525,F,18,4,02142,021
3526,M,35,2,62263-3004,622
3527,M,25,0,53213,532
3528,M,35,5,41144,411
3529,F,45,1,97361,973
3530,M,25,0,77058,770
3531,F,25,11,55409,554
3532,F,35,14,10028,100
3533,M,25,2,55344,553
3534,M,35,17,68506,685
3535,M,45,18,77630,776
3536,M,18,4,57103,571
3537,M,1,10,97402,974
3538,M,35,0,40504,405
3539,F,25,4,77006,770
3540,M,18,17,57106,571
3541,M,25,3,02494,024
3542,M,25,15,14803,148
3543,M,25,17,60659,606
3544,F,25,4,92507,925
3545,M,35,12,92507,925
3546,M,25,20,41706,417
3547,M,35,16,94108,941
3548,M,45,7,92965,929
3549,F,35,7,60137,601
3550,M,25,5,55447,554
3551,F,56,0,98374,983
3552,F,35,2,02879,028
3553,M,35,16,61600,616
3554,M,25,15,15203,152
3555,M,56,7,55430,554
3556,M,25,17,03038,030
3557,M,18,5,48185,481
3558,M,18,17,66044,660
3559,M,18,4,11364,113
3560,F,25,6,74105,741
3561,M,35,14,63304,633
3562,F,25,6,32812,328
3563,M,25,2,33133,331
3564,M,25,11,02169,021
3565,M,25,18,53572,535
3566,M,45,0,53818,538
3567,M,25,14,54915,549
3568,M,25,0,98503,985
3569,F,18,2,48823,488
3570,M,35,12,19050,190
3571,M,18,4,10044,100
3572,M,35,11,04287,042
3573,M,1,10,48867,488
3574,F,35,6,33314,333
3575,M,25,18,54915,549
3576,M,50,7,68046,680
3577,F,56,0,00231,002
3578,M,50,3,96714,967
3579,M,18,0,32219,322
3580,F,18,3,32219,322
3581,M,18,1,57382,573
3582,F,35,0,52405,524
3583,F,25,9,41075,410
3584,M,18,0,76543,765
3585,M,35,20,60640,606
3586,M,35,20,60640,606
3587,M,35,3,93611,936
3588,M,25,2,90068,900
3589,F,45,0,80010,800
3590,F,18,15,02115,021
3591,M,35,6,96158,961
3592,F,56,2,99701,997
3593,F,25,9,53719,537
3594,M,1,0,02322,023
3595,M,25,0,85024,850
3596,F,35,4,19104,191
3597,M,25,17,55446,554
3598,M,56,1,90210,902
3599,M,25,16,97378,973
3600,M,35,20,94506,945
3601,F,35,3,95405,954
3602,M,25,12,55443,554
3603,F,35,7,78704,787
3604,F,1,10,02879,028
3605,M,18,12,60640,606
3606,F,25,15,02445,024
3607,M,35,17,32506,325
3608,F,35,9,02879,028
3609,F,25,17,48239,482
3610,M,18,6,30064,300
3611,M,25,2,84321,843
3612,M,25,14,29609,296
3613,M,25,0,37205,372
3614,M,25,0,45458,454
3615,M,25,17,76028,760
3616,M,45,0,33759,337
3617,M,35,7,49034,490
3618,M,56,17,22657,226
3619,M,50,16,97116,971
3620,M,25,7,94117,941
3621,M,18,4,33023,330
3622,M,18,1,02446,024
3623,M,35,11,43209,432
3624,M,25,12,60068,600
3625,M,18,10,48439,484
3626,M,25,17,75075,750
3627,F,35,1,85287,852
3628,M,25,7,78731,787
3629,F,50,7,10022,100
3630,M,18,4,77005,770
3631,M,18,4,77005,770
3632,M,50,11,33881,338
3633,M,35,18,60441,604
3634,M,50,1,88001,880
3635,M,50,1,60062,600
3636,M,25,0,06708,067
3637,M,25,6,94127,941
3638,M,25,2,90038,900
3639,M,18,4,78250,782
3640,M,35,7,02370,023
3641,M,25,0,92008,920
3642,F,25,7,98188,981
3643,M,25,17,22302,223
3644,F,25,11,53711,537
3645,M,35,17,97232,972
3646,M,35,20,98106,981
3647,M,25,7,80202,802
3648,M,18,4,85210,852
3649,F,25,0,94115,941
3650,M,25,0,60611,606
3651,M,25,14,98103,981
3652,M,25,12,94608,946
3653,M,18,15,96661,966
3654,M,25,17,94901,949
3655,F,25,7,94121,941
3656,F,45,5,34610,346
3657,M,18,17,95121,951
3658,F,25,7,07090,070
3659,M,18,4,29649,296
3660,M,35,7,15137,151
3661,M,35,12,08852,088
3662,M,35,16,08753,087
3663,F,35,9,17055,170
3664,F,35,1,94043,940
3665,M,25,0,95903,959
3666,M,45,0,68144,681
3667,F,1,10,10706,107
3668,F,45,7,33324,333
3669,M,25,14,60148,601
3670,M,45,14,55123,551
3671,M,25,4,98102,981
3672,M,35,5,08406,084
3673,M,25,2,10003,100
3674,M,25,20,29205,292
3675,M,35,7,06680,066
3676,F,35,12,48109,481
3677,F,25,12,06906,069
3678,M,25,0,06880,068
3679,M,25,4,68108,681
3680,F,25,1,94939,949
3681,M,25,7,29662,296
3682,F,50,1,10706,107
3683,M,25,2,30606,306
3684,M,25,17,83713,837
3685,M,25,5,55100,551
3686,M,25,7,48070,480
3687,F,50,1,62221,622
3688,M,18,6,21202,212
3689,M,25,0,80906,809
3690,M,18,0,63116,631
3691,M,25,7,21030,210
3692,M,35,17,89147,891
3693,M,25,15,94062,940
3694,M,25,12,28227,282
3695,M,25,2,98502,985
3696,M,35,7,19149,191
3697,M,25,15,68516,685
3698,M,25,7,53202,532
3699,F,56,3,30127,301
3700,M,25,14,10021,100
3701,M,35,1,92614,926
3702,M,35,15,53095,530
3703,M,18,12,97402,974
3704,F,35,0,04255,042
3705,M,45,7,30076,300
3706,M,25,12,46725,467
3707,F,18,0,34744,347
3708,M,56,7,30097,300
3709,M,25,12,89502,895
3710,M,1,10,02818,028
3711,M,35,0,32506,325
3712,M,25,17,60042,600
3713,F,25,7,22201,222
3714,M,25,17,92111,921
3715,M,18,5,55428,554
3716,M,18,12,36115,361
3717,M,35,17,94533,945
3718,M,50,17,07728,077
3719,M,25,1,39759,397
3720,M,45,7,43065,430
3721,M,25,15,94065,940
3722,M,25,18,80538,805
3723,M,25,14,53048,530
3724,M,35,6,77083,770
3725,M,18,4,32608,326
3726,M,25,17,92882,928
3727,M,35,7,74401,744
3728,M,18,4,07030,070
3729,M,18,4,20037,200
3730,M,25,1,48911,489
3731,M,25,17,67443,674
3732,M,25,17,60153,601
3733,M,18,4,02777,027
3734,M,18,4,77840,778
3735,M,25,0,10009,100
3736,M,35,1,44242,442
3737,M,25,14,37127,371
3738,M,45,7,01904-1355,019
3739,M,56,11,48070,480
3740,M,18,5,55116,551
3741,M,25,0,96818,968
3742,M,25,0,90266,902
3743,F,35,7,89128,891
3744,M,25,0,60645,606
3745,F,25,9,49442,494
3746,M,25,5,54703,547
3747,M,45,13,89109,891
3748,M,18,4,02026,020
3749,F,25,0,60664,606
3750,F,18,4,94116,941
3751,F,35,12,55555,555
3752,F,18,1,86314,863
3753,M,25,7,42518,425
3754,M,56,7,94612,946
3755,F,50,14,08810,088
3756,M,18,12,53188,531
3757,M,25,7,92612,926
3758,F,35,5,02021,020
3759,M,35,6,54751,547
3760,M,50,0,55128,551
3761,M,25,17,27613,276
3762,M,50,6,11746,117
3763,M,25,2,98502,985
3764,M,25,1,06111,061
3765,F,50,3,34744,347
3766,F,18,1,45458,454
3767,M,25,0,94305,943
3768,M,25,4,86314,863
3769,M,25,15,02446,024
3770,F,35,3,50322,503
3771,M,25,1,14982,149
3772,M,35,17,06074,060
3773,M,35,6,50265,502
3774,M,25,0,52556,525
3775,M,35,12,14619,146
3776,F,25,4,50265,502
3777,M,18,4,23112,231
3778,M,25,0,61832,618
3779,F,45,2,98383,983
3780,M,1,0,46979,469
3781,F,56,11,54401,544
3782,F,25,0,94602,946
3783,M,25,7,97267,972
3784,F,25,1,98027,980
3785,F,25,20,93401,934
3786,F,25,0,94115,941
3787,F,25,0,94703,947
3788,F,18,0,94587,945
3789,F,25,0,94110,941
3790,F,25,17,94618,946
3791,M,50,18,60516,605
3792,M,25,6,68108,681
3793,M,18,4,21093,210
3794,F,18,4,53211,532
3795,F,18,4,91405,914
3796,M,45,14,02021,020
3797,M,25,7,02420,024
3798,M,25,7,48326,483
3799,M,18,0,17844,178
3800,M,18,1,45458,454
3801,M,18,12,36115,361
3802,M,18,0,94520,945
3803,F,35,9,19006,190
3804,M,25,6,06511,065
3805,F,35,1,89031,890
3806,M,18,4,55104,551
3807,F,35,19,32095,320
3808,M,25,7,60010,600
3809,M,35,6,20650,206
3810,M,50,7,20016,200
3811,M,25,15,98103,981
3812,M,35,17,78749,787
3813,M,35,7,80910,809
3814,M,25,15,98102,981
3815,M,25,17,53406,534
3816,F,25,3,90020,900
3817,M,35,3,20122,201
3818,M,45,17,32837,328
3819,M,25,12,36115,361
3820,M,25,17,90804,908
3821,M,25,20,44313,443
3822,M,45,20,98027,980
3823,M,56,7,93711,937
3824,M,25,17,32308,323
3825,M,18,1,06279,062
3826,M,25,1,48105,481
3827,M,50,2,87020,870
3828,M,25,20,92101,921
3829,F,25,1,22307,223
3830,M,18,4,60630,606
3831,F,18,6,84780,847
3832,F,25,7,43214,432
3833,M,25,1,68516,685
3834,M,18,2,02322,023
3835,M,25,7,40515,405
3836,F,50,8,84770,847
3837,M,25,17,28804,288
3838,F,25,14,10033,100
3839,M,50,14,02651,026
3840,F,25,0,02176,021
3841,M,45,18,26101,261
3842,F,35,16,92054,920
3843,F,1,10,32043,320
3844,M,18,4,73071,730
3845,M,25,12,94065,940
3846,M,35,0,33884,338
3847,M,25,7,12801,128
3848,M,25,15,70809-2612,708
3849,M,35,0,14086,140
3850,M,18,3,92278,922
3851,M,25,12,60657,606
3852,M,50,16,60302,603
3853,M,25,14,92614,926
3854,M,25,14,30340,303
3855,M,25,17,20886,208
3856,F,35,20,93449,934
3857,M,18,14,08822,088
3858,F,45,9,63119,631
3859,M,25,0,89145,891
3860,M,45,17,44129,441
3861,M,18,4,12604,126
3862,M,25,17,10025,100
3863,M,25,0,94558,945
3864,M,50,20,29630,296
3865,F,1,10,95864,958
3866,M,45,14,63130,631
3867,M,35,3,45215,452
3868,M,18,12,73112,731
3869,M,18,17,63544,635
3870,M,25,17,95050,950
3871,M,18,4,64468,644
3872,M,25,1,14613,146
3873,F,45,2,94558,945
3874,M,25,7,92103,921
3875,M,25,0,66605,666
3876,M,25,0,11235,112
3877,M,45,1,33705,337
3878,M,35,16,22124,221
3879,M,25,3,83687,836
3880,M,25,7,54942,549
3881,M,18,2,44515,445
3882,M,56,14,55337,553
3883,M,50,16,78411,784
3884,M,18,4,78759,787
3885,M,25,12,92728,927
3886,M,35,7,95008,950
3887,M,18,4,80513,805
3888,M,45,17,02067,020
3889,M,45,6,66203,662
3890,M,18,4,33143,331
3891,F,56,16,90039,900
3892,M,25,20,91505,915
3893,M,25,6,79401,794
3894,M,35,16,02139,021
3895,F,35,0,20723,207
3896,M,35,0,60914,609
3897,M,56,17,92069,920
3898,M,45,11,01772,017
3899,M,25,17,02135,021
3900,F,25,14,55343,553
3901,M,18,14,85282,852
3902,M,25,5,46239,462
3903,M,25,0,02542,025
3904,M,1,10,48445,484
3905,M,25,17,361069,361
3906,M,50,17,54409,544
3907,F,18,14,22201,222
3908,M,25,0,10021,100
3909,M,18,17,19104,191
3910,M,25,20,91505,915
3911,M,18,0,92037,920
3912,M,25,4,19104,191
3913,M,18,17,40207,402
3914,M,35,4,84123,841
3915,F,35,3,71111,711
3916,M,25,4,02134,021
3917,F,35,9,60618,606
3918,M,25,18,30189,301
3919,M,45,0,73702,737
3920,M,35,17,63126,631
3921,M,25,14,95820,958
3922,M,18,4,53211,532
3923,M,35,2,92115,921
3924,M,50,12,90254,902
3925,M,25,12,77042,770
3926,M,25,2,94404,944
3927,F,25,16,67846,678
3928,M,25,0,55812,558
3929,M,25,5,80227,802
3930,M,56,3,52240,522
3931,M,25,5,92117,921
3932,M,25,7,49221,492
3933,F,35,6,48073,480
3934,M,25,0,44512,445
3935,M,35,18,72118,721
3936,F,35,12,01464,014
3937,M,56,2,92020,920
3938,M,25,2,92711-0571,927
3939,M,45,7,91405,914
3940,M,35,20,32708,327
3941,M,45,17,40031,400
3942,M,18,4,49855,498
3943,F,35,7,98074,980
3944,F,35,16,80401,804
3945,F,45,1,96778,967
3946,F,25,12,22207,222
3947,M,25,0,90019,900
3948,F,45,12,61554,615
3949,M,45,0,44266,442
3950,M,25,4,60056,600
3951,F,18,4,60014,600
3952,F,45,1,12449,124
3953,M,25,12,55117,551
3954,M,18,4,32601,326
3955,M,35,0,12831,128
3956,M,25,0,94930-2010,949
3957,M,35,11,40242,402
3958,M,45,7,46112,461
3959,F,45,1,03768,037
3960,F,35,14,55014,550
3961,M,25,1,45230,452
3962,F,56,0,98115,981
3963,M,50,20,30030,300
3964,M,56,16,66502,665
3965,M,18,11,65202,652
3966,M,25,0,30096,300
3967,F,18,2,13603,136
3968,M,25,2,02903,029
3969,M,56,7,12345,123
3970,F,25,2,02903,029
3971,F,18,4,80228,802
3972,F,25,6,23229,232
3973,M,25,7,60614,606
3974,M,35,0,30741,307
3975,F,25,5,43229,432
3976,F,25,0,44107,441
3977,M,35,14,22180,221
3978,M,35,13,78252,782
3979,F,50,9,59072,590
3980,M,25,4,66762,667
3981,F,45,0,97701,977
3982,M,56,13,95929,959
3983,M,25,0,30606,306
3984,M,25,7,75089,750
3985,M,45,16,01880,018
3986,M,25,7,33324,333
3987,F,18,4,01742,017
3988,F,25,14,60647,606
3989,M,50,12,30030,300
3990,M,25,16,17350,173
3991,M,25,7,33309,333
3992,M,25,4,32653,326
3993,M,25,0,22015,220
3994,M,50,7,43081,430
3995,M,35,17,22810,228
3996,M,18,14,32825,328
3997,M,35,17,45255,452
3998,M,45,0,74354,743
3999,M,35,17,30701,307
4000,M,35,7,08876,088
4001,F,25,1,01860,018
4002,M,45,16,20880,208
4003,M,56,13,46143,461
4004,M,50,0,21050,210
4005,M,35,7,12110,121
4006,M,1,7,48038,480
4007,M,35,12,88005,880
4008,M,18,1,92802,928
4009,M,18,7,44039,440
4010,M,25,14,94533,945
4011,M,25,17,85210,852
4012,M,18,4,49503-1313,495
4013,M,25,1,77803,778
4014,M,25,0,48316-5601,483
4015,F,45,3,75605,756
4016,M,50,0,33901,339
4017,M,25,14,17972,179
4018,F,45,20,75214,752
4019,M,35,17,54601,546
4020,M,25,6,77034,770
4021,M,50,20,95236,952
4022,M,35,14,53403,534
4023,F,35,9,32404,324
4024,M,25,5,45011,450
4025,F,56,6,77018,770
4026,M,25,7,68164,681
4027,F,25,7,12533,125
4028,M,25,4,02140,021
4029,F,56,3,21114,211
4030,M,35,7,89128,891
4031,M,25,0,42445,424
4032,M,25,12,56301,563
4033,M,25,6,43551,435
4034,M,25,0,21113,211
4035,M,18,4,45251,452
4036,M,25,1,46530,465
4037,M,50,16,80206,802
4038,M,50,6,11510-2001,115
4039,M,25,16,97401,974
4040,M,25,20,75006,750
4041,M,18,3,48005,480
4042,M,35,15,94002,940
4043,F,25,15,94002,940
4044,F,35,3,95826,958
4045,M,56,13,40511,405
4046,M,45,17,53545,535
4047,M,18,4,30606,306
4048,F,35,1,89431,894
4049,M,45,11,33133,331
4050,M,35,6,60061,600
4051,M,18,14,01604,016
4052,M,25,2,43551,435
4053,M,25,18,36264,362
4054,M,35,3,68122,681
4055,M,50,0,98826,988
4056,M,1,10,28270,282
4057,M,35,6,18249,182
4058,M,25,6,73118,731
4059,M,25,14,80232,802
4060,M,25,18,55412,554
4061,M,50,6,32726,327
4062,M,25,7,60559,605
4063,F,35,1,29070,290
4064,M,45,0,20851,208
4065,F,45,5,48341,483
4066,M,25,0,19010,190
4067,M,45,20,91607,916
4068,M,56,3,89185,891
4069,M,35,15,19406,194
4070,M,25,15,93107,931
4071,M,25,17,33823,338
4072,M,50,6,93111,931
4073,M,25,6,70003,700
4074,M,35,6,78746,787
4075,M,25,16,47901,479
4076,M,25,17,55344,553
4077,F,35,2,22030,220
4078,M,25,15,28226,282
4079,M,35,17,26505,265
4080,M,35,1,48912,489
4081,M,18,12,19403,194
4082,M,25,20,79912,799
4083,M,56,14,92630,926
4084,M,56,13,14215,142
4085,F,25,6,79416,794
4086,F,1,10,55391,553
4087,M,1,4,63376,633
4088,M,25,3,77057,770
4089,M,25,7,79416,794
4090,M,56,6,77379,773
4091,M,25,17,55410,554
4092,F,25,0,19063,190
4093,M,25,4,70806,708
4094,M,25,17,49017,490
4095,M,25,0,10013,100
4096,M,25,15,60004,600
4097,M,25,7,63366,633
4098,M,35,7,53150,531
4099,M,35,17,94954,949
4100,M,56,6,77096,770
4101,M,18,4,23233,232
4102,M,1,10,48655,486
4103,M,18,16,11211,112
4104,M,18,16,42141,421
4105,M,50,7,34243,342
4106,M,25,16,95437,954
4107,F,25,0,23221,232
4108,M,35,17,77536,775
4109,M,35,3,97202,972
4110,F,45,7,41722,417
4111,M,25,15,32603,326
4112,M,45,18,47129,471
4113,M,35,17,58503,585
4114,M,35,14,48187,481
4115,M,25,15,99353,993
4116,M,35,7,07040,070
4117,M,18,4,43551,435
4118,M,25,3,91221,912
4119,M,50,1,39401,394
4120,M,25,16,71118,711
4121,M,45,7,08876,088
4122,M,18,19,82070,820
4123,F,25,4,46807,468
4124,M,25,18,62330-1408,623
4125,M,35,2,13676,136
4126,M,25,17,53188,531
4127,M,50,17,16803,168
4128,M,35,6,60025,600
4129,M,56,11,12144,121
4130,M,35,6,48439,484
4131,M,45,7,97720,977
4132,M,25,17,80112,801
4133,M,45,4,77009,770
4134,F,45,12,85283,852
4135,M,1,10,46321,463
4136,M,50,16,60056,600
4137,M,25,7,91941,919
4138,M,25,7,91423,914
4139,M,56,14,40207,402
4140,M,25,0,32112,321
4141,M,35,17,95014,950
4142,M,56,7,01040,010
4143,F,25,5,60441,604
4144,M,18,4,02451,024
4145,F,50,1,78681,786
4146,M,35,17,44301,443
4147,F,50,7,02889,028
4148,F,35,7,55021,550
4149,M,35,1,32792,327
4150,M,25,0,29672,296
4151,M,45,20,43201,432
4152,M,25,14,74114,741
4153,M,50,17,16801,168
4154,M,25,1,29440,294
4155,M,50,17,85712,857
4156,M,56,20,95123,951
4157,M,50,18,97321,973
4158,F,1,10,90039,900
4159,F,50,9,01450,014
4160,M,35,20,10027,100
4161,M,45,0,90404,904
4162,F,25,14,23221,232
4163,M,56,7,08901,089
4164,M,35,1,50677,506
4165,F,25,14,94114,941
4166,F,25,7,75240,752
4167,M,25,20,22032,220
4168,F,45,6,37766,377
4169,M,50,0,66048,660
4170,M,45,7,53713,537
4171,M,56,16,79705,797
4172,M,35,7,19901,199
4173,F,18,11,29063,290
4174,F,35,3,20110,201
4175,M,35,0,66204,662
4176,M,45,7,19008,190
4177,M,35,17,90680,906
4178,F,50,16,08033,080
4179,F,35,20,94949,949
4180,M,56,13,13502,135
4181,F,25,7,33177,331
4182,M,25,18,80903,809
4183,M,25,1,91730,917
4184,M,50,7,32114,321
4185,M,25,14,90274,902
4186,M,25,7,33308,333
4187,F,56,20,63026,630
4188,M,50,7,74137,741
4189,M,35,14,91364,913
4190,M,45,17,89108,891
4191,F,45,15,55446,554
4192,M,35,17,77521,775
4193,M,56,13,93907,939
4194,M,18,4,60637,606
4195,F,56,13,95050,950
4196,M,35,14,14221,142
4197,F,45,1,18042,180
4198,M,18,4,80631,806
4199,F,25,9,32712,327
4200,M,45,7,10543,105
4201,F,25,0,65550,655
4202,M,25,7,21234,212
4203,M,25,18,58270,582
4204,M,35,7,06905,069
4205,F,25,15,87801,878
4206,F,35,1,22947,229
4207,M,35,1,90731,907
4208,F,35,0,90403,904
4209,M,56,0,37363,373
4210,M,25,17,85710,857
4211,M,45,5,77662,776
4212,M,56,18,56716,567
4213,M,35,7,63125,631
4214,F,25,0,20121,201
4215,M,25,7,77006,770
4216,M,25,17,01752,017
4217,M,18,4,18042,180
4218,M,50,17,23233,232
4219,M,35,17,95125,951
4220,M,35,0,97225,972
4221,M,35,4,53818,538
4222,F,45,17,55976,559
4223,F,35,17,60148,601
4224,F,45,1,48198,481
4225,F,25,3,48197,481
4226,F,35,6,76021,760
4227,M,25,19,11414-2520,114
4228,M,50,18,20706,207
4229,M,35,17,94010,940
4230,M,56,13,34235,342
4231,F,50,18,20706,207
4232,F,35,20,75287,752
4233,M,35,4,37917,379
4234,F,45,3,48130,481
4235,M,50,2,90029,900
4236,F,25,3,07960,079
4237,M,25,14,77450,774
4238,M,35,16,44691,446
4239,M,50,7,52402,524
4240,M,35,17,55330,553
4241,M,35,7,11767,117
4242,M,50,7,78704,787
4243,M,56,7,32137,321
4244,M,35,17,48146,481
4245,M,50,12,44286,442
4246,F,35,7,48034,480
4247,M,25,4,82601,826
4248,M,25,4,26508,265
4249,F,18,17,65203,652
4250,F,50,0,33313,333
4251,M,45,7,60139,601
4252,F,35,3,28262,282
4253,M,45,11,03301,033
4254,M,25,17,38654,386
4255,M,50,12,13041,130
4256,F,1,2,78945,789
4257,M,50,16,38122,381
4258,M,25,17,19711,197
4259,M,35,17,45380,453
4260,M,25,16,59079,590
4261,F,35,6,07950,079
4262,F,35,6,06512,065
4263,M,25,7,40205,402
4264,M,45,1,60102,601
4265,M,25,12,03060,030
4266,M,56,13,78681,786
4267,M,35,7,02171,021
4268,F,45,20,04046,040
4269,M,35,18,27603,276
4270,M,45,7,13211,132
4271,M,35,7,83405,834
4272,M,45,17,37923,379
4273,M,45,13,30030,300
4274,F,45,1,04258,042
4275,F,45,16,14468,144
4276,F,45,0,96821,968
4277,M,35,16,98133,981
4278,F,45,7,09094,090
4279,M,25,16,43215,432
4280,M,35,17,27587,275
4281,M,56,13,92120,921
4282,M,35,0,15801,158
4283,F,25,9,98632,986
4284,M,50,7,40601,406
4285,M,35,0,62704,627
4286,M,35,17,11554,115
4287,M,25,7,35244,352
4288,F,25,9,46580,465
4289,M,35,14,32068,320
4290,M,25,17,98661,986
4291,M,35,14,98125,981
4292,M,25,0,98178,981
4293,F,45,9,55391,553
4294,M,1,10,75633,756
4295,M,18,18,90605,906
4296,M,56,6,33030,330
4297,M,45,15,55391,553
4298,F,18,14,85705,857
4299,F,25,2,43617,436
4300,F,18,4,98125,981
4301,M,35,11,38135,381
4302,M,50,1,45385,453
4303,M,25,2,91910,919
4304,M,18,0,46250,462
4305,F,45,17,27616,276
4306,M,45,7,67301,673
4307,M,25,0,94122,941
4308,M,25,0,33702,337
4309,M,25,0,36301,363
4310,M,25,4,57006,570
4311,M,50,13,68502,685
4312,M,25,18,78757,787
4313,F,25,7,07067,070
4314,M,25,17,79925,799
4315,M,18,4,44266,442
4316,M,25,6,75080,750
4317,F,35,14,60202,602
4318,M,25,5,02891,028
4319,M,35,7,44125,441
4320,M,25,5,89114,891
4321,M,45,7,80525,805
4322,F,50,6,75605,756
4323,M,18,4,82072,820
4324,M,25,5,60010,600
4325,M,25,0,30082,300
4326,F,45,13,94931,949
4327,M,35,17,37221,372
4328,M,50,3,75650,756
4329,F,25,14,78232,782
4330,F,45,6,85719,857
4331,M,35,6,45011,450
4332,F,25,3,60606,606
4333,M,50,2,33134,331
4334,M,25,1,70458,704
4335,M,35,0,74011,740
4336,F,25,0,40241,402
4337,M,18,20,76135,761
4338,F,18,5,46222,462
4339,M,25,2,78748,787
4340,F,25,17,76021,760
4341,M,35,17,33433,334
4342,M,25,0,66614,666
4343,M,25,12,75007,750
4344,M,25,1,44240,442
4345,F,25,14,44304,443
4346,M,18,17,45701,457
4347,F,18,20,77304,773
4348,M,45,0,30189,301
4349,M,18,2,95843,958
4350,M,18,2,29118,291
4351,M,25,12,37919,379
4352,M,18,4,11010,110
4353,M,25,7,11215,112
4354,M,35,14,78611,786
4355,M,50,14,08028,080
4356,M,35,16,85730,857
4357,F,35,9,83616,836
4358,M,35,17,04457,044
4359,M,18,4,33168,331
4360,F,25,9,98001,980
4361,M,35,15,83616,836
4362,M,25,17,85016,850
4363,M,35,14,91602,916
4364,M,25,18,98001,980
4365,F,50,16,46350,463
4366,M,18,15,02215,022
4367,M,35,0,52057,520
4368,M,18,17,22043,220
4369,M,50,7,30306,303
4370,M,25,16,07701,077
4371,F,18,4,63109,631
4372,M,35,17,75010,750
4373,M,50,12,32920,329
4374,M,18,4,43201,432
4375,F,25,5,40241,402
4376,F,25,5,27203,272
4377,M,25,0,32444,324
4378,M,18,17,06040,060
4379,M,25,4,27278,272
4380,F,25,1,37153,371
4381,M,25,4,65804,658
4382,M,25,18,14620,146
4383,F,18,4,93940,939
4384,M,25,0,43623,436
4385,M,25,4,93940,939
4386,M,25,5,74055,740
4387,F,18,4,63109,631
4388,M,45,3,75074,750
4389,M,25,4,48072,480
4390,M,25,0,11201,112
4391,F,18,4,43402,434
4392,M,18,4,43402,434
4393,M,18,4,43402,434
4394,M,25,4,43402,434
4395,M,50,6,43402,434
4396,M,18,1,44221,442
4397,M,18,4,43402,434
4398,F,18,4,43612,436
4399,F,18,4,43403,434
4400,F,18,4,43402,434
4401,M,18,4,10027,100
4402,F,18,14,43614,436
4403,M,25,15,90066,900
4404,M,25,1,57106,571
4405,M,25,14,98103,981
4406,M,25,16,80013,800
4407,M,18,4,02143,021
4408,F,45,2,19033,190
4409,M,25,14,65023,650
4410,M,18,19,40475,404
4411,M,18,4,92122,921
4412,M,18,4,16802,168
4413,M,1,13,37130,371
4414,M,25,4,40504,405
4415,M,18,0,02215,022
4416,M,18,4,02134,021
4417,M,25,15,02135,021
4418,F,50,0,02139,021
4419,F,45,12,15801,158
4420,M,25,15,92557,925
4421,M,45,0,90024,900
4422,M,25,5,10463,104
4423,M,18,4,52241,522
4424,M,25,7,94109,941
4425,M,35,7,98607,986
4426,M,45,17,93401,934
4427,M,18,0,51104,511
4428,M,25,14,46940,469
4429,M,25,5,85705,857
4430,F,25,0,94403,944
4431,M,1,14,80401,804
4432,M,25,12,21045,210
4433,M,25,0,43081,430
4434,F,35,7,60201,602
4435,M,25,7,76904,769
4436,M,25,12,19067,190
4437,F,35,5,47129,471
4438,M,50,0,11947,119
4439,M,35,6,37664,376
4440,M,35,1,81005,810
4441,M,18,4,98105,981
4442,M,50,15,94303,943
4443,M,56,2,91321,913
4444,F,25,12,80126,801
4445,M,25,3,19806,198
4446,M,18,18,60435,604
4447,M,45,5,32953,329
4448,M,25,14,06880,068
4449,M,25,12,27513,275
4450,M,25,15,60611,606
4451,M,25,14,30101,301
4452,F,25,7,78666,786
4453,M,35,0,95667,956
4454,M,25,20,111225,111
4455,M,35,7,27511,275
4456,F,35,2,49770,497
4457,M,35,14,95492,954
4458,F,25,4,15701-2017,157
4459,M,25,1,28027,280
4460,M,25,14,70005,700
4461,M,25,20,81101,811
4462,F,25,0,60156,601
4463,M,50,7,07405,074
4464,F,50,1,62052,620
4465,M,18,4,02148,021
4466,M,35,11,10022,100
4467,F,50,6,15333,153
4468,F,35,7,75601,756
4469,F,45,12,92037,920
4470,M,35,12,15089,150
4471,M,25,6,94108,941
4472,F,45,16,14424,144
4473,M,35,1,94121,941
4474,M,35,7,28805,288
4475,M,18,4,10020,100
4476,M,45,1,50588,505
4477,M,25,7,98908,989
4478,M,1,12,02138,021
4479,M,50,13,33015,330
4480,M,25,0,94403,944
4481,M,25,18,26104,261
4482,F,35,1,94044,940
4483,F,25,6,72703,727
4484,F,25,17,94613,946
4485,M,25,4,64112,641
4486,M,35,8,98674,986
4487,M,25,7,01850,018
4488,M,35,7,72703,727
4489,M,18,4,78613,786
4490,M,35,5,70123,701
4491,M,18,4,52405,524
4492,M,56,13,45322-3132,453
4493,F,1,10,10025,100
4494,M,45,0,33460,334
4495,M,18,4,22906,229
4496,M,45,2,06513,065
4497,M,50,0,29678,296
4498,M,50,7,76054,760
4499,M,25,6,62702,627
4500,M,50,7,76054,760
4501,M,25,17,94118,941
4502,M,50,0,01379,013
4503,M,56,1,85374,853
4504,F,25,0,65775,657
4505,M,50,7,39648,396
4506,M,50,16,29464,294
4507,M,18,4,61820,618
4508,M,25,20,15701,157
4509,M,25,7,38261,382
4510,M,45,7,92503,925
4511,M,35,7,62234,622
4512,M,25,1,16508,165
4513,M,56,0,61704,617
4514,M,18,3,48604,486
4515,M,56,13,29449,294
4516,M,18,4,53142,531
4517,F,18,1,48067,480
4518,M,25,0,80903,809
4519,M,50,7,38135,381
4520,M,25,4,45810,458
4521,M,35,12,15202,152
4522,M,45,1,81004,810
4523,M,18,2,55304,553
4524,M,25,2,55113,551
4525,M,25,14,10021,100
4526,M,25,20,10012,100
4527,M,18,0,38111,381
4528,M,25,14,27605,276
4529,M,35,6,84102,841
4530,F,35,1,92103,921
4531,M,18,4,85701,857
4532,M,25,7,10025,100
4533,M,25,12,53045,530
4534,M,18,4,72202,722
4535,M,18,19,17517,175
4536,M,18,12,53715,537
4537,F,45,1,01379,013
4538,M,25,12,0956456,095
4539,M,35,19,01054,010
4540,F,25,14,94301,943
4541,M,1,10,55427,554
4542,M,35,0,94610,946
4543,M,25,2,11105,111
4544,M,56,1,53705,537
4545,M,25,16,47274,472
4546,M,25,7,49686,496
4547,M,18,12,02115,021
4548,M,18,2,27514,275
4549,F,1,10,99016,990
4550,M,18,16,24541,245
4551,M,18,12,60622,606
4552,M,25,0,22306,223
4553,F,35,16,48237,482
4554,F,25,9,48306,483
4555,F,18,9,73008,730
4556,M,45,16,55011,550
4557,M,25,14,02134,021
4558,M,35,14,48217,482
4559,M,25,7,05346,053
4560,M,25,0,69301,693
4561,F,25,9,84037,840
4562,M,35,10,94133,941
4563,F,25,6,22903,229
4564,M,35,12,19107,191
4565,M,35,14,94085,940
4566,M,35,17,19473,194
4567,M,18,4,98105,981
4568,F,25,4,90034,900
4569,M,25,0,21532,215
4570,M,45,17,60185,601
4571,M,35,7,21013,210
4572,F,1,10,17036,170
4573,M,50,16,11963,119
4574,M,25,4,60614,606
4575,F,1,10,03608,036
4576,F,25,7,48237,482
4577,M,35,7,48306,483
4578,M,25,0,02134,021
4579,F,18,4,63332,633
4580,F,56,13,97113,971
4581,M,25,1,19103,191
4582,F,25,0,55408,554
4583,M,50,1,48371,483
4584,F,45,0,11372,113
4585,M,35,7,30324,303
4586,M,25,4,01604,016
4587,M,35,14,07920,079
4588,F,25,4,48042,480
4589,M,25,17,02139,021
4590,F,18,20,55104,551
4591,M,25,15,02143,021
4592,M,18,4,66044,660
4593,F,45,1,43202,432
4594,M,35,16,55303,553
4595,M,25,18,97034,970
4596,F,18,4,94611,946
4597,F,25,4,22207,222
4598,F,35,3,48237,482
4599,F,35,0,04287,042
4600,M,25,0,46240,462
4601,M,35,14,55415,554
4602,M,35,7,10021,100
4603,F,35,2,33619,336
4604,M,25,15,10461,104
4605,M,25,15,92656,926
4606,F,1,10,90291,902
4607,M,25,0,27403,274
4608,F,25,0,02144,021
4609,F,25,4,53951,539
4610,F,25,4,53951,539
4611,F,18,4,78705,787
4612,F,18,4,94702,947
4613,M,25,12,41042,410
4614,F,45,1,10469,104
4615,M,25,17,61615,616
4616,M,25,20,11717,117
4617,F,25,6,55433,554
4618,M,25,14,97202,972
4619,F,25,1,97225,972
4620,F,18,17,94606,946
4621,M,25,4,94305,943
4622,M,25,12,55433,554
4623,M,25,16,22207,222
4624,M,25,12,84062,840
4625,M,25,7,92691,926
4626,M,25,14,97219,972
4627,M,56,1,45224,452
4628,F,56,6,23225,232
4629,F,18,4,94309,943
4630,F,25,4,94610,946
4631,M,18,4,94111,941
4632,M,25,0,98040,980
4633,M,1,0,48302,483
4634,M,50,20,98119,981
4635,M,18,4,94703,947
4636,M,18,2,10010,100
4637,F,35,9,48302,483
4638,M,25,4,55417,554
4639,M,35,11,20895,208
4640,M,25,4,55417,554
4641,M,25,7,20016,200
4642,M,25,0,44691,446
4643,M,25,0,98115,981
4644,M,50,1,19481,194
4645,F,50,6,48094,480
4646,F,25,6,90405,904
4647,M,35,20,80222,802
4648,M,18,4,73071,730
4649,M,56,13,10025,100
4650,M,25,7,30041,300
4651,F,45,0,10036,100
4652,F,25,7,94115,941
4653,M,35,12,95051,950
4654,M,35,20,94574,945
4655,F,25,1,92037,920
4656,M,25,17,94041,940
4657,M,45,14,55416,554
4658,M,25,4,99163,991
4659,F,25,14,37076,370
4660,F,18,4,06074,060
4661,M,45,15,85255,852
4662,F,18,4,84109,841
4663,M,25,4,92037,920
4664,F,45,7,77006,770
4665,M,35,2,03431,034
4666,M,35,1,53704,537
4667,M,25,14,94117,941
4668,M,35,14,74012,740
4669,M,35,7,19004,190
4670,M,35,5,91343,913
4671,M,25,12,94043,940
4672,M,56,13,94306,943
4673,M,35,16,94705,947
4674,F,35,7,08318,083
4675,F,18,4,27514,275
4676,M,45,14,46038,460
4677,M,50,6,05055,050
4678,M,35,2,90292,902
4679,M,56,13,76051,760
4680,M,35,0,04473,044
4681,F,35,15,06119,061
4682,M,25,7,05346,053
4683,M,25,0,22101,221
4684,F,25,0,04473,044
4685,M,35,1,55454,554
4686,M,18,1,50201,502
4687,M,35,14,01746,017
4688,M,25,9,44310,443
4689,M,18,12,02215,022
4690,F,1,10,79605,796
4691,F,45,17,55419,554
4692,F,25,7,78703,787
4693,M,18,1,60626,606
4694,M,56,7,40505,405
4695,M,18,18,56002,560
4696,M,18,12,10027,100
4697,M,18,10,79605,796
4698,F,25,6,55417,554
4699,F,18,0,91765,917
4700,F,18,4,48109,481
4701,M,45,17,18036,180
4702,M,25,11,13031,130
4703,M,25,7,02035,020
4704,M,18,20,02601,026
4705,F,18,0,75115,751
4706,M,25,14,68502,685
4707,M,1,0,92804,928
4708,M,25,0,60647,606
4709,M,45,0,06804,068
4710,F,35,16,24450,244
4711,M,25,17,32250,322
4712,M,35,17,03824,038
4713,M,25,17,90245,902
4714,M,50,1,55405,554
4715,M,25,2,97205,972
4716,F,25,16,02465,024
4717,M,45,17,48310,483
4718,M,35,7,03885,038
4719,F,35,9,02816,028
4720,M,25,2,90035,900
4721,M,35,11,95405,954
4722,M,35,12,55122,551
4723,M,35,7,90014-1718,900
4724,F,56,6,01852,018
4725,M,35,5,96707-1321,967
4726,F,35,16,95828,958
4727,F,56,0,98801,988
4728,M,25,19,31401,314
4729,M,50,16,55347,553
4730,M,50,11,04102,041
4731,M,25,17,98033,980
4732,M,25,14,24450,244
4733,M,18,18,52301,523
4734,M,50,1,93105,931
4735,M,45,3,50312,503
4736,M,18,20,91505,915
4737,M,35,16,19003,190
4738,M,56,1,23608,236
4739,M,25,3,32580,325
4740,F,25,3,38134,381
4741,M,35,7,15203,152
4742,M,25,3,94118,941
4743,M,56,13,63122,631
4744,M,50,15,12740,127
4745,F,18,4,06268,062
4746,M,50,1,19087-3622,190
4747,M,18,4,26201,262
4748,M,45,16,60302,603
4749,M,45,0,23462,234
4750,F,25,0,91107,911
4751,M,50,15,02474,024
4752,F,18,4,94121,941
4753,M,56,1,03825,038
4754,F,18,0,91107,911
4755,F,56,7,93060,930
4756,M,56,16,55901,559
4757,M,35,17,23451,234
4758,F,56,13,03261,032
4759,F,50,0,04259,042
4760,M,35,17,06110,061
4761,M,18,15,21042,210
4762,F,25,14,94110,941
4763,M,56,11,04259,042
4764,M,1,10,03608,036
4765,F,35,16,03301,033
4766,M,35,16,10014,100
4767,F,35,9,03769,037
4768,M,25,4,22030,220
4769,M,25,1,02571,025
4770,F,35,7,10012,100
4771,F,25,4,04101,041
4772,M,56,17,03801,038
4773,M,45,1,22314,223
4774,M,45,14,07458,074
4775,M,25,17,23462,234
4776,F,25,3,46227,462
4777,M,25,2,46142,461
4778,M,25,0,46227,462
4779,M,45,3,04011,040
4780,M,25,12,94114,941
4781,F,50,6,04086,040
4782,M,45,1,78212,782
4783,M,25,0,60618,606
4784,F,35,6,48105,481
4785,F,25,14,55104,551
4786,M,45,6,22630,226
4787,M,1,11,94610,946
4788,M,35,7,85331,853
4789,M,35,2,55104,551
4790,F,25,2,94133,941
4791,M,18,4,55116,551
4792,F,50,7,94123,941
4793,F,25,6,48108,481
4794,F,35,0,46142,461
4795,M,45,16,10962,109
4796,M,35,7,98103,981
4797,F,35,17,84067,840
4798,M,25,1,19335,193
4799,F,18,4,02809,028
4800,M,18,4,80521,805
4801,M,25,4,30349,303
4802,M,56,1,40601,406
4803,F,25,16,45750,457
4804,F,35,1,44107,441
4805,M,35,1,45750,457
4806,M,25,17,90031,900
4807,M,1,2,04101,041
4808,M,35,0,96707-1321,967
4809,F,50,4,20902,209
4810,M,18,12,80526,805
4811,M,35,1,01773,017
4812,M,18,14,25301,253
4813,F,35,9,46077,460
4814,M,18,14,80526,805
4815,F,50,18,04849,048
4816,F,45,6,04240,042
4817,M,25,1,20912,209
4818,F,25,17,91007,910
4819,M,35,18,17350,173
4820,M,50,11,04210,042
4821,M,18,19,75080,750
4822,F,35,0,01545,015
4823,M,18,4,46219,462
4824,M,25,7,55411,554
4825,M,25,17,94602,946
4826,M,45,12,55436,554
4827,M,35,0,13045,130
4828,F,18,20,60194,601
4829,M,25,0,20008,200
4830,M,1,10,55317,553
4831,F,25,1,04210,042
4832,M,25,14,17857,178
4833,M,35,16,81321,813
4834,F,45,9,03862,038
4835,M,25,20,14450,144
4836,F,45,16,04074,040
4837,M,25,5,46254,462
4838,M,45,1,48309,483
4839,F,50,6,95014,950
4840,F,45,6,63135,631
4841,M,25,12,94114,941
4842,F,35,1,23062,230
4843,M,56,1,04032,040
4844,M,45,7,03840,038
4845,F,25,1,55413,554
4846,F,25,2,90066,900
4847,M,25,12,94131,941
4848,F,35,6,54971,549
4849,F,18,4,44515,445
4850,F,45,3,44555,445
4851,M,18,17,44406,444
4852,M,35,0,42025,420
4853,M,25,7,55346,553
4854,F,50,13,03851,038
4855,M,25,12,90034,900
4856,M,25,7,94110,941
4857,M,25,14,23434,234
4858,M,25,1,04086,040
4859,F,18,14,50401,504
4860,M,25,2,60640,606
4861,M,25,4,04309,043
4862,M,25,0,94086,940
4863,F,25,9,84037,840
4864,M,18,20,63132,631
4865,F,35,14,02130,021
4866,M,56,12,04085,040
4867,M,25,16,04101,041
4868,M,35,17,03820,038
4869,F,45,6,04578,045
4870,F,35,3,04108,041
4871,M,18,12,04096,040
4872,M,45,1,03909,039
4873,M,56,11,13760,137
4874,F,25,4,70808,708
4875,M,35,0,97403,974
4876,F,35,17,98201,982
4877,M,25,4,94703,947
4878,M,50,4,94070,940
4879,M,25,3,60626,606
4880,F,45,9,95030,950
4881,M,45,16,55406,554
4882,M,45,11,03301,033
4883,F,1,10,02906,029
4884,M,35,14,90266,902
4885,M,56,1,23513,235
4886,F,35,17,92509,925
4887,M,18,2,19072,190
4888,F,56,0,08055,080
4889,M,18,4,63108,631
4890,F,25,1,79928,799
4891,M,35,17,94132,941
4892,M,25,12,55405,554
4893,M,25,17,48092,480
4894,M,35,7,14607,146
4895,F,25,3,52001,520
4896,M,35,6,84103,841
4897,M,35,16,16844,168
4898,M,25,1,27713,277
4899,M,25,12,94402,944
4900,M,25,20,33626,336
4901,M,25,7,11228,112
4902,M,35,14,84057,840
4903,M,35,12,95952,959
4904,M,50,15,63121,631
4905,F,45,1,60417,604
4906,M,50,17,49506,495
4907,F,50,7,55082,550
4908,M,35,15,85282,852
4909,F,35,12,94014,940
4910,M,18,12,84041,840
4911,F,25,0,55421,554
4912,F,50,20,98115,981
4913,F,25,1,970025,970
4914,F,25,1,02453,024
4915,M,25,12,91423,914
4916,M,18,20,85054,850
4917,M,45,0,27312,273
4918,F,18,12,84107,841
4919,M,18,0,84058,840
4920,M,35,1,02144,021
4921,F,25,15,92507,925
4922,M,18,17,98121,981
4923,M,45,18,99826,998
4924,F,35,0,99801,998
4925,F,35,6,55401,554
4926,M,1,10,55616,556
4927,M,45,0,97520,975
4928,F,25,3,92103,921
4929,M,45,1,63105,631
4930,M,50,17,63033,630
4931,M,50,17,90031,900
4932,M,25,7,63303,633
4933,M,25,15,94040,940
4934,F,25,0,55108,551
4935,M,35,17,62958,629
4936,F,18,4,63144,631
4937,M,35,0,02108,021
4938,F,18,4,55406,554
4939,M,25,7,63105,631
4940,F,50,11,94102,941
4941,M,56,20,44281,442
4942,M,45,12,40515,405
4943,F,50,0,55401,554
4944,M,50,17,14568,145
4945,M,50,0,62234,622
4946,F,35,1,91106,911
4947,M,35,17,90035,900
4948,M,45,2,94618,946
4949,M,18,4,55104,551
4950,M,25,16,55421,554
4951,F,35,17,90291,902
4952,F,25,14,48067,480
4953,M,35,12,55082,550
4954,M,45,0,92679,926
4955,M,56,13,55804,558
4956,M,35,15,77007,770
4957,M,25,2,48197,481
4958,M,18,7,55403,554
4959,M,25,17,23454,234
4960,M,56,1,55116,551
4961,M,25,7,46220,462
4962,M,25,6,55439,554
4963,M,45,17,94931,949
4964,M,35,0,94110,941
4965,M,1,10,63123-1507,631
4966,M,50,14,55407,554
4967,M,18,4,94708,947
4968,F,50,20,95404,954
4969,M,18,19,94111,941
4970,F,25,12,94526,945
4971,M,35,7,94086,940
4972,M,35,0,95118,951
4973,F,56,2,949702,949
4974,M,35,20,94131,941
4975,M,35,0,90065,900
4976,M,25,11,65775,657
4977,M,25,4,92507,925
4978,M,35,14,68108,681
4979,M,35,2,55423,554
4980,M,25,1,55403,554
4981,M,50,1,55406,554
4982,M,25,12,63043,630
4983,F,45,16,55116,551
4984,M,35,0,55405,554
4985,M,35,0,29063,290
4986,M,18,12,55401,554
4987,F,56,8,90210,902
4988,M,25,17,55105,551
4989,M,25,0,55121,551
4990,F,25,4,55407,554
4991,F,56,14,91791,917
4992,F,25,2,55106,551
4993,M,45,17,54022,540
4994,M,45,17,56001,560
4995,M,50,20,55419,554
4996,M,35,7,94550,945
4997,M,1,10,90210,902
4998,F,18,4,48433,484
4999,F,56,13,92407,924
5000,M,25,4,46254,462
5001,F,25,2,63119,631
5002,M,25,17,90505,905
5003,M,35,12,49508,495
5004,F,56,1,90402,904
5005,M,45,16,92807,928
5006,M,35,3,48827,488
5007,F,18,4,91030,910
5008,M,25,20,60615,606
5009,F,45,16,65441,654
5010,M,45,15,63119,631
5011,M,18,4,64154,641
5012,M,50,15,48103,481
5013,M,18,4,26241,262
5014,M,45,0,92626,926
5015,M,35,6,92672,926
5016,F,35,1,89447,894
5017,M,35,12,91104,911
5018,F,56,12,90290,902
5019,M,25,7,10025,100
5020,F,56,13,90241,902
5021,M,50,6,90504,905
5022,M,35,7,91001,910
5023,M,35,20,91505,915
5024,F,45,1,14618,146
5025,M,25,20,60615,606
5026,M,25,17,92584,925
5027,F,25,14,05345,053
5028,M,25,12,92404,924
5029,M,25,4,70115,701
5030,M,18,1,70006,700
5031,F,25,4,89431,894
5032,M,18,17,02139,021
5033,F,56,13,60506,605
5034,F,25,15,62901,629
5035,F,25,17,19810,198
5036,M,35,7,14850,148
5037,M,35,12,11375,113
5038,M,25,20,10010,100
5039,F,35,4,97068,970
5040,M,45,12,44312,443
5041,F,45,6,60031,600
5042,F,18,2,55408,554
5043,F,18,6,92145,921
5044,F,35,6,23507,235
5045,M,35,0,43081,430
5046,M,25,16,60614,606
5047,M,45,6,23452,234
5048,F,35,7,30350,303
5049,M,25,12,60613,606
5050,F,18,4,11024,110
5051,F,50,7,11771,117
5052,M,35,16,02536,025
5053,M,25,4,84111,841
5054,M,35,2,20818,208
5055,F,35,16,97330,973
5056,M,45,1,16673,166
5057,M,50,7,84093,840
5058,M,56,17,84121,841
5059,M,45,16,22652,226
5060,M,45,17,84109-2001,841
5061,F,18,19,05070,050
5062,M,50,16,65401,654
5063,F,1,10,22801,228
5064,M,18,4,43215,432
5065,M,25,14,28715,287
5066,F,25,1,23603,236
5067,M,56,13,97520,975
5068,M,35,7,19004,190
5069,F,56,0,95062,950
5070,M,25,2,55344,553
5071,F,25,7,75093,750
5072,M,45,17,97330,973
5073,M,56,2,93950,939
5074,M,1,0,20132,201
5075,M,50,6,97470,974
5076,M,25,3,19147,191
5077,M,25,2,20037,200
5078,M,45,7,19067,190
5079,M,25,4,70003,700
5080,F,50,12,95472,954
5081,F,18,4,19102,191
5082,M,35,1,23185,231
5083,M,25,4,16803,168
5084,M,18,4,10013,100
5085,M,56,17,75225,752
5086,M,25,1,23462,234
5087,F,25,6,19102,191
5088,M,25,17,38111,381
5089,F,35,16,77027,770
5090,F,35,19,75069,750
5091,M,25,17,19810,198
5092,M,56,14,18954,189
5093,M,50,7,19047,190
5094,M,18,10,67206,672
5095,F,35,1,23508,235
5096,M,25,11,75206,752
5097,M,56,16,19131,191
5098,M,50,7,19380,193
5099,M,18,0,02780,027
5100,M,50,6,193122042,193
5101,M,25,0,90069,900
5102,M,25,12,90240,902
5103,F,35,16,78222,782
5104,M,35,20,19108,191
5105,M,50,7,18977,189
5106,F,35,1,19348,193
5107,F,45,0,08081,080
5108,F,25,9,93940,939
5109,F,45,6,19802,198
5110,M,35,15,78250,782
5111,M,35,2,78006,780
5112,M,35,13,89128,891
5113,M,25,0,55408,554
5114,F,1,10,22932,229
5115,M,56,12,02143,021
5116,M,35,6,95521,955
5117,F,25,0,70118,701
5118,M,1,10,95123,951
5119,F,25,0,10011,100
5120,M,50,7,80302,803
5121,M,25,7,91608,916
5122,M,25,0,20009,200
5123,M,50,12,34761,347
5124,M,35,2,20818,208
5125,M,45,0,10016,100
5126,M,25,11,02453,024
5127,M,45,5,98502,985
5128,M,50,7,94709,947
5129,M,45,17,40515,405
5130,F,50,1,33149,331
5131,F,25,1,77707,777
5132,M,35,7,77565,775
5133,M,18,11,10028,100
5134,M,25,17,95014,950
5135,M,35,7,64055,640
5136,M,25,12,91106,911
5137,M,18,18,65265,652
5138,M,25,17,35205,352
5139,M,50,16,12866,128
5140,M,25,6,35205,352
5141,M,18,17,55423,554
5142,M,25,1,92101,921
5143,M,18,4,44502,445
5144,F,50,0,66762,667
5145,M,35,7,77565-2332,775
5146,M,56,1,04240,042
5147,M,18,0,48314,483
5148,M,25,20,98101,981
5149,M,35,1,10012,100
5150,M,25,3,98034,980
5151,M,18,19,30662,306
5152,F,25,4,44406,444
5153,M,25,7,60046,600
5154,M,25,16,20007,200
5155,M,25,16,33301,333
5156,M,18,14,10024,100
5157,M,35,1,74012,740
5158,F,18,4,44509,445
5159,M,35,7,37027,370
5160,F,18,4,90066,900
5161,M,25,4,30052,300
5162,M,25,17,94043,940
5163,M,45,6,53216,532
5164,F,35,17,91107,911
5165,M,35,6,91103,911
5166,M,50,6,42420,424
5167,M,18,15,06114,061
5168,M,35,7,01720,017
5169,F,50,4,53562,535
5170,M,18,4,63141,631
5171,M,56,17,92009,920
5172,F,35,11,05602,056
5173,M,1,10,60423,604
5174,M,45,1,45208,452
5175,F,35,9,33445,334
5176,M,1,10,60423,604
5177,M,45,14,30005,300
5178,M,50,0,45420,454
5179,M,25,12,94110,941
5180,M,35,11,85044,850
5181,M,25,7,19003,190
5182,F,35,7,55441,554
5183,F,18,20,45202,452
5184,M,18,20,67212,672
5185,F,35,4,44485,444
5186,M,35,12,96555,965
5187,M,18,16,06510,065
5188,F,35,9,44406,444
5189,F,45,7,80304,803
5190,F,35,0,85024,850
5191,F,25,4,55455,554
5192,M,25,7,80303,803
5193,M,35,12,14619,146
5194,M,25,7,55409,554
5195,M,35,7,80304,803
5196,M,56,7,20814,208
5197,F,56,3,75001,750
5198,F,18,4,55118,551
5199,F,25,1,35243,352
5200,F,35,15,43065,430
5201,M,50,7,95376,953
5202,M,18,4,02871,028
5203,F,45,6,01545,015
5204,M,50,13,56342,563
5205,M,25,1,02908,029
5206,M,35,7,91302,913
5207,M,25,0,98102,981
5208,M,25,4,55455,554
5209,M,50,1,46077,460
5210,F,35,17,60618,606
5211,M,25,1,40214,402
5212,M,18,2,90025,900
5213,M,18,0,31211,312
5214,F,35,9,07452,074
5215,F,56,6,91941,919
5216,M,18,2,81291,812
5217,M,25,17,01060,010
5218,M,18,0,89129,891
5219,M,18,4,94706,947
5220,M,25,7,91436,914
5221,F,56,1,96734,967
5222,M,25,12,94501,945
5223,M,56,10,11361,113
5224,M,35,1,10016,100
5225,M,18,4,55120,551
5226,M,35,0,98122,981
5227,M,18,10,64050,640
5228,M,1,0,75070,750
5229,M,25,0,60173,601
5230,M,25,12,91104,911
5231,M,35,7,92506,925
5232,M,25,4,14607,146
5233,M,25,5,97213,972
5234,F,25,0,60657,606
5235,M,25,4,14607,146
5236,M,25,14,46268,462
5237,M,25,7,55441,554
5238,F,50,16,07462,074
5239,M,35,7,07043,070
5240,F,25,0,94104,941
5241,F,25,4,02138,021
5242,M,25,1,14608,146
5243,M,1,10,54220,542
5244,M,18,4,01095,010
5245,F,45,1,27615,276
5246,F,18,0,64030,640
5247,F,1,10,01915,019
5248,F,45,14,22206,222
5249,F,45,14,75006,750
5250,M,50,6,01545,015
5251,F,25,17,97330,973
5252,M,25,20,60622,606
5253,F,56,13,02838,028
5254,M,18,4,32606,326
5255,M,1,10,55305,553
5256,M,25,16,30269,302
5257,F,25,2,10019,100
5258,M,35,4,58369,583
5259,M,25,6,94404,944
5260,M,35,7,78705,787
5261,M,35,12,10025,100
5262,F,25,14,46220,462
5263,M,35,7,40601,406
5264,M,18,4,15217,152
5265,M,45,1,97405,974
5266,M,35,1,42718,427
5267,M,35,7,20191,201
5268,F,25,2,68502,685
5269,M,18,0,37211,372
5270,M,25,12,87571,875
5271,F,25,0,94110,941
5272,M,25,7,90210,902
5273,M,56,20,91030,910
5274,M,25,0,60611,606
5275,M,25,17,60611,606
5276,F,25,4,91740,917
5277,M,25,20,91740,917
5278,F,25,7,55122,551
5279,F,25,14,55418,554
5280,M,18,4,12604,126
5281,M,25,2,90210,902
5282,F,18,4,63146,631
5283,M,18,2,63138,631
5284,M,25,16,55426,554
5285,M,18,4,55410,554
5286,M,45,16,97068,970
5287,M,25,8,85203,852
5288,M,56,13,94114,941
5289,M,45,2,94102,941
5290,F,18,4,60613,606
5291,M,45,1,44406,444
5292,M,25,0,97401,974
5293,M,25,12,95030,950
5294,M,25,2,60626,606
5295,M,35,7,55124,551
5296,F,1,0,27245,272
5297,M,25,12,19067,190
5298,M,35,17,55126,551
5299,M,25,2,43202,432
5300,M,25,20,94111,941
5301,M,25,17,00693,006
5302,F,1,10,02332,023
5303,F,56,6,45504,455
5304,F,35,9,55410,554
5305,F,18,4,95602,956
5306,F,25,17,92121,921
5307,M,25,5,85281,852
5308,M,56,7,27410,274
5309,M,25,0,02478,024
5310,F,56,1,60605,606
5311,M,50,0,62025-8000,620
5312,M,25,1,10463,104
5313,M,56,0,55406,554
5314,F,25,0,94107,941
5315,M,25,12,22903,229
5316,M,18,4,55104,551
5317,F,25,0,02138,021
5318,M,18,17,98122,981
5319,M,18,17,94941,949
5320,F,18,5,43201,432
5321,M,25,4,02457,024
5322,M,35,17,97330,973
5323,M,25,20,94122,941
5324,M,25,7,02150,021
5325,F,50,7,86001,860
5326,M,25,2,55408,554
5327,M,25,7,55408,554
5328,F,25,4,91740,917
5329,F,25,5,91773,917
5330,F,25,0,19143,191
5331,M,35,14,06880,068
5332,M,18,4,30332,303
5333,F,25,7,02332,023
5334,F,56,13,46140,461
5335,M,25,14,75093,750
5336,M,56,7,75041,750
5337,F,35,3,02725-1010,027
5338,M,25,17,27609,276
5339,M,18,17,60193,601
5340,F,50,3,95032,950
5341,F,25,3,85018,850
5342,F,35,7,22039,220
5343,F,25,9,60201,602
5344,F,50,1,98177,981
5345,F,25,17,80003,800
5346,F,25,3,97330,973
5347,M,25,6,53705,537
5348,M,18,5,55414,554
5349,F,50,2,97424,974
5350,M,18,5,55344,553
5351,F,45,1,85259,852
5352,F,35,5,55306,553
5353,M,25,6,77030,770
5354,F,45,3,78759,787
5355,M,56,0,78232,782
5356,M,45,0,78703,787
5357,F,18,20,60123,601
5358,M,35,7,10625,106
5359,M,18,16,27705,277
5360,M,18,12,43650,436
5361,F,50,16,92026,920
5362,M,35,13,63130,631
5363,M,56,13,30673,306
5364,F,25,3,55408,554
5365,M,18,12,90250,902
5366,M,18,12,90045,900
5367,M,18,4,55344,553
5368,F,25,17,20120,201
5369,M,25,15,02139,021
5370,M,25,12,98074,980
5371,M,25,11,55408,554
5372,M,25,4,10549,105
5373,M,18,12,55112,551
5374,M,35,7,38018,380
5375,M,25,0,02131,021
5376,M,25,17,94538,945
5377,F,18,3,10017,100
5378,M,35,18,10463,104
5379,M,25,7,84095,840
5380,M,18,4,01125,011
5381,M,25,14,10009,100
5382,M,18,4,07461,074
5383,M,35,1,55430,554
5384,F,25,3,94117,941
5385,M,25,12,85226,852
5386,M,25,14,60045,600
5387,F,25,1,45056,450
5388,F,18,4,10580,105
5389,M,45,7,01905,019
5390,M,1,0,78130,781
5391,M,25,7,10016,100
5392,M,50,1,98112,981
5393,M,35,7,10471,104
5394,M,18,0,60618,606
5395,M,50,1,13224,132
5396,M,25,6,89118,891
5397,M,18,0,60451,604
5398,M,56,17,71301,713
5399,M,25,1,12553,125
5400,F,18,4,30010,300
5401,F,18,1,20003,200
5402,F,25,0,30102,301
5403,M,1,10,59801,598
5404,M,25,0,30068,300
5405,F,50,7,12866,128
5406,F,35,0,49504,495
5407,F,35,17,30096,300
5408,M,25,20,11230-1710,112
5409,M,45,1,60091,600
5410,F,45,2,21212,212
5411,F,1,19,14850,148
5412,M,25,12,97330,973
5413,M,35,1,59801,598
5414,M,1,10,07652,076
5415,F,25,7,03862,038
5416,F,25,5,01801,018
5417,M,18,17,19030,190
5418,F,25,0,53589,535
5419,F,18,12,05055,050
5420,F,1,19,14850,148
5421,M,35,17,22030,220
5422,M,50,7,94114,941
5423,F,50,5,60714,607
5424,F,35,2,80012,800
5425,M,18,4,53211,532
5426,M,25,14,95821,958
5427,M,35,19,11201,112
5428,F,25,6,28412,284
5429,F,25,1,02460,024
5430,F,45,1,26505,265
5431,M,56,1,19026,190
5432,M,56,13,01742,017
5433,F,35,17,45014,450
5434,F,25,7,60618,606
5435,M,45,18,02557,025
5436,M,18,4,90024,900
5437,M,25,11,55426,554
5438,M,25,14,60048,600
5439,M,56,13,19119,191
5440,F,45,2,37923,379
5441,M,50,7,95762,957
5442,M,25,7,63110,631
5443,M,25,12,01915,019
5444,F,18,4,55449,554
5445,M,25,0,43223,432
5446,F,50,1,65203,652
5447,M,45,2,60626,606
5448,M,45,19,60626,606
5449,M,18,12,01702,017
5450,M,18,12,02143,021
5451,F,25,1,98115,981
5452,M,35,6,10011,100
5453,M,18,4,30305,303
5454,M,35,7,10001,100
5455,F,18,17,55449,554
5456,M,35,1,32312,323
5457,M,18,12,55405,554
5458,F,18,2,98102,981
5459,F,1,10,99016,990
5460,M,18,4,02143,021
5461,M,50,0,94025,940
5462,M,25,17,89103,891
5463,M,35,0,53202,532
5464,M,35,7,77079,770
5465,F,25,0,10019,100
5466,M,25,12,98033,980
5467,M,35,0,63366,633
5468,M,25,12,94618,946
5469,M,35,12,20171,201
5470,M,56,7,20003-2712,200
5471,M,18,7,10016,100
5472,M,35,1,27909,279
5473,M,25,1,20120-6354,201
5474,M,25,12,20009,200
5475,M,25,4,94110,941
5476,F,35,0,20037,200
5477,M,35,1,55343,553
5478,M,35,7,02766,027
5479,M,35,1,50014,500
5480,F,25,14,07030,070
5481,M,45,12,55449,554
5482,M,18,7,10014,100
5483,F,25,6,15202,152
5484,M,45,17,21742,217
5485,M,25,4,08544,085
5486,M,25,0,17821,178
5487,M,25,17,95136,951
5488,M,25,15,91125,911
5489,M,18,7,94104,941
5490,M,45,17,80907,809
5491,M,18,7,10016,100
5492,M,18,4,55104,551
5493,M,35,12,96797,967
5494,F,35,17,94306,943
5495,F,18,4,95076,950
5496,M,25,7,90069,900
5497,M,25,4,60201,602
5498,F,50,1,62901,629
5499,F,25,19,60201,602
5500,F,35,20,14850,148
5501,M,25,2,33334,333
5502,M,25,2,66044,660
5503,F,25,9,55409,554
5504,M,45,7,85287-2702,852
5505,F,25,4,02141,021
5506,F,18,14,60610,606
5507,M,45,7,44325,443
5508,M,25,20,94519,945
5509,M,25,0,11215,112
5510,M,18,4,191004,191
5511,M,45,1,92407,924
5512,F,25,17,01701,017
5513,M,35,1,91768,917
5514,F,1,10,76501,765
5515,M,18,4,16101,161
5516,F,50,16,98257,982
5517,M,56,0,80210,802
5518,M,50,17,78666,786
5519,M,35,15,33167,331
5520,M,45,1,18901,189
5521,F,25,6,02118,021
5522,M,25,14,02460,024
5523,M,35,0,60187,601
5524,F,1,10,26505,265
5525,F,1,10,55311,553
5526,F,35,2,27514,275
5527,M,25,1,70803,708
5528,M,50,1,45840,458
5529,M,18,6,05273,052
5530,F,18,4,63141,631
5531,M,50,17,09056,090
5532,M,25,17,27408,274
5533,F,50,2,10025,100
5534,M,45,16,30102,301
5535,M,25,15,94538,945
5536,M,25,16,67204,672
5537,F,56,1,10543,105
5538,M,45,12,55102,551
5539,F,25,20,91403,914
5540,M,35,1,19149,191
5541,M,56,7,93924,939
5542,M,45,7,11576,115
5543,M,25,17,97401,974
5544,M,25,15,08876,088
5545,F,35,16,98072,980
5546,M,18,14,26301,263
5547,F,18,4,10025,100
5548,F,18,4,02138,021
5549,F,50,9,76034,760
5550,M,35,15,48187,481
5551,F,35,20,98103,981
5552,M,50,7,23233,232
5553,M,35,3,29425,294
5554,M,25,1,92116,921
5555,M,1,10,37830,378
5556,M,45,6,92103,921
5557,M,35,14,33701,337
5558,M,1,10,02446,024
5559,M,50,1,77706,777
5560,F,35,17,98036,980
5561,F,25,3,74075,740
5562,F,35,1,54650,546
5563,F,25,7,11753,117
5564,M,45,20,02446,024
5565,M,18,17,02114,021
5566,M,35,7,20901,209
5567,M,50,3,78704,787
5568,M,18,4,49841,498
5569,F,18,1,07666,076
5570,M,25,1,07666,076
5571,F,25,9,07307,073
5572,F,25,4,63119,631
5573,F,35,1,14619,146
5574,M,25,0,20878,208
5575,M,35,7,19808,198
5576,M,25,4,55369,553
5577,M,50,1,12970,129
5578,F,18,1,02109,021
5579,F,35,7,07039,070
5580,M,45,7,01581,015
5581,M,25,0,10016,100
5582,M,45,1,50011,500
5583,M,56,15,37830,378
5584,F,50,0,10016,100
5585,M,25,4,10016,100
5586,M,35,20,94107,941
5587,M,25,17,22041,220
5588,F,25,20,60640,606
5589,F,25,0,04101,041
5590,F,45,12,94117,941
5591,M,18,0,10009,100
5592,M,25,1,53706,537
5593,M,50,16,90210,902
5594,F,45,0,55419,554
5595,M,25,20,90027,900
5596,M,35,12,22201,222
5597,F,18,4,95008,950
5598,M,18,4,27607,276
5599,M,35,7,90020,900
5600,F,45,0,12833-2000,128
5601,M,35,1,98225,982
5602,M,35,0,97212,972
5603,M,50,7,02461,024
5604,M,35,15,63117,631
5605,F,18,2,95008,950
5606,F,25,14,21046,210
5607,M,18,4,11209,112
5608,M,18,3,78722,787
5609,F,50,1,30602,306
5610,F,25,1,54880,548
5611,F,35,7,04015,040
5612,F,25,1,02148,021
5613,F,35,0,98622,986
5614,M,25,0,12833,128
5615,M,35,7,07028,070
5616,M,45,1,08840,088
5617,M,25,14,48336,483
5618,F,18,4,92612,926
5619,F,18,4,22310,223
5620,M,35,14,55330,553
5621,M,25,7,02135,021
5622,M,35,15,01775,017
5623,M,25,11,84109,841
5624,M,25,7,19380,193
5625,M,25,1,01760,017
5626,M,56,16,32043,320
5627,M,25,0,07040,070
5628,M,18,4,90024,900
5629,M,25,14,02465,024
5630,M,35,17,06854,068
5631,M,35,12,01944,019
5632,F,18,4,78628,786
5633,M,50,1,98262,982
5634,M,25,14,55406,554
5635,F,35,9,06854,068
5636,M,25,7,98102,981
5637,M,1,10,11102,111
5638,M,18,1,32601,326
5639,F,18,4,62025,620
5640,M,35,17,78765,787
5641,F,25,17,48473,484
5642,M,1,10,73013,730
5643,F,35,1,84108,841
5644,F,18,4,92833,928
5645,M,25,2,87123,871
5646,M,18,4,96744,967
5647,M,18,1,62522,625
5648,M,25,17,48473,484
5649,F,18,4,90025,900
5650,F,35,12,91104,911
5651,F,25,6,74105,741
5652,M,18,0,47901,479
5653,M,50,1,74105,741
5654,M,25,4,95616,956
5655,F,25,6,77054,770
5656,M,25,15,03755,037
5657,M,50,14,92026,920
5658,M,56,0,32043,320
5659,M,25,0,20874,208
5660,M,25,2,78722,787
5661,F,25,15,03255,032
5662,M,1,10,07960,079
5663,F,35,20,75093,750
5664,M,18,4,48363,483
5665,M,18,4,10461-1301,104
5666,M,18,16,11209,112
5667,M,35,7,10009,100
5668,F,25,3,41030,410
5669,M,56,1,90024,900
5670,M,18,4,48109,481
5671,M,25,1,02146,021
5672,F,25,4,43212,432
5673,F,35,1,55417,554
5674,M,35,7,94306,943
5675,M,35,14,30030,300
5676,M,25,20,78746,787
5677,M,25,1,13210,132
5678,M,35,17,98103,981
5679,M,35,2,33020,330
5680,M,50,20,94117,941
5681,F,25,7,92122,921
5682,M,18,0,23455-4959,234
5683,F,18,9,94538,945
5684,M,18,16,94110,941
5685,M,25,17,94117,941
5686,M,56,16,60610,606
5687,F,1,0,55403,554
5688,F,18,4,78666,786
5689,M,25,0,84119,841
5690,M,18,4,78666,786
5691,M,35,14,66013,660
5692,F,25,7,29615,296
5693,F,25,4,90034,900
5694,F,25,12,90640,906
5695,F,35,3,21221,212
5696,F,25,14,97367,973
5697,M,25,0,95826,958
5698,M,35,14,55418,554
5699,M,35,15,94706,947
5700,F,18,14,55426,554
5701,M,25,7,55311,553
5702,M,18,0,90034,900
5703,M,56,1,14068,140
5704,F,18,4,90024,900
5705,F,18,4,90024,900
5706,M,18,17,08550,085
5707,M,25,12,01060,010
5708,M,35,1,90034,900
5709,M,18,4,90024,900
5710,M,25,15,90034,900
5711,M,25,7,47714,477
5712,M,35,1,90024,900
5713,F,50,7,91362,913
5714,M,35,2,96753,967
5715,M,18,4,90024,900
5716,M,1,10,03756,037
5717,M,25,0,03766,037
5718,F,35,14,38018,380
5719,M,56,7,21773,217
5720,M,25,0,60610,606
5721,M,45,11,90046,900
5722,M,25,20,48103,481
5723,M,18,12,55057,550
5724,M,25,15,94102,941
5725,M,18,2,10018,100
5726,M,25,1,77845,778
5727,M,25,4,92843,928
5728,F,35,20,09824,098
5729,M,18,10,99016,990
5730,M,18,0,94111,941
5731,F,25,11,10022,100
5732,F,25,11,02111,021
5733,M,25,4,48109,481
5734,F,25,14,10022,100
5735,M,25,6,19342,193
5736,M,25,1,08904,089
5737,M,45,15,93555,935
5738,M,25,12,55406,554
5739,M,25,7,90212,902
5740,M,25,1,60613,606
5741,M,50,13,60622,606
5742,F,25,12,20850,208
5743,F,35,0,55442,554
5744,F,25,4,66044,660
5745,F,18,4,90024,900
5746,M,18,15,94061,940
5747,M,25,0,03755,037
5748,M,25,0,92155,921
5749,M,25,2,94117,941
5750,M,18,1,04101,041
5751,F,1,0,14167,141
5752,F,56,0,14850,148
5753,M,18,17,78758,787
5754,F,18,1,60640,606
5755,F,35,2,78744,787
5756,F,1,10,98110,981
5757,M,1,10,05667,056
5758,F,50,1,29642,296
5759,F,25,1,08904,089
5760,M,18,12,10549,105
5761,M,25,20,90048,900
5762,F,35,6,55125,551
5763,F,25,1,08904,089
5764,F,50,12,77098,770
5765,M,25,11,44515,445
5766,M,56,14,96744,967
5767,M,25,2,75287,752
5768,F,1,7,20852,208
5769,M,45,14,05602,056
5770,M,25,0,80231,802
5771,M,25,7,95616,956
5772,M,35,7,16365,163
5773,M,25,6,89123,891
5774,M,18,4,94118,941
5775,M,25,11,10024,100
5776,M,18,12,97205,972
5777,M,1,0,05667,056
5778,M,35,12,85257,852
5779,M,25,5,10011,100
5780,M,18,17,92886,928
5781,M,25,2,11106,111
5782,F,35,0,55459,554
5783,F,45,1,92106,921
5784,M,18,10,56137,561
5785,F,25,7,60607,606
5786,M,25,6,53211,532
5787,M,25,20,90802,908
5788,M,25,0,92646,926
5789,M,25,17,91107,911
5790,F,35,0,55303,553
5791,M,18,4,44074,440
5792,M,25,17,43201,432
5793,M,25,2,91602,916
5794,M,35,17,53703,537
5795,M,25,1,92688,926
5796,F,25,7,10003,100
5797,M,25,7,78757,787
5798,M,35,0,80027,800
5799,M,25,5,80916,809
5800,M,35,18,90804,908
5801,M,25,16,04103,041
5802,F,25,0,98105,981
5803,M,1,10,01597,015
5804,F,35,7,94306,943
5805,F,25,0,90802,908
5806,F,50,1,08826,088
5807,M,35,7,01940,019
5808,F,25,7,37206,372
5809,M,25,7,37206,372
5810,M,50,16,95070,950
5811,M,18,4,60202,602
5812,F,25,7,92120,921
5813,M,25,7,94117,941
5814,M,25,0,91403,914
5815,M,25,20,90048,900
5816,M,25,0,70119,701
5817,M,25,17,33028,330
5818,M,25,4,92821,928
5819,M,50,6,70808,708
5820,M,45,0,43615,436
5821,M,25,15,02139,021
5822,F,35,4,78212,782
5823,M,25,12,02144,021
5824,M,18,12,18052,180
5825,F,25,4,43201,432
5826,M,18,4,60201,602
5827,M,25,2,55118,551
5828,M,25,17,90048,900
5829,F,25,4,78223,782
5830,F,18,4,78209,782
5831,M,25,1,92120,921
5832,F,25,0,78240,782
5833,F,35,0,78253,782
5834,M,56,16,92106,921
5835,F,35,0,55406,554
5836,M,25,0,91604,916
5837,M,25,7,60607,606
5838,F,45,7,02038,020
5839,M,25,1,27106,271
5840,F,1,0,44260,442
5841,F,35,7,10024,100
5842,M,25,4,43201,432
5843,M,35,1,83301,833
5844,F,1,10,02131,021
5845,F,25,3,79411,794
5846,M,45,16,78204,782
5847,F,18,4,02464,024
5848,M,50,20,20009,200
5849,M,35,17,97124,971
5850,F,25,7,78230,782
5851,F,18,20,55410,554
5852,F,25,1,94044,940
5853,M,50,19,13903,139
5854,M,45,7,33135,331
5855,M,50,7,19462,194
5856,F,25,7,78232,782
5857,F,45,2,43229,432
5858,M,25,4,01002,010
5859,M,25,7,89117,891
5860,F,25,4,91428,914
5861,F,50,1,98499,984
5862,F,25,9,76120,761
5863,F,25,14,89511,895
5864,F,50,1,28043,280
5865,M,25,17,95926,959
5866,F,25,6,06114,061
5867,F,45,3,91306,913
5868,M,35,14,85331,853
5869,F,25,7,19103,191
5870,M,25,14,98109,981
5871,F,25,4,01002,010
5872,M,25,17,61265,612
5873,M,18,12,10021,100
5874,M,25,4,01002,010
5875,M,25,4,19103,191
5876,M,50,7,30066,300
5877,M,18,12,02138,021
5878,F,25,0,60640,606
5879,M,35,7,02135,021
5880,M,25,1,08904,089
5881,M,35,17,30303,303
5882,M,35,7,60510,605
5883,F,18,0,02138,021
5884,M,18,4,20057,200
5885,M,25,1,96930,969
5886,M,25,20,02139,021
5887,F,35,20,61821,618
5888,M,25,20,64114,641
5889,M,50,20,06033,060
5890,M,35,20,77008,770
5891,M,18,4,55404,554
5892,M,45,2,10920,109
5893,M,25,7,02139,021
5894,M,35,0,70748,707
5895,M,25,1,43026,430
5896,M,25,0,60657,606
5897,M,25,20,02152,021
5898,F,18,0,02143,021
5899,M,35,17,30024,300
5900,M,25,7,60628,606
5901,F,35,7,92075,920
5902,M,50,16,77079,770
5903,M,25,11,06851,068
5904,F,45,12,954025,954
5905,F,35,20,78006,780
5906,F,18,4,19803,198
5907,M,25,2,11217,112
5908,M,25,4,19711,197
5909,M,18,20,91330,913
5910,F,45,20,10033,100
5911,F,25,17,80301,803
5912,M,25,1,77064,770
5913,F,18,0,47901,479
5914,M,35,2,91344,913
5915,M,18,4,58102,581
5916,M,50,20,48230,482
5917,F,50,1,94550,945
5918,M,25,12,55105,551
5919,M,18,0,47933,479
5920,F,25,1,05401,054
5921,M,25,6,15146,151
5922,M,56,3,94561,945
5923,M,25,7,05401,054
5924,M,35,0,55417,554
5925,F,25,0,90035-4444,900
5926,F,50,7,65712,657
5927,M,35,14,10003,100
5928,M,45,1,14760,147
5929,F,35,0,33607,336
5930,F,35,17,78681,786
5931,F,18,7,94111,941
5932,M,18,14,90038,900
5933,M,25,2,98227,982
5934,M,25,14,77075,770
5935,M,18,0,35115,351
5936,M,18,4,37130,371
5937,M,25,12,60622,606
5938,M,25,1,35401,354
5939,F,45,15,77040,770
5940,M,50,12,03062,030
5941,F,25,0,60640,606
5942,M,45,1,01867,018
5943,F,45,1,19806,198
5944,F,18,10,27606,276
5945,F,35,2,35229,352
5946,F,56,1,55406,554
5947,F,45,16,97215,972
5948,M,56,13,12124,121
5949,M,18,17,47901,479
5950,M,25,4,19713,197
5951,M,18,4,77005,770
5952,F,45,1,78231,782
5953,M,1,10,21030,210
5954,M,45,11,70802,708
5955,F,25,7,34952,349
5956,F,18,4,02142,021
5957,M,18,20,02038,020
5958,M,45,14,94301,943
5959,F,18,4,14850,148
5960,F,45,0,70460,704
5961,F,45,0,78757,787
5962,M,35,7,80221,802
5963,M,25,15,02140,021
5964,M,18,5,97202,972
5965,M,25,17,77449,774
5966,F,35,9,10021,100
5967,M,50,16,73069-5429,730
5968,M,56,7,98103,981
5969,M,45,13,77706,777
5970,M,35,11,55438,554
5971,M,35,7,49504,495
5972,F,25,20,55428,554
5973,M,1,10,54701,547
5974,F,25,1,32303,323
5975,M,25,14,55104,551
5976,F,25,1,26542,265
5977,M,35,1,90012,900
5978,M,35,1,49307,493
5979,M,25,1,43214,432
5980,M,56,1,42503,425
5981,M,35,7,01776,017
5982,M,35,1,56082,560
5983,M,25,3,29208,292
5984,M,25,1,60657,606
5985,F,18,4,78705-5221,787
5986,F,56,1,01060,010
5987,M,25,16,10003,100
5988,M,25,15,94022,940
5989,F,1,10,74114,741
5990,F,25,20,90046,900
5991,F,35,20,94025,940
5992,F,18,4,21046,210
5993,F,50,20,50010,500
5994,M,35,1,32501,325
5995,F,35,1,14618,146
5996,F,25,0,87114,871
5997,F,25,7,10016,100
5998,M,18,4,61820,618
5999,F,25,1,55455,554
6000,M,45,17,30075,300
6001,F,25,7,94117,941
6002,M,50,0,43231,432
6003,F,45,17,78722,787
6004,F,25,15,28401,284
6005,F,25,5,28401,284
6006,F,1,0,01036,010
6007,M,35,17,80537,805
6008,M,18,4,78705,787
6009,F,25,12,60540,605
6010,M,35,0,79606,796
6011,M,35,15,80538,805
6012,M,35,15,02871,028
6013,F,25,20,32301,323
6014,M,45,1,80634,806
6015,F,25,9,80013,800
6016,M,45,1,37209,372
6017,F,35,7,21117,211
6018,M,35,1,48906,489
6019,M,25,0,10024,100
6020,M,50,16,10023,100
6021,M,25,12,08876,088
6022,M,25,17,57006,570
6023,M,25,0,43213,432
6024,M,25,12,53705,537
6025,F,25,1,32607,326
6026,M,35,6,11210,112
6027,M,18,4,20742,207
6028,M,18,4,94133,941
6029,F,25,1,23185,231
6030,M,25,17,32618,326
6031,F,18,0,45123,451
6032,M,45,7,55108,551
6033,M,50,13,78232,782
6034,M,25,14,94117,941
6035,F,25,1,78734,787
6036,F,25,15,32603,326
6037,F,45,1,76006,760
6038,F,56,1,14706,147
6039,F,45,0,01060,010
6040,M,25,6,11106,111
