user_id,user_idx,age,occupation,zip_prefix,interaction_count,mean_rating,age_scaled,interaction_count_scaled,mean_rating_scaled,gender_F,gender_M
1,0,1,10,480,53,4.188679245283019,0.0,0.014385353095030515,0.8038585559283631,1.0,0.0
2,1,56,16,700,129,3.7131782945736433,0.9999999999999999,0.04751525719267655,0.6834047209839412,0.0,1.0
3,2,25,15,551,51,3.9019607843137254,0.43636363636363634,0.013513513513513514,0.7312270751256623,0.0,1.0
4,3,45,7,24,21,4.190476190476191,0.7999999999999999,0.00043591979075850197,0.8043137578356978,0.0,1.0
5,4,25,20,554,198,3.1464646464646466,0.43636363636363634,0.07759372275501308,0.5398448981734202,0.0,1.0
6,5,50,9,551,71,3.9014084507042255,0.8909090909090909,0.022231909328683522,0.7310871580522397,1.0,0.0
7,6,35,1,68,31,4.32258064516129,0.6181818181818182,0.004795117698343506,0.8377784399910602,0.0,1.0
8,7,25,12,114,139,3.884892086330935,0.43636363636363634,0.05187445510026155,0.7269032349178394,0.0,1.0
9,8,25,17,616,106,3.7358490566037736,0.43636363636363634,0.037489102005231034,0.6891476752799687,0.0,1.0
10,9,35,1,953,401,4.114713216957606,0.6181818181818182,0.16608544027898867,0.7851214918823035,1.0,0.0
11,10,25,1,40,137,3.2773722627737225,0.43636363636363634,0.05100261551874455,0.5730063973972118,1.0,0.0
12,11,25,12,327,23,3.8260869565217392,0.43636363636363634,0.0013077593722755024,0.7120067275830908,0.0,1.0
13,12,45,1,933,108,3.388888888888889,0.7999999999999999,0.038360941586748035,0.6012557736720555,0.0,1.0
14,13,35,0,601,25,3.32,0.6181818181818182,0.002179598953792503,0.5838048498845265,0.0,1.0
15,14,25,7,229,201,3.3233830845771144,0.43636363636363634,0.07890148212728859,0.5846618524008136,0.0,1.0
16,15,35,0,206,35,3.0285714285714285,0.6181818181818182,0.006538796861377507,0.5099802045529529,1.0,0.0
17,16,50,1,953,211,4.075829383886256,0.8909090909090909,0.0832606800348736,0.775271444676729,0.0,1.0
18,17,18,3,958,305,3.6491803278688524,0.3090909090909091,0.12423714036617264,0.667192764926362,1.0,0.0
19,18,1,10,480,255,3.5725490196078433,0.0,0.1024411508282476,0.6477805325363403,0.0,1.0
20,19,25,14,551,24,4.083333333333333,0.43636363636363634,0.0017436791630340027,0.7771723441108545,0.0,1.0
21,20,18,16,993,22,2.909090909090909,0.3090909090909091,0.0008718395815170022,0.4797134159143398,0.0,1.0
22,21,18,15,537,297,3.0673400673400675,0.3090909090909091,0.12074978204010464,0.5198010707537267,0.0,1.0
23,22,35,0,900,304,3.3157894736842106,0.6181818181818182,0.12380122057541412,0.5827382399416556,0.0,1.0
24,23,25,7,100,136,3.948529411764706,0.43636363636363634,0.050566695727986055,0.7430238333786172,1.0,0.0
25,24,18,4,16,85,3.7411764705882353,0.3090909090909091,0.028334786399302533,0.6904972150523028,0.0,1.0
26,25,25,7,231,400,2.96,0.43636363636363634,0.16564952048823017,0.4926096997690531,0.0,1.0
27,26,25,11,191,70,4.171428571428572,0.43636363636363634,0.021795989537925022,0.7994886176179481,0.0,1.0
28,27,25,1,146,107,3.7570093457943927,0.43636363636363634,0.03792502179598954,0.6945079968055946,1.0,0.0
29,28,35,7,334,108,3.5833333333333335,0.6181818181818182,0.038360941586748035,0.6505124133949193,0.0,1.0
30,29,35,7,191,43,3.488372093023256,0.6181818181818182,0.010026155187445512,0.6264568451581718,1.0,0.0
31,30,56,7,68,119,3.73109243697479,0.9999999999999999,0.043156059285091544,0.6879427290546705,0.0,1.0
32,31,25,0,193,48,3.625,0.43636363636363634,0.012205754141238014,0.6610674076212472,1.0,0.0
33,32,45,3,554,391,3.498721227621483,0.7999999999999999,0.16172624237140368,0.6290784865005346,0.0,1.0
34,33,18,0,21,164,3.8658536585365852,0.3090909090909091,0.06277244986922408,0.7220804230270941,1.0,0.0
35,34,45,1,24,198,3.54040404040404,0.7999999999999999,0.07759372275501308,0.6396375708587025,0.0,1.0
36,35,25,3,941,351,4.199430199430199,0.43636363636363634,0.14428945074106364,0.8065819861431871,0.0,1.0
37,36,25,9,662,53,3.69811320754717,0.43636363636363634,0.014385353095030515,0.6795884352259358,1.0,0.0
38,37,18,4,22,100,3.58,0.3090909090909091,0.03487358326068003,0.649668013856813,1.0,0.0
39,38,18,4,618,62,3.564516129032258,0.3090909090909091,0.01830863121185702,0.6457456418088356,0.0,1.0
40,39,45,0,105,96,3.4479166666666665,0.7999999999999999,0.03312990409764603,0.6162086821593533,0.0,1.0
41,40,18,4,151,25,3.48,0.3090909090909091,0.002179598953792503,0.624336027713626,1.0,0.0
42,41,25,8,245,231,3.74025974025974,0.43636363636363634,0.0919790758500436,0.690264989052518,0.0,1.0
43,42,25,12,606,24,4.125,0.43636363636363634,0.0017436791630340027,0.7877273383371826,0.0,1.0
44,43,45,17,980,193,3.6321243523316062,0.7999999999999999,0.07541412380122059,0.6628721475666814,0.0,1.0
45,44,45,16,941,297,2.946127946127946,0.7999999999999999,0.12074978204010464,0.48909563300440895,1.0,0.0
46,45,18,19,756,41,4.219512195121951,0.3090909090909091,0.009154315605928512,0.8116691545090973,0.0,1.0
47,46,18,4,943,22,3.909090909090909,0.3090909090909091,0.0008718395815170022,0.7330332773462105,0.0,1.0
48,47,25,4,921,598,3.068561872909699,0.43636363636363634,0.25196163905841323,0.5201105783713225,0.0,1.0
49,48,18,12,770,108,3.712962962962963,0.3090909090909091,0.038360941586748035,0.6833501732101617,0.0,1.0
50,49,25,2,981,43,3.0697674418604652,0.43636363636363634,0.010026155187445512,0.5204159729308772,1.0,0.0
51,50,1,10,105,40,3.825,0.0,0.008718395815170008,0.7117313799076214,1.0,0.0
52,51,18,4,722,79,3.5569620253164556,0.3090909090909091,0.025719267654751524,0.6438320373023065,0.0,1.0
53,52,25,0,969,684,4.2368421052631575,0.43636363636363634,0.28945074106364427,0.8160591649446942,0.0,1.0
54,53,50,1,567,40,4.025,0.8909090909090909,0.008718395815170008,0.7623953521939955,0.0,1.0
55,54,35,12,553,25,4.12,0.6181818181818182,0.002179598953792503,0.7864607390300231,1.0,0.0
56,55,35,20,604,67,3.970149253731343,0.6181818181818182,0.02048823016564952,0.7485005687497845,0.0,1.0
57,56,18,19,303,64,2.90625,0.3090909090909091,0.01918047079337402,0.47899375721709014,0.0,1.0
58,57,25,2,303,437,3.9725400457665905,0.43636363636363634,0.1817785527462947,0.7491062038568659,0.0,1.0
59,58,50,1,554,213,3.4741784037558685,0.8909090909090909,0.0841325196163906,0.6228613017597502,1.0,0.0
60,59,50,1,721,70,3.414285714285714,0.8909090909090909,0.021795989537925022,0.6076892939623887,0.0,1.0
61,60,25,17,951,36,2.7777777777777777,0.43636363636363634,0.006974716652136007,0.44644919168591224,0.0,1.0
62,61,35,3,981,498,3.566265060240964,0.6181818181818182,0.2083696599825632,0.6461886808202788,1.0,0.0
63,62,18,4,549,98,3.4285714285714284,0.3090909090909091,0.03400174367916303,0.6113081491257011,0.0,1.0
64,63,18,1,537,27,4.148148148148148,0.3090909090909091,0.0030514385353095034,0.7935912240184757,0.0,1.0
65,64,35,12,558,121,4.347107438016529,0.6181818181818182,0.044027898866608545,0.8439915637585176,0.0,1.0
66,65,25,18,577,26,3.8461538461538463,0.43636363636363634,0.002615518744551003,0.7170900692840647,0.0,1.0
67,66,50,5,601,64,4.296875,0.8909090909090909,0.01918047079337402,0.8312666895207852,1.0,0.0
68,67,18,4,537,72,3.75,0.3090909090909091,0.022667829119442023,0.692732390300231,0.0,1.0
69,68,25,1,21,65,4.153846153846154,0.43636363636363634,0.01961639058413252,0.7950346420323327,1.0,0.0
70,69,18,4,537,54,3.7037037037037037,0.3090909090909091,0.014821272885789015,0.6810046189376444,0.0,1.0
71,70,25,14,950,29,3.7586206896551726,0.43636363636363634,0.003923278116826506,0.6949161822091265,0.0,1.0
72,71,45,0,551,43,3.697674418604651,0.7999999999999999,0.010026155187445512,0.6794772812718192,1.0,0.0
73,72,18,4,537,255,3.364705882352941,0.3090909090909091,0.1024411508282476,0.5951297378073632,0.0,1.0
74,73,35,14,945,43,4.046511627906977,0.6181818181818182,0.010026155187445512,0.7678446747945649,0.0,1.0
75,74,1,10,17,175,4.005714285714285,0.0,0.06756756756756757,0.7575098977235235,1.0,0.0
76,75,35,7,554,87,4.172413793103448,0.6181818181818182,0.029206625980819533,0.7997381938361074,0.0,1.0
77,76,18,4,153,39,2.948717948717949,0.3090909090909091,0.008282476024411508,0.4897517321016167,0.0,1.0
78,77,45,1,980,140,3.657142857142857,0.7999999999999999,0.052310374891020056,0.6692098317387001,1.0,0.0
79,78,45,0,981,31,3.6451612903225805,0.7999999999999999,0.004795117698343506,0.666174662892051,1.0,0.0
80,79,56,1,493,48,3.8958333333333335,0.9999999999999999,0.012205754141238014,0.7296748700923789,0.0,1.0
81,80,25,0,606,86,4.4186046511627906,0.43636363636363634,0.028770706190061033,0.8621032278854934,1.0,0.0
82,81,25,17,483,118,4.016949152542373,0.43636363636363634,0.04272013949433305,0.7603559126316202,0.0,1.0
83,82,25,2,946,99,3.5757575757575757,0.43636363636363634,0.03443766346992154,0.6485933235355869,1.0,0.0
84,83,18,4,531,31,3.838709677419355,0.3090909090909091,0.004795117698343506,0.7152043134917679,0.0,1.0
85,84,18,4,949,39,3.1025641025641026,0.3090909090909091,0.008282476024411508,0.5287240184757507,0.0,1.0
86,85,1,10,544,48,4.3125,0.0,0.012205754141238014,0.8352248123556583,1.0,0.0
87,86,25,14,483,59,2.8135593220338984,0.43636363636363634,0.01700087183958152,0.4555133675186911,0.0,1.0
88,87,45,1,24,68,4.147058823529412,0.7999999999999999,0.020924149956408022,0.7933152764570033,1.0,0.0
89,88,56,9,857,21,3.238095238095238,0.9999999999999999,0.00043591979075850197,0.563056746948202,1.0,0.0
90,89,56,13,857,225,3.511111111111111,0.9999999999999999,0.0893635571054926,0.6322170900692841,0.0,1.0
91,90,35,7,76,44,4.704545454545454,0.6181818181818182,0.010462074978204013,0.9345377125761074,0.0,1.0
92,91,18,4,442,430,2.7581395348837208,0.3090909090909091,0.1787271142109852,0.44147443471722436,1.0,0.0
93,92,25,17,958,220,2.9727272727272727,0.43636363636363634,0.08718395815170009,0.4958337707327315,0.0,1.0
94,93,25,17,286,21,3.857142857142857,0.43636363636363634,0.00043591979075850197,0.7198738040250743,0.0,1.0
95,94,45,0,982,99,3.595959595959596,0.7999999999999999,0.03443766346992154,0.6537108964938065,0.0,1.0
96,95,25,16,780,81,3.6049382716049383,0.43636363636363634,0.026591107236268532,0.6559853733641263,1.0,0.0
97,96,35,3,662,154,4.474025974025974,0.6181818181818182,0.05841325196163906,0.876142549713566,1.0,0.0
98,97,35,7,335,20,3.8,0.6181818181818182,0.0,0.7053983833718245,1.0,0.0
99,98,1,10,193,107,3.2149532710280373,0.0,0.03792502179598954,0.5571944270574778,1.0,0.0
100,99,35,17,954,76,3.026315789473684,0.6181818181818182,0.024411508282476024,0.5094088063692719,0.0,1.0
101,100,18,3,333,106,4.679245283018868,0.3090909090909091,0.037489102005231034,0.9281286766307901,1.0,0.0
102,101,35,19,208,132,3.128787878787879,0.6181818181818182,0.048823016564952054,0.5353670218349781,0.0,1.0
103,102,45,7,921,115,4.052173913043478,0.7999999999999999,0.04141238012205754,0.7692790440807309,0.0,1.0
104,103,25,12,9,46,3.347826086956522,0.43636363636363634,0.011333914559721013,0.590853750376544,0.0,1.0
105,104,45,12,902,61,4.295081967213115,0.7999999999999999,0.01787271142109852,0.8308124787036686,0.0,1.0
106,105,35,11,791,47,4.0212765957446805,0.6181818181818182,0.011769834350479513,0.7614521399439831,1.0,0.0
107,106,45,18,631,121,3.743801652892562,0.7999999999999999,0.044027898866608545,0.6911622258698682,0.0,1.0
108,107,25,12,303,37,3.135135135135135,0.43636363636363634,0.0074106364428945075,0.5369749079333376,0.0,1.0
109,108,45,15,920,81,4.0,0.7999999999999999,0.026591107236268532,0.7560623556581987,0.0,1.0
110,109,25,2,908,80,3.25,0.43636363636363634,0.026155187445510025,0.5660724595842956,0.0,1.0
111,110,35,15,554,92,3.7282608695652173,0.6181818181818182,0.03138622493461203,0.6872254367908425,0.0,1.0
112,111,25,16,972,60,4.183333333333334,0.43636363636363634,0.01743679163034002,0.8025043302540418,0.0,1.0
113,112,18,12,370,68,3.5,0.3090909090909091,0.020924149956408022,0.6294024249422634,0.0,1.0
114,113,25,2,837,98,3.693877551020408,0.43636363636363634,0.03400174367916303,0.6785154593015036,1.0,0.0
115,114,25,17,280,38,3.8421052631578947,0.43636363636363634,0.007846556233653008,0.7160644828005349,0.0,1.0
116,115,25,17,557,86,3.802325581395349,0.43636363636363634,0.028770706190061033,0.7059874993286429,0.0,1.0
117,116,25,17,333,505,3.299009900990099,0.43636363636363634,0.21142109851787272,0.5784876409118972,0.0,1.0
118,117,35,17,223,224,3.767857142857143,0.6181818181818182,0.0889276373147341,0.6972559592543716,0.0,1.0
119,118,1,10,775,105,3.5428571428571427,0.0,0.03705318221447254,0.6402589904322006,1.0,0.0
120,119,25,11,271,63,3.619047619047619,0.43636363636363634,0.01874455100261552,0.6595595513032003,0.0,1.0
121,120,35,7,752,72,4.416666666666667,0.6181818181818182,0.022667829119442023,0.8616122979214782,0.0,1.0
122,121,18,4,943,57,2.9649122807017543,0.3090909090909091,0.01612903225806452,0.493854078035736,1.0,0.0
123,122,35,9,672,608,3.401315789473684,0.6181818181818182,0.2563208369659982,0.6044037544062234,0.0,1.0
124,123,56,7,913,23,4.173913043478261,0.9999999999999999,0.0013077593722755024,0.8001179837333066,0.0,1.0
125,124,45,14,17,71,4.098591549295775,0.7999999999999999,0.022231909328683522,0.7810375532641578,0.0,1.0
126,125,18,9,981,51,4.0,0.3090909090909091,0.013513513513513514,0.7560623556581987,0.0,1.0
127,126,45,3,17,174,3.8448275862068964,0.7999999999999999,0.06713164777680908,0.7167541012980808,1.0,0.0
128,127,56,6,379,22,4.363636363636363,0.9999999999999999,0.0008718395815170022,0.8481786689061517,0.0,1.0
129,128,25,11,201,158,4.025316455696203,0.43636363636363634,0.06015693112467306,0.7624755167071069,0.0,1.0
130,129,35,17,500,135,4.311111111111111,0.6181818181818182,0.05013077593722755,0.8348729792147807,0.0,1.0
131,130,18,4,65,295,3.3966101694915256,0.3090909090909091,0.11987794245858763,0.603211727404392,0.0,1.0
132,131,25,17,997,89,3.966292134831461,0.43636363636363634,0.030078465562336534,0.7475234839245402,0.0,1.0
133,132,25,0,550,170,3.7705882352941176,0.43636363636363634,0.06538796861377508,0.6979477992120636,1.0,0.0
134,133,25,0,662,183,2.7158469945355193,0.43636363636363634,0.07105492589363557,0.4307608942566161,0.0,1.0
135,134,18,4,200,70,3.657142857142857,0.3090909090909091,0.021795989537925022,0.6692098317387001,0.0,1.0
136,135,18,2,212,378,3.074074074074074,0.3090909090909091,0.15605928509154315,0.5215069284064665,0.0,1.0
137,136,45,6,787,201,3.611940298507463,0.7999999999999999,0.07890148212728859,0.6577591258488161,1.0,0.0
138,137,18,20,222,65,4.492307692307692,0.3090909090909091,0.01961639058413252,0.8807736720554273,0.0,1.0
139,138,25,20,454,245,3.8816326530612244,0.43636363636363634,0.0980819529206626,0.7260775557336099,1.0,0.0
140,139,35,1,551,55,3.8181818181818183,0.6181818181818182,0.015257192676547515,0.7100041990342222,1.0,0.0
141,140,35,13,620,23,3.6956521739130435,0.6181818181818182,0.0013077593722755024,0.6789650065267597,0.0,1.0
142,141,25,7,100,47,3.3404255319148937,0.43636363636363634,0.011769834350479513,0.5889790427988797,0.0,1.0
143,142,18,3,640,68,3.5441176470588234,0.3090909090909091,0.020924149956408022,0.6405783011819046,0.0,1.0
144,143,25,17,294,32,3.46875,0.43636363636363634,0.005231037489102006,0.6214861792725174,0.0,1.0
145,144,18,4,190,39,3.0,0.3090909090909091,0.008282476024411508,0.502742494226328,0.0,1.0
146,145,35,20,109,426,3.7699530516431925,0.6181818181818182,0.1769834350479512,0.6977868945776275,1.0,0.0
147,146,18,4,913,187,3.5026737967914436,0.3090909090909091,0.07279860505666957,0.6300797507749688,0.0,1.0
148,147,50,17,577,624,3.733974358974359,0.8909090909090909,0.2632955536181342,0.6886727771362587,0.0,1.0
149,148,25,1,292,592,3.9408783783783785,0.43636363636363634,0.24934612031386225,0.7410856746613821,0.0,1.0
150,149,35,7,981,232,4.021551724137931,0.6181818181818182,0.0924149956408021,0.7615218354304372,0.0,1.0
151,150,25,20,850,471,3.653927813163482,0.43636363636363634,0.1965998256320837,0.6683953972433474,1.0,0.0
152,151,18,4,481,24,4.125,0.3090909090909091,0.0017436791630340027,0.7877273383371826,0.0,1.0
153,152,1,10,515,26,4.076923076923077,0.0,0.002615518744551003,0.7755484988452657,0.0,1.0
154,153,50,20,945,44,3.090909090909091,0.8909090909090909,0.010462074978204013,0.5257715725383162,0.0,1.0
155,154,35,12,74,96,2.96875,0.6181818181818182,0.03312990409764603,0.4948262485565821,0.0,1.0
156,155,45,7,145,148,4.236486486486487,0.7999999999999999,0.05579773321708806,0.8159690796454655,1.0,0.0
157,156,35,16,128,427,3.718969555035129,0.6181818181818182,0.1774193548387097,0.6848717622815605,0.0,1.0
158,157,56,7,287,22,4.0,0.9999999999999999,0.0008718395815170022,0.7560623556581987,0.0,1.0
159,158,45,0,379,36,3.7777777777777777,0.7999999999999999,0.006974716652136007,0.6997690531177829,1.0,0.0
160,159,35,7,130,20,3.5,0.6181818181818182,0.0,0.6294024249422634,0.0,1.0
161,160,45,16,981,297,4.4713804713804715,0.7999999999999999,0.12074978204010464,0.8754723913499896,0.0,1.0
162,161,18,4,931,107,4.121495327102804,0.3090909090909091,0.03792502179598954,0.7868395350845008,1.0,0.0
163,162,18,4,850,514,2.1828793774319064,0.3090909090909091,0.21534437663469924,0.2957496113442546,0.0,1.0
164,163,56,13,945,26,4.384615384615385,0.9999999999999999,0.002615518744551003,0.8534930715935336,1.0,0.0
165,164,18,16,985,110,3.981818181818182,0.3090909090909091,0.039232781168265035,0.7514565399958011,0.0,1.0
166,165,18,4,928,410,3.6878048780487807,0.3090909090909091,0.1700087183958152,0.6769771306258098,0.0,1.0
167,166,25,11,100,58,2.9310344827586206,0.43636363636363634,0.01656495204882302,0.4852721589551645,1.0,0.0
168,167,50,0,469,26,3.8461538461538463,0.8909090909090909,0.002615518744551003,0.7170900692840647,1.0,0.0
169,168,25,7,554,552,3.5670289855072466,0.43636363636363634,0.23190932868352224,0.6463821982628779,0.0,1.0
170,169,25,11,70,87,3.9885057471264367,0.43636363636363634,0.029206625980819533,0.7531506331130047,0.0,1.0
171,170,50,17,554,24,4.0,0.8909090909090909,0.0017436791630340027,0.7560623556581987,1.0,0.0
172,171,25,3,76,23,3.608695652173913,0.43636363636363634,0.0013077593722755024,0.6569371924892058,0.0,1.0
173,172,25,0,452,561,3.9679144385026737,0.43636363636363634,0.23583260680034876,0.7479344456657322,0.0,1.0
174,173,25,16,212,97,3.649484536082474,0.43636363636363634,0.03356582388840454,0.6672698269088831,0.0,1.0
175,174,25,2,951,317,3.9810725552050474,0.43636363636363634,0.12946817785527465,0.751267657965482,1.0,0.0
176,175,18,3,550,78,3.6153846153846154,0.3090909090909091,0.025283347863993024,0.6586316397228638,1.0,0.0
177,176,50,1,540,44,4.113636363636363,0.8909090909090909,0.010462074978204013,0.7848487035481839,0.0,1.0
178,177,56,17,537,115,3.8434782608695652,0.9999999999999999,0.04141238012205754,0.7164122903906015,0.0,1.0
179,178,25,0,21,110,2.6545454545454548,0.43636363636363634,0.039232781168265035,0.4152319966407727,0.0,1.0
180,179,45,12,16,59,3.694915254237288,0.7999999999999999,0.01700087183958152,0.678778330136611,0.0,1.0
181,180,18,17,331,301,3.604651162790698,0.3090909090909091,0.12249346120313864,0.655912642999087,0.0,1.0
182,181,18,4,30,83,3.8313253012048194,0.3090909090909091,0.027462946817785532,0.713333704332341,0.0,1.0
183,182,45,1,554,101,4.099009900990099,0.7999999999999999,0.03530950305143854,0.7811435300573939,1.0,0.0
184,183,25,0,190,84,4.083333333333333,0.43636363636363634,0.027898866608544032,0.7771723441108545,1.0,0.0
185,184,45,0,144,51,3.588235294117647,0.7999999999999999,0.013513513513513514,0.6517541774215461,0.0,1.0
186,185,18,5,917,122,4.254098360655738,0.3090909090909091,0.04446381865736705,0.8204305171695758,0.0,1.0
187,186,45,1,940,417,4.083932853717027,0.7999999999999999,0.1730601569311247,0.7773242145313775,1.0,0.0
188,187,56,16,799,71,3.1690140845070425,0.9999999999999999,0.022231909328683522,0.5455571186936865,0.0,1.0
189,188,18,0,600,31,4.0,0.3090909090909091,0.004795117698343506,0.7560623556581987,0.0,1.0
190,189,25,17,551,153,3.6993464052287583,0.43636363636363634,0.057977332170880566,0.679900828691754,0.0,1.0
191,190,18,4,49,30,3.3333333333333335,0.3090909090909091,0.004359197907585006,0.5871824480369516,0.0,1.0
192,191,18,1,109,525,3.0914285714285716,0.3090909090909091,0.22013949433304272,0.5259031672715276,0.0,1.0
193,192,45,15,441,242,3.677685950413223,0.7999999999999999,0.09677419354838711,0.6744138052793313,1.0,0.0
194,193,1,10,291,59,3.983050847457627,0.0,0.01700087183958152,0.7517687986847772,1.0,0.0
195,194,25,12,104,822,3.889294403892944,0.43636363636363634,0.34960767218831734,0.7280184293926266,0.0,1.0
196,195,35,9,945,32,4.0625,0.6181818181818182,0.005231037489102006,0.7718948469976905,1.0,0.0
197,196,18,14,100,22,3.909090909090909,0.3090909090909091,0.0008718395815170022,0.7330332773462105,0.0,1.0
198,197,25,12,551,379,3.7493403693931397,0.43636363636363634,0.15649520488230168,0.692565292766305,0.0,1.0
199,198,18,4,837,402,3.2761194029850746,0.3090909090909091,0.1665213600697472,0.5726890231291579,0.0,1.0
200,199,18,4,843,26,3.423076923076923,0.3090909090909091,0.002615518744551003,0.6099162817551963,1.0,0.0
201,200,35,2,551,87,3.954022988505747,0.6181818181818182,0.029206625980819533,0.7444154654774231,1.0,0.0
202,201,18,4,537,670,3.2492537313432837,0.3090909090909091,0.28334786399302525,0.5658834149115853,0.0,1.0
203,202,18,4,537,127,2.2913385826771653,0.3090909090909091,0.046643417611159546,0.3232244821879944,1.0,0.0
204,203,25,7,921,446,3.5560538116591927,0.43636363636363634,0.1857018308631212,0.6436019687444982,0.0,1.0
205,204,35,12,973,153,4.0588235294117645,0.6181818181818182,0.057977332170880566,0.7709635239777204,0.0,1.0
206,205,25,17,201,30,3.066666666666667,0.43636363636363634,0.004359197907585006,0.5196304849884528,0.0,1.0
207,206,25,12,941,23,3.5217391304347827,0.43636363636363634,0.0013077593722755024,0.6349093784516519,0.0,1.0
208,207,35,17,554,184,3.652173913043478,0.6181818181818182,0.07149084568439408,0.6679510995079827,0.0,1.0
209,208,35,1,900,25,3.16,0.6181818181818182,0.002179598953792503,0.5432736720554273,0.0,1.0
210,209,1,10,258,110,4.027272727272727,0.0,0.039232781168265035,0.7629710791517952,1.0,0.0
211,210,45,17,906,35,3.857142857142857,0.7999999999999999,0.006538796861377507,0.7198738040250743,0.0,1.0
212,211,25,16,537,110,3.8545454545454545,0.43636363636363634,0.039232781168265035,0.7192158303590175,0.0,1.0
213,212,18,4,16,22,4.2272727272727275,0.3090909090909091,0.0008718395815170022,0.8136350514381694,1.0,0.0
214,213,18,20,802,166,3.1626506024096384,0.3090909090909091,0.06364428945074108,0.5439451222905479,0.0,1.0
215,214,35,14,920,34,4.5588235294117645,0.6181818181818182,0.006102877070619007,0.8976234546936557,0.0,1.0
216,215,45,13,527,794,3.2317380352644838,0.7999999999999999,0.3374019180470793,0.561446341208021,0.0,1.0
217,216,18,4,229,20,3.7,0.3090909090909091,0.0,0.6800663972286375,0.0,1.0
218,217,35,14,958,86,3.0930232558139537,0.6181818181818182,0.028770706190061033,0.5263071324990602,0.0,1.0
219,218,25,4,551,36,3.3333333333333335,0.43636363636363634,0.006974716652136007,0.5871824480369516,1.0,0.0
220,219,25,12,229,102,4.215686274509804,0.43636363636363634,0.03574542284219703,0.8106999728297786,0.0,1.0
221,220,25,0,940,29,3.2413793103448274,0.43636363636363634,0.003923278116826506,0.5638886676754001,1.0,0.0
222,221,25,1,551,80,4.0875,0.43636363636363634,0.026155187445510025,0.7782278435334875,0.0,1.0
223,222,25,17,282,256,3.44140625,0.43636363636363634,0.10287707061900611,0.6145594643114897,0.0,1.0
224,223,18,4,148,204,3.4019607843137254,0.3090909090909091,0.08020924149956409,0.6045671444097269,1.0,0.0
225,224,25,7,112,508,3.4330708661417324,0.43636363636363634,0.21272885789014823,0.6124479460275318,0.0,1.0
226,225,35,1,945,21,3.5714285714285716,0.6181818181818182,0.00043591979075850197,0.6474967007588256,0.0,1.0
227,226,35,20,902,28,3.2857142857142856,0.6181818181818182,0.0034873583260680054,0.5751195974925767,0.0,1.0
228,227,25,15,554,31,4.0,0.43636363636363634,0.004795117698343506,0.7560623556581987,0.0,1.0
229,228,18,10,45,212,3.4292452830188678,0.3090909090909091,0.08369659982563209,0.6114788498409517,0.0,1.0
230,229,45,1,432,179,4.094972067039106,0.7999999999999999,0.06931124673060157,0.7801206665204434,0.0,1.0
231,230,25,3,554,97,4.22680412371134,0.43636363636363634,0.03356582388840454,0.8135163448489322,0.0,1.0
232,231,25,20,554,90,3.566666666666667,0.43636363636363634,0.030514385353095034,0.646290415704388,0.0,1.0
233,232,45,20,379,53,4.584905660377358,0.7999999999999999,0.014385353095030515,0.9042305764957079,1.0,0.0
234,233,35,7,396,29,4.310344827586207,0.6181818181818182,0.003923278116826506,0.8346788643784344,0.0,1.0
235,234,25,0,981,440,4.086363636363636,0.43636363636363634,0.18308631211857018,0.7779399800545874,0.0,1.0
236,235,25,5,551,62,3.693548387096774,0.43636363636363634,0.01830863121185702,0.6784320755419802,0.0,1.0
237,236,25,6,468,166,3.4036144578313254,0.43636363636363634,0.06364428945074108,0.604986052756059,0.0,1.0
238,237,50,7,902,258,3.7868217054263567,0.8909090909090909,0.10374891020052311,0.7020600596165208,1.0,0.0
239,238,18,19,946,71,4.140845070422535,0.3090909090909091,0.022231909328683522,0.7917412093809972,0.0,1.0
240,239,50,17,551,143,3.300699300699301,0.8909090909090909,0.05361813426329555,0.5789155994121353,0.0,1.0
241,240,35,20,551,57,3.9649122807017543,0.6181818181818182,0.01612903225806452,0.7471739394676067,0.0,1.0
242,241,18,4,537,273,3.2051282051282053,0.3090909090909091,0.11028770706190062,0.5547055427251733,1.0,0.0
243,242,25,16,115,33,3.606060606060606,0.43636363636363634,0.0056669572798605065,0.6562696829729162,0.0,1.0
244,243,50,7,190,85,4.105882352941176,0.8909090909090909,0.028334786399302533,0.7828844586333379,0.0,1.0
245,244,35,16,660,764,2.6714659685863875,0.6181818181818182,0.3243243243243243,0.41951829891297787,0.0,1.0
246,245,18,4,606,29,4.0,0.3090909090909091,0.003923278116826506,0.7560623556581987,1.0,0.0
247,246,25,17,944,31,3.935483870967742,0.43636363636363634,0.004795117698343506,0.7397191387916264,0.0,1.0
248,247,18,17,727,34,4.205882352941177,0.3090909090909091,0.006102877070619007,0.808216444776525,0.0,1.0
249,248,18,14,481,110,3.9454545454545453,0.3090909090909091,0.039232781168265035,0.7422449086710057,1.0,0.0
250,249,35,16,112,20,3.75,0.6181818181818182,0.0,0.692732390300231,0.0,1.0
251,250,56,17,551,73,3.5753424657534247,0.9999999999999999,0.023103748910200523,0.6484881679268564,0.0,1.0
252,251,25,12,941,60,4.016666666666667,0.43636363636363634,0.01743679163034002,0.7602843533487298,0.0,1.0
253,252,25,11,973,53,3.9245283018867925,0.43636363636363634,0.014385353095030515,0.736943875550133,1.0,0.0
254,253,35,17,490,23,3.782608695652174,0.6181818181818182,0.0013077593722755024,0.7009928205643138,0.0,1.0
255,254,35,0,853,244,4.016393442622951,0.6181818181818182,0.09764603312990411,0.7602151402718358,0.0,1.0
256,255,45,16,550,95,3.8526315789473684,0.7999999999999999,0.03269398430688754,0.7187310076577125,0.0,1.0
257,256,18,18,551,53,4.452830188679245,0.3090909090909091,0.014385353095030515,0.870773236306593,0.0,1.0
258,257,25,7,554,145,3.717241379310345,0.43636363636363634,0.054489973844812564,0.6844339810464284,0.0,1.0
259,258,25,1,606,139,4.0359712230215825,0.43636363636363634,0.05187445510026155,0.7651745808895609,0.0,1.0
260,259,18,19,981,154,3.311688311688312,0.3090909090909091,0.05841325196163906,0.5816993341531449,0.0,1.0
261,260,25,20,758,354,3.5762711864406778,0.43636363636363634,0.14559721011333915,0.6487234313226602,0.0,1.0
262,261,25,1,685,106,3.330188679245283,0.43636363636363634,0.037489102005231034,0.5863858446991155,1.0,0.0
263,262,25,7,223,92,3.6630434782608696,0.43636363636363634,0.03138622493461203,0.6707045762626771,1.0,0.0
264,263,35,0,207,480,2.785416666666667,0.6181818181818182,0.20052310374891022,0.4483842739607391,0.0,1.0
265,264,35,7,551,98,4.1938775510204085,0.6181818181818182,0.03400174367916303,0.805175390017439,1.0,0.0
266,265,35,11,752,50,4.52,0.6181818181818182,0.013077593722755014,0.8877886836027713,0.0,1.0
267,266,45,12,550,131,3.3893129770992365,0.7999999999999999,0.04838709677419355,0.6013632036387356,0.0,1.0
268,267,18,12,297,261,3.3946360153256707,0.3090909090909091,0.10505666957279862,0.6027116349446525,1.0,0.0
269,268,25,2,554,30,3.8,0.43636363636363634,0.004359197907585006,0.7053983833718245,0.0,1.0
270,269,50,14,554,126,4.198412698412699,0.8909090909090909,0.04620749782040105,0.8063242329264271,0.0,1.0
271,270,18,4,482,312,3.9583333333333335,0.3090909090909091,0.12728857890148212,0.7455073614318708,0.0,1.0
272,271,18,0,803,482,3.6535269709543567,0.3090909090909091,0.2013949433304272,0.6682938559504759,0.0,1.0
273,272,18,4,554,187,3.727272727272727,0.3090909090909091,0.07279860505666957,0.6869751207222339,0.0,1.0
274,273,18,4,554,148,4.243243243243243,0.3090909090909091,0.05579773321708806,0.8176807003308157,0.0,1.0
275,274,25,0,481,89,4.247191011235955,0.43636363636363634,0.030078465562336534,0.8186807483716949,0.0,1.0
276,275,45,16,19,23,3.5217391304347827,0.7999999999999999,0.0013077593722755024,0.6349093784516519,0.0,1.0
277,276,35,1,981,22,3.727272727272727,0.6181818181818182,0.0008718395815170022,0.6869751207222339,1.0,0.0
278,277,45,18,604,198,3.9646464646464645,0.7999999999999999,0.07759372275501308,0.7471066029813143,0.0,1.0
279,278,25,14,912,47,2.872340425531915,0.43636363636363634,0.011769834350479513,0.4704037885116211,0.0,1.0
280,279,50,7,191,50,3.94,0.8909090909090909,0.013077593722755014,0.7408631639722865,0.0,1.0
281,280,35,0,941,111,3.891891891891892,0.6181818181818182,0.03966870095902354,0.7286764246925911,1.0,0.0
282,281,25,17,944,29,3.5172413793103448,0.43636363636363634,0.003923278116826506,0.6337700087600542,0.0,1.0
283,282,25,0,100,27,4.962962962962963,0.43636363636363634,0.0030514385353095034,1.0,0.0,1.0
284,283,25,12,919,471,3.021231422505308,0.43636363636363634,0.1965998256320837,0.508120835233374,0.0,1.0
285,284,35,0,941,139,4.16546762589928,0.6181818181818182,0.05187445510026155,0.7979785917224651,1.0,0.0
286,285,25,1,546,43,3.883720930232558,0.43636363636363634,0.010026155187445512,0.7266065578172834,0.0,1.0
287,286,50,13,947,103,3.70873786407767,0.8909090909090909,0.03618134263295554,0.6822798717460034,0.0,1.0
288,287,25,12,971,56,4.589285714285714,0.43636363636363634,0.01569311246730602,0.9053401311448368,1.0,0.0
289,288,25,0,118,74,3.9054054054054053,0.43636363636363634,0.023539668700959023,0.7320996660632919,1.0,0.0
290,289,25,20,945,33,3.303030303030303,0.43636363636363634,0.0056669572798605065,0.5795060885996222,1.0,0.0
291,290,35,12,551,102,4.137254901960785,0.6181818181818182,0.03574542284219703,0.7908317484037497,0.0,1.0
292,291,35,7,194,41,3.7560975609756095,0.6181818181818182,0.009154315605928512,0.6942770236016448,0.0,1.0
293,292,56,1,553,317,3.2460567823343847,0.9999999999999999,0.12946817785527465,0.5650735642316462,0.0,1.0
294,293,45,9,431,49,3.489795918367347,0.7999999999999999,0.012641673931996514,0.6268175283970402,1.0,0.0
295,294,18,0,802,191,3.764397905759162,0.3090909090909091,0.07454228421970358,0.6963796657920511,0.0,1.0
296,295,50,5,894,97,3.597938144329897,0.8909090909090909,0.03356582388840454,0.6542121020928074,0.0,1.0
297,296,18,2,972,89,4.0,0.3090909090909091,0.030078465562336534,0.7560623556581987,0.0,1.0
298,297,18,4,190,27,3.925925925925926,0.3090909090909091,0.0030514385353095034,0.7372979214780602,1.0,0.0
299,298,25,12,973,104,4.163461538461538,0.43636363636363634,0.036617262423714034,0.7974704099307159,0.0,1.0
300,299,25,7,786,249,4.180722891566265,0.43636363636363634,0.0998256320836966,0.8018430535073318,0.0,1.0
301,300,18,4,618,357,3.8011204481792715,0.3090909090909091,0.14690496948561466,0.7056822151493392,0.0,1.0
302,301,18,4,49,788,2.8692893401015227,0.3090909090909091,0.33478639930252835,0.4696308879731773,0.0,1.0
303,302,25,7,200,209,3.861244019138756,0.43636363636363634,0.0823888404533566,0.720912709813585,0.0,1.0
304,303,25,0,554,27,3.5555555555555554,0.43636363636363634,0.0030514385353095034,0.6434757505773672,0.0,1.0
305,304,18,0,554,157,2.5605095541401273,0.3090909090909091,0.05972101133391457,0.39141083538047394,1.0,0.0
306,305,18,0,530,193,3.937823834196891,0.3090909090909091,0.07541412380122059,0.7403118979525901,0.0,1.0
307,306,50,16,900,182,4.593406593406593,0.8909090909090909,0.07061900610287708,0.9063840316727152,0.0,1.0
308,307,25,2,100,557,3.385996409335727,0.43636363636363634,0.23408892763731476,0.600523051152454,0.0,1.0
309,308,25,4,168,123,4.040650406504065,0.43636363636363634,0.044899738448125545,0.7663599110009578,0.0,1.0
310,309,18,4,312,223,3.4260089686098656,0.3090909090909091,0.0884917175239756,0.6106590271233133,1.0,0.0
311,310,18,4,312,20,4.15,0.3090909090909091,0.0,0.7940603348729793,0.0,1.0
312,311,50,2,222,57,3.736842105263158,0.8909090909090909,0.01612903225806452,0.689399234228759,1.0,0.0
313,312,18,4,21,26,4.038461538461538,0.3090909090909091,0.002615518744551003,0.7658054272517321,1.0,0.0
314,313,56,9,469,293,3.696245733788396,0.9999999999999999,0.11900610287707064,0.6791153670321356,1.0,0.0
315,314,56,1,551,22,3.8636363636363638,0.9999999999999999,0.0008718395815170022,0.7215187381902164,1.0,0.0
316,315,56,13,907,77,4.116883116883117,0.9999999999999999,0.024847428073234524,0.7856711706307551,0.0,1.0
317,316,35,7,385,21,3.8095238095238093,0.6181818181818182,0.00043591979075850197,0.7078109534806994,0.0,1.0
318,317,56,13,551,21,3.9523809523809526,0.9999999999999999,0.00043591979075850197,0.743999505113824,1.0,0.0
319,318,50,6,334,721,3.263522884882108,0.8909090909090909,0.30557977332170877,0.5694980749087905,1.0,0.0
320,319,35,6,995,21,4.238095238095238,0.6181818181818182,0.00043591979075850197,0.8163766083800728,0.0,1.0
321,320,18,4,551,222,3.2612612612612613,0.3090909090909091,0.08805579773321709,0.5689251607265464,0.0,1.0
322,321,56,17,551,40,4.45,0.9999999999999999,0.008718395815170008,0.8700562933025406,0.0,1.0
323,322,45,12,537,118,3.788135593220339,0.7999999999999999,0.04272013949433305,0.7023928934904295,0.0,1.0
324,323,35,17,551,76,3.3289473684210527,0.6181818181818182,0.024411508282476024,0.5860713960131275,0.0,1.0
325,324,50,3,551,43,4.046511627906977,0.8909090909090909,0.010026155187445512,0.7678446747945649,1.0,0.0
326,325,50,11,253,379,3.3350923482849604,0.8909090909090909,0.15649520488230168,0.5876280414607543,0.0,1.0
327,326,35,18,554,236,3.669491525423729,0.6181818181818182,0.0941586748038361,0.6723379946764787,0.0,1.0
328,327,35,12,804,62,3.032258064516129,0.6181818181818182,0.01830863121185702,0.5109141026596141,0.0,1.0
329,328,35,7,21,764,2.7264397905759163,0.6181818181818182,0.3243243243243243,0.4334442598817456,0.0,1.0
330,329,56,7,920,76,4.0131578947368425,0.9999999999999999,0.024411508282476024,0.7593955117296707,0.0,1.0
331,330,25,7,559,584,3.7654109589041096,0.43636363636363634,0.24585876198779424,0.6966362922743523,0.0,1.0
332,331,50,1,551,67,4.2835820895522385,0.8909090909090909,0.02048823016564952,0.827899331288132,0.0,1.0
333,332,35,2,554,227,3.352422907488987,0.6181818181818182,0.0902353966870096,0.5920182163168551,0.0,1.0
334,333,56,2,551,61,3.9508196721311477,0.9999999999999999,0.01787271142109852,0.7436040018172871,1.0,0.0
335,334,35,18,554,148,2.5,0.6181818181818182,0.05579773321708806,0.3760825635103926,0.0,1.0
336,335,18,0,987,107,4.308411214953271,0.3090909090909091,0.03792502179598954,0.8341890418941962,0.0,1.0
337,336,18,19,802,198,3.525252525252525,0.3090909090909091,0.07759372275501308,0.6357993911400378,0.0,1.0
338,337,35,7,551,362,3.665745856353591,0.6181818181818182,0.14908456843940715,0.6713891423066617,0.0,1.0
339,338,50,7,802,124,4.024193548387097,0.8909090909090909,0.04533565823888405,0.7621910619831633,0.0,1.0
340,339,25,3,280,108,3.5277777777777777,0.43636363636363634,0.038360941586748035,0.6364390877598153,1.0,0.0
341,340,56,13,921,20,4.2,0.9999999999999999,0.0,0.8067263279445729,1.0,0.0
342,341,18,12,550,123,3.6910569105691056,0.3090909090909091,0.044899738448125545,0.6778009350532305,0.0,1.0
343,342,35,3,551,297,4.047138047138047,0.6181818181818182,0.12074978204010464,0.7680033592273776,1.0,0.0
344,343,35,14,750,90,2.9555555555555557,0.6181818181818182,0.030514385353095034,0.4914838337182449,0.0,1.0
345,344,25,12,941,25,4.4,0.43636363636363634,0.002179598953792503,0.8573903002309471,0.0,1.0
346,345,25,0,551,283,4.307420494699647,0.43636363636363634,0.11464690496948562,0.8339380727768304,1.0,0.0
347,346,56,1,553,99,3.878787878787879,0.9999999999999999,0.03443766346992154,0.725356917908881,1.0,0.0
348,347,50,7,551,100,3.78,0.8909090909090909,0.03487358326068003,0.700331986143187,0.0,1.0
349,348,1,10,80,268,3.25,0.0,0.10810810810810811,0.5660724595842956,0.0,1.0
350,349,45,20,80,64,3.9375,0.7999999999999999,0.01918047079337402,0.7402298643187067,0.0,1.0
351,350,18,4,551,103,3.7572815533980584,0.3090909090909091,0.03618134263295554,0.694576952398036,0.0,1.0
352,351,18,4,601,870,3.4793103448275864,0.3090909090909091,0.37053182214472535,0.6241613243609143,0.0,1.0
353,352,35,7,926,24,3.9166666666666665,0.6181818181818182,0.0017436791630340027,0.7349523672055428,1.0,0.0
354,353,35,1,551,58,3.586206896551724,0.6181818181818182,0.01656495204882302,0.6512403440312178,0.0,1.0
355,354,18,3,551,419,3.4463007159904535,0.3090909090909091,0.17393199651264168,0.6157993297579744,0.0,1.0
356,355,56,20,551,21,4.380952380952381,0.9999999999999999,0.00043591979075850197,0.8525651600131972,0.0,1.0
357,356,18,0,981,58,3.293103448275862,0.3090909090909091,0.01656495204882302,0.5769914191287728,0.0,1.0
358,357,56,1,208,72,3.8472222222222223,0.9999999999999999,0.022667829119442023,0.7173607101616629,1.0,0.0
359,358,25,17,551,49,3.857142857142857,0.43636363636363634,0.012641673931996514,0.7198738040250743,0.0,1.0
360,359,35,17,282,67,3.6417910447761193,0.6181818181818182,0.02048823016564952,0.66532091275723,0.0,1.0
361,360,25,14,941,26,3.5384615384615383,0.43636363636363634,0.002615518744551003,0.6391454965357968,1.0,0.0
362,361,35,20,554,55,3.290909090909091,0.6181818181818182,0.015257192676547515,0.5764355448246904,0.0,1.0
363,362,18,10,554,43,3.744186046511628,0.3090909090909091,0.010026155187445512,0.6912596004081852,0.0,1.0
364,363,35,1,468,28,3.142857142857143,0.6181818181818182,0.0034873583260680054,0.5389310458594524,1.0,0.0
365,364,18,4,21,47,3.3404255319148937,0.3090909090909091,0.011769834350479513,0.5889790427988797,1.0,0.0
366,365,50,15,551,259,4.06949806949807,0.8909090909090909,0.10418482999128162,0.7736675969932323,0.0,1.0
367,366,50,12,554,28,4.25,0.8909090909090909,0.0034873583260680054,0.8193923210161664,0.0,1.0
368,367,25,0,902,320,3.78125,0.43636363636363634,0.13077593722755013,0.700648635969977,0.0,1.0
369,368,35,1,551,87,3.1954022988505746,0.6181818181818182,0.029206625980819533,0.5522417774946246,0.0,1.0
370,369,18,17,223,60,3.75,0.3090909090909091,0.01743679163034002,0.692732390300231,0.0,1.0
371,370,18,4,21,78,3.5,0.3090909090909091,0.025283347863993024,0.6294024249422634,0.0,1.0
372,371,18,4,722,168,4.553571428571429,0.3090909090909091,0.06451612903225808,0.8962929932365558,1.0,0.0
373,372,25,2,553,27,3.5555555555555554,0.43636363636363634,0.0030514385353095034,0.6434757505773672,1.0,0.0
374,373,35,14,553,52,4.403846153846154,0.6181818181818182,0.013949433304272014,0.8583646073903004,1.0,0.0
375,374,25,2,551,51,4.078431372549019,0.43636363636363634,0.013513513513513514,0.7759305800842278,0.0,1.0
376,375,35,1,800,117,4.111111111111111,0.6181818181818182,0.042284219703574544,0.7842090069284064,0.0,1.0
377,376,25,17,554,136,3.9044117647058822,0.43636363636363634,0.050566695727986055,0.7318479571389758,0.0,1.0
378,377,18,0,551,39,3.5128205128205128,0.3090909090909091,0.008282476024411508,0.6326501154734412,1.0,0.0
379,378,35,1,548,64,4.234375,0.6181818181818182,0.01918047079337402,0.8154341981812934,1.0,0.0
380,379,25,2,920,138,3.7246376811594204,0.43636363636363634,0.051438535309503056,0.6863076112059444,0.0,1.0
381,380,35,17,890,35,4.114285714285714,0.6181818181818182,0.006538796861377507,0.7850131969646981,0.0,1.0
382,381,35,20,662,56,4.017857142857143,0.6181818181818182,0.01569311246730602,0.7605859246123394,1.0,0.0
383,382,25,7,787,21,3.5714285714285716,0.43636363636363634,0.00043591979075850197,0.6474967007588256,1.0,0.0
384,383,25,11,550,22,3.590909090909091,0.43636363636363634,0.0008718395815170022,0.6524315032542516,0.0,1.0
385,384,25,6,681,137,3.9562043795620436,0.43636363636363634,0.05100261551874455,0.7449680551575328,0.0,1.0
386,385,25,0,554,260,3.3230769230769233,0.43636363636363634,0.10462074978204011,0.5845842956120093,0.0,1.0
387,386,35,7,551,68,3.676470588235294,0.6181818181818182,0.020924149956408022,0.6741059299008287,1.0,0.0
388,387,25,0,100,59,3.8813559322033897,0.43636363636363634,0.01700087183958152,0.726007456844248,1.0,0.0
389,388,25,6,681,73,3.5616438356164384,0.43636363636363634,0.023103748910200523,0.6450180328387485,0.0,1.0
390,389,25,4,554,214,3.6728971962616823,0.43636363636363634,0.08456843940714909,0.6732007187412317,0.0,1.0
391,390,45,11,221,81,3.728395061728395,0.7999999999999999,0.026591107236268532,0.687259430331024,0.0,1.0
392,391,18,7,200,487,3.4743326488706368,0.3090909090909091,0.20357454228421973,0.6229003751108498,0.0,1.0
393,392,35,17,554,74,3.581081081081081,0.6181818181818182,0.023539668700959023,0.6499418731664691,0.0,1.0
394,393,18,0,550,38,3.3421052631578947,0.3090909090909091,0.007846556233653008,0.5894045520845995,0.0,1.0
395,394,18,5,551,23,3.608695652173913,0.3090909090909091,0.0013077593722755024,0.6569371924892058,0.0,1.0
396,395,25,1,561,173,3.560693641618497,0.43636363636363634,0.06669572798605057,0.6447773298268566,0.0,1.0
397,396,35,17,221,34,3.8823529411764706,0.6181818181818182,0.006102877070619007,0.726260019019155,0.0,1.0
398,397,25,17,554,225,3.8133333333333335,0.43636363636363634,0.0893635571054926,0.7087759815242495,0.0,1.0
399,398,35,6,551,32,4.15625,0.6181818181818182,0.005231037489102006,0.7956435840069285,1.0,0.0
400,399,18,3,554,40,3.875,0.3090909090909091,0.008718395815170008,0.7243973729792148,1.0,0.0
401,400,18,0,551,78,3.871794871794872,0.3090909090909091,0.025283347863993024,0.7235854503464204,0.0,1.0
402,401,25,11,554,284,3.591549295774648,0.43636363636363634,0.11508282476024412,0.6525936798620825,0.0,1.0
403,402,18,4,21,280,3.8035714285714284,0.3090909090909091,0.11333914559721012,0.7063030971626526,0.0,1.0
404,403,18,4,101,50,4.14,0.3090909090909091,0.013077593722755014,0.7915271362586604,0.0,1.0
405,404,56,1,130,49,3.795918367346939,0.9999999999999999,0.012641673931996514,0.7043644247537353,0.0,1.0
406,405,25,20,551,147,3.306122448979592,0.43636363636363634,0.055361813426329565,0.5802893905830231,0.0,1.0
407,406,18,17,895,32,3.4375,0.3090909090909091,0.005231037489102006,0.6135699336027715,0.0,1.0
408,407,25,11,21,156,4.352564102564102,0.43636363636363634,0.05928509154315606,0.8453738452655888,0.0,1.0
409,408,18,12,551,297,3.9158249158249157,0.3090909090909091,0.12074978204010464,0.7347391349989503,0.0,1.0
410,409,25,1,554,96,3.96875,0.43636363636363634,0.03312990409764603,0.7481461099884528,1.0,0.0
411,410,45,1,432,635,3.280314960629921,0.7999999999999999,0.26809067131647774,0.5737518412103799,1.0,0.0
412,411,35,15,551,476,4.401260504201681,0.6181818181818182,0.19877942458587622,0.857709610980651,0.0,1.0
413,412,25,11,554,99,4.404040404040404,0.43636363636363634,0.03443766346992154,0.8584138148225908,0.0,1.0
414,413,25,0,553,57,3.0701754385964914,0.43636363636363634,0.01612903225806452,0.520519326607512,0.0,1.0
415,414,35,0,554,271,3.874538745387454,0.6181818181818182,0.10941586748038362,0.7242805280246798,1.0,0.0
416,415,45,14,550,62,3.7580645161290325,0.7999999999999999,0.01830863121185702,0.6947752924085526,0.0,1.0
417,416,25,0,506,22,4.045454545454546,0.43636363636363634,0.0008718395815170022,0.767576894814193,1.0,0.0
418,417,25,3,540,51,3.549019607843137,0.43636363636363634,0.013513513513513514,0.6418200652085315,1.0,0.0
419,418,18,3,554,108,3.962962962962963,0.3090909090909091,0.038360941586748035,0.7466801385681294,0.0,1.0
420,419,35,1,554,64,4.359375,0.6181818181818182,0.01918047079337402,0.8470991808602772,0.0,1.0
421,420,45,3,551,20,4.25,0.7999999999999999,0.0,0.8193923210161664,1.0,0.0
422,421,56,17,551,47,3.297872340425532,0.9999999999999999,0.011769834350479513,0.5781994742273108,0.0,1.0
423,422,18,4,554,64,2.5,0.3090909090909091,0.01918047079337402,0.3760825635103926,0.0,1.0
424,423,25,17,551,1226,3.735725938009788,0.43636363636363634,0.5257192676547516,0.6891164868948005,0.0,1.0
425,424,25,12,553,189,3.6613756613756614,0.43636363636363634,0.07367044463818657,0.6702820851204224,0.0,1.0
426,425,18,4,554,239,3.7573221757322175,0.3090909090909091,0.0954664341761116,0.6945872428420962,0.0,1.0
427,426,35,12,551,27,4.111111111111111,0.6181818181818182,0.0030514385353095034,0.7842090069284064,0.0,1.0
428,427,18,4,554,50,3.9,0.3090909090909091,0.013077593722755014,0.7307303695150116,1.0,0.0
429,428,18,0,549,346,3.346820809248555,0.3090909090909091,0.14210985178727115,0.5905990935668612,0.0,1.0
430,429,18,10,553,63,3.9682539682539684,0.3090909090909091,0.01874455100261552,0.7480204552952823,1.0,0.0
431,430,18,10,553,84,3.630952380952381,0.3090909090909091,0.027898866608544032,0.662575263939294,0.0,1.0
432,431,45,16,553,73,2.9863013698630136,0.7999999999999999,0.023103748910200523,0.4992723591382202,0.0,1.0
433,432,50,6,551,46,3.391304347826087,0.8909090909090909,0.011333914559721013,0.6018676573953209,0.0,1.0
434,433,45,3,981,43,4.023255813953488,0.7999999999999999,0.010026155187445512,0.7619535152263817,1.0,0.0
435,434,25,7,551,132,3.8333333333333335,0.43636363636363634,0.048823016564952054,0.7138423787528869,0.0,1.0
436,435,18,4,430,133,3.8345864661654137,0.3090909090909091,0.04925893635571055,0.7141598221882652,0.0,1.0
437,436,35,17,550,52,4.3076923076923075,0.6181818181818182,0.013949433304272014,0.8340069284064666,0.0,1.0
438,437,18,11,537,602,3.528239202657807,0.3090909090909091,0.25370531822144726,0.6365559758464856,0.0,1.0
439,438,35,14,551,92,3.902173913043478,0.6181818181818182,0.03138622493461203,0.7312810648659505,0.0,1.0
440,439,56,1,329,29,3.586206896551724,0.9999999999999999,0.003923278116826506,0.6512403440312178,0.0,1.0
441,440,35,1,551,47,3.9574468085106385,0.6181818181818182,0.011769834350479513,0.7452827870866297,0.0,1.0
442,441,25,1,551,423,3.8486997635933804,0.43636363636363634,0.17567567567567569,0.7177350007370645,0.0,1.0
443,442,25,3,554,34,3.823529411764706,0.43636363636363634,0.006102877070619007,0.7113588506996333,0.0,1.0
444,443,56,0,551,120,4.0,0.9999999999999999,0.04359197907585005,0.7560623556581987,0.0,1.0
445,444,45,12,551,286,3.3181818181818183,0.7999999999999999,0.11595466434176112,0.5833442683182869,0.0,1.0
446,445,50,0,550,51,4.8431372549019605,0.8909090909090909,0.013513513513513514,0.9696457682380111,1.0,0.0
447,446,45,11,551,37,4.837837837837838,0.7999999999999999,0.0074106364428945075,0.9683033206416578,1.0,0.0
448,447,25,17,801,23,3.4347826086956523,0.43636363636363634,0.0013077593722755024,0.6128815644140979,0.0,1.0
449,448,25,7,850,54,3.7222222222222223,0.43636363636363634,0.014821272885789015,0.685695727482679,0.0,1.0
450,449,45,1,245,51,4.196078431372549,0.7999999999999999,0.013513513513513514,0.8057329167232714,0.0,1.0
451,450,56,13,547,209,4.511961722488039,0.9999999999999999,0.0823888404533566,0.8857524282572904,0.0,1.0
452,451,50,17,551,132,4.431818181818182,0.8909090909090909,0.048823016564952054,0.8654504776401428,0.0,1.0
453,452,18,4,551,394,3.66497461928934,0.3090909090909091,0.16303400174367919,0.6711937726404146,0.0,1.0
454,453,25,20,550,266,3.218045112781955,0.43636363636363634,0.10723626852659111,0.5579776519821494,0.0,1.0
455,454,35,2,551,25,4.2,0.6181818181818182,0.002179598953792503,0.8067263279445729,1.0,0.0
456,455,35,0,551,157,3.394904458598726,0.6181818181818182,0.05972101133391457,0.6027796369573852,0.0,1.0
457,456,18,4,547,237,3.7130801687763713,0.3090909090909091,0.0945945945945946,0.6833798637705734,0.0,1.0
458,457,50,16,554,43,3.5348837209302326,0.8909090909090909,0.010026155187445512,0.6382391642945379,0.0,1.0
459,458,18,4,551,32,3.6875,0.3090909090909091,0.005231037489102006,0.6768998989607391,1.0,0.0
460,459,45,18,553,47,3.3617021276595747,0.7999999999999999,0.011769834350479513,0.5943688270846642,0.0,1.0
461,460,50,7,550,512,3.224609375,0.8909090909090909,0.21447253705318223,0.559640509977627,0.0,1.0
462,461,18,16,554,177,3.536723163841808,0.3090909090909091,0.06843940714908457,0.63870513171801,0.0,1.0
463,462,25,7,551,123,3.0,0.43636363636363634,0.044899738448125545,0.502742494226328,0.0,1.0
464,463,18,4,554,82,3.6097560975609757,0.3090909090909091,0.027027027027027032,0.6572058243677126,1.0,0.0
465,464,18,19,945,37,3.5405405405405403,0.3090909090909091,0.0074106364428945075,0.6396721490543662,0.0,1.0
466,465,25,5,554,199,4.14070351758794,0.43636363636363634,0.07802964254577159,0.7917053512365524,0.0,1.0
467,466,35,3,550,69,3.2028985507246377,0.6181818181818182,0.021360069747166522,0.5541407269806206,1.0,0.0
468,467,1,10,550,26,3.730769230769231,0.0,0.002615518744551003,0.6878608545034642,1.0,0.0
469,468,35,6,551,49,4.326530612244898,0.6181818181818182,0.012641673931996514,0.8387790451053403,0.0,1.0
470,469,1,10,550,68,3.8088235294117645,0.0,0.020924149956408022,0.7076335586197527,1.0,0.0
471,470,35,7,89,105,3.6285714285714286,0.6181818181818182,0.03705318221447254,0.6619721214120753,0.0,1.0
472,471,35,0,554,45,4.022222222222222,0.6181818181818182,0.010897994768962513,0.7616916859122402,0.0,1.0
473,472,18,4,551,49,4.163265306122449,0.3090909090909091,0.012641673931996514,0.7974207003817695,1.0,0.0
474,473,25,17,921,318,3.380503144654088,0.43636363636363634,0.12990409764603314,0.5991314981044926,0.0,1.0
475,474,25,2,554,247,3.8299595141700404,0.43636363636363634,0.0989537925021796,0.7129877233499453,1.0,0.0
476,475,35,0,551,431,3.8375870069605567,0.6181818181818182,0.1791630340017437,0.7149199187667116,0.0,1.0
477,476,35,14,554,211,3.5829383886255926,0.6181818181818182,0.0832606800348736,0.650412366056281,0.0,1.0
478,477,50,16,551,46,3.869565217391304,0.8909090909090909,0.011333914559721013,0.7230206346018677,0.0,1.0
479,478,25,12,550,93,3.827956989247312,0.43636363636363634,0.03182214472537054,0.7124804440140059,0.0,1.0
480,479,18,4,554,107,3.411214953271028,0.3090909090909091,0.03792502179598954,0.606911409207658,1.0,0.0
481,480,45,7,551,198,3.696969696969697,0.7999999999999999,0.07759372275501308,0.6792987612849045,0.0,1.0
482,481,25,14,553,825,3.2606060606060607,0.43636363636363634,0.35091543156059285,0.568759185387361,0.0,1.0
483,482,18,12,551,29,2.9310344827586206,0.3090909090909091,0.003923278116826506,0.4852721589551645,0.0,1.0
484,483,1,10,551,34,3.735294117647059,0.0,0.006102877070619007,0.6890070982203506,1.0,0.0
485,484,56,7,550,45,4.044444444444444,0.9999999999999999,0.010897994768962513,0.7673210161662818,0.0,1.0
486,485,56,0,913,39,4.051282051282051,0.9999999999999999,0.008282476024411508,0.7690531177829099,0.0,1.0
487,486,35,17,550,50,3.34,0.6181818181818182,0.013077593722755014,0.588871247113164,1.0,0.0
488,487,25,12,551,25,3.56,0.43636363636363634,0.002179598953792503,0.6446016166281756,0.0,1.0
489,488,18,4,554,24,3.3333333333333335,0.3090909090909091,0.0017436791630340027,0.5871824480369516,0.0,1.0
490,489,1,10,553,77,3.7662337662337664,0.0,0.024847428073234524,0.6968447257130861,0.0,1.0
491,490,18,4,560,25,3.68,0.3090909090909091,0.002179598953792503,0.6750000000000002,0.0,1.0
492,491,25,12,551,32,3.9375,0.43636363636363634,0.005231037489102006,0.7402298643187067,0.0,1.0
493,492,50,7,550,158,3.848101265822785,0.8909090909090909,0.06015693112467306,0.71758338936475,0.0,1.0
494,493,35,0,178,191,4.157068062827225,0.6181818181818182,0.07454228421970358,0.7958508155689636,1.0,0.0
495,494,18,10,554,44,3.7954545454545454,0.3090909090909091,0.010462074978204013,0.7042469294562251,0.0,1.0
496,495,18,4,554,119,4.294117647058823,0.3090909090909091,0.043156059285091544,0.8305681972558077,0.0,1.0
497,496,25,17,554,24,3.5833333333333335,0.43636363636363634,0.0017436791630340027,0.6505124133949193,1.0,0.0
498,497,35,17,551,172,3.6511627906976742,0.6181818181818182,0.06625980819529208,0.6676949621354531,0.0,1.0
499,498,25,1,551,199,3.9748743718592965,0.43636363636363634,0.07802964254577159,0.749697535019207,1.0,0.0
500,499,18,2,551,101,3.633663366336634,0.3090909090909091,0.03530950305143854,0.6632620103811768,1.0,0.0
501,500,25,2,553,67,3.417910447761194,0.43636363636363634,0.02048823016564952,0.6086075109441247,0.0,1.0
502,501,35,6,551,24,4.083333333333333,0.6181818181818182,0.0017436791630340027,0.7771723441108545,0.0,1.0
503,502,35,11,731,29,4.448275862068965,0.6181818181818182,0.003923278116826506,0.8696195349207614,0.0,1.0
504,503,25,2,170,108,3.8055555555555554,0.43636363636363634,0.038360941586748035,0.7068057159353349,0.0,1.0
505,504,35,17,378,115,4.217391304347826,0.6181818181818182,0.04141238012205754,0.8111318907520837,0.0,1.0
506,505,25,16,551,90,3.422222222222222,0.43636363636363634,0.030514385353095034,0.6096997690531178,0.0,1.0
507,506,25,0,554,42,3.9523809523809526,0.43636363636363634,0.009590235396687012,0.743999505113824,1.0,0.0
508,507,25,12,554,149,3.3221476510067114,0.43636363636363634,0.056233653007846565,0.5843488925399508,0.0,1.0
509,508,25,2,551,723,3.3139695712309822,0.43636363636363634,0.3064516129032258,0.5822772225043843,0.0,1.0
510,509,18,12,551,99,3.8282828282828283,0.3090909090909091,0.03443766346992154,0.712562985513332,0.0,1.0
511,510,45,4,152,27,3.740740740740741,0.7999999999999999,0.0030514385353095034,0.6903868360277138,1.0,0.0
512,511,35,0,553,37,3.8378378378378377,0.6181818181818182,0.0074106364428945075,0.7149834592097872,0.0,1.0
513,512,25,0,551,156,3.1474358974358974,0.43636363636363634,0.05928509154315606,0.5400909353348731,0.0,1.0
514,513,25,2,551,79,4.2025316455696204,0.43636363636363634,0.025719267654751524,0.8073676440494637,0.0,1.0
515,514,25,1,554,162,3.728395061728395,0.43636363636363634,0.061900610287707075,0.687259430331024,0.0,1.0
516,515,56,14,550,294,2.931972789115646,0.9999999999999999,0.11944202266782913,0.48550985059150686,1.0,0.0
517,516,25,14,554,166,3.963855421686747,0.43636363636363634,0.06364428945074108,0.7469062160883719,1.0,0.0
518,517,35,12,752,253,4.3478260869565215,0.6181818181818182,0.1015693112467306,0.8441736118084144,1.0,0.0
519,518,35,14,550,45,3.3777777777777778,0.6181818181818182,0.010897994768962513,0.5984411085450347,1.0,0.0
520,519,35,20,551,314,3.9363057324840764,0.6181818181818182,0.12816041848299914,0.7399273326370605,1.0,0.0
521,520,56,7,551,41,4.2926829268292686,0.9999999999999999,0.009154315605928512,0.8302047541260633,0.0,1.0
522,521,25,12,551,58,3.8448275862068964,0.43636363636363634,0.01656495204882302,0.7167541012980808,0.0,1.0
523,522,50,7,551,100,4.06,0.8909090909090909,0.03487358326068003,0.7712615473441109,0.0,1.0
524,523,18,0,913,1016,3.608267716535433,0.3090909090909091,0.43417611159546643,0.6568287878925643,0.0,1.0
525,524,35,6,190,40,4.025,0.6181818181818182,0.008718395815170008,0.7623953521939955,0.0,1.0
526,525,45,17,948,58,3.896551724137931,0.7999999999999999,0.01656495204882302,0.7298568527514534,0.0,1.0
527,526,25,2,112,25,4.08,0.43636363636363634,0.002179598953792503,0.7763279445727485,1.0,0.0
528,527,18,17,838,580,3.3551724137931034,0.3090909090909091,0.24411508282476027,0.59271472087282,1.0,0.0
529,528,35,12,920,122,4.19672131147541,0.6181818181818182,0.04446381865736705,0.8058957710218455,0.0,1.0
530,529,25,2,100,105,4.0,0.43636363636363634,0.03705318221447254,0.7560623556581987,0.0,1.0
531,530,18,14,222,867,3.1591695501730106,0.3090909090909091,0.36922406277244985,0.5430633026203282,1.0,0.0
532,531,25,7,943,43,3.86046511627907,0.43636363636363634,0.010026155187445512,0.7207153982491005,0.0,1.0
533,532,25,12,275,591,3.3401015228426396,0.43636363636363634,0.24891020052310378,0.5888969648655936,0.0,1.0
534,533,25,15,559,103,3.7475728155339807,0.43636363636363634,0.03618134263295554,0.6921175362676294,0.0,1.0
535,534,35,6,953,21,3.5714285714285716,0.6181818181818182,0.00043591979075850197,0.6474967007588256,0.0,1.0
536,535,25,20,12,210,3.942857142857143,0.43636363636363634,0.08282476024411509,0.741586935004949,0.0,1.0
537,536,45,14,77,98,4.3061224489795915,0.7999999999999999,0.03400174367916303,0.8336092520148937,0.0,1.0
538,537,56,16,954,48,4.458333333333333,0.9999999999999999,0.012205754141238014,0.8721672921478061,0.0,1.0
539,538,25,2,551,132,3.9242424242424243,0.43636363636363634,0.048823016564952054,0.7368714570648751,0.0,1.0
540,539,18,1,152,39,3.230769230769231,0.3090909090909091,0.008282476024411508,0.561200923787529,0.0,1.0
541,540,18,4,584,190,3.1894736842105265,0.3090909090909091,0.07410636442894508,0.5507399416555245,1.0,0.0
542,541,18,4,787,34,3.764705882352941,0.3090909090909091,0.006102877070619007,0.6964576823801114,0.0,1.0
543,542,25,5,550,671,4.078986587183309,0.43636363636363634,0.28378378378378377,0.7760712269784509,0.0,1.0
544,543,35,12,945,81,3.7777777777777777,0.6181818181818182,0.026591107236268532,0.6997690531177829,0.0,1.0
545,544,35,17,18,29,3.4827586206896552,0.6181818181818182,0.003923278116826506,0.6250348411244725,0.0,1.0
546,545,25,0,372,220,3.231818181818182,0.43636363636363634,0.08718395815170009,0.561466643921898,1.0,0.0
547,546,35,12,761,78,3.858974358974359,0.6181818181818182,0.025283347863993024,0.7203377598152426,0.0,1.0
548,547,35,16,968,118,3.093220338983051,0.6181818181818182,0.04272013949433305,0.5263570575801465,1.0,0.0
549,548,25,6,532,1152,3.7569444444444446,0.43636363636363634,0.49346120313862246,0.6944915560046191,0.0,1.0
550,549,45,8,215,967,3.578076525336091,0.7999999999999999,0.4128160418482999,0.6491807595214838,0.0,1.0
551,550,35,20,551,228,3.8201754385964914,0.6181818181818182,0.0906713164777681,0.7105092226814149,0.0,1.0
552,551,50,18,234,97,3.7628865979381443,0.8909090909090909,0.03356582388840454,0.6959968215042499,0.0,1.0
553,552,25,2,941,64,4.15625,0.43636363636363634,0.01918047079337402,0.7956435840069285,0.0,1.0
554,553,25,12,940,43,3.511627906976744,0.43636363636363634,0.010026155187445512,0.6323480047263549,0.0,1.0
555,554,18,4,532,38,3.8157894736842106,0.3090909090909091,0.007846556233653008,0.7093981706575909,0.0,1.0
556,555,25,9,372,232,3.5,0.43636363636363634,0.0924149956408021,0.6294024249422634,1.0,0.0
557,556,56,1,300,58,3.8793103448275863,0.9999999999999999,0.01656495204882302,0.7254892689336626,0.0,1.0
558,557,35,20,551,291,3.6804123711340204,0.6181818181818182,0.11813426329555363,0.6751044617985286,0.0,1.0
559,558,25,7,604,21,3.0,0.43636363636363634,0.00043591979075850197,0.502742494226328,1.0,0.0
560,559,45,15,813,137,3.897810218978102,0.7999999999999999,0.05100261551874455,0.7301756544899783,0.0,1.0
561,560,18,14,640,36,3.7222222222222223,0.3090909090909091,0.006974716652136007,0.685695727482679,1.0,0.0
562,561,35,20,480,37,3.7027027027027026,0.6181818181818182,0.0074106364428945075,0.6807510455027777,0.0,1.0
563,562,25,4,537,346,2.7023121387283235,0.43636363636363634,0.14210985178727115,0.427332246459037,0.0,1.0
564,563,45,1,494,50,4.0,0.7999999999999999,0.013077593722755014,0.7560623556581987,0.0,1.0
565,564,25,16,452,25,3.44,0.43636363636363634,0.002179598953792503,0.6142032332563511,0.0,1.0
566,565,25,17,921,534,2.6273408239700373,0.43636363636363634,0.22406277244986925,0.4083405233931028,0.0,1.0
567,566,35,20,525,72,4.583333333333333,0.6181818181818182,0.022667829119442023,0.9038322748267897,0.0,1.0
568,567,50,17,197,25,4.44,0.8909090909090909,0.002179598953792503,0.867523094688222,1.0,0.0
569,568,18,4,973,125,3.52,0.3090909090909091,0.045771578029642546,0.6344688221709007,1.0,0.0
570,569,25,4,333,237,3.329113924050633,0.43636363636363634,0.0945945945945946,0.5861135878621335,0.0,1.0
571,570,50,5,954,146,3.7054794520547945,0.8909090909090909,0.05492589363557106,0.6814544512638806,0.0,1.0
572,571,18,4,618,20,3.05,0.3090909090909091,0.0,0.5154084872979214,0.0,1.0
573,572,35,2,981,36,3.9722222222222223,0.6181818181818182,0.006974716652136007,0.7490256928406467,1.0,0.0
574,573,25,19,902,21,4.095238095238095,0.43636363636363634,0.00043591979075850197,0.7801880567469481,0.0,1.0
575,574,25,12,921,163,3.6564417177914113,0.43636363636363634,0.06233653007846557,0.6690322192153475,0.0,1.0
576,575,45,15,209,57,3.6666666666666665,0.7999999999999999,0.01612903225806452,0.671622401847575,1.0,0.0
577,576,35,0,21,158,4.487341772151899,0.6181818181818182,0.06015693112467306,0.8795157058496799,0.0,1.0
578,577,18,17,900,28,3.9642857142857144,0.3090909090909091,0.0034873583260680054,0.7470152177499176,0.0,1.0
579,578,25,5,328,69,3.8550724637681157,0.43636363636363634,0.021360069747166522,0.7193493322622754,0.0,1.0
580,579,1,10,85,46,3.347826086956522,0.0,0.011333914559721013,0.590853750376544,0.0,1.0
581,580,50,14,735,48,3.6666666666666665,0.8909090909090909,0.012205754141238014,0.671622401847575,0.0,1.0
582,581,18,4,670,78,4.282051282051282,0.3090909090909091,0.025283347863993024,0.8275115473441108,0.0,1.0
583,582,25,0,480,174,4.040229885057471,0.43636363636363634,0.06713164777680908,0.7662533845663773,1.0,0.0
584,583,25,0,944,38,4.2894736842105265,0.43636363636363634,0.007846556233653008,0.8293917892305824,1.0,0.0
585,584,18,1,537,148,3.4662162162162162,0.3090909090909091,0.05579773321708806,0.6208443215155109,0.0,1.0
586,585,35,14,530,35,4.485714285714286,0.6181818181818182,0.006538796861377507,0.8791034312108217,0.0,1.0
587,586,25,20,926,385,3.0077922077922077,0.43636363636363634,0.15911072362685266,0.5047164152244984,0.0,1.0
588,587,25,11,232,453,4.057395143487859,0.43636363636363634,0.1887532693984307,0.7706016854534052,1.0,0.0
589,588,18,2,902,27,4.0,0.3090909090909091,0.0030514385353095034,0.7560623556581987,0.0,1.0
590,589,35,6,980,166,4.13855421686747,0.6181818181818182,0.06364428945074108,0.7911608906758676,1.0,0.0
591,590,25,0,762,242,3.231404958677686,0.43636363636363634,0.09677419354838711,0.5613619662932072,0.0,1.0
592,591,18,0,921,23,4.391304347826087,0.3090909090909091,0.0013077593722755024,0.8551875188271916,0.0,1.0
593,592,50,1,917,106,3.641509433962264,0.8909090909090909,0.037489102005231034,0.6652495751448865,1.0,0.0
594,593,56,13,600,159,4.29559748427673,0.9999999999999999,0.06059285091543157,0.8309430694147895,1.0,0.0
595,594,25,7,100,100,3.95,0.43636363636363634,0.03487358326068003,0.7433963625866051,0.0,1.0
596,595,25,1,19,42,2.9523809523809526,0.43636363636363634,0.009590235396687012,0.49067964368195327,1.0,0.0
597,596,35,12,802,57,4.473684210526316,0.6181818181818182,0.01612903225806452,0.8760559742311902,0.0,1.0
598,597,35,7,954,38,3.3157894736842106,0.6181818181818182,0.007846556233653008,0.5827382399416556,0.0,1.0
599,598,50,6,537,27,3.8518518518518516,0.8909090909090909,0.0030514385353095034,0.7185334872979214,0.0,1.0
600,599,35,17,662,23,3.652173913043478,0.6181818181818182,0.0013077593722755024,0.6679510995079827,0.0,1.0
601,600,18,20,63,373,3.1501340482573728,0.3090909090909091,0.15387968613775066,0.5407744305270914,1.0,0.0
602,601,56,6,146,154,3.396103896103896,0.9999999999999999,0.05841325196163906,0.6030834782999911,1.0,0.0
603,602,25,6,322,63,3.5238095238095237,0.43636363636363634,0.01874455100261552,0.6354338502144508,1.0,0.0
604,603,45,17,322,287,3.0940766550522647,0.7999999999999999,0.11639058413251963,0.5265739794481415,0.0,1.0
605,604,18,4,444,122,4.049180327868853,0.3090909090909091,0.04446381865736705,0.7685207094991104,1.0,0.0
606,605,1,10,495,33,4.03030303030303,0.0,0.0056669572798605065,0.7637387150955282,1.0,0.0
607,606,25,0,436,25,4.16,0.43636363636363634,0.002179598953792503,0.796593533487298,0.0,1.0
608,607,18,4,180,170,3.1882352941176473,0.3090909090909091,0.06538796861377508,0.5504262328487979,0.0,1.0
609,608,25,7,100,52,4.346153846153846,0.43636363636363634,0.013949433304272014,0.84375,0.0,1.0
610,609,25,4,770,126,3.484126984126984,0.43636363636363634,0.04620749782040105,0.6253814747608051,0.0,1.0
611,610,35,0,207,132,3.9393939393939394,0.6181818181818182,0.048823016564952054,0.7407096367835398,0.0,1.0
612,611,50,7,950,50,3.5,0.8909090909090909,0.013077593722755014,0.6294024249422634,0.0,1.0
613,612,35,20,105,106,3.5849056603773586,0.6181818181818182,0.037489102005231034,0.6509107150638372,0.0,1.0
614,613,35,1,900,54,3.8333333333333335,0.6181818181818182,0.014821272885789015,0.7138423787528869,0.0,1.0
615,614,50,17,329,94,4.127659574468085,0.8909090909090909,0.03225806451612903,0.7884010613729056,0.0,1.0
616,615,25,7,941,44,3.9545454545454546,0.43636363636363634,0.010462074978204013,0.7445478165022046,0.0,1.0
617,616,25,7,921,23,4.086956521739131,0.43636363636363634,0.0013077593722755024,0.7780901696957527,1.0,0.0
618,617,25,0,741,45,3.0,0.43636363636363634,0.010897994768962513,0.502742494226328,0.0,1.0
619,618,18,1,947,22,3.909090909090909,0.3090909090909091,0.0008718395815170022,0.7330332773462105,1.0,0.0
620,619,18,0,132,179,3.3240223463687153,0.3090909090909091,0.06931124673060157,0.5848237901092805,0.0,1.0
621,620,18,4,935,240,3.0416666666666665,0.3090909090909091,0.09590235396687011,0.5132974884526559,0.0,1.0
622,621,25,0,926,57,3.912280701754386,0.43636363636363634,0.01612903225806452,0.7338413151817188,0.0,1.0
623,622,25,17,605,172,4.226744186046512,0.43636363636363634,0.06625980819529208,0.8135011614479832,0.0,1.0
624,623,25,1,752,372,3.6801075268817205,0.43636363636363634,0.15344376634699217,0.6750272386947777,0.0,1.0
625,624,35,12,441,45,4.0,0.6181818181818182,0.010897994768962513,0.7560623556581987,1.0,0.0
626,625,18,4,770,72,4.055555555555555,0.3090909090909091,0.022667829119442023,0.7701356812933025,0.0,1.0
627,626,50,2,972,32,3.5625,0.8909090909090909,0.005231037489102006,0.6452349162817552,0.0,1.0
628,627,35,0,207,52,3.9038461538461537,0.6181818181818182,0.013949433304272014,0.7317046766743649,1.0,0.0
629,628,1,10,481,237,3.371308016877637,0.0,0.0945945945945946,0.5968021896103137,1.0,0.0
630,629,35,14,805,118,4.254237288135593,0.6181818181818182,0.04272013949433305,0.8204657102595219,1.0,0.0
631,630,35,17,286,312,3.7948717948717947,0.6181818181818182,0.12728857890148212,0.7040993071593534,0.0,1.0
632,631,45,17,76,34,3.7941176470588234,0.7999999999999999,0.006102877070619007,0.7039082665398724,0.0,1.0
633,632,25,17,941,43,3.5813953488372094,0.43636363636363634,0.010026155187445512,0.650021483430904,0.0,1.0
634,633,1,10,495,67,4.014925373134329,0.0,0.02048823016564952,0.7598432491124059,1.0,0.0
635,634,56,17,337,177,4.3107344632768365,0.9999999999999999,0.06843940714908457,0.8347775668375936,0.0,1.0
636,635,18,20,920,86,4.058139534883721,0.3090909090909091,0.028770706190061033,0.7707902545786562,0.0,1.0
637,636,35,12,971,377,3.7559681697612732,0.6181818181818182,0.15562336530078466,0.6942442462371586,0.0,1.0
638,637,25,6,775,114,4.175438596491228,0.43636363636363634,0.04097646033129905,0.8005044366111584,0.0,1.0
639,638,45,17,852,400,3.705,0.7999999999999999,0.16564952048823017,0.6813329965357968,0.0,1.0
640,639,18,4,474,21,4.333333333333333,0.3090909090909091,0.00043591979075850197,0.8405023094688222,0.0,1.0
641,640,35,0,551,121,4.008264462809917,0.6181818181818182,0.044027898866608545,0.7581559082320157,1.0,0.0
642,641,35,1,781,27,4.111111111111111,0.6181818181818182,0.0030514385353095034,0.7842090069284064,1.0,0.0
643,642,25,2,231,70,2.7142857142857144,0.43636363636363634,0.021795989537925022,0.4303653909600793,0.0,1.0
644,643,25,20,937,108,3.1203703703703702,0.43636363636363634,0.038360941586748035,0.5332346997690531,0.0,1.0
645,644,35,20,112,44,4.4772727272727275,0.6181818181818182,0.010462074978204013,0.8769650167961369,0.0,1.0
646,645,35,7,85,254,3.8031496062992125,0.6181818181818182,0.10200523103748911,0.706196241203106,0.0,1.0
647,646,35,12,852,231,3.103896103896104,0.6181818181818182,0.0919790758500436,0.5290614408686003,0.0,1.0
648,647,25,12,941,177,3.7231638418079096,0.43636363636363634,0.06843940714908457,0.6859342584256469,1.0,0.0
649,648,25,4,805,71,3.6619718309859155,0.43636363636363634,0.022231909328683522,0.6704331067234819,0.0,1.0
650,649,25,17,494,38,3.8947368421052633,0.43636363636363634,0.007846556233653008,0.7293971070864228,0.0,1.0
651,650,35,7,208,478,3.6129707112970713,0.6181818181818182,0.1996512641673932,0.6580201498738973,0.0,1.0
652,651,18,20,122,132,2.8863636363636362,0.3090909090909091,0.048823016564952054,0.47395614633634264,0.0,1.0
653,652,56,13,926,21,4.142857142857143,0.9999999999999999,0.00043591979075850197,0.7922509072913231,0.0,1.0
654,653,50,7,750,185,3.4324324324324325,0.8909090909090909,0.07192676547515257,0.6122862180887586,0.0,1.0
655,654,25,2,926,412,2.733009708737864,0.43636363636363634,0.17088055797733218,0.43510855064014886,1.0,0.0
656,655,45,16,921,177,3.8700564971751414,0.7999999999999999,0.06843940714908457,0.7231450855286337,1.0,0.0
657,656,50,13,346,59,4.016949152542373,0.8909090909090909,0.01700087183958152,0.7603559126316202,1.0,0.0
658,657,25,0,100,93,3.096774193548387,0.43636363636363634,0.03182214472537054,0.5272573195261864,1.0,0.0
659,658,25,0,281,110,3.7,0.43636363636363634,0.039232781168265035,0.6800663972286375,1.0,0.0
660,659,45,16,705,703,3.0170697012802274,0.7999999999999999,0.2977332170880558,0.5070665885893186,0.0,1.0
661,660,45,1,131,71,4.647887323943662,0.7999999999999999,0.022231909328683522,0.9201850827830726,0.0,1.0
662,661,18,4,991,127,3.141732283464567,0.3090909090909091,0.046643417611159546,0.5386460966339948,0.0,1.0
663,662,25,7,123,112,3.580357142857143,0.43636363636363634,0.04010462074978205,0.6497584852358957,1.0,0.0
664,663,35,18,746,158,4.025316455696203,0.6181818181818182,0.06015693112467306,0.7624755167071069,0.0,1.0
665,664,18,2,133,20,3.5,0.3090909090909091,0.0,0.6294024249422634,0.0,1.0
666,665,18,0,85,103,3.8932038834951457,0.3090909090909091,0.03618134263295554,0.7290087782237271,1.0,0.0
667,666,25,18,984,171,3.0935672514619883,0.43636363636363634,0.06582388840453357,0.5264449374012399,0.0,1.0
668,667,25,3,220,36,3.5833333333333335,0.43636363636363634,0.006974716652136007,0.6505124133949193,1.0,0.0
669,668,25,17,303,419,3.847255369928401,0.43636363636363634,0.17393199651264168,0.7173691071339988,0.0,1.0
670,669,25,12,303,90,3.2444444444444445,0.43636363636363634,0.030514385353095034,0.5646651270207853,0.0,1.0
671,670,18,4,617,135,4.2592592592592595,0.3090909090909091,0.05013077593722755,0.8217378752886837,0.0,1.0
672,671,35,7,468,47,3.872340425531915,0.6181818181818182,0.011769834350479513,0.7237236499434918,0.0,1.0
673,672,25,20,100,403,3.13151364764268,0.43636363636363634,0.16695727986050568,0.5360575132235715,0.0,1.0
674,673,25,17,220,79,4.2784810126582276,0.43636363636363634,0.025719267654751524,0.8266071271961879,0.0,1.0
675,674,25,20,20,42,3.3095238095238093,0.43636363636363634,0.009590235396687012,0.5811510227647642,0.0,1.0
676,675,18,16,551,390,3.128205128205128,0.3090909090909091,0.16129032258064518,0.5352193995381063,0.0,1.0
677,676,50,2,941,205,3.892682926829268,0.8909090909090909,0.08064516129032259,0.728876809553315,0.0,1.0
678,677,25,0,349,999,3.6776776776776776,0.43636363636363634,0.4267654751525719,0.6744117096311092,0.0,1.0
679,678,35,16,296,82,3.926829268292683,0.6181818181818182,0.027027027027027032,0.7375267560412325,0.0,1.0
680,679,25,12,370,35,3.5714285714285716,0.43636363636363634,0.006538796861377507,0.6474967007588256,0.0,1.0
681,680,35,7,305,38,4.2368421052631575,0.6181818181818182,0.007846556233653008,0.8160591649446942,0.0,1.0
682,681,25,4,275,75,4.733333333333333,0.43636363636363634,0.023975588491717523,0.9418302540415706,0.0,1.0
683,682,25,4,275,29,3.586206896551724,0.43636363636363634,0.003923278116826506,0.6512403440312178,0.0,1.0
684,683,25,4,275,38,3.8947368421052633,0.43636363636363634,0.007846556233653008,0.7293971070864228,0.0,1.0
685,684,25,4,275,140,3.2357142857142858,0.43636363636363634,0.052310374891020056,0.5624536044209832,0.0,1.0
686,685,18,4,275,27,3.7777777777777777,0.3090909090909091,0.0030514385353095034,0.6997690531177829,0.0,1.0
687,686,25,7,141,316,3.4873417721518987,0.43636363636363634,0.12903225806451613,0.6261958444178093,1.0,0.0
688,687,56,13,134,36,3.75,0.9999999999999999,0.006974716652136007,0.692732390300231,0.0,1.0
689,688,50,0,481,135,3.3925925925925924,0.8909090909090909,0.05013077593722755,0.6021939953810623,1.0,0.0
690,689,25,12,907,180,4.311111111111111,0.43636363636363634,0.06974716652136008,0.8348729792147807,0.0,1.0
691,690,35,11,968,103,4.174757281553398,0.6181818181818182,0.03618134263295554,0.8003318460055158,0.0,1.0
692,691,25,0,852,631,3.8240887480190175,0.43636363636363634,0.26634699215344376,0.7115005416820693,1.0,0.0
693,692,35,12,981,70,3.8857142857142857,0.6181818181818182,0.021795989537925022,0.7271115143516992,0.0,1.0
694,693,18,4,764,40,3.625,0.3090909090909091,0.008718395815170008,0.6610674076212472,0.0,1.0
695,694,18,1,42,191,3.513089005235602,0.3090909090909091,0.07454228421970358,0.6327181299348271,1.0,0.0
696,695,25,12,941,401,3.802992518703242,0.43636363636363634,0.16608544027898867,0.706156447795062,0.0,1.0
697,696,50,6,973,125,3.8,0.8909090909090909,0.045771578029642546,0.7053983833718245,1.0,0.0
698,697,18,4,764,270,3.551851851851852,0.3090909090909091,0.10897994768962511,0.6425375288683604,0.0,1.0
699,698,18,0,735,674,3.0534124629080117,0.3090909090909091,0.2850915431560593,0.5162729319289204,0.0,1.0
700,699,50,17,146,32,3.875,0.8909090909090909,0.005231037489102006,0.7243973729792148,0.0,1.0
701,700,18,4,10,82,3.5,0.3090909090909091,0.027027027027027032,0.6294024249422634,1.0,0.0
702,701,35,7,908,479,3.3027139874739038,0.6181818181818182,0.2000871839581517,0.5794259595867063,0.0,1.0
703,702,56,1,440,20,4.1,0.9999999999999999,0.0,0.7813943418013856,1.0,0.0
704,703,35,8,857,74,3.081081081081081,0.6181818181818182,0.023539668700959023,0.5232819424505337,1.0,0.0
705,704,25,4,480,132,3.371212121212121,0.43636363636363634,0.048823016564952054,0.5967778973336133,0.0,1.0
706,705,35,20,786,151,3.556291390728477,0.6181818181818182,0.057105492589363566,0.6436621522414084,0.0,1.0
707,706,35,7,177,52,3.6153846153846154,0.6181818181818182,0.013949433304272014,0.6586316397228638,0.0,1.0
708,707,25,0,370,20,3.85,0.43636363636363634,0.0,0.7180643764434181,0.0,1.0
709,708,18,0,926,82,2.8292682926829267,0.3090909090909091,0.027027027027027032,0.45949276178674026,0.0,1.0
710,709,25,20,852,885,3.4271186440677965,0.43636363636363634,0.3770706190061029,0.6109401299565507,0.0,1.0
711,710,25,18,805,143,4.0,0.43636363636363634,0.05361813426329555,0.7560623556581987,0.0,1.0
712,711,25,0,951,282,3.475177304964539,0.43636363636363634,0.11421098517872712,0.6231143432755147,0.0,1.0
713,712,35,7,799,242,3.446280991735537,0.6181818181818182,0.09677419354838711,0.615794333212452,0.0,1.0
714,713,18,4,760,422,4.1635071090047395,0.3090909090909091,0.1752397558849172,0.7974819538544051,0.0,1.0
715,714,18,0,537,98,3.8877551020408165,0.3090909090909091,0.03400174367916303,0.7276284936607439,0.0,1.0
716,715,18,4,981,392,4.198979591836735,0.3090909090909091,0.16216216216216217,0.8064678382900505,0.0,1.0
717,716,25,11,902,39,3.1538461538461537,0.43636363636363634,0.008282476024411508,0.541714780600462,0.0,1.0
718,717,18,2,902,169,3.775147928994083,0.3090909090909091,0.06495204882301657,0.6991028601883107,0.0,1.0
719,718,1,0,750,28,3.5,0.0,0.0034873583260680054,0.6294024249422634,0.0,1.0
720,719,18,0,551,233,2.9098712446351933,0.3090909090909091,0.0928509154315606,0.4799110904062882,0.0,1.0
721,720,35,9,975,666,3.551051051051051,0.6181818181818182,0.2816041848299913,0.642334670120467,1.0,0.0
722,721,25,12,551,55,3.909090909090909,0.43636363636363634,0.015257192676547515,0.7330332773462105,0.0,1.0
723,722,25,12,980,24,3.8333333333333335,0.43636363636363634,0.0017436791630340027,0.7138423787528869,0.0,1.0
724,723,50,13,902,157,3.643312101910828,0.8909090909090909,0.05972101133391457,0.6657062267398245,0.0,1.0
725,724,56,11,89,81,4.197530864197531,0.9999999999999999,0.026591107236268532,0.8061008468052349,0.0,1.0
726,725,25,9,774,73,3.9315068493150687,0.43636363636363634,0.023103748910200523,0.7387116802176596,1.0,0.0
727,726,35,11,940,249,3.6987951807228914,0.6181818181818182,0.0998256320836966,0.6797611925763098,0.0,1.0
728,727,25,6,115,167,3.311377245508982,0.43636363636363634,0.06408020924149957,0.5816205349117008,0.0,1.0
729,728,35,12,852,146,3.5273972602739727,0.6181818181818182,0.05492589363557106,0.636342695118479,0.0,1.0
730,729,25,0,105,53,3.7735849056603774,0.43636363636363634,0.014385353095030515,0.6987069153340015,0.0,1.0
731,730,45,3,554,642,3.778816199376947,0.7999999999999999,0.27114210985178727,0.7000321059333924,0.0,1.0
732,731,25,7,70,175,3.4285714285714284,0.43636363636363634,0.06756756756756757,0.6113081491257011,0.0,1.0
733,732,35,16,300,117,4.05982905982906,0.6181818181818182,0.042284219703574544,0.7712182448036953,0.0,1.0
734,733,25,7,900,44,3.727272727272727,0.43636363636363634,0.010462074978204013,0.6869751207222339,0.0,1.0
735,734,25,14,42,393,3.590330788804071,0.43636363636363634,0.16259808195292066,0.6522850078451422,0.0,1.0
736,735,18,12,70,114,3.9298245614035086,0.3090909090909091,0.04097646033129905,0.7382855232770147,0.0,1.0
737,736,1,19,537,217,3.5668202764976957,0.0,0.0858761987794246,0.6463293281254989,0.0,1.0
738,737,18,17,992,33,3.303030303030303,0.3090909090909091,0.0056669572798605065,0.5795060885996222,0.0,1.0
739,738,35,12,558,127,4.354330708661418,0.6181818181818182,0.046643417611159546,0.8458213616773655,0.0,1.0
740,739,25,14,245,37,4.243243243243243,0.43636363636363634,0.0074106364428945075,0.8176807003308157,0.0,1.0
741,740,25,5,440,77,3.324675324675325,0.43636363636363634,0.024847428073234524,0.5849892024834289,0.0,1.0
742,741,18,0,547,42,3.9523809523809526,0.3090909090909091,0.009590235396687012,0.743999505113824,0.0,1.0
743,742,1,2,606,149,3.38255033557047,0.0,0.056233653007846565,0.599650092223755,1.0,0.0
744,743,25,17,770,297,3.3703703703703702,0.43636363636363634,0.12074978204010464,0.5965646651270208,0.0,1.0
745,744,1,10,900,25,2.64,0.0,0.002179598953792503,0.4115473441108546,0.0,1.0
746,745,18,19,950,424,2.634433962264151,0.3090909090909091,0.17611159546643418,0.4101373562028847,1.0,0.0
747,746,18,4,986,32,3.59375,0.3090909090909091,0.005231037489102006,0.6531511619515012,0.0,1.0
748,747,25,0,600,81,3.9753086419753085,0.43636363636363634,0.026591107236268532,0.7498075442648191,0.0,1.0
749,748,35,18,563,459,3.3246187363834423,0.6181818181818182,0.1913687881429817,0.5849748675451706,0.0,1.0
750,749,35,9,130,56,4.321428571428571,0.6181818181818182,0.01569311246730602,0.8374865968327285,1.0,0.0
751,750,25,17,972,25,3.88,0.43636363636363634,0.002179598953792503,0.7256639722863741,1.0,0.0
752,751,25,3,974,1024,2.8291015625,0.43636363636363634,0.43766346992153443,0.45945052571990475,1.0,0.0
753,752,1,10,427,218,3.7752293577981653,0.0,0.08631211857018309,0.6991234877216773,0.0,1.0
754,753,35,7,380,157,3.7770700636942673,0.6181818181818182,0.05972101133391457,0.6995897750842147,0.0,1.0
755,754,35,0,940,126,4.111111111111111,0.6181818181818182,0.04620749782040105,0.7842090069284064,1.0,0.0
756,755,35,0,900,35,3.9714285714285715,0.6181818181818182,0.006538796861377507,0.7488246453315739,0.0,1.0
757,756,25,12,974,465,3.225806451612903,0.43636363636363634,0.1939843068875327,0.559943753259331,0.0,1.0
758,757,35,7,195,29,4.0,0.6181818181818182,0.003923278116826506,0.7560623556581987,0.0,1.0
759,758,56,3,891,97,3.5876288659793816,0.9999999999999999,0.03356582388840454,0.6516005571295922,1.0,0.0
760,759,56,15,941,64,4.265625,0.9999999999999999,0.01918047079337402,0.8233504438510393,0.0,1.0
761,760,18,7,999,20,4.55,0.3090909090909091,0.0,0.8953882794457275,0.0,1.0
762,761,1,10,630,46,3.717391304347826,0.0,0.011333914559721013,0.6844719600361483,0.0,1.0
763,762,18,10,28,26,3.730769230769231,0.3090909090909091,0.002615518744551003,0.6878608545034642,0.0,1.0
764,763,18,20,852,139,4.525179856115108,0.3090909090909091,0.05187445510026155,0.8891008440360877,0.0,1.0
765,764,25,17,744,402,3.574626865671642,0.43636363636363634,0.1665213600697472,0.6483068922132985,0.0,1.0
766,765,25,7,951,47,3.9361702127659575,0.43636363636363634,0.011769834350479513,0.7398930028008452,1.0,0.0
767,766,25,12,452,170,4.023529411764706,0.43636363636363634,0.06538796861377508,0.7620228229860073,0.0,1.0
768,767,25,12,170,48,4.4375,0.43636363636363634,0.012205754141238014,0.8668897950346421,0.0,1.0
769,768,45,17,24,67,3.8208955223880596,0.7999999999999999,0.02048823016564952,0.7106916342077143,0.0,1.0
770,769,18,4,984,759,2.935441370223979,0.3090909090909091,0.3221447253705318,0.4863885110772349,0.0,1.0
771,770,50,1,750,26,3.769230769230769,0.8909090909090909,0.002615518744551003,0.6976039260969977,1.0,0.0
772,771,18,12,891,98,3.479591836734694,0.3090909090909091,0.03400174367916303,0.6242326318518171,0.0,1.0
773,772,25,6,481,49,3.5918367346938775,0.43636363636363634,0.012641673931996514,0.6526664938492719,0.0,1.0
774,773,18,4,229,224,3.2142857142857144,0.3090909090909091,0.0889276373147341,0.5570253216760146,0.0,1.0
775,774,1,17,562,23,4.0,0.0,0.0013077593722755024,0.7560623556581987,0.0,1.0
776,775,25,3,926,103,3.766990291262136,0.43636363636363634,0.03618134263295554,0.6970363685284424,1.0,0.0
777,776,18,19,875,502,2.5796812749003983,0.3090909090909091,0.2101133391455972,0.3962674130268764,0.0,1.0
778,777,18,17,326,163,3.785276073619632,0.3090909090909091,0.06233653007846557,0.7016685203814166,0.0,1.0
779,778,25,0,601,48,3.3333333333333335,0.43636363636363634,0.012205754141238014,0.5871824480369516,0.0,1.0
780,779,25,17,917,512,3.45703125,0.43636363636363634,0.21447253705318223,0.6185175871463626,0.0,1.0
781,780,18,4,950,234,3.1709401709401708,0.3090909090909091,0.0932868352223191,0.5460450346420324,0.0,1.0
782,781,56,1,282,23,3.4347826086956523,0.9999999999999999,0.0013077593722755024,0.6128815644140979,0.0,1.0
783,782,25,4,537,119,3.5210084033613445,0.43636363636363634,0.043156059285091544,0.634724270770664,0.0,1.0
784,783,18,0,110,30,4.066666666666666,0.3090909090909091,0.004359197907585006,0.7729503464203233,0.0,1.0
785,784,18,19,293,106,3.2358490566037736,0.3090909090909091,0.037489102005231034,0.5624877445640334,0.0,1.0
786,785,25,0,559,63,4.063492063492063,0.43636363636363634,0.01874455100261552,0.7721461563840317,0.0,1.0
787,786,18,4,778,117,3.58974358974359,0.3090909090909091,0.042284219703574544,0.6521362586605082,0.0,1.0
788,787,25,0,376,196,3.5255102040816326,0.43636363636363634,0.07672188317349608,0.6358646663053212,0.0,1.0
789,788,18,1,672,115,2.9043478260869566,0.3090909090909091,0.04141238012205754,0.47851189878501865,0.0,1.0
790,789,25,17,456,23,4.3478260869565215,0.43636363636363634,0.0013077593722755024,0.8441736118084144,0.0,1.0
791,790,35,7,275,328,3.966463414634146,0.6181818181818182,0.13426329555361816,0.7475668725004225,0.0,1.0
792,791,25,17,10,87,3.4597701149425286,0.43636363636363634,0.029206625980819533,0.6192113960340846,0.0,1.0
793,792,35,14,370,150,3.486666666666667,0.6181818181818182,0.05666957279860506,0.6260248267898384,1.0,0.0
794,793,50,20,105,43,3.953488372093023,0.8909090909090909,0.010026155187445512,0.7442800365218325,0.0,1.0
795,794,35,14,191,149,3.442953020134228,0.6181818181818182,0.056233653007846565,0.6149512919075593,1.0,0.0
796,795,50,6,982,460,2.9717391304347824,0.8909090909090909,0.19180470793374021,0.4955834546641229,0.0,1.0
797,796,50,7,201,83,4.036144578313253,0.8909090909090909,0.027462946817785532,0.7652184952280252,1.0,0.0
798,797,25,20,484,327,3.149847094801223,0.43636363636363634,0.13382737576285963,0.5407017395173422,1.0,0.0
799,798,25,5,984,40,3.6,0.43636363636363634,0.008718395815170008,0.6547344110854504,1.0,0.0
800,799,35,12,720,266,3.4849624060150375,0.6181818181818182,0.10723626852659111,0.6255931037177239,1.0,0.0
801,800,25,20,957,285,3.6596491228070174,0.43636363636363634,0.11551874455100263,0.6698447186094567,1.0,0.0
802,801,25,16,228,506,3.938735177865613,0.43636363636363634,0.2118570183086312,0.7405427594044675,0.0,1.0
803,802,18,4,672,52,3.7115384615384617,0.3090909090909091,0.013949433304272014,0.6829893187066975,0.0,1.0
804,803,25,20,900,44,3.272727272727273,0.43636363636363634,0.010462074978204013,0.5718297291622928,0.0,1.0
805,804,35,12,372,73,3.835616438356164,0.6181818181818182,0.023103748910200523,0.7144207346009048,0.0,1.0
806,805,35,0,349,66,4.166666666666667,0.6181818181818182,0.02005231037489102,0.7982823325635104,0.0,1.0
807,806,18,4,890,33,3.9696969696969697,0.3090909090909091,0.0056669572798605065,0.7483859962208692,0.0,1.0
808,807,25,7,852,275,3.1236363636363635,0.43636363636363634,0.11115954664341762,0.534062040730632,0.0,1.0
809,808,25,17,705,94,4.031914893617022,0.43636363636363634,0.03225806451612903,0.7641470320868755,0.0,1.0
810,809,25,12,980,126,3.8174603174603177,0.43636363636363634,0.04620749782040105,0.7098214285714287,0.0,1.0
811,810,50,0,940,65,4.184615384615385,0.8909090909090909,0.01961639058413252,0.8028290993071594,0.0,1.0
812,811,25,6,379,92,3.739130434782609,0.43636363636363634,0.03138622493461203,0.6899789135455368,0.0,1.0
813,812,18,4,700,67,3.343283582089552,0.3090909090909091,0.02048823016564952,0.5897030436730896,0.0,1.0
814,813,18,4,926,36,4.055555555555555,0.3090909090909091,0.006974716652136007,0.7701356812933025,1.0,0.0
815,814,25,4,371,29,4.068965517241379,0.43636363636363634,0.003923278116826506,0.773532690929362,0.0,1.0
816,815,45,0,921,195,3.6974358974358976,0.7999999999999999,0.07628596338273759,0.6794168591224019,0.0,1.0
817,816,18,4,410,398,4.010050251256281,0.3090909090909091,0.1647776809067132,0.7586082839137953,0.0,1.0
818,817,18,4,601,171,3.7251461988304095,0.3090909090909091,0.06582388840453357,0.686436428831895,0.0,1.0
819,818,35,7,606,62,3.3225806451612905,0.6181818181818182,0.01830863121185702,0.5844585785591896,0.0,1.0
820,819,35,7,787,104,3.4134615384615383,0.6181818181818182,0.036617262423714034,0.607480513856813,0.0,1.0
821,820,18,2,144,21,2.9523809523809526,0.3090909090909091,0.00043591979075850197,0.49067964368195327,0.0,1.0
822,821,25,1,76,292,3.7226027397260273,0.43636363636363634,0.11857018308631212,0.6857921201240154,1.0,0.0
823,822,25,0,920,121,3.8677685950413223,0.43636363636363634,0.044027898866608545,0.7225655144771249,0.0,1.0
824,823,35,12,945,308,3.646103896103896,0.6181818181818182,0.12554489973844812,0.6664134436579587,0.0,1.0
825,824,56,1,395,42,3.619047619047619,0.9999999999999999,0.009590235396687012,0.6595595513032003,0.0,1.0
826,825,35,1,802,35,3.2857142857142856,0.6181818181818182,0.006538796861377507,0.5751195974925767,1.0,0.0
827,826,45,2,554,22,3.9545454545454546,0.7999999999999999,0.0008718395815170022,0.7445478165022046,0.0,1.0
828,827,18,4,708,115,3.4434782608695653,0.3090909090909091,0.04141238012205754,0.6150843458178533,0.0,1.0
829,828,1,19,537,138,4.231884057971015,0.0,0.051438535309503056,0.8148031930916759,0.0,1.0
830,829,35,7,606,174,3.6149425287356323,0.6181818181818182,0.06713164777680908,0.6585196503942026,0.0,1.0
831,830,45,0,208,57,4.105263157894737,0.7999999999999999,0.01612903225806452,0.7827276042299747,1.0,0.0
832,831,18,2,194,172,3.558139534883721,0.3090909090909091,0.06625980819529208,0.644130323862721,0.0,1.0
833,832,35,7,468,21,4.0476190476190474,0.6181818181818182,0.00043591979075850197,0.7681252062025734,0.0,1.0
834,833,35,12,786,50,4.16,0.6181818181818182,0.013077593722755014,0.796593533487298,1.0,0.0
835,834,56,0,949,28,2.75,0.9999999999999999,0.0034873583260680054,0.43941252886836035,0.0,1.0
836,835,25,11,100,70,2.4,0.43636363636363634,0.021795989537925022,0.3507505773672056,0.0,1.0
837,836,56,7,85,69,3.260869565217391,0.9999999999999999,0.021360069747166522,0.5688259363389899,0.0,1.0
838,837,50,17,926,176,4.090909090909091,0.8909090909090909,0.06800348735832608,0.7790914339701869,0.0,1.0
839,838,25,0,981,774,3.988372093023256,0.43636363636363634,0.32868352223190933,0.7531167758741071,0.0,1.0
840,839,25,3,28,251,4.219123505976095,0.43636363636363634,0.1006974716652136,0.8115706918285288,1.0,0.0
841,840,50,14,921,26,3.576923076923077,0.8909090909090909,0.002615518744551003,0.6488885681293304,1.0,0.0
842,841,18,0,551,37,3.8378378378378377,0.3090909090909091,0.0074106364428945075,0.7149834592097872,1.0,0.0
843,842,25,7,493,126,3.9444444444444446,0.43636363636363634,0.04620749782040105,0.7419890300230948,0.0,1.0
844,843,25,0,921,84,3.4523809523809526,0.43636363636363634,0.027898866608544032,0.6173395743978886,0.0,1.0
845,844,18,0,200,52,3.980769230769231,0.3090909090909091,0.013949433304272014,0.7511908198614319,1.0,0.0
846,845,25,5,802,253,3.91699604743083,0.43636363636363634,0.1015693112467306,0.735035805895079,0.0,1.0
847,846,25,7,802,62,3.6129032258064515,0.43636363636363634,0.01830863121185702,0.6580030544587648,1.0,0.0
848,847,25,15,941,56,4.178571428571429,0.43636363636363634,0.01569311246730602,0.8012980451996041,0.0,1.0
849,848,25,3,750,117,3.264957264957265,0.43636363636363634,0.042284219703574544,0.5698614318706698,0.0,1.0
850,849,35,0,606,554,3.5613718411552346,0.6181818181818182,0.23278116826503925,0.6449491312395261,0.0,1.0
851,850,18,4,752,76,3.5921052631578947,0.3090909090909091,0.024411508282476024,0.6527345174425672,0.0,1.0
852,851,25,5,921,34,4.117647058823529,0.43636363636363634,0.006102877070619007,0.7858646922972421,0.0,1.0
853,852,25,17,554,110,3.890909090909091,0.43636363636363634,0.039232781168265035,0.7284274616838128,0.0,1.0
854,853,25,16,440,506,3.027667984189723,0.43636363636363634,0.2118570183086312,0.5097513441473679,1.0,0.0
855,854,18,2,727,630,3.4126984126984126,0.3090909090909091,0.26591107236268524,0.6072871989442429,1.0,0.0
856,855,45,6,24,53,3.490566037735849,0.7999999999999999,0.014385353095030515,0.6270126149287552,1.0,0.0
857,856,35,17,117,70,4.171428571428572,0.6181818181818182,0.021795989537925022,0.7994886176179481,0.0,1.0
858,857,35,14,100,190,4.189473684210526,0.6181818181818182,0.07410636442894508,0.8040598030873951,0.0,1.0
859,858,25,12,101,153,3.450980392156863,0.43636363636363634,0.057977332170880566,0.6169847846759952,0.0,1.0
860,859,18,0,782,42,3.1666666666666665,0.3090909090909091,0.009590235396687012,0.5449624711316398,0.0,1.0
861,860,25,7,370,80,3.9375,0.43636363636363634,0.026155187445510025,0.7402298643187067,0.0,1.0
862,861,35,7,100,116,3.6724137931034484,0.6181818181818182,0.04184829991281605,0.6730782631201722,0.0,1.0
863,862,25,7,625,62,4.225806451612903,0.43636363636363634,0.01830863121185702,0.8132636146912018,0.0,1.0
864,863,25,0,972,138,4.050724637681159,0.43636363636363634,0.051438535309503056,0.7689119138467717,1.0,0.0
865,864,35,1,917,42,3.8095238095238093,0.6181818181818182,0.009590235396687012,0.7078109534806994,0.0,1.0
866,865,1,10,88,36,3.3333333333333335,0.0,0.006974716652136007,0.5871824480369516,0.0,1.0
867,866,45,12,958,44,3.659090909090909,0.7999999999999999,0.010462074978204013,0.6697033119882427,0.0,1.0
868,867,50,17,17,75,3.6,0.8909090909090909,0.023975588491717523,0.6547344110854504,0.0,1.0
869,868,18,20,920,842,3.5154394299287413,0.3090909090909091,0.3583260680034874,0.6333135391923992,0.0,1.0
870,869,25,1,21,36,3.611111111111111,0.43636363636363634,0.006974716652136007,0.6575490762124712,1.0,0.0
871,870,1,10,760,43,3.9069767441860463,0.0,0.010026155187445512,0.7324977173854664,0.0,1.0
872,871,50,1,208,107,3.635514018691589,0.8909090909090909,0.03792502179598954,0.6637308173792925,0.0,1.0
873,872,56,6,190,172,3.8430232558139537,0.9999999999999999,0.06625980819529208,0.7162970285729632,0.0,1.0
874,873,45,15,261,28,3.7857142857142856,0.7999999999999999,0.0034873583260680054,0.7017795282085121,0.0,1.0
875,874,1,10,947,84,4.083333333333333,0.0,0.027898866608544032,0.7771723441108545,0.0,1.0
876,875,25,4,432,111,3.828828828828829,0.43636363636363634,0.03966870095902354,0.7127012982959866,0.0,1.0
877,876,25,0,906,633,3.308056872037915,0.43636363636363634,0.26721883173496075,0.5807794183641081,0.0,1.0
878,877,18,2,17,49,4.142857142857143,0.3090909090909091,0.012641673931996514,0.7922509072913231,0.0,1.0
879,878,45,16,920,40,4.025,0.7999999999999999,0.008718395815170008,0.7623953521939955,0.0,1.0
880,879,35,17,941,115,3.4956521739130433,0.6181818181818182,0.04141238012205754,0.6283010342403856,0.0,1.0
881,880,18,14,764,914,2.9354485776805253,0.3090909090909091,0.3897122929380994,0.48639033686912847,0.0,1.0
882,881,18,2,17,79,4.0886075949367084,0.3090909090909091,0.025719267654751524,0.778508419329377,0.0,1.0
883,882,35,14,926,36,3.4166666666666665,0.6181818181818182,0.006974716652136007,0.6082924364896074,1.0,0.0
884,883,1,10,494,99,4.01010101010101,0.0,0.03443766346992154,0.7586211421373086,0.0,1.0
885,884,35,0,481,64,4.140625,0.6181818181818182,0.01918047079337402,0.7916854611720554,0.0,1.0
886,885,56,0,148,35,3.6285714285714286,0.9999999999999999,0.006538796861377507,0.6619721214120753,1.0,0.0
887,886,56,16,553,96,3.5104166666666665,0.9999999999999999,0.03312990409764603,0.6320411734988453,1.0,0.0
888,887,1,10,88,72,3.7777777777777777,0.0,0.022667829119442023,0.6997690531177829,1.0,0.0
889,888,45,20,100,1518,2.8405797101449277,0.7999999999999999,0.6530078465562337,0.46235816849081246,0.0,1.0
890,889,18,4,921,228,3.969298245614035,0.3090909090909091,0.0906713164777681,0.7482849914914307,0.0,1.0
891,890,25,1,802,223,3.7443946188340806,0.43636363636363634,0.0884917175239756,0.6913124359200075,0.0,1.0
892,891,35,0,760,34,3.911764705882353,0.6181818181818182,0.006102877070619007,0.7337106031789159,0.0,1.0
893,892,50,6,850,110,3.2,0.8909090909090909,0.039232781168265035,0.5534064665127022,1.0,0.0
894,893,18,4,316,70,4.442857142857143,0.3090909090909091,0.021795989537925022,0.8682468657208844,0.0,1.0
895,894,50,1,346,64,3.953125,0.8909090909090909,0.01918047079337402,0.7441879871535797,0.0,1.0
896,895,18,15,940,64,3.984375,0.3090909090909091,0.01918047079337402,0.7521042328233256,0.0,1.0
897,896,25,6,921,203,3.5566502463054186,0.43636363636363634,0.07977332170880559,0.6437530574864333,0.0,1.0
898,897,25,7,770,24,4.083333333333333,0.43636363636363634,0.0017436791630340027,0.7771723441108545,0.0,1.0
899,898,25,1,306,323,3.523219814241486,0.43636363636363634,0.13208369659982563,0.6352844650683903,1.0,0.0
900,899,56,13,900,26,3.576923076923077,0.9999999999999999,0.002615518744551003,0.6488885681293304,1.0,0.0
901,900,56,0,920,33,3.606060606060606,0.9999999999999999,0.0056669572798605065,0.6562696829729162,1.0,0.0
902,901,56,0,454,25,4.28,0.9999999999999999,0.002179598953792503,0.8269919168591224,0.0,1.0
903,902,56,13,751,74,3.4594594594594597,0.9999999999999999,0.023539668700959023,0.6191327008301605,0.0,1.0
904,903,35,20,923,246,3.3008130081300813,0.6181818181818182,0.09851787271142111,0.5789444037627444,0.0,1.0
905,904,45,12,286,123,3.7886178861788617,0.7999999999999999,0.044899738448125545,0.702515067875852,1.0,0.0
906,905,1,10,711,21,3.5238095238095237,0.0,0.00043591979075850197,0.6354338502144508,0.0,1.0
907,906,45,6,921,21,3.9523809523809526,0.7999999999999999,0.00043591979075850197,0.743999505113824,1.0,0.0
908,907,50,1,921,39,3.3076923076923075,0.8909090909090909,0.008282476024411508,0.5806870669745958,1.0,0.0
909,908,45,7,928,71,3.9014084507042255,0.7999999999999999,0.022231909328683522,0.7310871580522397,0.0,1.0
910,909,50,0,982,163,3.6012269938650308,0.8909090909090909,0.06233653007846557,0.6550452330013178,1.0,0.0
911,910,50,0,982,525,3.8685714285714288,0.8909090909090909,0.22013949433304272,0.7227688881557243,0.0,1.0
912,911,35,2,913,43,3.7209302325581395,0.6181818181818182,0.010026155187445512,0.6853684408400021,1.0,0.0
913,912,25,0,207,45,3.2888888888888888,0.43636363636363634,0.010897994768962513,0.5759237875288684,0.0,1.0
914,913,35,9,303,61,4.278688524590164,0.6181818181818182,0.01787271142109852,0.8266596940900315,1.0,0.0
915,914,25,7,727,95,2.831578947368421,0.43636363636363634,0.03269398430688754,0.46007809651148657,0.0,1.0
916,915,25,1,920,55,3.9454545454545453,0.43636363636363634,0.015257192676547515,0.7422449086710057,1.0,0.0
917,916,50,6,921,29,4.068965517241379,0.8909090909090909,0.003923278116826506,0.773532690929362,0.0,1.0
918,917,45,1,919,144,2.9583333333333335,0.7999999999999999,0.05405405405405406,0.4921875000000001,1.0,0.0
919,918,35,1,920,326,3.9355828220858897,0.6181818181818182,0.13339145597210114,0.7397442050751641,1.0,0.0
920,919,18,4,921,78,3.4615384615384617,0.3090909090909091,0.025283347863993024,0.6196593533487299,0.0,1.0
921,920,25,17,920,158,3.6962025316455698,0.43636363636363634,0.06015693112467306,0.6791044230713013,0.0,1.0
922,921,56,16,480,343,3.5830903790087465,0.9999999999999999,0.14080209241499564,0.6504508682390806,0.0,1.0
923,922,25,7,372,46,3.608695652173913,0.43636363636363634,0.011333914559721013,0.6569371924892058,0.0,1.0
924,923,50,17,986,199,3.9899497487437188,0.8909090909090909,0.07802964254577159,0.753516427402602,0.0,1.0
925,924,35,3,480,68,3.1323529411764706,0.6181818181818182,0.020924149956408022,0.536270122945252,1.0,0.0
926,925,1,10,78,105,4.247619047619048,0.0,0.03705318221447254,0.8187891784889476,0.0,1.0
927,926,25,20,911,191,3.230366492146597,0.43636363636363634,0.07454228421970358,0.56109890209545,1.0,0.0
928,927,56,16,981,212,4.3254716981132075,0.9999999999999999,0.08369659982563209,0.8385108011242322,1.0,0.0
929,928,25,15,537,355,3.6816901408450704,0.43636363636363634,0.14603312990409767,0.6754281462446736,0.0,1.0
930,929,25,5,983,98,3.0510204081632653,0.43636363636363634,0.03400174367916303,0.5156669769524438,0.0,1.0
931,930,56,1,60,157,4.031847133757962,0.9999999999999999,0.05972101133391457,0.764129867168768,1.0,0.0
932,931,35,6,978,20,4.45,0.6181818181818182,0.0,0.8700562933025406,1.0,0.0
933,932,45,1,494,62,3.7096774193548385,0.7999999999999999,0.01830863121185702,0.6825178797586233,0.0,1.0
934,933,35,7,974,498,2.9859437751004014,0.6181818181818182,0.2083696599825632,0.49918177328250646,1.0,0.0
935,934,35,14,605,388,3.4896907216494846,0.6181818181818182,0.16041848299912817,0.6267908799790481,0.0,1.0
936,935,18,4,345,88,3.5113636363636362,0.3090909090909091,0.029642545771578033,0.6322810597312618,0.0,1.0
937,936,25,15,605,348,3.7327586206896552,0.43636363636363634,0.14298169136878816,0.6883648064824401,0.0,1.0
938,937,25,1,10,31,3.870967741935484,0.43636363636363634,0.004795117698343506,0.7233759219250541,1.0,0.0
939,938,25,20,201,165,3.757575757575758,0.43636363636363634,0.06320836965998257,0.6946514801595635,1.0,0.0
940,939,1,10,762,130,3.1923076923076925,0.0,0.047951176983435054,0.5514578521939955,0.0,1.0
941,940,18,20,453,28,2.2857142857142856,0.3090909090909091,0.0034873583260680054,0.321799736060706,0.0,1.0
942,941,50,6,857,25,4.04,0.8909090909090909,0.002179598953792503,0.7661951501154736,1.0,0.0
943,942,45,12,80,81,4.296296296296297,0.7999999999999999,0.026591107236268532,0.8311200923787532,1.0,0.0
944,943,35,0,915,45,3.8444444444444446,0.6181818181818182,0.010897994768962513,0.7166570438799077,0.0,1.0
945,944,45,7,493,163,3.6196319018404908,0.7999999999999999,0.06233653007846557,0.6597075617393277,0.0,1.0
946,945,35,7,481,33,4.303030303030303,0.6181818181818182,0.0056669572798605065,0.8328259500314927,0.0,1.0
947,946,18,0,210,20,3.0,0.3090909090909091,0.0,0.502742494226328,0.0,1.0
948,947,56,12,430,517,3.7408123791102517,0.9999999999999999,0.21665213600697472,0.6904049834495514,0.0,1.0
949,948,50,17,967,369,3.9295392953929538,0.8909090909090909,0.15213600697471666,0.7382132597307498,0.0,1.0
950,949,35,7,210,55,2.963636363636364,0.6181818181818182,0.015257192676547515,0.4935308629015327,0.0,1.0
951,950,45,2,100,21,4.523809523809524,0.7999999999999999,0.00043591979075850197,0.8887537116463213,0.0,1.0
952,951,56,16,974,157,3.9936305732484074,0.9999999999999999,0.05972101133391457,0.7544488533560847,0.0,1.0
953,952,50,20,970,189,4.6878306878306875,0.8909090909090909,0.07367044463818657,0.9303035301880567,0.0,1.0
954,953,25,0,210,126,3.7777777777777777,0.43636363636363634,0.04620749782040105,0.6997690531177829,1.0,0.0
955,954,50,7,949,338,3.5798816568047336,0.8909090909090909,0.13862249346120314,0.6496380351749867,1.0,0.0
956,955,35,1,551,108,3.990740740740741,0.6181818181818182,0.038360941586748035,0.7537168013856814,0.0,1.0
957,956,35,1,297,328,4.271341463414634,0.6181818181818182,0.13426329555361816,0.8247985375711149,0.0,1.0
958,957,35,2,481,158,3.9050632911392404,0.6181818181818182,0.06015693112467306,0.7320130017247932,0.0,1.0
959,958,50,11,446,96,3.7395833333333335,0.8909090909090909,0.03312990409764603,0.6900936417436491,0.0,1.0
960,959,1,10,452,128,3.9375,0.0,0.04707933740191805,0.7402298643187067,0.0,1.0
961,960,18,10,100,50,3.74,0.3090909090909091,0.013077593722755014,0.6901991916859124,0.0,1.0
962,961,25,1,800,51,4.03921568627451,0.43636363636363634,0.013513513513513514,0.7659964678712132,1.0,0.0
963,962,25,0,481,424,3.4339622641509435,0.43636363636363634,0.17611159546643418,0.6126737548477059,0.0,1.0
964,963,25,7,941,78,3.717948717948718,0.43636363636363634,0.025283347863993024,0.6846131639722864,0.0,1.0
965,964,56,7,109,77,4.116883116883117,0.9999999999999999,0.024847428073234524,0.7856711706307551,0.0,1.0
966,965,56,2,922,165,3.5636363636363635,0.9999999999999999,0.06320836965998257,0.6455227797606551,0.0,1.0
967,966,18,0,436,91,3.5384615384615383,0.3090909090909091,0.030950305143853534,0.6391454965357968,1.0,0.0
968,967,50,12,945,61,4.131147540983607,0.8909090909090909,0.01787271142109852,0.7892846325672964,0.0,1.0
969,968,25,11,191,26,4.115384615384615,0.43636363636363634,0.002615518744551003,0.785291570438799,1.0,0.0
970,969,25,0,276,549,3.1493624772313296,0.43636363636363634,0.23060156931124676,0.5405789762616894,0.0,1.0
971,970,25,12,436,223,3.3318385650224216,0.43636363636363634,0.0884917175239756,0.5868037935355587,0.0,1.0
972,971,45,1,21,35,3.3714285714285714,0.7999999999999999,0.006538796861377507,0.5968327284724514,0.0,1.0
973,972,25,1,800,217,3.3963133640552994,0.43636363636363634,0.0858761987794246,0.603136540692415,1.0,0.0
974,973,35,19,949,60,3.7333333333333334,0.6181818181818182,0.01743679163034002,0.6885103926096998,0.0,1.0
975,974,35,0,981,404,3.25990099009901,0.6181818181818182,0.16739319965126417,0.5685805770242152,0.0,1.0
976,975,35,14,891,55,3.3636363636363638,0.6181818181818182,0.015257192676547515,0.594858807474281,0.0,1.0
977,976,25,2,801,240,3.7625,0.43636363636363634,0.09590235396687011,0.6958988885681294,0.0,1.0
978,977,18,0,191,44,3.8863636363636362,0.3090909090909091,0.010462074978204013,0.7272760077682133,0.0,1.0
979,978,1,10,480,74,4.04054054054054,0.0,0.023539668700959023,0.7663320797703015,0.0,1.0
980,979,25,6,920,135,3.2222222222222223,0.43636363636363634,0.05013077593722755,0.5590357967667438,0.0,1.0
981,980,25,20,21,227,3.3303964757709252,0.43636363636363634,0.0902353966870096,0.5864384836861972,0.0,1.0
982,981,25,9,920,51,4.176470588235294,0.43636363636363634,0.013513513513513514,0.8007658606167642,1.0,0.0
983,982,25,16,992,78,4.115384615384615,0.43636363636363634,0.025283347863993024,0.785291570438799,1.0,0.0
984,983,50,16,921,694,3.5417867435158503,0.8909090909090909,0.29380993897122926,0.6399878370193877,0.0,1.0
985,984,25,4,326,146,4.212328767123288,0.43636363636363634,0.05492589363557106,0.80984944952387,0.0,1.0
986,985,56,0,190,22,3.772727272727273,0.9999999999999999,0.0008718395815170022,0.6984896598782281,1.0,0.0
987,986,35,17,480,176,4.017045454545454,0.6181818181818182,0.06800348735832608,0.7603803078416964,1.0,0.0
988,987,50,11,488,73,3.8493150684931505,0.8909090909090909,0.023103748910200523,0.7178908696890126,0.0,1.0
989,988,50,0,207,44,4.681818181818182,0.8909090909090909,0.010462074978204013,0.9287804429981106,0.0,1.0
990,989,18,6,100,102,3.549019607843137,0.3090909090909091,0.03574542284219703,0.6418200652085315,0.0,1.0
991,990,25,9,481,60,3.75,0.43636363636363634,0.01743679163034002,0.692732390300231,1.0,0.0
992,991,35,3,27,31,3.4193548387096775,0.6181818181818182,0.004795117698343506,0.608973403859048,1.0,0.0
993,992,25,0,456,58,3.3448275862068964,0.43636363636363634,0.01656495204882302,0.5900941705821454,0.0,1.0
994,993,18,2,921,39,4.153846153846154,0.3090909090909091,0.008282476024411508,0.7950346420323327,0.0,1.0
995,994,18,4,968,49,3.8979591836734695,0.3090909090909091,0.012641673931996514,0.730213390205967,1.0,0.0
996,995,25,17,981,296,3.935810810810811,0.43636363636363634,0.12031386224934612,0.7398019591473692,0.0,1.0
997,996,1,19,157,30,3.933333333333333,0.0,0.004359197907585006,0.7391743648960739,0.0,1.0
998,997,45,20,100,135,4.118518518518519,0.7999999999999999,0.05013077593722755,0.7860854503464205,0.0,1.0
999,998,25,15,625,412,3.186893203883495,0.43636363636363634,0.17088055797733218,0.5500862547366533,0.0,1.0
1000,999,25,6,900,84,4.130952380952381,0.43636363636363634,0.027898866608544032,0.7892351946552294,1.0,0.0
1001,1000,25,4,902,377,3.6525198938992043,0.43636363636363634,0.15562336530078466,0.6680387433304134,0.0,1.0
1002,1001,50,11,70,66,4.136363636363637,0.8909090909090909,0.02005231037489102,0.7906059731261812,0.0,1.0
1003,1002,25,2,193,29,4.137931034482759,0.43636363636363634,0.003923278116826506,0.7910030262005256,0.0,1.0
1004,1003,25,3,951,481,3.1600831600831603,0.43636363636363634,0.2009590235396687,0.5432947381561701,0.0,1.0
1005,1004,35,11,80,92,4.141304347826087,0.6181818181818182,0.03138622493461203,0.7918575534692238,0.0,1.0
1006,1005,18,4,532,44,3.0681818181818183,0.3090909090909091,0.010462074978204013,0.5200143029603193,0.0,1.0
1007,1006,50,12,19,32,4.21875,0.8909090909090909,0.005231037489102006,0.8114760753464203,0.0,1.0
1008,1007,35,3,770,50,3.84,0.6181818181818182,0.013077593722755014,0.7155311778290994,0.0,1.0
1009,1008,50,7,483,52,3.826923076923077,0.8909090909090909,0.013949433304272014,0.712218533487298,0.0,1.0
1010,1009,25,0,103,1004,2.4750996015936253,0.43636363636363634,0.4289450741063644,0.3697747980364915,0.0,1.0
1011,1010,25,8,921,37,3.7027027027027026,0.43636363636363634,0.0074106364428945075,0.6807510455027777,0.0,1.0
1012,1011,35,1,300,55,3.3636363636363638,0.6181818181818182,0.015257192676547515,0.594858807474281,1.0,0.0
1013,1012,56,13,25,46,3.847826086956522,0.9999999999999999,0.011333914559721013,0.7175136810924793,0.0,1.0
1014,1013,45,17,30,39,3.4871794871794872,0.7999999999999999,0.008282476024411508,0.6261547344110855,1.0,0.0
1015,1014,35,3,112,1286,3.7262830482115086,0.6181818181818182,0.5518744551002616,0.686724415359584,0.0,1.0
1016,1015,56,16,600,151,3.7880794701986753,0.9999999999999999,0.057105492589363566,0.7023786764143585,0.0,1.0
1017,1016,35,0,309,521,3.251439539347409,0.6181818181818182,0.21839581517000872,0.566437123492307,0.0,1.0
1018,1017,18,4,956,122,4.155737704918033,0.3090909090909091,0.04446381865736705,0.7955138094877523,0.0,1.0
1019,1018,35,1,606,928,3.0107758620689653,0.6181818181818182,0.3958151700087184,0.5054722341124472,0.0,1.0
1020,1019,18,20,934,88,3.9886363636363638,0.3090909090909091,0.029642545771578033,0.7531837208692003,0.0,1.0
1021,1020,35,0,945,131,4.694656488549619,0.6181818181818182,0.04838709677419355,0.9320326410803379,0.0,1.0
1022,1021,25,3,9,146,3.5616438356164384,0.43636363636363634,0.05492589363557106,0.6450180328387485,0.0,1.0
1023,1022,56,13,926,41,4.073170731707317,0.9999999999999999,0.009154315605928512,0.774597955275165,0.0,1.0
1024,1023,35,1,741,43,3.697674418604651,0.6181818181818182,0.010026155187445512,0.6794772812718192,1.0,0.0
1025,1024,25,16,346,33,3.757575757575758,0.43636363636363634,0.0056669572798605065,0.6946514801595635,0.0,1.0
1026,1025,45,0,191,44,4.0,0.7999999999999999,0.010462074978204013,0.7560623556581987,1.0,0.0
1027,1026,18,4,770,46,3.8260869565217392,0.3090909090909091,0.011333914559721013,0.7120067275830908,0.0,1.0
1028,1027,45,7,38,61,3.9672131147540983,0.7999999999999999,0.01787271142109852,0.7477567864309242,1.0,0.0
1029,1028,25,0,200,256,3.1953125,0.43636363636363634,0.10287707061900611,0.5522190296622402,0.0,1.0
1030,1029,25,7,973,171,3.5789473684210527,0.43636363636363634,0.06582388840453357,0.6494013613710953,0.0,1.0
1031,1030,35,16,198,155,4.070967741935484,0.6181818181818182,0.05884917175239757,0.7740398942114284,0.0,1.0
1032,1031,50,16,194,103,3.941747572815534,0.8909090909090909,0.03618134263295554,0.7413058588757596,0.0,1.0
1033,1032,25,5,600,194,3.288659793814433,0.43636363636363634,0.07585004359197908,0.5758657531963525,0.0,1.0
1034,1033,35,1,826,337,3.483679525222552,0.6181818181818182,0.13818657367044465,0.6252681245331378,1.0,0.0
1035,1034,18,2,159,91,3.8241758241758244,0.3090909090909091,0.030950305143853534,0.7115225998020457,0.0,1.0
1036,1035,35,7,280,50,4.32,0.6181818181818182,0.013077593722755014,0.8371247113163973,0.0,1.0
1037,1036,45,7,20,38,3.5789473684210527,0.7999999999999999,0.007846556233653008,0.6494013613710953,0.0,1.0
1038,1037,56,15,201,148,3.9324324324324325,0.9999999999999999,0.05579773321708806,0.7389461488046939,1.0,0.0
1039,1038,35,1,23,28,2.892857142857143,0.6181818181818182,0.0034873583260680054,0.47560108050148464,1.0,0.0
1040,1039,25,11,763,259,4.235521235521236,0.43636363636363634,0.10418482999128162,0.8157245624047011,0.0,1.0
1041,1040,45,2,943,85,4.317647058823529,0.7999999999999999,0.028334786399302533,0.8365286645836163,0.0,1.0
1042,1041,35,5,928,45,2.7555555555555555,0.6181818181818182,0.010897994768962513,0.4408198614318707,0.0,1.0
1043,1042,50,11,870,36,3.9166666666666665,0.8909090909090909,0.006974716652136007,0.7349523672055428,1.0,0.0
1044,1043,25,20,727,144,3.763888888888889,0.43636363636363634,0.05405405405405406,0.6962507217090069,0.0,1.0
1045,1044,1,10,774,37,3.5405405405405403,0.0,0.0074106364428945075,0.6396721490543662,1.0,0.0
1046,1045,56,18,534,26,3.8846153846153846,0.9999999999999999,0.002615518744551003,0.7268331408775982,0.0,1.0
1047,1046,18,0,622,76,3.8815789473684212,0.3090909090909091,0.024411508282476024,0.7260639510149509,0.0,1.0
1048,1047,35,6,752,41,4.0,0.6181818181818182,0.009154315605928512,0.7560623556581987,0.0,1.0
1049,1048,45,14,950,36,3.5833333333333335,0.7999999999999999,0.006974716652136007,0.6505124133949193,0.0,1.0
1050,1049,25,1,973,564,2.900709219858156,0.43636363636363634,0.23714036617262424,0.4775901675593338,0.0,1.0
1051,1050,25,0,605,862,3.4663573085846866,0.43636363636363634,0.36704446381865735,0.620880063014741,1.0,0.0
1052,1051,35,2,752,67,4.343283582089552,0.6181818181818182,0.02048823016564952,0.8430229051049603,1.0,0.0
1053,1052,35,0,183,335,3.343283582089552,0.6181818181818182,0.13731473408892764,0.5897030436730896,0.0,1.0
1054,1053,1,10,750,127,3.8897637795275593,0.0,0.046643417611159546,0.7281373315633468,0.0,1.0
1055,1054,35,0,915,78,3.448717948717949,0.6181818181818182,0.025283347863993024,0.6164116628175521,0.0,1.0
1056,1055,1,0,481,76,3.473684210526316,0.0,0.024411508282476024,0.6227361127993194,0.0,1.0
1057,1056,45,17,730,179,3.7262569832402233,0.7999999999999999,0.06931124673060157,0.6867178125846698,0.0,1.0
1058,1057,25,1,973,357,3.795518207282913,0.43636363636363634,0.14690496948561466,0.7042630562617657,0.0,1.0
1059,1058,25,0,972,513,2.888888888888889,0.43636363636363634,0.21490845684394072,0.4745958429561201,1.0,0.0
1060,1059,18,10,112,80,3.35,0.3090909090909091,0.026155187445510025,0.5914044457274827,0.0,1.0
1061,1060,45,0,460,51,3.980392156862745,0.7999999999999999,0.013513513513513514,0.7510952995516915,0.0,1.0
1062,1061,50,19,594,194,4.484536082474227,0.8909090909090909,0.07585004359197908,0.8788049689293114,0.0,1.0
1063,1062,35,7,502,100,4.18,0.6181818181818182,0.03487358326068003,0.8016599307159353,0.0,1.0
1064,1063,25,7,913,103,3.70873786407767,0.43636363636363634,0.03618134263295554,0.6822798717460034,0.0,1.0
1065,1064,25,0,944,88,3.715909090909091,0.43636363636363634,0.029642545771578033,0.6840964859332354,1.0,0.0
1066,1065,45,12,21,122,3.5327868852459017,0.7999999999999999,0.04446381865736705,0.6377079941695378,0.0,1.0
1067,1066,35,12,944,96,3.96875,0.6181818181818182,0.03312990409764603,0.7481461099884528,0.0,1.0
1068,1067,18,4,775,597,3.7336683417085426,0.3090909090909091,0.2515257192676547,0.6885952568848863,1.0,0.0
1069,1068,25,20,981,609,2.87192118226601,0.43636363636363634,0.25675675675675674,0.4702975858655958,0.0,1.0
1070,1069,45,2,200,21,3.619047619047619,0.7999999999999999,0.00043591979075850197,0.6595595513032003,1.0,0.0
1071,1070,50,16,130,143,4.426573426573427,0.8909090909090909,0.05361813426329555,0.8641218769682975,0.0,1.0
1072,1071,35,7,76,105,4.0476190476190474,0.6181818181818182,0.03705318221447254,0.7681252062025734,1.0,0.0
1073,1072,25,6,722,116,4.146551724137931,0.43636363636363634,0.04184829991281605,0.793186818109421,1.0,0.0
1074,1073,45,17,480,192,3.4479166666666665,0.7999999999999999,0.07497820401046208,0.6162086821593533,0.0,1.0
1075,1074,25,6,606,41,4.048780487804878,0.43636363636363634,0.009154315605928512,0.7684194220695095,1.0,0.0
1076,1075,25,3,276,41,3.2439024390243905,0.43636363636363634,0.009154315605928512,0.5645278262828819,1.0,0.0
1077,1076,25,3,606,309,4.019417475728155,0.43636363636363634,0.12598081952920664,0.7609811879190116,0.0,1.0
1078,1077,45,9,956,127,3.984251968503937,0.7999999999999999,0.046643417611159546,0.7520730665017912,1.0,0.0
1079,1078,25,7,981,121,3.5867768595041323,0.43636363636363634,0.044027898866608545,0.6513847269673431,0.0,1.0
1080,1079,56,7,88,54,3.740740740740741,0.9999999999999999,0.014821272885789015,0.6903868360277138,0.0,1.0
1081,1080,18,4,681,34,4.147058823529412,0.3090909090909091,0.006102877070619007,0.7933152764570033,0.0,1.0
1082,1081,45,7,481,57,4.333333333333333,0.7999999999999999,0.01612903225806452,0.8405023094688222,0.0,1.0
1083,1082,56,0,277,26,2.6923076923076925,0.9999999999999999,0.002615518744551003,0.42479792147806017,0.0,1.0
1084,1083,1,19,32,180,3.15,0.0,0.06974716652136008,0.5407404734411085,0.0,1.0
1085,1084,25,7,346,35,3.7142857142857144,0.43636363636363634,0.006538796861377507,0.68368525239195,0.0,1.0
1086,1085,18,4,982,312,3.8621794871794872,0.3090909090909091,0.12728857890148212,0.721149682448037,0.0,1.0
1087,1086,25,16,88,392,3.7908163265306123,0.43636363636363634,0.16216216216216217,0.7030719764811237,0.0,1.0
1088,1087,1,10,981,1176,3.3375850340136055,0.0,0.5039232781168266,0.5882594882641279,1.0,0.0
1089,1088,35,6,378,72,4.0,0.6181818181818182,0.022667829119442023,0.7560623556581987,0.0,1.0
1090,1089,25,7,941,73,3.3698630136986303,0.43636363636363634,0.023103748910200523,0.5964361416052391,0.0,1.0
1091,1090,18,5,345,33,2.696969696969697,0.3090909090909091,0.0056669572798605065,0.42597889985303383,0.0,1.0
1092,1091,18,4,495,51,4.0588235294117645,0.3090909090909091,0.013513513513513514,0.7709635239777204,1.0,0.0
1093,1092,50,14,605,70,3.3857142857142857,0.8909090909090909,0.021795989537925022,0.6004515836357638,0.0,1.0
1094,1093,18,0,926,164,3.6219512195121952,0.3090909090909091,0.06277244986922408,0.6602950909705403,1.0,0.0
1095,1094,56,6,87,36,4.0,0.9999999999999999,0.006974716652136007,0.7560623556581987,1.0,0.0
1096,1095,1,10,804,268,2.58955223880597,0.0,0.10810810810810811,0.3987679242356348,0.0,1.0
1097,1096,18,17,921,168,3.4702380952380953,0.3090909090909091,0.06451612903225808,0.6218631433520291,0.0,1.0
1098,1097,35,7,949,32,4.1875,0.6181818181818182,0.005231037489102006,0.8035598296766744,0.0,1.0
1099,1098,25,17,770,188,3.5106382978723403,0.43636363636363634,0.07323452484742808,0.6320973170851556,0.0,1.0
1100,1099,25,0,600,508,2.1988188976377954,0.43636363636363634,0.21272885789014823,0.2997874083941009,0.0,1.0
1101,1100,35,1,64,518,3.324324324324324,0.6181818181818182,0.21708805579773324,0.5849002871231509,0.0,1.0
1102,1101,18,1,554,27,2.259259259259259,0.3090909090909091,0.0030514385353095034,0.3150981524249422,0.0,1.0
1103,1102,45,7,606,60,3.533333333333333,0.7999999999999999,0.01743679163034002,0.6378464203233256,1.0,0.0
1104,1103,35,11,100,54,3.8333333333333335,0.6181818181818182,0.014821272885789015,0.7138423787528869,0.0,1.0
1105,1104,35,6,481,161,3.9316770186335406,0.6181818181818182,0.06146469049694857,0.7387547874858349,0.0,1.0
1106,1105,18,4,902,64,3.78125,0.3090909090909091,0.01918047079337402,0.700648635969977,0.0,1.0
1107,1106,50,1,23,78,3.7051282051282053,0.8909090909090909,0.025283347863993024,0.6813654734411086,1.0,0.0
1108,1107,56,1,930,44,4.113636363636363,0.9999999999999999,0.010462074978204013,0.7848487035481839,0.0,1.0
1109,1108,18,10,459,205,3.0878048780487806,0.3090909090909091,0.08064516129032259,0.5249852137666874,0.0,1.0
1110,1109,56,6,770,49,4.326530612244898,0.9999999999999999,0.012641673931996514,0.8387790451053403,1.0,0.0
1111,1110,50,16,443,33,4.03030303030303,0.8909090909090909,0.0056669572798605065,0.7637387150955282,1.0,0.0
1112,1111,18,6,191,679,3.4418262150220915,0.3090909090909091,0.2872711421098518,0.6146658497926921,0.0,1.0
1113,1112,18,4,972,319,3.9749216300940438,0.3090909090909091,0.13034001743679163,0.7497095064686847,0.0,1.0
1114,1113,18,9,758,134,3.462686567164179,0.3090909090909091,0.049694856146469055,0.6199501913067457,1.0,0.0
1115,1114,25,1,605,109,3.1743119266055047,0.43636363636363634,0.03879686137750654,0.5468991673199568,1.0,0.0
1116,1115,25,15,921,142,3.8661971830985915,0.43636363636363634,0.05318221447253706,0.7221674446215399,0.0,1.0
1117,1116,18,14,100,754,3.777188328912467,0.3090909090909091,0.3199651264167393,0.6996197340129012,0.0,1.0
1118,1117,50,13,27,30,3.6666666666666665,0.8909090909090909,0.004359197907585006,0.671622401847575,0.0,1.0
1119,1118,35,1,905,395,3.787341772151899,0.6181818181818182,0.16346992153443768,0.7021918028473705,0.0,1.0
1120,1119,18,4,956,735,3.764625850340136,0.3090909090909091,0.3116826503923278,0.6964374086817176,0.0,1.0
1121,1120,56,7,787,289,3.9550173010380623,0.9999999999999999,0.11726242371403664,0.7446673445903291,0.0,1.0
1122,1121,56,14,26,114,3.2280701754385963,0.9999999999999999,0.04097646033129905,0.5605171994651756,0.0,1.0
1123,1122,50,0,917,30,3.3666666666666667,0.8909090909090909,0.004359197907585006,0.595626443418014,0.0,1.0
1124,1123,25,2,601,389,3.7712082262210798,0.43636363636363634,0.16085440278988666,0.6981048552277707,0.0,1.0
1125,1124,18,4,537,580,3.222413793103448,0.3090909090909091,0.24411508282476027,0.5590843254758302,1.0,0.0
1126,1125,56,16,130,21,3.761904761904762,0.9999999999999999,0.00043591979075850197,0.6957481029363247,0.0,1.0
1127,1126,25,0,117,131,3.2213740458015265,0.43636363636363634,0.04838709677419355,0.5588209368333833,0.0,1.0
1128,1127,25,1,727,498,3.216867469879518,0.43636363636363634,0.2083696599825632,0.5576793316452879,0.0,1.0
1129,1128,35,17,223,103,4.145631067961165,0.6181818181818182,0.03618134263295554,0.7929535976142965,0.0,1.0
1130,1129,18,7,600,279,3.849462365591398,0.3090909090909091,0.11290322580645162,0.71792818296953,0.0,1.0
1131,1130,56,13,125,103,4.796116504854369,0.9999999999999999,0.03618134263295554,0.9577344783515325,0.0,1.0
1132,1131,18,12,982,163,4.343558282208589,0.3090909090909091,0.06233653007846557,0.8430924921010499,0.0,1.0
1133,1132,18,2,900,168,3.386904761904762,0.3090909090909091,0.06451612903225808,0.6007531548993732,0.0,1.0
1134,1133,18,20,191,150,4.42,0.3090909090909091,0.05666957279860506,0.8624566974595844,0.0,1.0
1135,1134,50,13,982,172,3.813953488372093,0.8909090909090909,0.06625980819529208,0.7089330791127344,0.0,1.0
1136,1135,35,7,902,56,3.267857142857143,0.6181818181818182,0.01569311246730602,0.5705960285384362,1.0,0.0
1137,1136,18,4,131,564,3.74468085106383,0.3090909090909091,0.23714036617262424,0.6913849442287849,0.0,1.0
1138,1137,18,12,120,89,3.662921348314607,0.3090909090909091,0.030078465562336534,0.6706736383216131,0.0,1.0
1139,1138,25,1,934,182,3.9065934065934065,0.43636363636363634,0.07061900610287708,0.7324006103596173,0.0,1.0
1140,1139,45,2,730,374,3.7566844919786098,0.7999999999999999,0.15431560592850915,0.6944257048819948,1.0,0.0
1141,1140,25,3,847,466,3.3090128755364807,0.43636363636363634,0.1944202266782912,0.5810215930378932,1.0,0.0
1142,1141,18,1,436,263,3.3726235741444865,0.3090909090909091,0.10592850915431562,0.5971354463948577,0.0,1.0
1143,1142,50,7,940,53,4.30188679245283,0.8909090909090909,0.014385353095030515,0.8325362760904615,0.0,1.0
1144,1143,25,7,940,22,3.772727272727273,0.43636363636363634,0.0008718395815170022,0.6984896598782281,0.0,1.0
1145,1144,50,3,921,57,3.3684210526315788,0.8909090909090909,0.01612903225806452,0.5960708642275435,0.0,1.0
1146,1145,18,16,802,378,2.798941798941799,0.3090909090909091,0.15605928509154315,0.4518104585945233,1.0,0.0
1147,1146,25,20,981,333,3.4654654654654653,0.43636363636363634,0.13644289450741065,0.6206541414393608,0.0,1.0
1148,1147,35,17,926,59,3.7966101694915255,0.6181818181818182,0.01700087183958152,0.7045396719771403,0.0,1.0
1149,1148,25,12,981,89,3.3146067415730336,0.43636363636363634,0.030078465562336534,0.5824386304071412,0.0,1.0
1150,1149,25,20,752,1302,2.5906298003072195,0.43636363636363634,0.5588491717523976,0.3990408919658156,1.0,0.0
1151,1150,25,15,468,308,3.772727272727273,0.43636363636363634,0.12554489973844812,0.6984896598782281,0.0,1.0
1152,1151,18,4,303,149,2.5704697986577183,0.3090909090909091,0.056233653007846565,0.39393396314149765,0.0,1.0
1153,1152,18,10,330,76,2.736842105263158,0.3090909090909091,0.024411508282476024,0.43607937279688835,0.0,1.0
1154,1153,1,10,535,24,3.375,0.0,0.0017436791630340027,0.5977374422632795,1.0,0.0
1155,1154,25,12,902,182,3.1923076923076925,0.43636363636363634,0.07061900610287708,0.5514578521939955,0.0,1.0
1156,1155,50,2,333,72,3.5833333333333335,0.8909090909090909,0.022667829119442023,0.6505124133949193,1.0,0.0
1157,1156,45,7,302,22,4.2727272727272725,0.7999999999999999,0.0008718395815170022,0.8251495905941633,0.0,1.0
1158,1157,35,1,980,64,3.640625,0.6181818181818182,0.01918047079337402,0.6650255304561201,1.0,0.0
1159,1158,18,0,483,121,2.56198347107438,0.3090909090909091,0.044027898866608545,0.391784207814021,0.0,1.0
1160,1159,18,14,70,107,3.074766355140187,0.3090909090909091,0.03792502179598954,0.5216822969502062,0.0,1.0
1161,1160,25,0,100,95,3.968421052631579,0.43636363636363634,0.03269398430688754,0.7480627810866658,0.0,1.0
1162,1161,35,0,972,156,3.551282051282051,0.6181818181818182,0.05928509154315606,0.6423931870669746,1.0,0.0
1163,1162,1,10,704,64,3.640625,0.0,0.01918047079337402,0.6650255304561201,0.0,1.0
1164,1163,25,19,900,458,3.441048034934498,0.43636363636363634,0.1909328683522232,0.6144687213207338,1.0,0.0
1165,1164,25,12,450,141,3.574468085106383,0.43636363636363634,0.05274629468177855,0.648266669942509,0.0,1.0
1166,1165,56,6,940,26,3.5,0.9999999999999999,0.002615518744551003,0.6294024249422634,0.0,1.0
1167,1166,50,1,551,70,3.4285714285714284,0.8909090909090909,0.021795989537925022,0.6113081491257011,1.0,0.0
1168,1167,25,0,941,233,3.4463519313304722,0.43636363636363634,0.0928509154315606,0.6158123036208111,1.0,0.0
1169,1168,25,20,944,118,2.7711864406779663,0.43636363636363634,0.04272013949433305,0.44477947508513727,0.0,1.0
1170,1169,56,3,100,258,4.011627906976744,0.9999999999999999,0.10374891020052311,0.7590079354422903,0.0,1.0
1171,1170,45,12,941,28,4.321428571428571,0.7999999999999999,0.0034873583260680054,0.8374865968327285,0.0,1.0
1172,1171,25,0,618,443,3.5169300225733635,0.43636363636363634,0.1843940714908457,0.6336911359145863,1.0,0.0
1173,1172,25,7,100,361,3.2493074792243766,0.43636363636363634,0.14864864864864866,0.565897030317376,1.0,0.0
1174,1173,18,16,917,24,3.125,0.3090909090909091,0.0017436791630340027,0.5344074769053119,1.0,0.0
1175,1174,25,2,900,72,4.208333333333333,0.43636363636363634,0.022667829119442023,0.8088373267898383,1.0,0.0
1176,1175,56,1,442,126,4.142857142857143,0.9999999999999999,0.04620749782040105,0.7922509072913231,0.0,1.0
1177,1176,25,17,14,79,3.9746835443037973,0.43636363636363634,0.025719267654751524,0.7496491946092905,1.0,0.0
1178,1177,56,0,481,36,3.5,0.9999999999999999,0.006974716652136007,0.6294024249422634,0.0,1.0
1179,1178,50,1,910,234,3.6623931623931623,0.8909090909090909,0.0932868352223191,0.6705398383371824,0.0,1.0
1180,1179,50,20,955,37,4.45945945945946,0.8909090909090909,0.0074106364428945075,0.8724525622620312,1.0,0.0
1181,1180,35,7,207,1521,2.815910585141354,0.6181818181818182,0.6543156059285092,0.4561089891632617,0.0,1.0
1182,1181,1,10,913,364,3.357142857142857,0.0,0.14995640802092416,0.593213873309139,0.0,1.0
1183,1182,35,19,945,186,3.682795698924731,0.6181818181818182,0.07236268526591108,0.6757082060642181,0.0,1.0
1184,1183,25,4,923,278,3.338129496402878,0.43636363636363634,0.11246730601569312,0.5883974114011332,1.0,0.0
1185,1184,35,1,973,90,3.6444444444444444,0.6181818181818182,0.030514385353095034,0.6659930715935335,1.0,0.0
1186,1185,18,19,985,206,4.296116504854369,0.3090909090909091,0.08108108108108109,0.8310745476355972,0.0,1.0
1187,1186,1,0,902,31,3.3870967741935485,0.0,0.004795117698343506,0.6008017954257618,1.0,0.0
1188,1187,45,7,722,31,4.161290322580645,0.7999999999999999,0.004795117698343506,0.7969203978246293,0.0,1.0
1189,1188,25,0,857,25,3.76,0.43636363636363634,0.002179598953792503,0.6952655889145497,0.0,1.0
1190,1189,45,0,980,27,4.037037037037037,0.7999999999999999,0.0030514385353095034,0.7654445727482679,0.0,1.0
1191,1190,35,0,981,105,4.295238095238095,0.6181818181818182,0.03705318221447254,0.8308520290333223,1.0,0.0
1192,1191,50,16,981,29,4.379310344827586,0.8909090909090909,0.003923278116826506,0.852149199649598,0.0,1.0
1193,1192,25,12,907,276,2.782608695652174,0.43636363636363634,0.11159546643417612,0.4476729591324431,0.0,1.0
1194,1193,25,1,956,649,3.325115562403698,0.43636363636363634,0.27419354838709675,0.5851007234437775,1.0,0.0
1195,1194,1,10,139,96,3.71875,0.0,0.03312990409764603,0.684816144630485,1.0,0.0
1196,1195,18,14,222,112,3.8839285714285716,0.3090909090909091,0.04010462074978205,0.7266591574562852,1.0,0.0
1197,1196,35,1,440,24,4.166666666666667,0.6181818181818182,0.0017436791630340027,0.7982823325635104,0.0,1.0
1198,1197,1,10,495,102,3.656862745098039,0.0,0.03574542284219703,0.6691388737943215,0.0,1.0
1199,1198,50,13,774,179,3.631284916201117,0.8909090909090909,0.06931124673060157,0.662659501722425,0.0,1.0
1200,1199,1,0,972,39,3.5641025641025643,0.0,0.008282476024411508,0.6456408775981526,0.0,1.0
1201,1200,18,4,841,66,3.5757575757575757,0.3090909090909091,0.02005231037489102,0.6485933235355869,0.0,1.0
1202,1201,35,12,970,520,3.5365384615384614,0.6181818181818182,0.21795989537925023,0.6386583429561201,0.0,1.0
1203,1202,25,1,64,741,3.707152496626181,0.43636363636363634,0.3142981691368788,0.6818782666828735,1.0,0.0
1204,1203,25,7,950,136,3.485294117647059,0.43636363636363634,0.050566695727986055,0.6256771328623829,0.0,1.0
1205,1204,56,0,468,85,3.9411764705882355,0.9999999999999999,0.028334786399302533,0.741161187338677,1.0,0.0
1206,1205,50,7,337,141,3.5602836879432624,0.8909090909090909,0.05274629468177855,0.6446734804186527,1.0,0.0
1207,1206,50,0,436,618,2.394822006472492,0.8909090909090909,0.26068003487358327,0.34943888876432205,0.0,1.0
1208,1207,25,0,125,48,4.020833333333333,0.43636363636363634,0.012205754141238014,0.7613398527713626,0.0,1.0
1209,1208,35,7,941,221,3.411764705882353,0.6181818181818182,0.0876198779424586,0.6070506724629806,0.0,1.0
1210,1209,25,17,275,39,3.8974358974358974,0.43636363636363634,0.008282476024411508,0.730080831408776,0.0,1.0
1211,1210,18,4,100,397,3.863979848866499,0.3090909090909091,0.16434176111595467,0.721605749821118,0.0,1.0
1212,1211,50,1,600,69,3.8550724637681157,0.8909090909090909,0.021360069747166522,0.7193493322622754,1.0,0.0
1213,1212,50,0,915,24,4.041666666666667,0.8909090909090909,0.0017436791630340027,0.7666173498845268,0.0,1.0
1214,1213,56,13,945,46,3.0217391304347827,0.9999999999999999,0.011333914559721013,0.5082494477357166,0.0,1.0
1215,1214,35,17,236,115,4.034782608695652,0.6181818181818182,0.04141238012205754,0.7648734812732203,0.0,1.0
1216,1215,25,2,902,213,3.6948356807511735,0.43636363636363634,0.0841325196163906,0.6787581725921348,0.0,1.0
1217,1216,25,12,941,51,4.235294117647059,0.43636363636363634,0.013513513513513514,0.815667028936286,0.0,1.0
1218,1217,56,15,132,235,3.4553191489361703,0.9999999999999999,0.0937227550130776,0.618083877942116,0.0,1.0
1219,1218,25,7,122,224,3.6205357142857144,0.43636363636363634,0.0889276373147341,0.659936515382712,0.0,1.0
1220,1219,1,10,480,195,3.353846153846154,0.0,0.07628596338273759,0.5923787528868361,0.0,1.0
1221,1220,18,0,191,221,3.9638009049773757,0.3090909090909091,0.0876198779424586,0.7468924059231083,0.0,1.0
1222,1221,35,0,521,68,3.2205882352941178,0.6181818181818182,0.020924149956408022,0.5586218754245348,0.0,1.0
1223,1222,25,2,601,146,3.9246575342465753,0.43636363636363634,0.05492589363557106,0.7369766126736057,0.0,1.0
1224,1223,50,13,21,578,4.046712802768166,0.8909090909090909,0.24324324324324328,0.7678956363825249,0.0,1.0
1225,1224,45,7,610,28,4.035714285714286,0.7999999999999999,0.0034873583260680054,0.7651094935664797,0.0,1.0
1226,1225,18,20,70,21,3.2857142857142856,0.3090909090909091,0.00043591979075850197,0.5751195974925767,0.0,1.0
1227,1226,50,1,900,154,3.792207792207792,0.8909090909090909,0.05841325196163906,0.7034244623736541,0.0,1.0
1228,1227,25,1,947,251,3.7768924302788847,0.43636363636363634,0.1006974716652136,0.6995447770120443,0.0,1.0
1229,1228,25,4,482,30,4.0,0.43636363636363634,0.004359197907585006,0.7560623556581987,1.0,0.0
1230,1229,25,11,951,253,3.9367588932806323,0.43636363636363634,0.1015693112467306,0.7400421272672503,0.0,1.0
1231,1230,25,12,605,110,3.8454545454545452,0.43636363636363634,0.039232781168265035,0.7169129225278186,0.0,1.0
1232,1231,18,4,432,135,4.229629629629629,0.3090909090909091,0.05013077593722755,0.8142321016166283,1.0,0.0
1233,1232,45,20,945,61,3.8852459016393444,0.7999999999999999,0.01787271142109852,0.7269928633627382,1.0,0.0
1234,1233,18,4,910,24,4.291666666666667,0.3090909090909091,0.0017436791630340027,0.8299473152424943,0.0,1.0
1235,1234,25,7,940,50,3.7,0.43636363636363634,0.013077593722755014,0.6800663972286375,1.0,0.0
1236,1235,25,1,483,24,3.375,0.43636363636363634,0.0017436791630340027,0.5977374422632795,1.0,0.0
1237,1236,18,4,327,30,3.7666666666666666,0.3090909090909091,0.004359197907585006,0.6969543879907621,0.0,1.0
1238,1237,35,20,112,45,3.7111111111111112,0.6181818181818182,0.010897994768962513,0.6828810623556583,1.0,0.0
1239,1238,25,20,501,88,3.8636363636363638,0.43636363636363634,0.029642545771578033,0.7215187381902164,1.0,0.0
1240,1239,18,14,21,30,3.066666666666667,0.3090909090909091,0.004359197907585006,0.5196304849884528,1.0,0.0
1241,1240,1,10,118,194,4.247422680412371,0.0,0.07585004359197908,0.8187394347753625,0.0,1.0
1242,1241,35,0,100,616,3.6396103896103895,0.6181818181818182,0.2598081952920662,0.6647685094928167,1.0,0.0
1243,1242,35,15,926,368,3.608695652173913,0.6181818181818182,0.15170008718395817,0.6569371924892058,0.0,1.0
1244,1243,25,4,220,543,3.3812154696132595,0.43636363636363634,0.22798605056669574,0.5993119441644444,0.0,1.0
1245,1244,25,17,804,36,4.333333333333333,0.43636363636363634,0.006974716652136007,0.8405023094688222,0.0,1.0
1246,1245,18,4,982,572,3.56993006993007,0.3090909090909091,0.24062772449869224,0.6471171005668697,0.0,1.0
1247,1246,35,0,926,36,3.8055555555555554,0.6181818181818182,0.006974716652136007,0.7068057159353349,0.0,1.0
1248,1247,35,20,945,94,3.595744680851064,0.6181818181818182,0.03225806451612903,0.6536564542282935,1.0,0.0
1249,1248,35,2,945,25,3.96,0.6181818181818182,0.002179598953792503,0.7459295612009238,0.0,1.0
1250,1249,50,0,105,21,4.190476190476191,0.8909090909090909,0.00043591979075850197,0.8043137578356978,0.0,1.0
1251,1250,25,7,481,45,3.3777777777777778,0.43636363636363634,0.010897994768962513,0.5984411085450347,0.0,1.0
1252,1251,56,13,941,118,4.02542372881356,0.9999999999999999,0.04272013949433305,0.762502691118331,0.0,1.0
1253,1252,35,20,762,74,3.5405405405405403,0.6181818181818182,0.023539668700959023,0.6396721490543662,1.0,0.0
1254,1253,18,1,21,110,4.118181818181818,0.3090909090909091,0.039232781168265035,0.7860001574637834,1.0,0.0
1255,1254,25,17,941,235,3.7787234042553193,0.43636363636363634,0.0937227550130776,0.7000085990860401,0.0,1.0
1256,1255,25,20,100,32,4.34375,0.43636363636363634,0.005231037489102006,0.8431410580254042,0.0,1.0
1257,1256,18,14,841,49,3.36734693877551,0.3090909090909091,0.012641673931996514,0.5957987698543621,1.0,0.0
1258,1257,45,7,208,42,4.261904761904762,0.7999999999999999,0.009590235396687012,0.8224080336522601,0.0,1.0
1259,1258,35,7,202,60,3.9833333333333334,0.6181818181818182,0.01743679163034002,0.7518403579676676,0.0,1.0
1260,1259,25,17,282,509,3.787819253438114,0.43636363636363634,0.21316477768090672,0.7023127583406308,0.0,1.0
1261,1260,18,4,402,195,3.7487179487179487,0.3090909090909091,0.07628596338273759,0.6924076212471132,0.0,1.0
1262,1261,25,4,229,158,3.4240506329113924,0.43636363636363634,0.06015693112467306,0.610162941795539,0.0,1.0
1263,1262,1,10,813,279,3.139784946236559,0.0,0.11290322580645162,0.5381527974372347,0.0,1.0
1264,1263,25,1,537,711,3.586497890295359,0.43636363636363634,0.3012205754141238,0.6513140585260327,0.0,1.0
1265,1264,18,20,493,343,3.183673469387755,0.3090909090909091,0.14080209241499564,0.5492706320403451,1.0,0.0
1266,1265,25,4,181,726,3.3415977961432506,0.43636363636363634,0.3077593722755013,0.5892760006107687,0.0,1.0
1267,1266,25,15,122,170,3.6,0.43636363636363634,0.06538796861377508,0.6547344110854504,0.0,1.0
1268,1267,50,2,100,202,4.257425742574258,0.8909090909090909,0.07933740191804708,0.821273409096106,0.0,1.0
1269,1268,56,13,12,32,4.25,0.9999999999999999,0.005231037489102006,0.8193923210161664,1.0,0.0
1270,1269,25,6,122,29,3.0344827586206895,0.43636363636363634,0.003923278116826506,0.5114776618619097,0.0,1.0
1271,1270,45,6,544,170,4.2823529411764705,0.7999999999999999,0.06538796861377508,0.8275879635919032,1.0,0.0
1272,1271,18,20,495,284,3.535211267605634,0.3090909090909091,0.11508282476024412,0.638322138372963,0.0,1.0
1273,1272,35,2,191,334,3.9820359281437128,0.6181818181818182,0.13687881429816914,0.7515116994648119,0.0,1.0
1274,1273,45,7,373,591,3.8494077834179357,0.7999999999999999,0.24891020052310378,0.7179143562209119,0.0,1.0
1275,1274,50,17,395,30,4.466666666666667,0.8909090909090909,0.004359197907585006,0.8742782909930717,0.0,1.0
1276,1275,35,17,940,77,4.1558441558441555,0.6181818181818182,0.024847428073234524,0.7955407756216071,0.0,1.0
1277,1276,18,0,63,37,3.675675675675676,0.3090909090909091,0.0074106364428945075,0.6739045627613758,1.0,0.0
1278,1277,18,4,983,67,4.0,0.3090909090909091,0.02048823016564952,0.7560623556581987,0.0,1.0
1279,1278,35,1,985,361,2.958448753462604,0.6181818181818182,0.14864864864864866,0.4922167382111533,0.0,1.0
1280,1279,1,10,978,50,3.72,0.0,0.013077593722755014,0.6851327944572749,0.0,1.0
1281,1280,25,19,972,144,3.4791666666666665,0.43636363636363634,0.05405405405405406,0.6241249278290993,0.0,1.0
1282,1281,50,1,985,21,4.095238095238095,0.8909090909090909,0.00043591979075850197,0.7801880567469481,0.0,1.0
1283,1282,18,1,946,46,3.347826086956522,0.3090909090909091,0.011333914559721013,0.590853750376544,1.0,0.0
1284,1283,45,16,333,507,3.4220907297830374,0.7999999999999999,0.21229293809938973,0.6096664594066442,0.0,1.0
1285,1284,35,4,981,1144,3.9064685314685317,0.6181818181818182,0.48997384481255446,0.7323689770102878,0.0,1.0
1286,1285,35,17,926,68,3.5,0.6181818181818182,0.020924149956408022,0.6294024249422634,0.0,1.0
1287,1286,50,7,946,94,3.9468085106382977,0.8909090909090909,0.03225806451612903,0.7425878949437374,1.0,0.0
1288,1287,35,19,928,129,3.75968992248062,0.6181818181818182,0.04751525719267655,0.6951870401203073,1.0,0.0
1289,1288,45,6,787,39,4.3076923076923075,0.7999999999999999,0.008282476024411508,0.8340069284064666,0.0,1.0
1290,1289,35,0,915,55,4.181818181818182,0.6181818181818182,0.015257192676547515,0.8021205122821751,0.0,1.0
1291,1290,35,0,100,283,3.802120141342756,0.6181818181818182,0.11464690496948562,0.7059354572829875,1.0,0.0
1292,1291,25,7,949,48,3.3958333333333335,0.43636363636363634,0.012205754141238014,0.6030149393764435,0.0,1.0
1293,1292,25,5,600,68,3.426470588235294,0.43636363636363634,0.020924149956408022,0.610775964542861,0.0,1.0
1294,1293,50,20,112,261,3.9272030651340994,0.8909090909090909,0.10505666957279862,0.7376214462053038,1.0,0.0
1295,1294,35,6,900,40,3.575,0.6181818181818182,0.008718395815170008,0.6484014145496537,1.0,0.0
1296,1295,1,0,752,48,3.8958333333333335,0.0,0.012205754141238014,0.7296748700923789,0.0,1.0
1297,1296,25,7,921,487,3.4455852156057496,0.43636363636363634,0.20357454228421973,0.6156180792996667,0.0,1.0
1298,1297,35,6,336,614,3.8273615635179152,0.6181818181818182,0.25893635571054924,0.7123296108507422,0.0,1.0
1299,1298,25,14,20,234,3.7905982905982905,0.43636363636363634,0.0932868352223191,0.7030167436489607,0.0,1.0
1300,1299,1,10,972,166,3.4819277108433737,0.0,0.06364428945074108,0.62482435515735,0.0,1.0
1301,1300,25,2,104,297,3.774410774410774,0.43636363636363634,0.12074978204010464,0.698916124291413,1.0,0.0
1302,1301,18,4,852,60,4.266666666666667,0.3090909090909091,0.01743679163034002,0.8236143187066975,0.0,1.0
1303,1302,25,19,941,677,3.3205317577548006,0.43636363636363634,0.2863993025283348,0.583939554685288,0.0,1.0
1304,1303,25,14,972,84,3.9642857142857144,0.43636363636363634,0.027898866608544032,0.7470152177499176,0.0,1.0
1305,1304,45,20,941,21,4.333333333333333,0.7999999999999999,0.00043591979075850197,0.8405023094688222,0.0,1.0
1306,1305,25,3,640,461,4.1475054229934925,0.43636363636363634,0.1922406277244987,0.7934284089713597,0.0,1.0
1307,1306,56,13,757,21,4.333333333333333,0.9999999999999999,0.00043591979075850197,0.8405023094688222,0.0,1.0
1308,1307,1,10,750,89,3.606741573033708,0.0,0.030078465562336534,0.6564421854321821,0.0,1.0
1309,1308,25,14,760,24,3.7083333333333335,0.43636363636363634,0.0017436791630340027,0.6821773960739032,0.0,1.0
1310,1309,45,0,928,24,3.75,0.7999999999999999,0.0017436791630340027,0.692732390300231,0.0,1.0
1311,1310,18,10,902,188,3.478723404255319,0.3090909090909091,0.07323452484742808,0.6240126406564788,0.0,1.0
1312,1311,25,14,601,155,3.270967741935484,0.43636363636363634,0.05884917175239757,0.5713840050659317,0.0,1.0
1313,1312,18,4,432,29,3.6551724137931036,0.3090909090909091,0.003923278116826506,0.6687106793023813,0.0,1.0
1314,1313,18,4,681,228,2.789473684210526,0.3090909090909091,0.0906713164777681,0.44941199708277624,1.0,0.0
1315,1314,35,7,752,93,4.505376344086022,0.6181818181818182,0.03182214472537054,0.8840842211130151,0.0,1.0
1316,1315,50,2,503,38,3.236842105263158,0.8909090909090909,0.007846556233653008,0.5627393035128238,0.0,1.0
1317,1316,45,7,980,799,3.6620775969962454,0.7999999999999999,0.3395815170008718,0.6704598993545627,0.0,1.0
1318,1317,18,16,940,21,3.0476190476190474,0.3090909090909091,0.00043591979075850197,0.5148053447707027,0.0,1.0
1319,1318,25,3,986,28,3.2142857142857144,0.43636363636363634,0.0034873583260680054,0.5570253216760146,1.0,0.0
1320,1319,25,4,220,117,4.017094017094017,0.43636363636363634,0.042284219703574544,0.7603926096997691,0.0,1.0
1321,1320,25,14,346,171,3.2923976608187133,0.43636363636363634,0.06582388840453357,0.5768126291479275,1.0,0.0
1322,1321,56,0,940,384,4.1171875,0.9999999999999999,0.15867480383609417,0.7857482769197461,0.0,1.0
1323,1322,35,2,112,148,3.7027027027027026,0.6181818181818182,0.05579773321708806,0.6807510455027777,1.0,0.0
1324,1323,35,16,70,108,4.037037037037037,0.6181818181818182,0.038360941586748035,0.7654445727482679,0.0,1.0
1325,1324,25,1,752,282,3.9858156028368796,0.43636363636363634,0.11421098517872712,0.7524691661343423,0.0,1.0
1326,1325,25,0,981,37,3.918918918918919,0.43636363636363634,0.0074106364428945075,0.735522907433993,1.0,0.0
1327,1326,1,10,121,71,3.507042253521127,0.0,0.022231909328683522,0.6311863676284033,0.0,1.0
1328,1327,35,14,606,125,3.552,0.6181818181818182,0.045771578029642546,0.6425750577367206,0.0,1.0
1329,1328,18,14,601,410,3.2853658536585364,0.3090909090909091,0.1700087183958152,0.575031332732496,0.0,1.0
1330,1329,56,1,951,46,4.260869565217392,0.9999999999999999,0.011333914559721013,0.8221457977708606,0.0,1.0
1331,1330,45,0,120,150,3.98,0.7999999999999999,0.05666957279860506,0.7509959584295613,0.0,1.0
1332,1331,25,7,28,32,3.5,0.43636363636363634,0.005231037489102006,0.6294024249422634,0.0,1.0
1333,1332,25,17,64,557,3.6965888689407542,0.43636363636363634,0.23408892763731476,0.6792022899813834,0.0,1.0
1334,1333,50,7,108,59,3.9152542372881354,0.8909090909090909,0.01700087183958152,0.7345945707910909,0.0,1.0
1335,1334,35,0,142,307,3.0749185667752443,0.6181818181818182,0.12510897994768963,0.5217208551805073,0.0,1.0
1336,1335,50,20,950,23,4.086956521739131,0.8909090909090909,0.0013077593722755024,0.7780901696957527,1.0,0.0
1337,1336,56,17,971,65,3.8153846153846156,0.9999999999999999,0.01961639058413252,0.709295612009238,0.0,1.0
1338,1337,25,0,941,132,4.03030303030303,0.43636363636363634,0.048823016564952054,0.7637387150955282,0.0,1.0
1339,1338,35,18,852,213,2.788732394366197,0.6181818181818182,0.0841325196163906,0.44922421364212994,0.0,1.0
1340,1339,25,7,143,805,2.1627329192546583,0.43636363636363634,0.3421970357454228,0.2906461133504511,0.0,1.0
1341,1340,18,7,114,87,2.3793103448275863,0.3090909090909091,0.029206625980819533,0.34550947678585653,0.0,1.0
1342,1341,35,0,945,92,2.9782608695652173,0.6181818181818182,0.03138622493461203,0.49723554071693943,0.0,1.0
1343,1342,35,14,913,279,4.415770609318996,0.6181818181818182,0.11290322580645162,0.8613853087983312,0.0,1.0
1344,1343,25,9,434,75,3.72,0.43636363636363634,0.023975588491717523,0.6851327944572749,1.0,0.0
1345,1344,25,2,750,189,3.7195767195767195,0.43636363636363634,0.07367044463818657,0.6850255691191026,1.0,0.0
1346,1345,35,20,276,28,3.5357142857142856,0.6181818181818182,0.0034873583260680054,0.6384495628505444,0.0,1.0
1347,1346,18,1,113,158,3.778481012658228,0.3090909090909091,0.06015693112467306,0.6999471964802527,1.0,0.0
1348,1347,1,10,42,139,3.7985611510791366,0.0,0.05187445510026155,0.70503389436257,1.0,0.0
1349,1348,50,7,130,43,4.651162790697675,0.8909090909090909,0.010026155187445512,0.9210148235673239,0.0,1.0
1350,1349,35,0,902,112,3.7589285714285716,0.6181818181818182,0.04010462074978205,0.6949941747773013,1.0,0.0
1351,1350,25,17,980,20,4.2,0.43636363636363634,0.0,0.8067263279445729,1.0,0.0
1352,1351,35,20,941,158,3.5759493670886076,0.6181818181818182,0.06015693112467306,0.6486419080889877,0.0,1.0
1353,1352,1,10,959,63,3.0317460317460316,0.0,0.01874455100261552,0.5107843945892445,0.0,1.0
1354,1353,25,2,940,684,3.404970760233918,0.43636363636363634,0.28945074106364427,0.6053296310927434,1.0,0.0
1355,1354,45,20,42,53,4.169811320754717,0.7999999999999999,0.014385353095030515,0.7990789359013466,1.0,0.0
1356,1355,18,4,917,461,2.633405639913232,0.3090909090909091,0.1922406277244987,0.40987686172744264,1.0,0.0
1357,1356,45,0,341,177,2.7966101694915255,0.7999999999999999,0.06843940714908457,0.4512198105452696,0.0,1.0
1358,1357,35,17,495,231,3.16017316017316,0.6181818181818182,0.0919790758500436,0.5433175369664978,0.0,1.0
1359,1358,35,1,109,96,3.6458333333333335,0.6181818181818182,0.03312990409764603,0.6663449047344112,0.0,1.0
1360,1359,25,20,148,103,3.5533980582524274,0.43636363636363634,0.03618134263295554,0.6429292136594992,0.0,1.0
1361,1360,25,0,974,133,4.135338345864661,0.43636363636363634,0.04925893635571055,0.7903462466790532,1.0,0.0
1362,1361,35,12,750,219,3.4474885844748857,0.6181818181818182,0.0867480383609416,0.61610024043785,0.0,1.0
1363,1362,50,7,19,21,4.380952380952381,0.8909090909090909,0.00043591979075850197,0.8525651600131972,0.0,1.0
1364,1363,45,2,972,55,4.0,0.7999999999999999,0.015257192676547515,0.7560623556581987,1.0,0.0
1365,1364,1,10,616,67,3.626865671641791,0.0,0.02048823016564952,0.6615400193030231,1.0,0.0
1366,1365,1,10,895,143,3.5104895104895104,0.0,0.05361813426329555,0.6320596262859542,0.0,1.0
1367,1366,25,12,537,211,3.7772511848341233,0.43636363636363634,0.0832606800348736,0.6996356566662654,0.0,1.0
1368,1367,25,3,502,44,4.113636363636363,0.43636363636363634,0.010462074978204013,0.7848487035481839,1.0,0.0
1369,1368,25,5,123,404,3.782178217821782,0.43636363636363634,0.16739319965126417,0.7008837719799694,0.0,1.0
1370,1369,35,2,928,148,3.141891891891892,0.6181818181818182,0.05579773321708806,0.538686528618688,0.0,1.0
1371,1370,50,2,606,44,4.2727272727272725,0.8909090909090909,0.010462074978204013,0.8251495905941633,1.0,0.0
1372,1371,1,10,951,53,3.0,0.0,0.014385353095030515,0.502742494226328,0.0,1.0
1373,1372,25,1,551,74,3.810810810810811,0.43636363636363634,0.023539668700959023,0.7081369764683854,1.0,0.0
1374,1373,50,1,914,103,3.9223300970873787,0.8909090909090909,0.03618134263295554,0.7363870266149466,0.0,1.0
1375,1374,45,5,951,60,3.9,0.7999999999999999,0.01743679163034002,0.7307303695150116,1.0,0.0
1376,1375,45,1,327,94,3.882978723404255,0.7999999999999999,0.03225806451612903,0.726418542086384,1.0,0.0
1377,1376,35,16,652,521,2.8214971209213053,0.6181818181818182,0.21839581517000872,0.4575241696329231,0.0,1.0
1378,1377,45,7,210,58,4.5344827586206895,0.7999999999999999,0.01656495204882302,0.8914574540097158,1.0,0.0
1379,1378,56,13,934,32,3.25,0.9999999999999999,0.005231037489102006,0.5660724595842956,1.0,0.0
1380,1379,1,10,580,253,3.316205533596838,0.0,0.1015693112467306,0.5828436361810697,0.0,1.0
1381,1380,18,11,891,69,3.4057971014492754,0.3090909090909091,0.021360069747166522,0.6055389597349132,0.0,1.0
1382,1381,45,1,921,36,4.138888888888889,0.7999999999999999,0.006974716652136007,0.7912456697459587,1.0,0.0
1383,1382,25,7,198,822,3.329683698296837,0.43636363636363634,0.34960767218831734,0.5862579229952294,1.0,0.0
1384,1383,18,10,980,22,3.4545454545454546,0.3090909090909091,0.0008718395815170022,0.6178878857862692,0.0,1.0
1385,1384,25,5,902,22,3.727272727272727,0.43636363636363634,0.0008718395815170022,0.6869751207222339,1.0,0.0
1386,1385,25,0,70,82,3.951219512195122,0.43636363636363634,0.027027027027027032,0.7437052892468878,1.0,0.0
1387,1386,50,13,947,223,3.6591928251121075,0.8909090909090909,0.0884917175239756,0.6697291293406105,1.0,0.0
1388,1387,56,20,871,53,4.018867924528302,0.9999999999999999,0.014385353095030515,0.7608419756852152,0.0,1.0
1389,1388,25,17,198,411,3.812652068126521,0.43636363636363634,0.17044463818657368,0.7086034035164613,0.0,1.0
1390,1389,35,16,993,309,3.838187702265372,0.6181818181818182,0.12598081952920664,0.7150720868180901,0.0,1.0
1391,1390,35,15,207,209,3.4688995215311005,0.6181818181818182,0.0823888404533566,0.6215240560460569,0.0,1.0
1392,1391,45,3,900,243,3.403292181069959,0.7999999999999999,0.0972101133391456,0.6049044136515269,0.0,1.0
1393,1392,18,4,64,109,4.128440366972477,0.3090909090909091,0.03879686137750654,0.7885988516219251,0.0,1.0
1394,1393,25,3,941,27,3.0,0.43636363636363634,0.0030514385353095034,0.502742494226328,1.0,0.0
1395,1394,25,2,70,312,3.826923076923077,0.43636363636363634,0.12728857890148212,0.712218533487298,0.0,1.0
1396,1395,25,12,945,186,3.725806451612903,0.43636363636363634,0.07236268526591108,0.6866036839752664,1.0,0.0
1397,1396,35,7,559,53,3.490566037735849,0.6181818181818182,0.014385353095030515,0.6270126149287552,0.0,1.0
1398,1397,56,16,949,38,3.710526315789474,0.9999999999999999,0.007846556233653008,0.6827329220858152,1.0,0.0
1399,1398,18,17,108,288,3.6527777777777777,0.3090909090909091,0.11682650392327812,0.6681040704387992,0.0,1.0
1400,1399,25,7,921,58,4.172413793103448,0.43636363636363634,0.01656495204882302,0.7997381938361074,0.0,1.0
1401,1400,18,1,945,56,4.017857142857143,0.3090909090909091,0.01569311246730602,0.7605859246123394,1.0,0.0
1402,1401,18,4,906,49,4.122448979591836,0.3090909090909091,0.012641673931996514,0.7870811142008767,0.0,1.0
1403,1402,25,0,537,65,3.8461538461538463,0.43636363636363634,0.01961639058413252,0.7170900692840647,1.0,0.0
1404,1403,50,16,913,332,2.7951807228915664,0.8909090909090909,0.13600697471665216,0.4508577033306437,0.0,1.0
1405,1404,56,13,334,45,3.7333333333333334,0.9999999999999999,0.010897994768962513,0.6885103926096998,0.0,1.0
1406,1405,25,4,919,20,3.8,0.43636363636363634,0.0,0.7053983833718245,0.0,1.0
1407,1406,35,15,537,182,4.082417582417582,0.6181818181818182,0.07061900610287708,0.7769403662157703,1.0,0.0
1408,1407,25,0,900,136,3.139705882352941,0.43636363636363634,0.050566695727986055,0.5381327689851922,0.0,1.0
1409,1408,18,4,972,84,4.214285714285714,0.3090909090909091,0.027898866608544032,0.8103451831078854,0.0,1.0
1410,1409,50,7,944,78,4.064102564102564,0.8909090909090909,0.025283347863993024,0.7723008083140879,0.0,1.0
1411,1410,35,1,81,60,3.566666666666667,0.6181818181818182,0.01743679163034002,0.646290415704388,0.0,1.0
1412,1411,25,17,940,24,3.3333333333333335,0.43636363636363634,0.0017436791630340027,0.5871824480369516,0.0,1.0
1413,1412,18,3,981,185,3.8324324324324324,0.3090909090909091,0.07192676547515257,0.7136141626615068,0.0,1.0
1414,1413,18,4,850,74,3.7837837837837838,0.3090909090909091,0.023539668700959023,0.7012904937269834,0.0,1.0
1415,1414,45,14,229,179,3.7150837988826817,0.7999999999999999,0.06931124673060157,0.6838874230714647,0.0,1.0
1416,1415,25,14,981,22,3.5454545454545454,0.43636363636363634,0.0008718395815170022,0.6409169640982575,0.0,1.0
1417,1416,35,16,104,29,3.413793103448276,0.6181818181818182,0.003923278116826506,0.6075645058533089,0.0,1.0
1418,1417,18,4,481,286,2.9510489510489513,0.3090909090909091,0.11595466434176112,0.49034222128910365,0.0,1.0
1419,1418,25,1,953,51,2.6470588235294117,0.43636363636363634,0.013513513513513514,0.4133354843091972,1.0,0.0
1420,1419,18,4,13,279,3.7311827956989245,0.3090909090909091,0.11290322580645162,0.6879656187141474,0.0,1.0
1421,1420,1,10,537,195,3.758974358974359,0.0,0.07628596338273759,0.6950057736720555,1.0,0.0
1422,1421,35,17,559,728,3.0123626373626373,0.6181818181818182,0.3086312118570183,0.5058741958099637,0.0,1.0
1423,1422,25,4,85,80,4.1875,0.43636363636363634,0.026155187445510025,0.8035598296766744,0.0,1.0
1424,1423,35,0,282,44,3.409090909090909,0.6181818181818182,0.010462074978204013,0.6063733466302751,0.0,1.0
1425,1424,1,10,88,778,3.647814910025707,0.0,0.3304272013949433,0.6668468774675399,0.0,1.0
1426,1425,18,14,940,382,3.494764397905759,0.3090909090909091,0.15780296425457715,0.6280761429452378,0.0,1.0
1427,1426,25,12,214,153,3.6470588235294117,0.43636363636363634,0.057977332170880566,0.6666553457410679,0.0,1.0
1428,1427,45,11,402,52,4.211538461538462,0.7999999999999999,0.013949433304272014,0.8096492494226328,1.0,0.0
1429,1428,35,3,112,24,3.2916666666666665,0.6181818181818182,0.0017436791630340027,0.5766274538106235,1.0,0.0
1430,1429,18,4,972,116,4.163793103448276,0.3090909090909091,0.04184829991281605,0.797554401927212,0.0,1.0
1431,1430,56,6,910,21,3.380952380952381,0.9999999999999999,0.00043591979075850197,0.5992452985813264,0.0,1.0
1432,1431,35,1,945,35,3.5428571428571427,0.6181818181818182,0.006538796861377507,0.6402589904322006,0.0,1.0
1433,1432,18,14,495,89,3.337078651685393,0.3090909090909091,0.030078465562336534,0.5881312115629136,1.0,0.0
1434,1433,1,10,495,279,2.4050179211469533,0.0,0.11290322580645162,0.3520217164568279,1.0,0.0
1435,1434,25,14,481,35,3.4571428571428573,0.43636363636363634,0.006538796861377507,0.6185458594523261,0.0,1.0
1436,1435,50,6,970,66,3.9696969696969697,0.8909090909090909,0.02005231037489102,0.7483859962208692,1.0,0.0
1437,1436,50,3,891,155,4.541935483870968,0.8909090909090909,0.05884917175239757,0.893345377337406,0.0,1.0
1438,1437,18,2,212,44,3.477272727272727,0.3090909090909091,0.010462074978204013,0.6236451553642662,0.0,1.0
1439,1438,35,3,980,30,3.9,0.6181818181818182,0.004359197907585006,0.7307303695150116,0.0,1.0
1440,1439,35,12,945,136,3.3529411764705883,0.6181818181818182,0.050566695727986055,0.5921495041434588,0.0,1.0
1441,1440,35,16,547,102,3.627450980392157,0.6181818181818182,0.03574542284219703,0.6616882896345606,0.0,1.0
1442,1441,18,2,123,160,3.3,0.3090909090909091,0.06102877070619006,0.5787384526558892,0.0,1.0
1443,1442,35,2,980,40,4.25,0.6181818181818182,0.008718395815170008,0.8193923210161664,0.0,1.0
1444,1443,25,4,911,29,3.689655172413793,0.43636363636363634,0.003923278116826506,0.677445846937963,1.0,0.0
1445,1444,25,2,981,31,2.903225806451613,0.43636363636363634,0.004795117698343506,0.4782276689264696,0.0,1.0
1446,1445,35,12,101,97,4.453608247422681,0.6181818181818182,0.03356582388840454,0.8709703340396657,0.0,1.0
1447,1446,18,4,805,990,3.2383838383838386,0.3090909090909091,0.42284219703574544,0.5631298551333195,0.0,1.0
1448,1447,25,3,175,1038,3.775529865125241,0.43636363636363634,0.44376634699215345,0.6991996121961314,1.0,0.0
1449,1448,35,20,171,1243,2.8061142397425582,0.6181818181818182,0.533129904097646,0.45362738030429994,0.0,1.0
1450,1449,18,4,947,109,2.9908256880733943,0.3090909090909091,0.03879686137750654,0.5004184588003475,0.0,1.0
1451,1450,35,20,900,751,3.8974700399467377,0.6181818181818182,0.3186573670444638,0.7300894803848911,0.0,1.0
1452,1451,56,13,907,20,4.15,0.9999999999999999,0.0,0.7940603348729793,1.0,0.0
1453,1452,25,14,194,28,3.5714285714285716,0.43636363636363634,0.0034873583260680054,0.6474967007588256,0.0,1.0
1454,1453,18,4,931,22,3.8636363636363638,0.3090909090909091,0.0008718395815170022,0.7215187381902164,0.0,1.0
1455,1454,45,0,921,61,3.7540983606557377,0.7999999999999999,0.01787271142109852,0.6937705864536403,1.0,0.0
1456,1455,25,2,980,22,4.045454545454546,0.43636363636363634,0.0008718395815170022,0.767576894814193,0.0,1.0
1457,1456,25,1,954,307,3.95114006514658,0.43636363636363634,0.12510897994768963,0.74368516373156,0.0,1.0
1458,1457,1,0,80,97,3.9896907216494846,0.0,0.03356582388840454,0.7534508106949835,0.0,1.0
1459,1458,25,0,800,21,4.0476190476190474,0.43636363636363634,0.00043591979075850197,0.7681252062025734,1.0,0.0
1460,1459,18,4,951,28,3.0357142857142856,0.3090909090909091,0.0034873583260680054,0.511789632134609,1.0,0.0
1461,1460,45,0,941,50,3.34,0.7999999999999999,0.013077593722755014,0.588871247113164,1.0,0.0
1462,1461,35,16,954,38,3.5,0.6181818181818182,0.007846556233653008,0.6294024249422634,0.0,1.0
1463,1462,50,16,926,116,3.5948275862068964,0.8909090909090909,0.04184829991281605,0.6534241359401131,0.0,1.0
1464,1463,35,12,750,108,3.675925925925926,0.6181818181818182,0.038360941586748035,0.6739679561200924,0.0,1.0
1465,1464,50,16,930,611,3.741407528641571,0.8909090909090909,0.25762859633827373,0.6905557466463564,0.0,1.0
1466,1465,18,4,292,252,3.630952380952381,0.3090909090909091,0.10113339145597211,0.662575263939294,0.0,1.0
1467,1466,25,5,970,88,3.534090909090909,0.43636363636363634,0.029642545771578033,0.638038329309259,0.0,1.0
1468,1467,1,14,191,102,3.519607843137255,0.0,0.03574542284219703,0.6343694810487706,0.0,1.0
1469,1468,56,20,954,32,4.0625,0.9999999999999999,0.005231037489102006,0.7718948469976905,0.0,1.0
1470,1469,18,4,941,710,2.6943661971830988,0.3090909090909091,0.3007846556233653,0.4253193816478549,0.0,1.0
1471,1470,25,17,111,27,3.814814814814815,0.43636363636363634,0.0030514385353095034,0.7091512702078523,0.0,1.0
1472,1471,25,7,902,233,3.6008583690987126,0.43636363636363634,0.0928509154315606,0.6549518530265936,0.0,1.0
1473,1472,25,14,65,240,2.970833333333333,0.43636363636363634,0.09590235396687011,0.4953539982678984,0.0,1.0
1474,1473,25,4,981,130,3.7846153846153845,0.43636363636363634,0.047951176983435054,0.7015011547344111,0.0,1.0
1475,1474,25,2,750,79,3.8987341772151898,0.43636363636363634,0.025719267654751524,0.7304097114625662,1.0,0.0
1476,1475,18,0,910,70,3.757142857142857,0.3090909090909091,0.021795989537925022,0.6945418178818872,1.0,0.0
1477,1476,45,1,906,33,4.0606060606060606,0.7999999999999999,0.0056669572798605065,0.7714150745328574,1.0,0.0
1478,1477,1,10,926,32,3.9375,0.0,0.005231037489102006,0.7402298643187067,0.0,1.0
1479,1478,50,2,945,29,4.103448275862069,0.8909090909090909,0.003923278116826506,0.7822678585649441,1.0,0.0
1480,1479,25,20,913,43,3.395348837209302,0.43636363636363634,0.010026155187445512,0.6028922068854397,0.0,1.0
1481,1480,35,17,770,100,4.38,0.6181818181818182,0.03487358326068003,0.8523239030023095,0.0,1.0
1482,1481,25,7,941,61,3.2295081967213113,0.43636363636363634,0.01787271142109852,0.560881478817249,0.0,1.0
1483,1482,18,4,544,258,3.0968992248062017,0.3090909090909091,0.10374891020052311,0.5272889924270907,0.0,1.0
1484,1483,25,12,70,314,3.6146496815286624,0.43636363636363634,0.12816041848299914,0.6584454663803122,0.0,1.0
1485,1484,25,9,805,23,3.9130434782608696,0.43636363636363634,0.0013077593722755024,0.7340345416206447,1.0,0.0
1486,1485,25,16,906,48,3.5833333333333335,0.43636363636363634,0.012205754141238014,0.6505124133949193,0.0,1.0
1487,1486,35,7,76,41,3.2195121951219514,0.6181818181818182,0.009154315605928512,0.5583492930772265,0.0,1.0
1488,1487,25,7,945,21,4.095238095238095,0.43636363636363634,0.00043591979075850197,0.7801880567469481,0.0,1.0
1489,1488,35,2,602,489,2.443762781186094,0.6181818181818182,0.20444638186573671,0.36183655903314016,1.0,0.0
1490,1489,50,7,905,180,4.1,0.8909090909090909,0.06974716652136008,0.7813943418013856,0.0,1.0
1491,1490,18,4,65,253,3.2490118577075098,0.3090909090909091,0.1015693112467306,0.565822143515687,0.0,1.0
1492,1491,25,12,981,107,3.2149532710280373,0.43636363636363634,0.03792502179598954,0.5571944270574778,0.0,1.0
1493,1492,25,14,606,20,3.75,0.43636363636363634,0.0,0.692732390300231,1.0,0.0
1494,1493,25,17,381,98,3.795918367346939,0.43636363636363634,0.03400174367916303,0.7043644247537353,0.0,1.0
1495,1494,18,0,773,182,2.620879120879121,0.3090909090909091,0.07061900610287708,0.40670364566149786,0.0,1.0
1496,1495,25,17,941,597,2.85929648241206,0.43636363636363634,0.2515257192676547,0.4670994986479743,0.0,1.0
1497,1496,50,5,802,199,3.864321608040201,0.8909090909090909,0.07802964254577159,0.7216923242076434,0.0,1.0
1498,1497,18,4,21,116,3.8275862068965516,0.3090909090909091,0.04184829991281605,0.7123865174802899,0.0,1.0
1499,1498,1,10,193,130,3.9384615384615387,0.0,0.047951176983435054,0.7404734411085452,0.0,1.0
1500,1499,25,17,981,115,3.9043478260869566,0.43636363636363634,0.04141238012205754,0.7318317602168893,0.0,1.0
1501,1500,25,11,758,542,3.726937269372694,0.43636363636363634,0.22755013077593725,0.6868901425734812,0.0,1.0
1502,1501,18,4,121,273,3.399267399267399,0.3090909090909091,0.11028770706190062,0.6038848564830089,0.0,1.0
1503,1502,25,12,926,272,3.5073529411764706,0.43636363636363634,0.10985178727114212,0.6312650709822035,0.0,1.0
1504,1503,18,19,220,42,3.642857142857143,0.3090909090909091,0.009590235396687012,0.6655909765753877,0.0,1.0
1505,1504,50,11,900,318,3.738993710691824,0.8909090909090909,0.12990409764603314,0.6899442786178047,0.0,1.0
1506,1505,25,7,85,105,3.8095238095238093,0.43636363636363634,0.03705318221447254,0.7078109534806994,0.0,1.0
1507,1506,35,17,954,108,4.185185185185185,0.6181818181818182,0.038360941586748035,0.8029734411085452,0.0,1.0
1508,1507,1,10,945,29,3.310344827586207,0.0,0.003923278116826506,0.5813590029465637,1.0,0.0
1509,1508,1,0,118,297,2.983164983164983,0.0,0.12074978204010464,0.4984778500944783,0.0,1.0
1510,1509,25,1,480,33,3.606060606060606,0.43636363636363634,0.0056669572798605065,0.6562696829729162,1.0,0.0
1511,1510,35,12,89,91,4.087912087912088,0.6181818181818182,0.030950305143853534,0.7783322335862752,0.0,1.0
1512,1511,25,20,111,34,3.235294117647059,0.43636363636363634,0.006102877070619007,0.5623471675044153,0.0,1.0
1513,1512,35,16,950,143,4.055944055944056,0.6181818181818182,0.05361813426329555,0.7702340961578837,1.0,0.0
1514,1513,18,4,972,127,3.763779527559055,0.3090909090909091,0.046643417611159546,0.6962230183120874,0.0,1.0
1515,1514,25,16,483,24,3.75,0.43636363636363634,0.0017436791630340027,0.692732390300231,0.0,1.0
1516,1515,25,12,531,292,3.1164383561643834,0.43636363636363634,0.11857018308631212,0.5322386424752444,1.0,0.0
1517,1516,18,0,100,64,3.609375,0.3090909090909091,0.01918047079337402,0.6571092847863742,0.0,1.0
1518,1517,25,2,958,25,4.48,0.43636363636363634,0.002179598953792503,0.8776558891454966,0.0,1.0
1519,1518,18,4,381,87,3.528735632183908,0.3090909090909091,0.029206625980819533,0.6366817313052482,0.0,1.0
1520,1519,25,17,945,23,4.0,0.43636363636363634,0.0013077593722755024,0.7560623556581987,0.0,1.0
1521,1520,25,7,89,72,3.263888888888889,0.43636363636363634,0.022667829119442023,0.5695907909930716,1.0,0.0
1522,1521,35,20,100,78,3.641025641025641,0.6181818181818182,0.025283347863993024,0.6651270207852195,0.0,1.0
1523,1522,25,17,952,92,3.717391304347826,0.43636363636363634,0.03138622493461203,0.6844719600361483,0.0,1.0
1524,1523,18,4,64,253,3.7351778656126484,0.3090909090909091,0.1015693112467306,0.6889776492711025,0.0,1.0
1525,1524,25,16,947,101,3.6633663366336635,0.43636363636363634,0.03530950305143854,0.6707863627009353,1.0,0.0
1526,1525,56,17,805,32,4.15625,0.9999999999999999,0.005231037489102006,0.7956435840069285,0.0,1.0
1527,1526,18,10,782,104,3.1538461538461537,0.3090909090909091,0.036617262423714034,0.541714780600462,0.0,1.0
1528,1527,25,15,949,69,4.086956521739131,0.43636363636363634,0.021360069747166522,0.7780901696957527,0.0,1.0
1529,1528,18,4,972,30,3.7666666666666666,0.3090909090909091,0.004359197907585006,0.6969543879907621,0.0,1.0
1530,1529,25,4,537,404,3.8514851485148514,0.43636363636363634,0.16739319965126417,0.718440594059406,0.0,1.0
1531,1530,45,17,604,39,3.4615384615384617,0.7999999999999999,0.008282476024411508,0.6196593533487299,0.0,1.0
1532,1531,18,14,436,126,4.095238095238095,0.3090909090909091,0.04620749782040105,0.7801880567469481,0.0,1.0
1533,1532,45,1,717,75,3.84,0.7999999999999999,0.023975588491717523,0.7155311778290994,0.0,1.0
1534,1533,50,12,121,21,3.619047619047619,0.8909090909090909,0.00043591979075850197,0.6595595513032003,0.0,1.0
1535,1534,18,20,900,29,3.896551724137931,0.3090909090909091,0.003923278116826506,0.7298568527514534,1.0,0.0
1536,1535,35,3,830,36,4.222222222222222,0.6181818181818182,0.006974716652136007,0.8123556581986144,1.0,0.0
1537,1536,18,20,24,38,3.763157894736842,0.3090909090909091,0.007846556233653008,0.6960655463717029,0.0,1.0
1538,1537,25,3,226,93,3.989247311827957,0.43636363636363634,0.03182214472537054,0.7533384861804366,0.0,1.0
1539,1538,25,3,23,27,4.37037037037037,0.43636363636363634,0.0030514385353095034,0.8498845265588915,0.0,1.0
1540,1539,45,0,972,118,3.805084745762712,0.7999999999999999,0.04272013949433305,0.706686450463851,0.0,1.0
1541,1540,56,17,234,26,4.423076923076923,0.9999999999999999,0.002615518744551003,0.8632361431870672,0.0,1.0
1542,1541,18,17,120,293,3.6723549488054608,0.3090909090909091,0.11900610287707064,0.6730633566907598,0.0,1.0
1543,1542,25,11,105,173,3.46242774566474,0.43636363636363634,0.06669572798605057,0.6198846266803723,0.0,1.0
1544,1543,25,12,631,165,3.690909090909091,0.43636363636363634,0.06320836965998257,0.6777634893974387,0.0,1.0
1545,1544,25,20,200,217,3.1013824884792625,0.43636363636363634,0.0858761987794246,0.528424692159513,0.0,1.0
1546,1545,25,4,229,342,3.754385964912281,0.43636363636363634,0.14036617262423715,0.693843442324055,0.0,1.0
1547,1546,56,13,21,134,3.9328358208955225,0.9999999999999999,0.049694856146469055,0.7390483351142672,0.0,1.0
1548,1547,35,1,537,48,3.5833333333333335,0.6181818181818182,0.012205754141238014,0.6505124133949193,0.0,1.0
1549,1548,35,6,209,21,3.619047619047619,0.6181818181818182,0.00043591979075850197,0.6595595513032003,0.0,1.0
1550,1549,18,4,115,29,3.9310344827586206,0.3090909090909091,0.003923278116826506,0.7385920203870352,0.0,1.0
1551,1550,25,11,200,166,3.9397590361445785,0.43636363636363634,0.06364428945074108,0.7408021230418209,0.0,1.0
1552,1551,45,20,100,255,3.6862745098039214,0.7999999999999999,0.1024411508282476,0.6765894579540823,0.0,1.0
1553,1552,25,15,641,43,3.7209302325581395,0.43636363636363634,0.010026155187445512,0.6853684408400021,1.0,0.0
1554,1553,35,12,170,31,3.806451612903226,0.6181818181818182,0.004795117698343506,0.7070327050584818,1.0,0.0
1555,1554,18,0,200,79,4.3544303797468356,0.3090909090909091,0.025719267654751524,0.8458466103429123,1.0,0.0
1556,1555,18,4,480,345,3.208695652173913,0.3090909090909091,0.14167393199651265,0.5556092479164576,0.0,1.0
1557,1556,18,4,100,57,3.982456140350877,0.3090909090909091,0.01612903225806452,0.7516181475629027,1.0,0.0
1558,1557,18,6,606,26,4.115384615384615,0.3090909090909091,0.002615518744551003,0.785291570438799,0.0,1.0
1559,1558,35,8,100,51,3.588235294117647,0.6181818181818182,0.013513513513513514,0.6517541774215461,0.0,1.0
1560,1559,25,3,852,164,3.4939024390243905,0.43636363636363634,0.06277244986922408,0.6278577916408495,1.0,0.0
1561,1560,18,4,112,161,4.0062111801242235,0.3090909090909091,0.06146469049694857,0.7576357709465953,1.0,0.0
1562,1561,18,20,436,38,2.8684210526315788,0.3090909090909091,0.007846556233653008,0.4694109335116081,0.0,1.0
1563,1562,1,10,871,84,3.8095238095238093,0.0,0.027898866608544032,0.7078109534806994,1.0,0.0
1564,1563,50,1,10,124,3.056451612903226,0.8909090909090909,0.04533565823888405,0.5170428089845788,0.0,1.0
1565,1564,45,17,787,47,3.74468085106383,0.7999999999999999,0.011769834350479513,0.6913849442287849,0.0,1.0
1566,1565,35,16,775,24,3.5,0.6181818181818182,0.0017436791630340027,0.6294024249422634,0.0,1.0
1567,1566,25,12,65,100,3.89,0.43636363636363634,0.03487358326068003,0.7281971709006929,0.0,1.0
1568,1567,1,10,940,28,4.0,0.0,0.0034873583260680054,0.7560623556581987,1.0,0.0
1569,1568,56,13,77,90,4.588888888888889,0.9999999999999999,0.030514385353095034,0.9052396073903002,1.0,0.0
1570,1569,18,17,750,66,3.5454545454545454,0.3090909090909091,0.02005231037489102,0.6409169640982575,0.0,1.0
1571,1570,25,20,980,153,3.947712418300654,0.43636363636363634,0.057977332170880566,0.7428168727075126,0.0,1.0
1572,1571,25,3,21,45,3.1777777777777776,0.43636363636363634,0.010897994768962513,0.5477771362586605,1.0,0.0
1573,1572,1,0,774,29,3.689655172413793,0.0,0.003923278116826506,0.677445846937963,0.0,1.0
1574,1573,25,6,810,52,3.5961538461538463,0.43636363636363634,0.013949433304272014,0.6537601039260971,0.0,1.0
1575,1574,50,7,949,54,3.8703703703703702,0.8909090909090909,0.014821272885789015,0.7232245958429562,1.0,0.0
1576,1575,45,9,852,48,3.875,0.7999999999999999,0.012205754141238014,0.7243973729792148,1.0,0.0
1577,1576,56,0,722,125,4.104,0.9999999999999999,0.045771578029642546,0.7824076212471132,0.0,1.0
1578,1577,18,4,222,31,4.161290322580645,0.3090909090909091,0.004795117698343506,0.7969203978246293,0.0,1.0
1579,1578,25,0,602,765,3.4496732026143793,0.43636363636363634,0.3247602441150828,0.6166536476022281,0.0,1.0
1580,1579,18,4,762,37,3.5405405405405403,0.3090909090909091,0.0074106364428945075,0.6396721490543662,1.0,0.0
1581,1580,18,4,100,41,3.2195121951219514,0.3090909090909091,0.009154315605928512,0.5583492930772265,1.0,0.0
1582,1581,18,0,107,22,3.6363636363636362,0.3090909090909091,0.0008718395815170022,0.6639460424102457,0.0,1.0
1583,1582,35,6,941,52,3.730769230769231,0.6181818181818182,0.013949433304272014,0.6878608545034642,0.0,1.0
1584,1583,25,19,457,461,3.3253796095444685,0.43636363636363634,0.1922406277244987,0.585167611828889,0.0,1.0
1585,1584,56,20,923,112,3.607142857142857,0.9999999999999999,0.04010462074978205,0.6565438386671066,0.0,1.0
1586,1585,45,7,773,415,4.424096385542168,0.7999999999999999,0.17218831734960768,0.8634943932774981,0.0,1.0
1587,1586,25,3,303,554,3.332129963898917,0.43636363636363634,0.23278116826503925,0.5868776106585738,1.0,0.0
1588,1587,25,11,220,47,4.170212765957447,0.43636363636363634,0.011769834350479513,0.7991806299444746,0.0,1.0
1589,1588,25,0,951,99,3.7777777777777777,0.43636363636363634,0.03443766346992154,0.6997690531177829,0.0,1.0
1590,1589,35,1,950,40,4.0,0.6181818181818182,0.008718395815170008,0.7560623556581987,0.0,1.0
1591,1590,50,7,265,314,4.340764331210191,0.8909090909090909,0.12816041848299914,0.8423847288212882,0.0,1.0
1592,1591,35,7,501,306,3.6209150326797386,0.6181818181818182,0.12467306015693114,0.6600326042657249,0.0,1.0
1593,1592,25,16,784,206,3.0388349514563107,0.43636363636363634,0.08108108108108109,0.512580158747954,0.0,1.0
1594,1593,35,20,100,147,3.727891156462585,0.6181818181818182,0.055361813426329565,0.6871317811189142,1.0,0.0
1595,1594,35,1,926,133,4.045112781954887,0.6181818181818182,0.04925893635571055,0.7674903193318168,0.0,1.0
1596,1595,18,5,481,23,3.5652173913043477,0.3090909090909091,0.0013077593722755024,0.6459232854704288,1.0,0.0
1597,1596,25,12,100,230,3.5565217391304347,0.43636363636363634,0.0915431560592851,0.6437205040666734,0.0,1.0
1598,1597,35,13,765,184,3.494565217391304,0.6181818181818182,0.07149084568439408,0.6280256865649162,0.0,1.0
1599,1598,25,0,926,550,3.3018181818181818,0.43636363636363634,0.23103748910200525,0.5791990342221289,0.0,1.0
1600,1599,35,7,82,394,3.431472081218274,0.6181818181818182,0.16303400174367919,0.6120429420522621,0.0,1.0
1601,1600,25,12,830,205,3.9073170731707316,0.43636363636363634,0.08064516129032259,0.7325839294767083,0.0,1.0
1602,1601,25,7,105,120,4.1,0.43636363636363634,0.04359197907585005,0.7813943418013856,1.0,0.0
1603,1602,25,0,133,70,3.842857142857143,0.43636363636363634,0.021795989537925022,0.7162549488617619,1.0,0.0
1604,1603,25,11,501,24,4.166666666666667,0.43636363636363634,0.0017436791630340027,0.7982823325635104,0.0,1.0
1605,1604,18,0,282,964,3.3122406639004147,0.3090909090909091,0.4115082824760244,0.5818392559389763,1.0,0.0
1606,1605,35,3,554,206,3.79126213592233,0.6181818181818182,0.08108108108108109,0.7031849088544586,1.0,0.0
1607,1606,45,1,21,276,3.1847826086956523,0.7999999999999999,0.11159546643417612,0.5495515990561303,0.0,1.0
1608,1607,25,11,752,144,2.0833333333333335,0.43636363636363634,0.05405405405405406,0.2705326212471132,0.0,1.0
1609,1608,35,9,68,359,3.4206128133704734,0.6181818181818182,0.14777680906713167,0.6092920738258056,1.0,0.0
1610,1609,25,11,555,28,3.9642857142857144,0.43636363636363634,0.0034873583260680054,0.7470152177499176,0.0,1.0
1611,1610,25,0,38,556,3.573741007194245,0.43636363636363634,0.23365300784655624,0.648082486666556,0.0,1.0
1612,1611,25,17,113,23,3.652173913043478,0.43636363636363634,0.0013077593722755024,0.6679510995079827,0.0,1.0
1613,1612,18,20,618,795,3.4264150943396228,0.3090909090909091,0.33783783783783783,0.6107619068368993,0.0,1.0
1614,1613,35,0,900,61,3.3934426229508197,0.6181818181818182,0.01787271142109852,0.6024093249536214,0.0,1.0
1615,1614,45,7,100,21,3.0476190476190474,0.7999999999999999,0.00043591979075850197,0.5148053447707027,1.0,0.0
1616,1615,25,0,161,254,3.1338582677165356,0.43636363636363634,0.10200523103748911,0.536651452055791,0.0,1.0
1617,1616,25,12,440,228,3.0833333333333335,0.43636363636363634,0.0906713164777681,0.5238524826789839,0.0,1.0
1618,1617,50,0,441,91,4.208791208791209,0.8909090909090909,0.030950305143853534,0.8089533157373805,0.0,1.0
1619,1618,50,3,488,33,4.03030303030303,0.8909090909090909,0.0056669572798605065,0.7637387150955282,0.0,1.0
1620,1619,25,20,480,36,3.9444444444444446,0.43636363636363634,0.006974716652136007,0.7419890300230948,0.0,1.0
1621,1620,25,4,114,22,3.1363636363636362,0.43636363636363634,0.0008718395815170022,0.5372861116943103,0.0,1.0
1622,1621,18,4,537,26,3.730769230769231,0.3090909090909091,0.002615518744551003,0.6878608545034642,0.0,1.0
1623,1622,50,15,77,70,4.214285714285714,0.8909090909090909,0.021795989537925022,0.8103451831078854,0.0,1.0
1624,1623,25,0,68,350,3.005714285714286,0.43636363636363634,0.14385353095030515,0.504190036291653,0.0,1.0
1625,1624,45,0,43,45,3.3555555555555556,0.7999999999999999,0.010897994768962513,0.5928117782909932,0.0,1.0
1626,1625,18,4,100,271,3.4391143911439115,0.3090909090909091,0.10941586748038362,0.6139788909436439,0.0,1.0
1627,1626,18,17,915,48,2.9791666666666665,0.3090909090909091,0.012205754141238014,0.49746499711316394,0.0,1.0
1628,1627,18,20,900,451,3.745011086474501,0.3090909090909091,0.1878814298169137,0.691468599417256,0.0,1.0
1629,1628,18,4,100,65,3.4923076923076923,0.3090909090909091,0.01961639058413252,0.6274538106235567,0.0,1.0
1630,1629,45,17,913,117,2.264957264957265,0.7999999999999999,0.042284219703574544,0.31654157043879916,0.0,1.0
1631,1630,50,0,945,260,3.8423076923076924,0.8909090909090909,0.10462074978204011,0.7161157621247114,1.0,0.0
1632,1631,25,16,941,768,2.7760416666666665,0.43636363636363634,0.3260680034873583,0.4460094002598153,0.0,1.0
1633,1632,45,7,997,34,2.9705882352941178,0.7999999999999999,0.006102877070619007,0.49529191006656714,1.0,0.0
1634,1633,56,0,383,106,3.5849056603773586,0.9999999999999999,0.037489102005231034,0.6509107150638372,1.0,0.0
1635,1634,25,0,972,793,3.780580075662043,0.43636363636363634,0.33696599825632084,0.7004789308295158,0.0,1.0
1636,1635,25,19,606,170,2.8,0.43636363636363634,0.06538796861377508,0.4520785219399538,1.0,0.0
1637,1636,56,0,900,85,3.988235294117647,0.9999999999999999,0.028334786399302533,0.7530821219942943,0.0,1.0
1638,1637,18,17,954,39,4.205128205128205,0.3090909090909091,0.008282476024411508,0.808025404157044,1.0,0.0
1639,1638,25,17,954,551,3.658802177858439,0.43636363636363634,0.23147340889276374,0.6696301706324425,0.0,1.0
1640,1639,35,17,956,161,2.472049689440994,0.6181818181818182,0.06146469049694857,0.3690021947126074,0.0,1.0
1641,1640,25,0,958,232,2.6810344827586206,0.43636363636363634,0.0924149956408021,0.42194219359719676,0.0,1.0
1642,1641,50,13,620,74,3.5,0.8909090909090909,0.023539668700959023,0.6294024249422634,0.0,1.0
1643,1642,45,2,908,233,4.28755364806867,0.7999999999999999,0.0928509154315606,0.8289054059411831,0.0,1.0
1644,1643,18,12,902,48,3.0625,0.3090909090909091,0.012205754141238014,0.5185749855658199,0.0,1.0
1645,1644,18,9,622,522,4.061302681992337,0.3090909090909091,0.21883173496076724,0.7715915425658995,1.0,0.0
1646,1645,25,20,900,62,3.064516129032258,0.43636363636363634,0.01830863121185702,0.5190857110929002,0.0,1.0
1647,1646,18,18,981,882,3.2301587301587302,0.3090909090909091,0.3757628596338274,0.5610462718574728,0.0,1.0
1648,1647,50,14,852,149,3.442953020134228,0.8909090909090909,0.056233653007846565,0.6149512919075593,0.0,1.0
1649,1648,18,19,980,57,3.8421052631578947,0.3090909090909091,0.01612903225806452,0.7160644828005349,0.0,1.0
1650,1649,25,19,946,213,3.647887323943662,0.43636363636363634,0.0841325196163906,0.666865221351202,0.0,1.0
1651,1650,25,12,945,35,3.2,0.43636363636363634,0.006538796861377507,0.5534064665127022,0.0,1.0
1652,1651,25,16,982,27,3.3703703703703702,0.43636363636363634,0.0030514385353095034,0.5965646651270208,0.0,1.0
1653,1652,18,0,940,25,3.92,0.3090909090909091,0.002179598953792503,0.735796766743649,0.0,1.0
1654,1653,45,0,941,47,4.446808510638298,0.7999999999999999,0.011769834350479513,0.8692478256596727,1.0,0.0
1655,1654,18,4,945,175,3.8,0.3090909090909091,0.06756756756756757,0.7053983833718245,0.0,1.0
1656,1655,25,17,941,25,3.48,0.43636363636363634,0.002179598953792503,0.624336027713626,0.0,1.0
1657,1656,45,0,100,45,3.888888888888889,0.7999999999999999,0.010897994768962513,0.7279157043879908,1.0,0.0
1658,1657,35,6,942,398,3.419597989949749,0.6181818181818182,0.1647776809067132,0.6090349988974898,1.0,0.0
1659,1658,18,9,997,57,2.7719298245614037,0.3090909090909091,0.01612903225806452,0.44496778898748035,1.0,0.0
1660,1659,25,2,945,62,3.967741935483871,0.43636363636363634,0.01830863121185702,0.7478907472249126,1.0,0.0
1661,1660,35,7,805,37,3.891891891891892,0.6181818181818182,0.0074106364428945075,0.7286764246925911,0.0,1.0
1662,1661,25,12,941,25,3.64,0.43636363636363634,0.002179598953792503,0.6648672055427253,0.0,1.0
1663,1662,18,4,778,46,4.130434782608695,0.3090909090909091,0.011333914559721013,0.7891040767145296,0.0,1.0
1664,1663,18,4,767,20,3.4,0.3090909090909091,0.0,0.6040704387990763,1.0,0.0
1665,1664,45,17,875,63,3.6825396825396823,0.7999999999999999,0.01874455100261552,0.6756433520290334,0.0,1.0
1666,1665,25,14,152,397,3.3425692695214106,0.43636363636363634,0.16434176111595467,0.5895220941123089,0.0,1.0
1667,1666,50,16,985,499,3.4128256513026054,0.8909090909090909,0.20880557977332173,0.6073194310098258,0.0,1.0
1668,1667,35,2,956,29,4.0,0.6181818181818182,0.003923278116826506,0.7560623556581987,0.0,1.0
1669,1668,25,17,750,30,3.7333333333333334,0.43636363636363634,0.004359197907585006,0.6885103926096998,1.0,0.0
1670,1669,56,13,953,56,4.714285714285714,0.9999999999999999,0.01569311246730602,0.9370051138238207,1.0,0.0
1671,1670,35,0,983,638,3.8620689655172415,0.6181818181818182,0.26939843068875324,0.7211216851158717,0.0,1.0
1672,1671,25,17,939,39,3.7435897435897436,0.43636363636363634,0.008282476024411508,0.6911085450346421,0.0,1.0
1673,1672,1,10,980,81,4.37037037037037,0.0,0.026591107236268532,0.8498845265588915,0.0,1.0
1674,1673,35,2,958,22,3.727272727272727,0.6181818181818182,0.0008718395815170022,0.6869751207222339,0.0,1.0
1675,1674,25,6,971,565,3.208849557522124,0.43636363636363634,0.23757628596338276,0.5556482351979399,1.0,0.0
1676,1675,18,4,913,865,3.492485549132948,0.3090909090909091,0.36835222319093286,0.6274988652898851,0.0,1.0
1677,1676,18,14,971,43,3.558139534883721,0.3090909090909091,0.010026155187445512,0.644130323862721,0.0,1.0
1678,1677,18,17,970,122,3.4508196721311477,0.3090909090909091,0.04446381865736705,0.6169440711013517,1.0,0.0
1679,1678,25,12,980,82,3.926829268292683,0.43636363636363634,0.027027027027027032,0.7375267560412325,0.0,1.0
1680,1679,25,20,953,1850,3.5556756756756758,0.43636363636363634,0.7977332170880559,0.6435061793895513,0.0,1.0
1681,1680,18,4,787,121,4.132231404958677,0.3090909090909091,0.044027898866608545,0.7895591968392723,0.0,1.0
1682,1681,25,2,981,27,4.407407407407407,0.43636363636363634,0.0030514385353095034,0.8592667436489607,0.0,1.0
1683,1682,25,7,981,175,3.4857142857142858,0.43636363636363634,0.06756756756756757,0.6257835697789509,1.0,0.0
1684,1683,18,3,852,62,4.032258064516129,0.3090909090909091,0.01830863121185702,0.7642339640914848,0.0,1.0
1685,1684,35,12,958,430,3.574418604651163,0.6181818181818182,0.1787271142109852,0.6482541355604491,0.0,1.0
1686,1685,35,12,940,28,3.5357142857142856,0.6181818181818182,0.0034873583260680054,0.6384495628505444,0.0,1.0
1687,1686,25,3,850,393,3.5318066157760812,0.43636363636363634,0.16259808195292066,0.637459672443277,0.0,1.0
1688,1687,18,4,342,132,3.5757575757575757,0.3090909090909091,0.048823016564952054,0.6485933235355869,1.0,0.0
1689,1688,35,5,984,128,3.609375,0.6181818181818182,0.04707933740191805,0.6571092847863742,0.0,1.0
1690,1689,35,16,980,149,3.5167785234899327,0.6181818181818182,0.056233653007846565,0.6336527581877645,0.0,1.0
1691,1690,25,17,853,50,3.52,0.43636363636363634,0.013077593722755014,0.6344688221709007,1.0,0.0
1692,1691,35,20,973,207,4.478260869565218,0.6181818181818182,0.08151700087183959,0.8772153328647456,0.0,1.0
1693,1692,25,12,986,310,3.7419354838709675,0.43636363636363634,0.12641673931996514,0.6906894881919095,0.0,1.0
1694,1693,25,12,981,398,3.741206030150754,0.43636363636363634,0.1647776809067132,0.690504703076584,0.0,1.0
1695,1694,25,1,972,196,3.6530612244897958,0.43636363636363634,0.07672188317349608,0.6681758731206109,0.0,1.0
1696,1695,35,7,957,314,3.621019108280255,0.6181818181818182,0.12816041848299914,0.6600589686824261,0.0,1.0
1697,1696,18,4,980,354,4.18361581920904,0.3090909090909091,0.14559721011333915,0.8025758895369322,1.0,0.0
1698,1697,35,2,972,957,3.9310344827586206,0.6181818181818182,0.4084568439407149,0.7385920203870352,0.0,1.0
1699,1698,25,19,981,348,4.313218390804598,0.43636363636363634,0.14298169136878816,0.8354067950147328,1.0,0.0
1700,1699,25,20,981,45,3.533333333333333,0.43636363636363634,0.010897994768962513,0.6378464203233256,0.0,1.0
1701,1700,25,4,972,552,3.5543478260869565,0.43636363636363634,0.23190932868352224,0.6431698087157346,1.0,0.0
1702,1701,18,10,973,80,4.55,0.3090909090909091,0.026155187445510025,0.8953882794457275,0.0,1.0
1703,1702,18,15,770,26,4.076923076923077,0.3090909090909091,0.002615518744551003,0.7755484988452657,0.0,1.0
1704,1703,25,4,989,36,4.194444444444445,0.43636363636363634,0.006974716652136007,0.8053189953810624,0.0,1.0
1705,1704,18,4,850,85,3.6941176470588237,0.3090909090909091,0.028334786399302533,0.6785762803966854,1.0,0.0
1706,1705,25,20,191,210,3.8,0.43636363636363634,0.08282476024411509,0.7053983833718245,0.0,1.0
1707,1706,50,1,950,88,4.329545454545454,0.8909090909090909,0.029642545771578033,0.839542764539156,0.0,1.0
1708,1707,25,0,641,22,3.8636363636363638,0.43636363636363634,0.0008718395815170022,0.7215187381902164,0.0,1.0
1709,1708,25,0,731,210,3.704761904761905,0.43636363636363634,0.08282476024411509,0.681272682283075,0.0,1.0
1710,1709,18,0,945,79,3.6582278481012658,0.3090909090909091,0.025719267654751524,0.669484681497939,0.0,1.0
1711,1710,18,4,301,29,3.6206896551724137,0.3090909090909091,0.003923278116826506,0.6599755116667995,1.0,0.0
1712,1711,25,0,730,511,3.512720156555773,0.43636363636363634,0.21403661726242373,0.6326246932383635,0.0,1.0
1713,1712,25,0,474,21,3.3333333333333335,0.43636363636363634,0.00043591979075850197,0.5871824480369516,0.0,1.0
1714,1713,25,17,432,274,3.510948905109489,0.43636363636363634,0.11072362685265912,0.6321760000674298,0.0,1.0
1715,1714,25,16,534,46,3.4565217391304346,0.43636363636363634,0.011333914559721013,0.6183885179234863,0.0,1.0
1716,1715,25,0,432,195,3.476923076923077,0.43636363636363634,0.07628596338273759,0.6235565819861433,0.0,1.0
1717,1716,50,6,303,424,3.8160377358490565,0.8909090909090909,0.17611159546643418,0.7094610603947885,1.0,0.0
1718,1717,18,4,432,32,4.46875,0.3090909090909091,0.005231037489102006,0.874806040704388,0.0,1.0
1719,1718,18,16,605,26,2.769230769230769,0.3090909090909091,0.002615518744551003,0.44428406466512704,0.0,1.0
1720,1719,18,4,947,46,4.021739130434782,0.3090909090909091,0.011333914559721013,0.761569309167587,0.0,1.0
1721,1720,18,19,700,115,2.365217391304348,0.3090909090909091,0.04141238012205754,0.341939451752184,0.0,1.0
1722,1721,35,0,720,206,4.242718446601942,0.6181818181818182,0.08108108108108109,0.8175477589183615,0.0,1.0
1723,1722,35,17,601,146,3.671232876712329,0.6181818181818182,0.05492589363557106,0.6727791135436111,0.0,1.0
1724,1723,18,4,9,159,4.10062893081761,0.3090909090909091,0.06059285091543157,0.781553662468953,0.0,1.0
1725,1724,18,19,672,36,3.75,0.3090909090909091,0.006974716652136007,0.692732390300231,0.0,1.0
1726,1725,25,2,601,382,2.350785340314136,0.43636363636363634,0.15780296425457715,0.3382835265951659,0.0,1.0
1727,1726,35,16,503,514,4.035019455252918,0.6181818181818182,0.21534437663469924,0.7649334792102875,0.0,1.0
1728,1727,18,4,117,47,4.212765957446808,0.3090909090909091,0.011769834350479513,0.8099601985160434,0.0,1.0
1729,1728,25,7,537,58,3.086206896551724,0.43636363636363634,0.01656495204882302,0.5245804133152824,0.0,1.0
1730,1729,18,4,601,24,3.5,0.3090909090909091,0.0017436791630340027,0.6294024249422634,1.0,0.0
1731,1730,18,0,916,68,3.3970588235294117,0.3090909090909091,0.020924149956408022,0.6033253803831001,1.0,0.0
1732,1731,18,4,136,34,4.470588235294118,0.3090909090909091,0.006102877070619007,0.8752717022143732,0.0,1.0
1733,1732,18,14,437,839,3.5280095351609058,0.3090909090909091,0.35701830863121187,0.6364977965079951,0.0,1.0
1734,1733,45,17,946,74,4.27027027027027,0.7999999999999999,0.023539668700959023,0.8245271830722178,0.0,1.0
1735,1734,18,20,306,77,3.2337662337662336,0.3090909090909091,0.024847428073234524,0.5619601241714406,0.0,1.0
1736,1735,56,8,6,195,3.235897435897436,0.9999999999999999,0.07628596338273759,0.5625000000000001,0.0,1.0
1737,1736,35,20,466,775,3.410322580645161,0.6181818181818182,0.3291194420226678,0.6066853534977278,0.0,1.0
1738,1737,35,16,300,67,3.7313432835820897,0.6181818181818182,0.02048823016564952,0.6880062734824722,0.0,1.0
1739,1738,56,16,770,78,3.769230769230769,0.9999999999999999,0.025283347863993024,0.6976039260969977,0.0,1.0
1740,1739,56,1,961,66,4.0,0.9999999999999999,0.02005231037489102,0.7560623556581987,0.0,1.0
1741,1740,35,7,911,660,3.9757575757575756,0.6181818181818182,0.27898866608544026,0.7499212681083351,0.0,1.0
1742,1741,25,15,81,47,3.617021276595745,0.43636363636363634,0.011769834350479513,0.6590462385140781,0.0,1.0
1743,1742,35,17,775,95,3.968421052631579,0.6181818181818182,0.03269398430688754,0.7480627810866658,0.0,1.0
1744,1743,35,12,503,140,4.064285714285714,0.6181818181818182,0.052310374891020056,0.7723472038931045,0.0,1.0
1745,1744,45,0,941,70,3.7142857142857144,0.7999999999999999,0.021795989537925022,0.68368525239195,0.0,1.0
1746,1745,25,4,331,326,4.404907975460123,0.43636363636363634,0.13339145597210114,0.8586335878944162,0.0,1.0
1747,1746,25,0,906,108,2.138888888888889,0.43636363636363634,0.038360941586748035,0.2846059468822171,0.0,1.0
1748,1747,50,1,42,589,3.4906621392190154,0.8909090909090909,0.24803836094158674,0.6270369593431542,0.0,1.0
1749,1748,25,2,100,562,2.9181494661921707,0.43636363636363634,0.23626852659110725,0.4820081283440041,0.0,1.0
1750,1749,50,5,101,73,2.9726027397260273,0.8909090909090909,0.023103748910200523,0.4958022240501123,0.0,1.0
1751,1750,35,20,770,21,4.428571428571429,0.6181818181818182,0.00043591979075850197,0.8646280105575719,0.0,1.0
1752,1751,25,3,968,434,3.834101382488479,0.43636363636363634,0.1804707933740192,0.7140369408584413,0.0,1.0
1753,1752,35,6,908,284,3.936619718309859,0.6181818181818182,0.11508282476024412,0.7400068714829392,0.0,1.0
1754,1753,18,19,270,29,3.0,0.3090909090909091,0.003923278116826506,0.502742494226328,0.0,1.0
1755,1754,18,4,770,368,3.5706521739130435,0.3090909090909091,0.15170008718395817,0.647300023847776,1.0,0.0
1756,1755,25,1,751,49,3.204081632653061,0.43636363636363634,0.012641673931996514,0.5544404251307914,1.0,0.0
1757,1756,25,4,752,385,3.690909090909091,0.43636363636363634,0.15911072362685266,0.6777634893974387,0.0,1.0
1758,1757,25,0,330,430,3.9465116279069767,0.43636363636363634,0.1787271142109852,0.7425126886513777,1.0,0.0
1759,1758,25,16,221,254,3.720472440944882,0.43636363636363634,0.10200523103748911,0.6852524731319671,0.0,1.0
1760,1759,25,3,900,66,3.803030303030303,0.43636363636363634,0.02005231037489102,0.7061660193155576,1.0,0.0
1761,1760,35,0,720,113,2.15929203539823,0.6181818181818182,0.04054054054054054,0.2897744691287375,0.0,1.0
1762,1761,25,14,752,74,3.8513513513513513,0.43636363636363634,0.023539668700959023,0.7184067005804882,0.0,1.0
1763,1762,35,7,762,26,3.769230769230769,0.6181818181818182,0.002615518744551003,0.6976039260969977,0.0,1.0
1764,1763,18,0,751,613,4.091353996737357,0.3090909090909091,0.25850043591979077,0.7792041374529537,0.0,1.0
1765,1764,18,4,136,106,3.981132075471698,0.3090909090909091,0.037489102005231034,0.7512827356311822,0.0,1.0
1766,1765,45,0,945,26,3.230769230769231,0.7999999999999999,0.002615518744551003,0.561200923787529,1.0,0.0
1767,1766,25,20,752,306,3.5751633986928106,0.43636363636363634,0.12467306015693114,0.6484428066838746,0.0,1.0
1768,1767,45,16,750,142,3.4859154929577465,0.7999999999999999,0.05318221447253706,0.6258345395699835,0.0,1.0
1769,1768,25,17,752,73,2.7534246575342465,0.43636363636363634,0.023103748910200523,0.4402800626403872,0.0,1.0
1770,1769,35,16,796,89,3.269662921348315,0.6181818181818182,0.030078465562336534,0.5710534680955965,0.0,1.0
1771,1770,25,17,750,24,4.333333333333333,0.43636363636363634,0.0017436791630340027,0.8405023094688222,0.0,1.0
1772,1771,56,2,906,34,3.3823529411764706,0.9999999999999999,0.006102877070619007,0.5996000883032198,0.0,1.0
1773,1772,18,4,70,61,3.7704918032786887,0.3090909090909091,0.01787271142109852,0.6979233710672776,0.0,1.0
1774,1773,25,17,990,40,3.275,0.43636363636363634,0.008718395815170008,0.5724054561200924,0.0,1.0
1775,1774,25,4,701,155,3.7225806451612904,0.43636363636363634,0.05884917175239757,0.6857865231319378,0.0,1.0
1776,1775,25,0,458,422,3.2748815165876777,0.43636363636363634,0.1752397558849172,0.572375441918501,0.0,1.0
1777,1776,25,20,170,55,3.890909090909091,0.43636363636363634,0.015257192676547515,0.7284274616838128,0.0,1.0
1778,1777,18,4,947,546,3.54029304029304,0.3090909090909091,0.22929380993897125,0.639609452325965,0.0,1.0
1779,1778,18,1,781,149,3.295302013422819,0.3090909090909091,0.056233653007846565,0.5775483593471489,0.0,1.0
1780,1779,35,1,221,616,2.9626623376623376,0.6181818181818182,0.2598081952920662,0.49328412277676137,0.0,1.0
1781,1780,35,0,80,106,3.4150943396226414,0.6181818181818182,0.037489102005231034,0.6078941348206894,1.0,0.0
1782,1781,45,0,234,38,3.5789473684210527,0.7999999999999999,0.007846556233653008,0.6494013613710953,0.0,1.0
1783,1782,18,4,100,21,3.5714285714285716,0.3090909090909091,0.00043591979075850197,0.6474967007588256,0.0,1.0
1784,1783,18,20,181,52,2.980769230769231,0.3090909090909091,0.013949433304272014,0.4978709584295613,0.0,1.0
1785,1784,18,4,49,54,3.0555555555555554,0.3090909090909091,0.014821272885789015,0.5168158198614319,0.0,1.0
1786,1785,45,1,857,53,4.018867924528302,0.7999999999999999,0.014385353095030515,0.7608419756852152,0.0,1.0
1787,1786,18,8,902,28,3.3214285714285716,0.3090909090909091,0.0034873583260680054,0.584166735400858,0.0,1.0
1788,1787,45,2,191,32,3.84375,0.7999999999999999,0.005231037489102006,0.7164811273094689,0.0,1.0
1789,1788,1,10,191,58,4.172413793103448,0.0,0.01656495204882302,0.7997381938361074,0.0,1.0
1790,1789,25,0,191,339,3.8731563421828907,0.43636363636363634,0.13905841325196164,0.723930337836457,0.0,1.0
1791,1790,18,4,191,145,3.586206896551724,0.3090909090909091,0.054489973844812564,0.6512403440312178,0.0,1.0
1792,1791,25,2,535,39,3.871794871794872,0.43636363636363634,0.008282476024411508,0.7235854503464204,1.0,0.0
1793,1792,25,4,200,287,3.4006968641114983,0.43636363636363634,0.11639058413251963,0.6042469683192379,0.0,1.0
1794,1793,25,11,208,453,2.4282560706401766,0.43636363636363634,0.1887532693984307,0.35790840126638424,0.0,1.0
1795,1794,18,17,207,25,4.32,0.3090909090909091,0.002179598953792503,0.8371247113163973,0.0,1.0
1796,1795,50,11,208,176,3.9886363636363638,0.8909090909090909,0.06800348735832608,0.7531837208692003,0.0,1.0
1797,1796,35,7,520,175,4.177142857142857,0.6181818181818182,0.06756756756756757,0.8009361596832729,0.0,1.0
1798,1797,45,11,222,67,3.5970149253731343,0.7999999999999999,0.02048823016564952,0.653978232394609,0.0,1.0
1799,1798,35,11,701,91,3.5164835164835164,0.6181818181818182,0.030950305143853534,0.6335780270537776,0.0,1.0
1800,1799,18,4,701,252,3.615079365079365,0.3090909090909091,0.10113339145597211,0.6585543137578358,0.0,1.0
1801,1800,25,6,547,21,3.9523809523809526,0.43636363636363634,0.00043591979075850197,0.743999505113824,1.0,0.0
1802,1801,18,4,229,211,4.033175355450237,0.3090909090909091,0.0832606800348736,0.7644663321038059,0.0,1.0
1803,1802,25,2,500,284,3.433098591549296,0.43636363636363634,0.11508282476024412,0.612454969423934,0.0,1.0
1804,1803,25,7,223,116,3.4051724137931036,0.43636363636363634,0.04184829991281605,0.6053807139444136,0.0,1.0
1805,1804,18,4,224,174,4.086206896551724,0.3090909090909091,0.06713164777680908,0.7779002747471531,0.0,1.0
1806,1805,18,4,220,214,4.233644859813084,0.3090909090909091,0.08456843940714909,0.8152492391703179,0.0,1.0
1807,1806,18,17,207,202,3.6435643564356437,0.3090909090909091,0.07933740191804708,0.6657701278210962,0.0,1.0
1808,1807,18,4,220,31,3.4193548387096775,0.3090909090909091,0.004795117698343506,0.608973403859048,1.0,0.0
1809,1808,25,14,121,56,3.142857142857143,0.43636363636363634,0.01569311246730602,0.5389310458594524,1.0,0.0
1810,1809,50,13,902,40,3.775,0.8909090909090909,0.008718395815170008,0.6990653868360277,0.0,1.0
1811,1810,56,2,88,30,3.9,0.9999999999999999,0.004359197907585006,0.7307303695150116,0.0,1.0
1812,1811,25,12,481,698,3.7765042979942693,0.43636363636363634,0.2955536181342633,0.6994464553954883,1.0,0.0
1813,1812,35,6,900,22,3.5,0.6181818181818182,0.0008718395815170022,0.6294024249422634,1.0,0.0
1814,1813,50,7,100,49,3.63265306122449,0.8909090909090909,0.012641673931996514,0.6630060800301646,0.0,1.0
1815,1814,1,1,307,39,3.7948717948717947,0.0,0.008282476024411508,0.7040993071593534,0.0,1.0
1816,1815,35,9,560,62,4.096774193548387,0.6181818181818182,0.01830863121185702,0.7805771809580571,1.0,0.0
1817,1816,35,1,537,123,3.016260162601626,0.6181818181818182,0.044899738448125545,0.5068615163634316,0.0,1.0
1818,1817,1,8,22,43,3.6511627906976742,0.0,0.010026155187445512,0.6676949621354531,0.0,1.0
1819,1818,35,12,452,116,3.7327586206896552,0.6181818181818182,0.04184829991281605,0.6883648064824401,1.0,0.0
1820,1819,25,20,502,317,3.684542586750789,0.43636363636363634,0.12946817785527465,0.6761507274462522,0.0,1.0
1821,1820,25,20,433,27,4.037037037037037,0.43636363636363634,0.0030514385353095034,0.7654445727482679,0.0,1.0
1822,1821,25,0,537,67,3.8507462686567164,0.43636363636363634,0.02048823016564952,0.7182534211161284,1.0,0.0
1823,1822,35,1,928,28,4.0,0.6181818181818182,0.0034873583260680054,0.7560623556581987,1.0,0.0
1824,1823,18,4,435,159,3.3647798742138364,0.3090909090909091,0.06059285091543157,0.5951484814153123,1.0,0.0
1825,1824,25,7,503,151,3.5165562913907285,0.43636363636363634,0.057105492589363566,0.6335964623831883,0.0,1.0
1826,1825,45,11,492,57,3.5964912280701755,0.7999999999999999,0.01612903225806452,0.6538455694663913,0.0,1.0
1827,1826,25,1,77,49,3.5918367346938775,0.43636363636363634,0.012641673931996514,0.6526664938492719,1.0,0.0
1828,1827,18,4,70,143,3.370629370629371,0.3090909090909091,0.05361813426329555,0.5966302750367417,0.0,1.0
1829,1828,25,16,73,30,3.3333333333333335,0.43636363636363634,0.004359197907585006,0.5871824480369516,0.0,1.0
1830,1829,18,4,121,30,4.1,0.3090909090909091,0.004359197907585006,0.7813943418013856,0.0,1.0
1831,1830,18,4,531,111,3.5135135135135136,0.3090909090909091,0.03966870095902354,0.6328256663129643,0.0,1.0
1832,1831,18,4,144,44,3.9318181818181817,0.3090909090909091,0.010462074978204013,0.7387905469242074,1.0,0.0
1833,1832,18,17,70,100,3.31,0.3090909090909091,0.03487358326068003,0.581271651270208,0.0,1.0
1834,1833,35,5,109,65,4.092307692307692,0.6181818181818182,0.01961639058413252,0.7794457274826789,0.0,1.0
1835,1834,25,19,115,770,4.114285714285714,0.43636363636363634,0.3269398430688753,0.7850131969646981,0.0,1.0
1836,1835,25,0,100,416,4.168269230769231,0.43636363636363634,0.17262423714036618,0.7986882938799078,0.0,1.0
1837,1836,25,2,88,782,3.501278772378517,0.43636363636363634,0.33217088055797733,0.6297263633839921,0.0,1.0
1838,1837,35,7,100,27,3.074074074074074,0.6181818181818182,0.0030514385353095034,0.5215069284064665,0.0,1.0
1839,1838,18,4,79,87,3.9770114942528734,0.3090909090909091,0.029206625980819533,0.7502389105678109,0.0,1.0
1840,1839,25,12,112,24,3.9166666666666665,0.43636363636363634,0.0017436791630340027,0.7349523672055428,0.0,1.0
1841,1840,18,0,950,227,2.7180616740088106,0.3090909090909091,0.0902353966870096,0.4313219165539063,0.0,1.0
1842,1841,18,4,531,465,4.129032258064516,0.3090909090909091,0.1939843068875327,0.7887487893913432,0.0,1.0
1843,1842,25,12,100,119,3.689075630252101,0.43636363636363634,0.043156059285091544,0.6772990373978692,0.0,1.0
1844,1843,18,4,537,20,3.65,0.3090909090909091,0.0,0.6674004041570439,1.0,0.0
1845,1844,25,2,100,220,3.213636363636364,0.43636363636363634,0.08718395815170009,0.5568608282595005,0.0,1.0
1846,1845,45,12,950,61,4.032786885245901,0.7999999999999999,0.01787271142109852,0.7643679248854731,0.0,1.0
1847,1846,18,4,600,41,4.317073170731708,0.3090909090909091,0.009154315605928512,0.8363832873317187,0.0,1.0
1848,1847,35,5,100,22,3.772727272727273,0.6181818181818182,0.0008718395815170022,0.6984896598782281,0.0,1.0
1849,1848,35,7,117,24,3.7083333333333335,0.6181818181818182,0.0017436791630340027,0.6821773960739032,0.0,1.0
1850,1849,18,5,125,77,3.844155844155844,0.3090909090909091,0.024847428073234524,0.7165839356947903,0.0,1.0
1851,1850,25,19,596,504,2.6984126984126986,0.43636363636363634,0.21098517872711423,0.426344440778621,0.0,1.0
1852,1851,25,12,100,54,3.5185185185185186,0.43636363636363634,0.014821272885789015,0.634093533487298,0.0,1.0
1853,1852,50,0,908,157,4.1210191082802545,0.8909090909090909,0.05972101133391457,0.7867188993983614,0.0,1.0
1854,1853,25,0,923,246,2.817073170731707,0.43636363636363634,0.09851787271142111,0.45640349518391254,0.0,1.0
1855,1854,18,4,930,83,3.144578313253012,0.3090909090909091,0.027462946817785532,0.5393670525056347,0.0,1.0
1856,1855,56,7,920,134,4.6940298507462686,0.9999999999999999,0.049694856146469055,0.9318739012788253,0.0,1.0
1857,1856,1,10,921,41,4.2682926829268295,0.0,0.009154315605928512,0.8240262209204079,0.0,1.0
1858,1857,18,4,597,98,3.9591836734693877,0.3090909090909091,0.03400174367916303,0.7457227694773061,1.0,0.0
1859,1858,25,4,660,46,3.5652173913043477,0.43636363636363634,0.011333914559721013,0.6459232854704288,1.0,0.0
1860,1859,56,16,945,293,3.310580204778157,0.9999999999999999,0.11900610287707064,0.5814186286642128,0.0,1.0
1861,1860,50,16,921,460,3.3369565217391304,0.8909090909090909,0.19180470793374021,0.5881002736218496,0.0,1.0
1862,1861,50,14,951,35,4.4,0.8909090909090909,0.006538796861377507,0.8573903002309471,0.0,1.0
1863,1862,18,4,900,104,4.5,0.3090909090909091,0.036617262423714034,0.882722286374134,0.0,1.0
1864,1863,35,7,943,23,3.3043478260869565,0.6181818181818182,0.0013077593722755024,0.579839843357767,0.0,1.0
1865,1864,18,1,946,334,3.5808383233532934,0.3090909090909091,0.13687881429816914,0.6498803778125044,1.0,0.0
1866,1865,25,7,940,139,4.093525179856115,0.43636363636363634,0.05187445510026155,0.7797541412597406,0.0,1.0
1867,1866,50,7,950,54,2.962962962962963,0.8909090909090909,0.014821272885789015,0.49336027713625863,0.0,1.0
1868,1867,50,11,923,54,3.6296296296296298,0.8909090909090909,0.014821272885789015,0.6622401847575059,0.0,1.0
1869,1868,45,14,951,48,3.9166666666666665,0.7999999999999999,0.012205754141238014,0.7349523672055428,0.0,1.0
1870,1869,56,13,852,158,3.7974683544303796,0.9999999999999999,0.06015693112467306,0.7047570672669337,0.0,1.0
1871,1870,45,1,467,117,3.7264957264957266,0.7999999999999999,0.042284219703574544,0.6867782909930716,1.0,0.0
1872,1871,50,20,921,33,3.8181818181818183,0.8909090909090909,0.0056669572798605065,0.7100041990342222,0.0,1.0
1873,1872,35,7,21,198,3.48989898989899,0.6181818181818182,0.07759372275501308,0.6268436384631536,0.0,1.0
1874,1873,45,7,950,64,3.59375,0.7999999999999999,0.01918047079337402,0.6531511619515012,0.0,1.0
1875,1874,35,12,941,338,3.6153846153846154,0.6181818181818182,0.13862249346120314,0.6586316397228638,0.0,1.0
1876,1875,25,12,920,33,3.4545454545454546,0.43636363636363634,0.0056669572798605065,0.6178878857862692,0.0,1.0
1877,1876,45,20,900,147,3.129251700680272,0.7999999999999999,0.055361813426329565,0.5354845171324881,1.0,0.0
1878,1877,1,10,928,83,3.6506024096385543,0.0,0.027462946817785532,0.6675530064832077,0.0,1.0
1879,1878,25,4,297,263,3.931558935361217,0.43636363636363634,0.10592850915431562,0.7387248746476525,0.0,1.0
1880,1879,35,0,910,955,3.344502617801047,0.6181818181818182,0.4075850043591979,0.5900118496306059,0.0,1.0
1881,1880,35,2,950,57,4.333333333333333,0.6181818181818182,0.01612903225806452,0.8405023094688222,0.0,1.0
1882,1881,35,16,923,223,3.780269058295964,0.6181818181818182,0.0884917175239756,0.7004001439534379,0.0,1.0
1883,1882,50,0,945,435,3.331034482758621,0.8909090909090909,0.1809067131647777,0.5866001035279128,1.0,0.0
1884,1883,45,20,931,707,3.867043847241867,0.7999999999999999,0.2994768962510898,0.7223819214649938,0.0,1.0
1885,1884,50,17,946,57,4.157894736842105,0.8909090909090909,0.01612903225806452,0.7960602285158624,0.0,1.0
1886,1885,25,12,940,26,3.923076923076923,0.43636363636363634,0.002615518744551003,0.7365762124711317,0.0,1.0
1887,1886,56,15,921,125,3.384,0.9999999999999999,0.045771578029642546,0.6000173210161663,0.0,1.0
1888,1887,35,12,951,34,3.6176470588235294,0.6181818181818182,0.006102877070619007,0.6592047615813069,0.0,1.0
1889,1888,18,14,800,624,3.269230769230769,0.3090909090909091,0.2632955536181342,0.5709439953810624,0.0,1.0
1890,1889,50,6,947,202,3.51980198019802,0.8909090909090909,0.07933740191804708,0.6344186598221023,0.0,1.0
1891,1890,45,1,913,279,3.5483870967741935,0.7999999999999999,0.11290322580645162,0.6416598375921926,0.0,1.0
1892,1891,25,20,900,22,4.2727272727272725,0.43636363636363634,0.0008718395815170022,0.8251495905941633,0.0,1.0
1893,1892,35,0,900,28,3.75,0.6181818181818182,0.0034873583260680054,0.692732390300231,1.0,0.0
1894,1893,35,7,946,172,4.244186046511628,0.6181818181818182,0.06625980819529208,0.8179195311241207,1.0,0.0
1895,1894,35,14,891,86,4.034883720930233,0.6181818181818182,0.028770706190061033,0.7648990950104733,0.0,1.0
1896,1895,56,13,921,207,4.14975845410628,0.9999999999999999,0.08151700087183959,0.7939991465006526,0.0,1.0
1897,1896,50,2,945,657,3.710806697108067,0.8909090909090909,0.27768090671316475,0.6828039482425893,1.0,0.0
1898,1897,25,12,911,26,3.923076923076923,0.43636363636363634,0.002615518744551003,0.7365762124711317,0.0,1.0
1899,1898,45,6,21,756,3.7923280423280423,0.7999999999999999,0.3208369659982563,0.703454924117453,1.0,0.0
1900,1899,56,12,941,40,3.675,0.9999999999999999,0.008718395815170008,0.6737334006928407,0.0,1.0
1901,1900,50,7,940,150,4.173333333333333,0.8909090909090909,0.05666957279860506,0.7999711316397229,0.0,1.0
1902,1901,25,19,935,258,3.647286821705426,0.43636363636363634,0.10374891020052311,0.6667131022074225,0.0,1.0
1903,1902,35,0,904,197,4.020304568527918,0.6181818181818182,0.07715780296425459,0.761205906144125,0.0,1.0
1904,1903,18,1,301,352,3.2670454545454546,0.3090909090909091,0.14472537053182216,0.5703904117677935,0.0,1.0
1905,1904,35,20,941,47,4.1063829787234045,0.6181818181818182,0.011769834350479513,0.7830112770871211,1.0,0.0
1906,1905,25,5,913,26,3.6538461538461537,0.43636363636363634,0.002615518744551003,0.6683747113163973,1.0,0.0
1907,1906,35,17,948,24,3.8333333333333335,0.6181818181818182,0.0017436791630340027,0.7138423787528869,0.0,1.0
1908,1907,56,13,951,208,3.1826923076923075,0.9999999999999999,0.08195292066259809,0.5490220842956121,0.0,1.0
1909,1908,18,4,891,57,3.526315789473684,0.3090909090909091,0.01612903225806452,0.6360687370852073,0.0,1.0
1910,1909,1,10,947,53,3.641509433962264,0.0,0.014385353095030515,0.6652495751448865,0.0,1.0
1911,1910,18,4,928,31,3.5483870967741935,0.3090909090909091,0.004795117698343506,0.6416598375921926,1.0,0.0
1912,1911,25,4,913,947,2.487856388595565,0.43636363636363634,0.4040976460331299,0.37300634555213863,0.0,1.0
1913,1912,25,17,951,44,4.295454545454546,0.43636363636363634,0.010462074978204013,0.8309068601721605,0.0,1.0
1914,1913,35,14,950,23,3.739130434782609,0.6181818181818182,0.0013077593722755024,0.6899789135455368,1.0,0.0
1915,1914,50,13,19,38,3.6052631578947367,0.8909090909090909,0.007846556233653008,0.6560676735140392,0.0,1.0
1916,1915,45,7,904,391,3.9437340153452687,0.7999999999999999,0.16172624237140368,0.7418090642221343,0.0,1.0
1917,1916,18,10,927,97,3.8969072164948453,0.3090909090909091,0.03356582388840454,0.7299469060260471,0.0,1.0
1918,1917,45,6,952,23,3.0,0.7999999999999999,0.0013077593722755024,0.502742494226328,1.0,0.0
1919,1918,1,0,945,55,3.5636363636363635,0.0,0.015257192676547515,0.6455227797606551,0.0,1.0
1920,1919,35,7,801,601,3.3860232945091515,0.6181818181818182,0.25326939843068874,0.6005298617008604,1.0,0.0
1921,1920,56,12,927,85,3.2588235294117647,0.9999999999999999,0.028334786399302533,0.5683076348322239,0.0,1.0
1922,1921,25,7,943,429,3.456876456876457,0.43636363636363634,0.1782911944202267,0.6184783749737561,1.0,0.0
1923,1922,35,7,900,58,3.2758620689655173,0.6181818181818182,0.01656495204882302,0.572623835310982,0.0,1.0
1924,1923,56,6,906,86,3.1511627906976742,0.9999999999999999,0.028770706190061033,0.5410350314195177,1.0,0.0
1925,1924,50,7,928,305,3.6459016393442623,0.8909090909090909,0.12423714036617264,0.6663622080036347,0.0,1.0
1926,1925,1,0,954,585,4.085470085470085,0.0,0.24629468177855277,0.7777136258660509,1.0,0.0
1927,1926,35,7,948,22,3.9545454545454546,0.6181818181818182,0.0008718395815170022,0.7445478165022046,0.0,1.0
1928,1927,1,10,945,212,3.839622641509434,0.0,0.08369659982563209,0.715435585428559,0.0,1.0
1929,1928,1,10,911,27,3.5555555555555554,0.0,0.0030514385353095034,0.6434757505773672,1.0,0.0
1930,1929,25,15,945,324,3.1666666666666665,0.43636363636363634,0.13251961639058416,0.5449624711316398,0.0,1.0
1931,1930,25,2,941,86,3.616279069767442,0.43636363636363634,0.028770706190061033,0.6588582227831786,0.0,1.0
1932,1931,25,7,941,78,3.6666666666666665,0.43636363636363634,0.025283347863993024,0.671622401847575,0.0,1.0
1933,1932,18,19,947,30,3.466666666666667,0.3090909090909091,0.004359197907585006,0.6209584295612011,0.0,1.0
1934,1933,25,17,950,59,3.0847457627118646,0.43636363636363634,0.01700087183958152,0.5242102790934358,0.0,1.0
1935,1934,1,10,904,58,3.4827586206896552,0.0,0.01656495204882302,0.6250348411244725,0.0,1.0
1936,1935,35,0,900,28,3.7142857142857144,0.6181818181818182,0.0034873583260680054,0.68368525239195,0.0,1.0
1937,1936,25,11,923,295,3.183050847457627,0.43636363636363634,0.11987794245858763,0.5491129095392805,0.0,1.0
1938,1937,25,2,913,175,3.1314285714285712,0.43636363636363634,0.06756756756756757,0.5360359617288024,1.0,0.0
1939,1938,35,2,949,221,3.7782805429864252,0.6181818181818182,0.0876198779424586,0.6998964135307704,1.0,0.0
1940,1939,25,12,951,64,4.671875,0.43636363636363634,0.01918047079337402,0.9262616375577368,0.0,1.0
1941,1940,35,17,945,1595,3.0545454545454547,0.6181818181818182,0.6865736704446382,0.516559941213521,0.0,1.0
1942,1941,35,5,49,59,2.864406779661017,0.6181818181818182,0.01700087183958152,0.46839403843895566,0.0,1.0
1943,1942,18,4,915,680,3.6205882352941177,0.3090909090909091,0.2877070619006103,0.6599498199972831,0.0,1.0
1944,1943,18,4,931,68,3.911764705882353,0.3090909090909091,0.020924149956408022,0.7337106031789159,1.0,0.0
1945,1944,25,20,928,73,2.7945205479452055,0.43636363636363634,0.023103748910200523,0.4506904679047108,0.0,1.0
1946,1945,25,14,941,78,3.858974358974359,0.43636363636363634,0.025283347863993024,0.7203377598152426,0.0,1.0
1947,1946,25,7,940,147,3.9523809523809526,0.43636363636363634,0.055361813426329565,0.743999505113824,0.0,1.0
1948,1947,1,10,931,174,3.1091954022988504,0.0,0.06713164777680908,0.5304038584056702,0.0,1.0
1949,1948,18,17,925,102,4.176470588235294,0.3090909090909091,0.03574542284219703,0.8007658606167642,0.0,1.0
1950,1949,25,12,490,137,3.5182481751824817,0.43636363636363634,0.05100261551874455,0.6340250501508741,0.0,1.0
1951,1950,18,4,906,128,3.015625,0.3090909090909091,0.04707933740191805,0.506700617061201,1.0,0.0
1952,1951,35,1,910,251,3.49003984063745,0.6181818181818182,0.1006974716652136,0.6268793187527029,0.0,1.0
1953,1952,25,2,945,34,3.7941176470588234,0.43636363636363634,0.006102877070619007,0.7039082665398724,1.0,0.0
1954,1953,25,16,914,151,3.933774834437086,0.43636363636363634,0.057105492589363566,0.7392862058944987,0.0,1.0
1955,1954,1,19,31,40,3.55,0.0,0.008718395815170008,0.6420684180138568,0.0,1.0
1956,1955,35,0,442,65,3.123076923076923,0.6181818181818182,0.01961639058413252,0.5339203233256351,0.0,1.0
1957,1956,18,4,231,50,3.94,0.3090909090909091,0.013077593722755014,0.7408631639722865,1.0,0.0
1958,1957,25,1,170,852,3.2746478873239435,0.43636363636363634,0.36268526591107236,0.5723162589857854,1.0,0.0
1959,1958,50,13,530,61,4.508196721311475,0.8909090909090909,0.01787271142109852,0.8847986786809525,1.0,0.0
1960,1959,45,7,555,215,3.8651162790697673,0.7999999999999999,0.0850043591979076,0.721893630162737,0.0,1.0
1961,1960,50,3,919,89,3.550561797752809,0.8909090909090909,0.030078465562336534,0.6422107325427512,1.0,0.0
1962,1961,18,1,609,533,2.6679174484052535,0.3090909090909091,0.22362685265911073,0.41861938827240475,1.0,0.0
1963,1962,50,9,919,83,4.180722891566265,0.8909090909090909,0.027462946817785532,0.8018430535073318,1.0,0.0
1964,1963,25,6,895,22,3.6363636363636362,0.43636363636363634,0.0008718395815170022,0.6639460424102457,1.0,0.0
1965,1964,56,17,483,64,3.125,0.9999999999999999,0.01918047079337402,0.5344074769053119,0.0,1.0
1966,1965,25,20,936,44,4.363636363636363,0.43636363636363634,0.010462074978204013,0.8481786689061517,0.0,1.0
1967,1966,50,7,921,24,3.5416666666666665,0.8909090909090909,0.0017436791630340027,0.6399574191685913,0.0,1.0
1968,1967,25,11,852,444,2.7612612612612613,0.43636363636363634,0.18482999128160418,0.44226523001061113,0.0,1.0
1969,1968,25,3,921,517,3.816247582205029,0.43636363636363634,0.21665213600697472,0.7095142186446054,1.0,0.0
1970,1969,50,13,890,52,3.576923076923077,0.8909090909090909,0.013949433304272014,0.6488885681293304,0.0,1.0
1971,1970,25,14,802,33,4.2727272727272725,0.43636363636363634,0.0056669572798605065,0.8251495905941633,1.0,0.0
1972,1971,45,17,921,83,4.409638554216867,0.7999999999999999,0.027462946817785532,0.8598319374495673,0.0,1.0
1973,1972,25,1,229,38,3.8421052631578947,0.43636363636363634,0.007846556233653008,0.7160644828005349,0.0,1.0
1974,1973,35,17,121,518,3.7644787644787643,0.6181818181818182,0.21708805579773324,0.6964001489116962,0.0,1.0
1975,1974,18,4,973,49,3.836734693877551,0.3090909090909091,0.012641673931996514,0.7147040109346279,0.0,1.0
1976,1975,35,5,587,123,3.886178861788618,0.6181818181818182,0.044899738448125545,0.7272292006984735,0.0,1.0
1977,1976,56,6,27,67,3.626865671641791,0.9999999999999999,0.02048823016564952,0.6615400193030231,0.0,1.0
1978,1977,1,10,433,154,3.4675324675324677,0.0,0.05841325196163906,0.6211777541165533,0.0,1.0
1979,1978,56,17,495,35,3.1142857142857143,0.9999999999999999,0.006538796861377507,0.5316933355328275,0.0,1.0
1980,1979,35,7,64,1260,3.4825396825396826,0.6181818181818182,0.5405405405405406,0.6249793797426593,0.0,1.0
1981,1980,56,1,803,67,3.029850746268657,0.9999999999999999,0.02048823016564952,0.510304281134742,0.0,1.0
1982,1981,1,10,805,155,3.425806451612903,0.0,0.05884917175239757,0.6106077255457052,0.0,1.0
1983,1982,25,14,921,546,4.142857142857143,0.43636363636363634,0.22929380993897125,0.7922509072913231,0.0,1.0
1984,1983,18,10,921,283,3.5653710247349824,0.3090909090909091,0.11464690496948562,0.6459622038697884,0.0,1.0
1985,1984,45,12,921,160,3.575,0.7999999999999999,0.06102877070619006,0.6484014145496537,0.0,1.0
1986,1985,50,13,919,22,4.590909090909091,0.8909090909090909,0.0008718395815170022,0.9057513646861222,0.0,1.0
1987,1986,25,17,626,47,3.617021276595745,0.43636363636363634,0.011769834350479513,0.6590462385140781,0.0,1.0
1988,1987,25,1,852,629,3.5230524642289347,0.43636363636363634,0.2654751525719268,0.6352420719864003,1.0,0.0
1989,1988,50,6,20,27,3.3333333333333335,0.8909090909090909,0.0030514385353095034,0.5871824480369516,0.0,1.0
1990,1989,25,7,852,35,3.857142857142857,0.43636363636363634,0.006538796861377507,0.7198738040250743,0.0,1.0
1991,1990,25,20,483,24,4.291666666666667,0.43636363636363634,0.0017436791630340027,0.8299473152424943,0.0,1.0
1992,1991,18,4,852,92,2.9239130434782608,0.3090909090909091,0.03138622493461203,0.48346815694346823,0.0,1.0
1993,1992,35,17,995,20,3.75,0.6181818181818182,0.0,0.692732390300231,0.0,1.0
1994,1993,35,2,890,29,4.103448275862069,0.6181818181818182,0.003923278116826506,0.7822678585649441,0.0,1.0
1995,1994,25,1,853,86,3.895348837209302,0.43636363636363634,0.028770706190061033,0.7295521376013749,0.0,1.0
1996,1995,35,0,856,177,3.994350282485876,0.6181818181818182,0.06843940714908457,0.7546311700003916,0.0,1.0
1997,1996,25,0,841,40,4.075,0.43636363636363634,0.008718395815170008,0.775061345265589,0.0,1.0
1998,1997,50,9,240,356,3.8707865168539324,0.8909090909090909,0.14646904969485616,0.7233300140125075,1.0,0.0
1999,1998,35,3,21,87,3.8160919540229883,0.6181818181818182,0.029206625980819533,0.709474794935096,1.0,0.0
2000,1999,18,4,446,98,3.7857142857142856,0.3090909090909091,0.03400174367916303,0.7017795282085121,0.0,1.0
2001,2000,50,1,481,49,3.5918367346938775,0.8909090909090909,0.012641673931996514,0.6526664938492719,0.0,1.0
2002,2001,56,13,21,167,4.1017964071856285,0.9999999999999999,0.06408020924149957,0.7818494074207243,1.0,0.0
2003,2002,1,10,800,61,4.344262295081967,0.0,0.01787271142109852,0.8432708325445804,0.0,1.0
2004,2003,45,19,535,109,3.7247706422018347,0.7999999999999999,0.03879686137750654,0.6863412928787846,0.0,1.0
2005,2004,18,4,586,90,2.7222222222222223,0.3090909090909091,0.030514385353095034,0.43237586605080836,0.0,1.0
2006,2005,35,0,660,41,3.8048780487804876,0.6181818181818182,0.009154315605928512,0.7066340900129556,0.0,1.0
2007,2006,50,16,804,40,3.9,0.8909090909090909,0.008718395815170008,0.7307303695150116,0.0,1.0
2008,2007,25,3,482,177,3.937853107344633,0.43636363636363634,0.06843940714908457,0.7403193134223197,0.0,1.0
2009,2008,35,7,606,54,4.037037037037037,0.6181818181818182,0.014821272885789015,0.7654445727482679,1.0,0.0
2010,2009,18,4,815,733,2.4583901773533423,0.3090909090909091,0.3108108108108108,0.3655419690033366,0.0,1.0
2011,2010,35,3,15,247,3.838056680161943,0.6181818181818182,0.0989537925021796,0.715038896317005,1.0,0.0
2012,2011,25,4,494,611,2.8052373158756136,0.43636363636363634,0.25762859633827373,0.4534052380718392,0.0,1.0
2013,2012,45,0,605,80,3.9,0.7999999999999999,0.026155187445510025,0.7307303695150116,0.0,1.0
2014,2013,18,4,532,54,4.2592592592592595,0.3090909090909091,0.014821272885789015,0.8217378752886837,0.0,1.0
2015,2014,18,4,10,903,3.1273532668881505,0.3090909090909091,0.3849171752397559,0.5350036061473303,0.0,1.0
2016,2015,56,2,207,333,3.990990990990991,0.9999999999999999,0.13644289450741065,0.7537801947443981,1.0,0.0
2017,2016,25,17,358,119,3.899159663865546,0.43636363636363634,0.043156059285091544,0.7305174956818755,0.0,1.0
2018,2017,35,16,462,447,3.941834451901566,0.6181818181818182,0.1861377506538797,0.7413278670737946,0.0,1.0
2019,2018,50,1,277,34,3.5588235294117645,0.8909090909090909,0.006102877070619007,0.6443035932617851,0.0,1.0
2020,2019,25,7,450,471,3.5307855626326963,0.43636363636363634,0.1965998256320837,0.6372010194024801,0.0,1.0
2021,2020,25,0,613,149,3.8523489932885906,0.43636363636363634,0.056233653007846565,0.7186594230977883,0.0,1.0
2022,2021,25,7,601,194,3.829896907216495,0.43636363636363634,0.07585004359197908,0.7129718637651485,0.0,1.0
2023,2022,18,4,560,286,3.923076923076923,0.3090909090909091,0.11595466434176112,0.7365762124711317,0.0,1.0
2024,2023,1,19,66,256,3.375,0.0,0.10287707061900611,0.5977374422632795,0.0,1.0
2025,2024,56,13,34,119,3.680672268907563,0.9999999999999999,0.043156059285091544,0.6751702990665088,0.0,1.0
2026,2025,50,16,492,218,3.541284403669725,0.8909090909090909,0.08631211857018309,0.6398605843591755,0.0,1.0
2027,2026,25,9,480,105,4.019047619047619,0.43636363636363634,0.03705318221447254,0.7608874958759486,1.0,0.0
2028,2027,45,6,441,27,3.6666666666666665,0.7999999999999999,0.0030514385353095034,0.671622401847575,0.0,1.0
2029,2028,25,12,100,227,3.1629955947136565,0.43636363636363634,0.0902353966870096,0.5440325156931968,1.0,0.0
2030,2029,25,4,773,582,3.984536082474227,0.43636363636363634,0.24498692240627726,0.7521450382133759,0.0,1.0
2031,2030,35,20,606,225,3.56,0.6181818181818182,0.0893635571054926,0.6446016166281756,0.0,1.0
2032,2031,50,14,446,63,3.6825396825396823,0.8909090909090909,0.01874455100261552,0.6756433520290334,0.0,1.0
2033,2032,45,20,914,56,2.607142857142857,0.7999999999999999,0.01569311246730602,0.40322397723523595,1.0,0.0
2034,2033,45,2,18,37,4.216216216216216,0.7999999999999999,0.0074106364428945075,0.8108342175894139,1.0,0.0
2035,2034,18,0,452,171,3.5672514619883042,0.3090909090909091,0.06582388840453357,0.6464385559742313,1.0,0.0
2036,2035,25,14,900,65,3.9384615384615387,0.43636363636363634,0.01961639058413252,0.7404734411085452,1.0,0.0
2037,2036,56,14,24,20,3.45,0.9999999999999999,0.0,0.6167364318706698,0.0,1.0
2038,2037,45,1,333,440,3.8204545454545453,0.7999999999999999,0.18308631211857018,0.7105799259920219,1.0,0.0
2039,2038,50,16,600,121,3.5785123966942147,0.8909090909090909,0.044027898866608545,0.6492911743935259,0.0,1.0
2040,2039,25,7,24,46,3.369565217391304,0.43636363636363634,0.011333914559721013,0.5963607038859323,1.0,0.0
2041,2040,25,20,240,556,3.5485611510791366,0.43636363636363634,0.23365300784655624,0.6417039290046024,1.0,0.0
2042,2041,1,10,793,265,3.1358490566037736,0.0,0.10680034873583262,0.5371557584208463,0.0,1.0
2043,2042,25,14,379,91,2.5714285714285716,0.43636363636363634,0.030950305143853534,0.3941768393269549,0.0,1.0
2044,2043,45,0,494,25,4.12,0.7999999999999999,0.002179598953792503,0.7864607390300231,1.0,0.0
2045,2044,1,0,241,25,4.04,0.0,0.002179598953792503,0.7661951501154736,1.0,0.0
2046,2045,35,1,917,83,3.5903614457831323,0.6181818181818182,0.027462946817785532,0.6522927738668299,0.0,1.0
2047,2046,1,10,64,289,3.588235294117647,0.0,0.11726242371403664,0.6517541774215461,0.0,1.0
2048,2047,50,6,494,35,4.142857142857143,0.8909090909090909,0.006538796861377507,0.7922509072913231,0.0,1.0
2049,2048,50,0,132,35,4.114285714285714,0.8909090909090909,0.006538796861377507,0.7850131969646981,1.0,0.0
2050,2049,35,3,995,260,3.896153846153846,0.6181818181818182,0.10462074978204011,0.7297560623556583,1.0,0.0
2051,2050,35,7,939,229,3.432314410480349,0.6181818181818182,0.0911072362685266,0.6122563207842109,0.0,1.0
2052,2051,1,10,460,30,2.9,0.0,0.004359197907585006,0.4774105080831409,0.0,1.0
2053,2052,45,11,64,25,3.4,0.7999999999999999,0.002179598953792503,0.6040704387990763,0.0,1.0
2054,2053,25,12,31,335,3.408955223880597,0.43636363636363634,0.13731473408892764,0.6063389748716005,0.0,1.0
2055,2054,50,11,490,138,4.173913043478261,0.8909090909090909,0.051438535309503056,0.8001179837333066,0.0,1.0
2056,2055,25,4,563,256,4.09765625,0.43636363636363634,0.10287707061900611,0.7808006233761549,0.0,1.0
2057,2056,35,1,494,65,3.8615384615384616,0.6181818181818182,0.01961639058413252,0.7209872979214781,0.0,1.0
2058,2057,56,1,64,94,3.3191489361702127,0.9999999999999999,0.03225806451612903,0.5835892585130952,1.0,0.0
2059,2058,35,0,441,253,3.549407114624506,0.6181818181818182,0.1015693112467306,0.6419182283726917,0.0,1.0
2060,2059,1,1,483,261,3.1187739463601534,0.0,0.10505666957279862,0.5328302938599985,0.0,1.0
2061,2060,56,1,441,20,4.3,0.9999999999999999,0.0,0.8320583140877598,0.0,1.0
2062,2061,18,4,446,88,4.1477272727272725,0.3090909090909091,0.029642545771578033,0.7934846079151796,0.0,1.0
2063,2062,25,4,431,1323,2.945578231292517,0.43636363636363634,0.5680034873583262,0.488956379318471,0.0,1.0
2064,2063,35,1,10,247,4.0,0.6181818181818182,0.0989537925021796,0.7560623556581987,0.0,1.0
2065,2064,25,6,468,31,4.451612903225806,0.43636363636363634,0.004795117698343506,0.8704648737242047,0.0,1.0
2066,2065,25,6,532,29,4.068965517241379,0.43636363636363634,0.003923278116826506,0.773532690929362,1.0,0.0
2067,2066,50,16,64,199,3.5728643216080402,0.8909090909090909,0.07802964254577159,0.6478604047953394,0.0,1.0
2068,2067,35,12,435,125,3.952,0.6181818181818182,0.045771578029642546,0.7439030023094688,1.0,0.0
2069,2068,56,15,790,75,3.9066666666666667,0.9999999999999999,0.023975588491717523,0.7324191685912241,0.0,1.0
2070,2069,35,6,132,104,4.413461538461538,0.6181818181818182,0.036617262423714034,0.8608003752886837,1.0,0.0
2071,2070,45,7,16,238,3.407563025210084,0.7999999999999999,0.09503051438535311,0.6059863032973005,0.0,1.0
2072,2071,50,12,211,205,4.0,0.8909090909090909,0.08064516129032259,0.7560623556581987,1.0,0.0
2073,2072,18,4,131,645,3.696124031007752,0.3090909090909091,0.2724498692240628,0.679084537300607,1.0,0.0
2074,2073,18,4,481,36,3.4722222222222223,0.3090909090909091,0.006974716652136007,0.6223657621247114,0.0,1.0
2075,2074,25,4,132,43,3.3255813953488373,0.43636363636363634,0.010026155187445512,0.5852187281808906,1.0,0.0
2076,2075,18,4,131,83,3.4819277108433737,0.3090909090909091,0.027462946817785532,0.62482435515735,0.0,1.0
2077,2076,18,0,551,684,3.2309941520467835,0.3090909090909091,0.28945074106364427,0.5612579008143916,0.0,1.0
2078,2077,18,4,133,102,3.735294117647059,0.3090909090909091,0.03574542284219703,0.6890070982203506,0.0,1.0
2079,2078,1,10,452,96,3.46875,0.0,0.03312990409764603,0.6214861792725174,0.0,1.0
2080,2079,25,11,379,32,4.28125,0.43636363636363634,0.005231037489102006,0.8273085666859123,0.0,1.0
2081,2080,18,17,494,49,3.122448979591837,0.3090909090909091,0.012641673931996514,0.5337612527690061,0.0,1.0
2082,2081,1,19,483,71,4.338028169014085,0.0,0.022231909328683522,0.8416916045929157,0.0,1.0
2083,2082,18,4,649,40,4.35,0.3090909090909091,0.008718395815170008,0.8447243071593533,0.0,1.0
2084,2083,18,4,231,155,3.9483870967741934,0.3090909090909091,0.05884917175239757,0.7429877821649409,0.0,1.0
2085,2084,18,0,63,272,3.661764705882353,0.3090909090909091,0.10985178727114212,0.6703806378209483,0.0,1.0
2086,2085,35,14,483,30,3.7,0.6181818181818182,0.004359197907585006,0.6800663972286375,0.0,1.0
2087,2086,25,0,379,53,3.5660377358490565,0.43636363636363634,0.014385353095030515,0.6461310950368208,0.0,1.0
2088,2087,50,7,606,441,3.877551020408163,0.8909090909090909,0.1835222319093287,0.7250435971155206,0.0,1.0
2089,2088,35,17,176,95,3.7473684210526317,0.6181818181818182,0.03269398430688754,0.6920657590859366,0.0,1.0
2090,2089,35,17,483,229,3.7729257641921397,0.6181818181818182,0.0911072362685266,0.6985399417086036,0.0,1.0
2091,2090,35,20,480,147,4.08843537414966,0.6181818181818182,0.055361813426329565,0.7784647923834662,1.0,0.0
2092,2091,56,1,490,729,3.5665294924554183,0.9999999999999999,0.30906713164777677,0.6462556667522026,0.0,1.0
2093,2092,18,0,483,56,3.482142857142857,0.3090909090909091,0.01569311246730602,0.6248788559881228,0.0,1.0
2094,2093,35,2,600,71,4.056338028169014,0.6181818181818182,0.022231909328683522,0.7703338971473181,0.0,1.0
2095,2094,56,13,585,75,3.36,0.9999999999999999,0.023975588491717523,0.5939376443418014,0.0,1.0
2096,2095,25,17,339,121,4.181818181818182,0.43636363636363634,0.044027898866608545,0.8021205122821751,1.0,0.0
2097,2096,18,5,485,174,3.293103448275862,0.3090909090909091,0.06713164777680908,0.5769914191287728,0.0,1.0
2098,2097,35,20,480,373,3.2493297587131367,0.6181818181818182,0.15387968613775066,0.5659026741543816,0.0,1.0
2099,2098,18,0,488,36,3.5277777777777777,0.3090909090909091,0.006974716652136007,0.6364390877598153,1.0,0.0
2100,2099,25,0,240,308,3.707792207792208,0.43636363636363634,0.12554489973844812,0.6820403182268079,1.0,0.0
2101,2100,25,16,483,105,3.3047619047619046,0.43636363636363634,0.03705318221447254,0.5799447377103266,0.0,1.0
2102,2101,25,11,488,530,2.6452830188679246,0.43636363636363634,0.22231909328683525,0.41288563771841913,0.0,1.0
2103,2102,35,12,30,89,3.865168539325843,0.6181818181818182,0.030078465562336534,0.7219068687235645,0.0,1.0
2104,2103,45,15,600,53,3.0943396226415096,0.7999999999999999,0.014385353095030515,0.5266405943614102,0.0,1.0
2105,2104,25,1,240,517,3.2224371373307545,0.43636363636363634,0.21665213600697472,0.5590902390322567,0.0,1.0
2106,2105,18,20,495,900,2.2455555555555557,0.3090909090909091,0.3836094158674804,0.31162673210161673,1.0,0.0
2107,2106,25,1,240,29,4.068965517241379,0.43636363636363634,0.003923278116826506,0.773532690929362,0.0,1.0
2108,2107,1,10,604,22,4.363636363636363,0.0,0.0008718395815170022,0.8481786689061517,0.0,1.0
2109,2108,25,16,130,749,2.897196261682243,0.43636363636363634,0.3177855274629468,0.47670026548099553,0.0,1.0
2110,2109,50,11,468,221,3.239819004524887,0.8909090909090909,0.0876198779424586,0.5634934112213015,0.0,1.0
2111,2110,56,13,328,20,3.75,0.9999999999999999,0.0,0.692732390300231,0.0,1.0
2112,2111,45,12,231,50,3.48,0.7999999999999999,0.013077593722755014,0.624336027713626,1.0,0.0
2113,2112,25,6,44,46,3.847826086956522,0.43636363636363634,0.011333914559721013,0.7175136810924793,0.0,1.0
2114,2113,18,18,217,150,3.6733333333333333,0.3090909090909091,0.05666957279860506,0.6733112009237876,0.0,1.0
2115,2114,35,17,15,58,3.8620689655172415,0.6181818181818182,0.01656495204882302,0.7211216851158717,0.0,1.0
2116,2115,18,4,495,971,3.5550978372811533,0.3090909090909091,0.4145597210113339,0.6433598014475208,0.0,1.0
2117,2116,56,13,493,46,4.260869565217392,0.9999999999999999,0.011333914559721013,0.8221457977708606,0.0,1.0
2118,2117,25,14,21,87,4.505747126436781,0.43636363636363634,0.029206625980819533,0.884178147646731,0.0,1.0
2119,2118,35,4,100,178,3.539325842696629,0.6181818181818182,0.06887532693984308,0.639364441964865,0.0,1.0
2120,2119,1,0,27,164,3.451219512195122,0.0,0.06277244986922408,0.6170453585309525,0.0,1.0
2121,2120,56,13,23,191,3.670157068062827,0.9999999999999999,0.07454228421970358,0.6725065898455921,0.0,1.0
2122,2121,35,12,616,208,3.6201923076923075,0.6181818181818182,0.08195292066259809,0.6598495236720554,0.0,1.0
2123,2122,35,0,130,35,4.085714285714285,0.6181818181818182,0.006538796861377507,0.7777754866380733,1.0,0.0
2124,2123,25,0,123,628,4.259554140127388,0.43636363636363634,0.26503923278116825,0.821812574469337,0.0,1.0
2125,2124,35,3,460,229,3.873362445414847,0.6181818181818182,0.0911072362685266,0.7239825478786167,0.0,1.0
2126,2125,56,14,26,90,2.8,0.9999999999999999,0.030514385353095034,0.4520785219399538,0.0,1.0
2127,2126,18,4,123,168,3.2083333333333335,0.3090909090909091,0.06451612903225808,0.5555174653579678,0.0,1.0
2128,2127,45,1,467,20,3.75,0.7999999999999999,0.0,0.692732390300231,1.0,0.0
2129,2128,25,5,41,357,3.2717086834733893,0.43636363636363634,0.14690496948561466,0.571571700273643,0.0,1.0
2130,2129,45,0,30,67,3.417910447761194,0.7999999999999999,0.02048823016564952,0.6086075109441247,0.0,1.0
2131,2130,25,0,17,321,3.370716510903427,0.43636363636363634,0.13121185701830865,0.5966523493988907,0.0,1.0
2132,2131,56,14,26,69,2.5652173913043477,0.9999999999999999,0.021360069747166522,0.3926034240385581,0.0,1.0
2133,2132,1,10,16,20,3.25,0.0,0.0,0.5660724595842956,1.0,0.0
2134,2133,18,10,27,59,3.593220338983051,0.3090909090909091,0.01700087183958152,0.6530169882960818,0.0,1.0
2135,2134,50,1,17,26,3.730769230769231,0.8909090909090909,0.002615518744551003,0.6878608545034642,0.0,1.0
2136,2135,35,18,130,160,3.91875,0.6181818181818182,0.06102877070619006,0.7354801169168592,0.0,1.0
2137,2136,1,10,6,69,4.130434782608695,0.0,0.021360069747166522,0.7891040767145296,1.0,0.0
2138,2137,18,4,881,60,3.75,0.3090909090909091,0.01743679163034002,0.692732390300231,1.0,0.0
2139,2138,50,3,336,53,4.132075471698113,0.8909090909090909,0.014385353095030515,0.7895196958473136,1.0,0.0
2140,2139,45,14,468,206,3.7864077669902914,0.7999999999999999,0.08108108108108109,0.7019552007892554,0.0,1.0
2141,2140,50,16,487,25,4.2,0.8909090909090909,0.002179598953792503,0.8067263279445729,1.0,0.0
2142,2141,45,14,468,77,3.5324675324675323,0.7999999999999999,0.024847428073234524,0.6376270957679734,1.0,0.0
2143,2142,18,4,326,112,3.125,0.3090909090909091,0.04010462074978205,0.5344074769053119,0.0,1.0
2144,2143,18,0,465,101,3.287128712871287,0.3090909090909091,0.03530950305143854,0.5754778999839938,0.0,1.0
2145,2144,18,10,327,219,4.063926940639269,0.3090909090909091,0.0867480383609416,0.7722563194027017,0.0,1.0
2146,2145,18,2,960,102,3.323529411764706,0.3090909090909091,0.03574542284219703,0.5846989199836979,0.0,1.0
2147,2146,18,0,606,96,3.5833333333333335,0.3090909090909091,0.03312990409764603,0.6505124133949193,1.0,0.0
2148,2147,18,0,813,255,3.9215686274509802,0.3090909090909091,0.1024411508282476,0.7361941312321696,1.0,0.0
2149,2148,25,0,600,53,3.811320754716981,0.43636363636363634,0.014385353095030515,0.7082661553880344,0.0,1.0
2150,2149,18,4,229,34,3.6176470588235294,0.3090909090909091,0.006102877070619007,0.6592047615813069,1.0,0.0
2151,2150,56,13,333,38,3.1842105263157894,0.9999999999999999,0.007846556233653008,0.5494066792269358,0.0,1.0
2152,2151,18,4,228,23,3.652173913043478,0.3090909090909091,0.0013077593722755024,0.6679510995079827,0.0,1.0
2153,2152,18,16,974,353,3.8526912181303117,0.3090909090909091,0.14516129032258066,0.7187461154472715,0.0,1.0
2154,2153,25,12,685,45,3.977777777777778,0.43636363636363634,0.010897994768962513,0.7504330254041571,0.0,1.0
2155,2154,1,10,502,71,4.690140845070423,0.0,0.022231909328683522,0.9308887388999123,1.0,0.0
2156,2155,18,19,559,315,3.3968253968253967,0.3090909090909091,0.12859633827375763,0.6032662487627846,0.0,1.0
2157,2156,18,3,452,148,3.4864864864864864,0.3090909090909091,0.05579773321708806,0.6259791835715623,1.0,0.0
2158,2157,25,12,606,113,3.9292035398230087,0.43636363636363634,0.04054054054054054,0.7381282061762963,0.0,1.0
2159,2158,50,14,606,34,4.470588235294118,0.8909090909090909,0.006102877070619007,0.8752717022143732,1.0,0.0
2160,2159,18,19,465,20,3.95,0.3090909090909091,0.0,0.7433963625866051,1.0,0.0
2161,2160,35,2,955,120,3.5833333333333335,0.6181818181818182,0.04359197907585005,0.6505124133949193,1.0,0.0
2162,2161,1,10,358,182,3.9395604395604398,0.0,0.07061900610287708,0.7407518145826462,1.0,0.0
2163,2162,18,0,871,96,4.104166666666667,0.3090909090909091,0.03312990409764603,0.7824498412240186,0.0,1.0
2164,2163,35,0,958,471,3.6602972399150744,0.6181818181818182,0.1965998256320837,0.6700088995454613,0.0,1.0
2165,2164,25,7,328,225,4.093333333333334,0.43636363636363634,0.0893635571054926,0.7797055427251733,0.0,1.0
2166,2165,1,10,992,213,3.6901408450704225,0.0,0.0841325196163906,0.6775688774680415,0.0,1.0
2167,2166,25,6,958,222,2.463963963963964,0.43636363636363634,0.08805579773321709,0.3669539198551901,1.0,0.0
2168,2167,1,10,602,365,3.9424657534246577,0.0,0.15039232781168266,0.7414877882881459,0.0,1.0
2169,2168,1,0,954,37,3.810810810810811,0.0,0.0074106364428945075,0.7081369764683854,0.0,1.0
2170,2169,50,16,991,126,4.23015873015873,0.8909090909090909,0.04620749782040105,0.8143661332893435,1.0,0.0
2171,2170,35,0,481,101,4.445544554455446,0.6181818181818182,0.03530950305143854,0.8689276404545767,0.0,1.0
2172,2171,18,20,606,451,3.059866962305987,0.3090909090909091,0.1878814298169137,0.5179079848220276,0.0,1.0
2173,2172,50,13,875,297,3.771043771043771,0.8909090909090909,0.12074978204010464,0.6980631954650431,0.0,1.0
2174,2173,50,12,875,178,3.5842696629213484,0.8909090909090909,0.06887532693984308,0.6507496042764098,0.0,1.0
2175,2174,25,4,992,169,4.136094674556213,0.43636363636363634,0.06495204882301657,0.790537839758394,0.0,1.0
2176,2175,1,19,735,179,4.217877094972067,0.0,0.06931124673060157,0.8112549511657012,0.0,1.0
2177,2176,35,20,954,203,3.6206896551724137,0.6181818181818182,0.07977332170880559,0.6599755116667995,1.0,0.0
2178,2177,45,14,852,174,4.287356321839081,0.7999999999999999,0.06713164777680908,0.8288554192880466,0.0,1.0
2179,2178,25,0,283,146,3.267123287671233,0.43636363636363634,0.05492589363557106,0.5704101284444304,1.0,0.0
2180,2179,25,12,277,409,2.838630806845966,0.43636363636363634,0.16957279860505667,0.4618644725771752,0.0,1.0
2181,2180,25,0,452,915,3.33224043715847,0.43636363636363634,0.39014821272885786,0.5869055957293757,0.0,1.0
2182,2181,25,4,604,24,3.6666666666666665,0.43636363636363634,0.0017436791630340027,0.671622401847575,1.0,0.0
2183,2182,56,1,117,35,3.6857142857142855,0.9999999999999999,0.006538796861377507,0.676447542065325,1.0,0.0
2184,2183,18,4,454,30,4.233333333333333,0.3090909090909091,0.004359197907585006,0.8151703233256351,0.0,1.0
2185,2184,45,17,275,293,4.276450511945392,0.7999999999999999,0.11900610287707064,0.8260927610369753,0.0,1.0
2186,2185,18,5,410,292,3.441780821917808,0.3090909090909091,0.11857018308631212,0.6146543508178051,0.0,1.0
2187,2186,45,16,601,137,3.72992700729927,0.7999999999999999,0.05100261551874455,0.6876475025707591,0.0,1.0
2188,2187,18,19,606,405,3.05679012345679,0.3090909090909091,0.16782911944202267,0.5171285604311009,1.0,0.0
2189,2188,1,10,601,35,3.6,0.0,0.006538796861377507,0.6547344110854504,0.0,1.0
2190,2189,25,15,276,130,3.8923076923076922,0.43636363636363634,0.047951176983435054,0.728781755196305,1.0,0.0
2191,2190,18,4,452,38,3.1842105263157894,0.3090909090909091,0.007846556233653008,0.5494066792269358,0.0,1.0
2192,2191,25,0,277,121,3.8264462809917354,0.43636363636363634,0.044027898866608545,0.7120977516080392,1.0,0.0
2193,2192,1,10,410,27,4.0,0.0,0.0030514385353095034,0.7560623556581987,0.0,1.0
2194,2193,25,17,452,107,2.869158878504673,0.43636363636363634,0.03792502179598954,0.46959783945954126,0.0,1.0
2195,2194,1,10,601,258,3.4147286821705425,0.0,0.10374891020052311,0.6078015065255922,0.0,1.0
2196,2195,25,12,451,36,3.9722222222222223,0.43636363636363634,0.006974716652136007,0.7490256928406467,0.0,1.0
2197,2196,25,1,275,56,4.107142857142857,0.43636363636363634,0.01569311246730602,0.7832037693830418,1.0,0.0
2198,2197,35,9,468,67,3.6417910447761193,0.6181818181818182,0.02048823016564952,0.66532091275723,1.0,0.0
2199,2198,1,10,606,129,3.0697674418604652,0.0,0.04751525719267655,0.5204159729308772,0.0,1.0
2200,2199,35,1,600,76,3.1052631578947367,0.6181818181818182,0.024411508282476024,0.5294077427981039,0.0,1.0
2201,2200,56,20,468,65,4.3538461538461535,0.9999999999999999,0.01961639058413252,0.8456986143187066,0.0,1.0
2202,2201,1,10,117,71,3.2816901408450705,0.0,0.022231909328683522,0.5741002016719254,1.0,0.0
2203,2202,45,12,537,539,4.053803339517625,0.7999999999999999,0.22624237140366174,0.7696918101693753,0.0,1.0
2204,2203,56,3,949,33,3.515151515151515,0.9999999999999999,0.0056669572798605065,0.633240604660928,0.0,1.0
2205,2204,25,7,100,509,3.076620825147348,0.43636363636363634,0.21316477768090672,0.5221520710354498,1.0,0.0
2206,2205,45,7,112,156,3.7371794871794872,0.7999999999999999,0.05928509154315606,0.6894846997690532,0.0,1.0
2207,2206,18,4,75,21,4.238095238095238,0.3090909090909091,0.00043591979075850197,0.8163766083800728,0.0,1.0
2208,2207,25,0,100,265,3.509433962264151,0.43636363636363634,0.10680034873583262,0.6317922349557715,0.0,1.0
2209,2208,35,7,100,23,3.4347826086956523,0.6181818181818182,0.0013077593722755024,0.6128815644140979,0.0,1.0
2210,2209,45,17,880,29,3.689655172413793,0.7999999999999999,0.003923278116826506,0.677445846937963,0.0,1.0
2211,2210,45,6,19,298,3.966442953020134,0.7999999999999999,0.12118570183086314,0.7475616891671963,0.0,1.0
2212,2211,18,4,805,100,3.16,0.3090909090909091,0.03487358326068003,0.5432736720554273,0.0,1.0
2213,2212,25,0,606,39,3.641025641025641,0.43636363636363634,0.008282476024411508,0.6651270207852195,1.0,0.0
2214,2213,25,1,468,81,4.160493827160494,0.43636363636363634,0.026591107236268532,0.7967186297151656,1.0,0.0
2215,2214,25,0,939,187,3.272727272727273,0.43636363636363634,0.07279860505666957,0.5718297291622928,1.0,0.0
2216,2215,25,20,606,52,2.9038461538461537,0.43636363636363634,0.013949433304272014,0.4783848152424942,1.0,0.0
2217,2216,1,10,449,40,3.2,0.0,0.008718395815170008,0.5534064665127022,0.0,1.0
2218,2217,35,17,641,34,3.8823529411764706,0.6181818181818182,0.006102877070619007,0.726260019019155,0.0,1.0
2219,2218,25,6,600,210,3.676190476190476,0.43636363636363634,0.08282476024411509,0.67403497195645,0.0,1.0
2220,2219,50,3,954,29,4.0344827586206895,0.8909090909090909,0.003923278116826506,0.7647975232937805,1.0,0.0
2221,2220,56,17,949,162,3.5987654320987654,0.9999999999999999,0.061900610287707075,0.6544216705157815,0.0,1.0
2222,2221,45,1,130,219,3.506849315068493,0.7999999999999999,0.0867480383609416,0.6311374924863172,1.0,0.0
2223,2222,25,2,601,528,3.0890151515151514,0.43636363636363634,0.22144725370531823,0.5252918000734831,0.0,1.0
2224,2223,25,12,600,38,4.2368421052631575,0.43636363636363634,0.007846556233653008,0.8160591649446942,0.0,1.0
2225,2224,25,5,968,399,3.338345864661654,0.43636363636363634,0.16521360069747168,0.5884522217784647,0.0,1.0
2226,2225,25,7,275,52,3.673076923076923,0.43636363636363634,0.013949433304272014,0.6732462471131639,1.0,0.0
2227,2226,50,14,600,48,3.9791666666666665,0.8909090909090909,0.012205754141238014,0.7507848585450347,0.0,1.0
2228,2227,25,12,600,61,3.9508196721311477,0.43636363636363634,0.01787271142109852,0.7436040018172871,0.0,1.0
2229,2228,45,0,618,39,3.4871794871794872,0.7999999999999999,0.008282476024411508,0.6261547344110855,0.0,1.0
2230,2229,45,1,603,233,3.188841201716738,0.7999999999999999,0.0928509154315606,0.55057972127784,1.0,0.0
2231,2230,50,11,857,436,3.6720183486238533,0.8909090909090909,0.18134263295553618,0.672978089179397,0.0,1.0
2232,2231,25,14,600,318,4.050314465408805,0.43636363636363634,0.12990409764603314,0.7688080090635758,0.0,1.0
2233,2232,35,3,601,207,3.3381642512077296,0.6181818181818182,0.08151700087183959,0.5884062154834824,1.0,0.0
2234,2233,56,1,857,21,3.9047619047619047,0.9999999999999999,0.00043591979075850197,0.7319366545694491,0.0,1.0
2235,2234,1,10,463,142,3.908450704225352,0.0,0.05318221447253706,0.7328711007383795,0.0,1.0
2236,2235,1,10,967,95,3.694736842105263,0.0,0.03269398430688754,0.6787331348000487,0.0,1.0
2237,2236,35,6,149,442,3.916289592760181,0.6181818181818182,0.1839581517000872,0.7348568468958022,1.0,0.0
2238,2237,25,4,326,88,3.75,0.43636363636363634,0.029642545771578033,0.692732390300231,1.0,0.0
2239,2238,18,10,601,119,4.092436974789916,0.3090909090909091,0.043156059285091544,0.7794784773031613,0.0,1.0
2240,2239,45,12,641,99,4.282828282828283,0.7999999999999999,0.03443766346992154,0.8277083770732732,0.0,1.0
2241,2240,45,5,606,128,4.25,0.7999999999999999,0.04707933740191805,0.8193923210161664,0.0,1.0
2242,2241,18,4,601,332,3.6536144578313254,0.3090909090909091,0.13600697471665216,0.6683160181140266,0.0,1.0
2243,2242,45,2,867,60,4.683333333333334,0.7999999999999999,0.01743679163034002,0.9291642609699771,0.0,1.0
2244,2243,1,10,605,429,3.400932400932401,0.0,0.1782911944202267,0.6043066344740711,0.0,1.0
2245,2244,1,10,600,51,3.0980392156862746,0.0,0.013513513513513514,0.5275777747588644,0.0,1.0
2246,2245,25,0,606,172,3.6744186046511627,0.43636363636363634,0.06625980819529208,0.6735861217036361,0.0,1.0
2247,2246,45,2,606,257,3.922178988326848,0.7999999999999999,0.10331299040976462,0.7363487477646679,0.0,1.0
2248,2247,35,12,467,107,3.7476635514018692,0.6181818181818182,0.03792502179598954,0.6921405214651098,1.0,0.0
2249,2248,25,5,604,70,3.9285714285714284,0.43636363636363634,0.021795989537925022,0.7379680798416365,0.0,1.0
2250,2249,18,19,600,67,3.074626865671642,0.3090909090909091,0.02048823016564952,0.5216469614973631,0.0,1.0
2251,2250,35,14,606,413,3.6610169491525424,0.6181818181818182,0.17131647776809067,0.670191216189768,0.0,1.0
2252,2251,18,1,15,23,3.4782608695652173,0.3090909090909091,0.0013077593722755024,0.6238954714328748,1.0,0.0
2253,2252,50,0,468,31,4.096774193548387,0.8909090909090909,0.004795117698343506,0.7805771809580571,1.0,0.0
2254,2253,35,5,333,84,3.9642857142857144,0.6181818181818182,0.027898866608544032,0.7470152177499176,0.0,1.0
2255,2254,35,6,443,175,3.6685714285714286,0.6181818181818182,0.06756756756756757,0.6721049158693502,1.0,0.0
2256,2255,45,15,598,68,4.0,0.7999999999999999,0.020924149956408022,0.7560623556581987,1.0,0.0
2257,2256,18,4,597,35,3.5428571428571427,0.3090909090909091,0.006538796861377507,0.6402589904322006,1.0,0.0
2258,2257,18,4,100,358,3.446927374301676,0.3090909090909091,0.14734088927637315,0.6159580747545383,1.0,0.0
2259,2258,56,16,705,229,4.471615720524017,0.9999999999999999,0.0911072362685266,0.8755319846304346,1.0,0.0
2260,2259,25,20,468,25,3.64,0.43636363636363634,0.002179598953792503,0.6648672055427253,1.0,0.0
2261,2260,25,5,330,242,3.396694214876033,0.43636363636363634,0.09677419354838711,0.6032330177695494,0.0,1.0
2262,2261,45,17,481,133,3.6842105263157894,0.7999999999999999,0.04925893635571055,0.676066609942871,0.0,1.0
2263,2262,25,6,705,236,3.707627118644068,0.43636363636363634,0.0941586748038361,0.6819984978666772,0.0,1.0
2264,2263,45,7,378,300,3.63,0.7999999999999999,0.12205754141238012,0.6623340069284065,1.0,0.0
2265,2264,56,13,605,232,3.6422413793103448,0.9999999999999999,0.0924149956408021,0.6654349914390381,0.0,1.0
2266,2265,50,2,481,101,4.0495049504950495,0.8909090909090909,0.03530950305143854,0.7686029428577963,1.0,0.0
2267,2266,56,13,377,53,3.547169811320755,0.9999999999999999,0.014385353095030515,0.6413514750098044,1.0,0.0
2268,2267,35,1,467,23,4.260869565217392,0.6181818181818182,0.0013077593722755024,0.8221457977708606,1.0,0.0
2269,2268,45,0,112,25,3.36,0.7999999999999999,0.002179598953792503,0.5939376443418014,1.0,0.0
2270,2269,18,1,146,103,3.4466019417475726,0.3090909090909091,0.03618134263295554,0.6158756362250275,0.0,1.0
2271,2270,50,14,132,329,4.112462006079028,0.8909090909090909,0.13469921534437665,0.7845512154544882,0.0,1.0
2272,2271,25,0,717,127,3.921259842519685,0.43636363636363634,0.046643417611159546,0.7361159098761616,0.0,1.0
2273,2272,25,6,232,71,3.8450704225352115,0.43636363636363634,0.022231909328683522,0.7168156165631202,0.0,1.0
2274,2273,18,2,314,40,3.775,0.3090909090909091,0.008718395815170008,0.6990653868360277,0.0,1.0
2275,2274,56,7,392,37,3.864864864864865,0.9999999999999999,0.0074106364428945075,0.7218299419511891,0.0,1.0
2276,2275,56,13,441,108,4.324074074074074,0.9999999999999999,0.038360941586748035,0.838156755196305,0.0,1.0
2277,2276,45,9,130,28,3.392857142857143,0.7999999999999999,0.0034873583260680054,0.60226101121742,1.0,0.0
2278,2277,50,17,15,67,3.417910447761194,0.8909090909090909,0.02048823016564952,0.6086075109441247,0.0,1.0
2279,2278,50,7,88,420,3.638095238095238,0.8909090909090909,0.17436791630340018,0.6643846915209503,0.0,1.0
2280,2279,56,6,741,76,4.105263157894737,0.9999999999999999,0.024411508282476024,0.7827276042299747,0.0,1.0
2281,2280,45,11,481,77,4.0519480519480515,0.7999999999999999,0.024847428073234524,0.7692218289793347,0.0,1.0
2282,2281,50,2,321,188,4.026595744680851,0.8909090909090909,0.07323452484742808,0.7627995860154293,0.0,1.0
2283,2282,35,18,447,43,3.697674418604651,0.6181818181818182,0.010026155187445512,0.6794772812718192,0.0,1.0
2284,2283,25,20,900,52,3.8846153846153846,0.43636363636363634,0.013949433304272014,0.7268331408775982,0.0,1.0
2285,2284,1,10,130,52,3.6346153846153846,0.0,0.013949433304272014,0.6635031755196306,1.0,0.0
2286,2285,35,17,826,45,3.6,0.6181818181818182,0.010897994768962513,0.6547344110854504,0.0,1.0
2287,2286,56,0,60,27,4.444444444444445,0.9999999999999999,0.0030514385353095034,0.8686489607390302,0.0,1.0
2288,2287,1,10,130,535,3.033644859813084,0.0,0.22449869224062774,0.5112654054520732,0.0,1.0
2289,2288,50,1,520,37,4.054054054054054,0.8909090909090909,0.0074106364428945075,0.7697553211410026,1.0,0.0
2290,2289,25,0,610,165,3.3393939393939394,0.43636363636363634,0.06320836965998257,0.5887177199244175,0.0,1.0
2291,2290,45,1,132,41,4.0,0.7999999999999999,0.009154315605928512,0.7560623556581987,0.0,1.0
2292,2291,50,15,130,20,3.1,0.8909090909090909,0.0,0.5280744803695151,0.0,1.0
2293,2292,56,3,481,283,4.321554770318021,0.9999999999999999,0.11464690496948562,0.8375185655179167,1.0,0.0
2294,2293,56,13,481,62,4.112903225806452,0.9999999999999999,0.01830863121185702,0.7846629851747002,0.0,1.0
2295,2294,45,11,723,22,4.409090909090909,0.7999999999999999,0.0008718395815170022,0.8596932080621458,0.0,1.0
2296,2295,25,6,229,28,3.3214285714285716,0.43636363636363634,0.0034873583260680054,0.584166735400858,1.0,0.0
2297,2296,56,13,520,42,4.0476190476190474,0.9999999999999999,0.009590235396687012,0.7681252062025734,0.0,1.0
2298,2297,35,17,775,120,3.325,0.6181818181818182,0.04359197907585005,0.585071449191686,0.0,1.0
2299,2298,18,10,130,75,2.92,0.3090909090909091,0.023975588491717523,0.48247690531177834,1.0,0.0
2300,2299,56,13,494,52,3.8846153846153846,0.9999999999999999,0.013949433304272014,0.7268331408775982,0.0,1.0
2301,2300,25,12,24,52,3.8846153846153846,0.43636363636363634,0.013949433304272014,0.7268331408775982,1.0,0.0
2302,2301,50,12,481,199,3.5979899497487438,0.8909090909090909,0.07802964254577159,0.654225225434331,0.0,1.0
2303,2302,50,17,80,308,4.1688311688311686,0.8909090909090909,0.12554489973844812,0.7988306439518911,0.0,1.0
2304,2303,45,12,941,873,3.722794959908362,0.7999999999999999,0.37183958151700086,0.6858408133139688,0.0,1.0
2305,2304,50,20,481,77,3.1298701298701297,0.8909090909090909,0.024847428073234524,0.5356411775291683,0.0,1.0
2306,2305,18,4,21,71,3.6338028169014085,0.3090909090909091,0.022231909328683522,0.6632973359789222,1.0,0.0
2307,2306,25,17,21,145,4.386206896551724,0.43636363636363634,0.054489973844812564,0.8538962331767141,0.0,1.0
2308,2307,45,16,481,63,4.253968253968254,0.7999999999999999,0.01874455100261552,0.8203975585615308,1.0,0.0
2309,2308,45,0,89,173,3.514450867052023,0.7999999999999999,0.06669572798605057,0.6330631165814522,1.0,0.0
2310,2309,45,12,481,101,3.8613861386138613,0.7999999999999999,0.03530950305143854,0.7209487114993255,0.0,1.0
2311,2310,25,4,229,23,4.0,0.43636363636363634,0.0013077593722755024,0.7560623556581987,1.0,0.0
2312,2311,45,0,131,35,3.6285714285714286,0.7999999999999999,0.006538796861377507,0.6619721214120753,0.0,1.0
2313,2312,50,6,481,43,4.4186046511627906,0.8909090909090909,0.010026155187445512,0.8621032278854934,1.0,0.0
2314,2313,25,1,132,35,3.1142857142857143,0.43636363636363634,0.006538796861377507,0.5316933355328275,1.0,0.0
2315,2314,56,7,481,44,2.8636363636363638,0.9999999999999999,0.010462074978204013,0.4681988767583457,0.0,1.0
2316,2315,35,0,132,153,3.9084967320261437,0.6181818181818182,0.057977332170880566,0.7328827604944981,0.0,1.0
2317,2316,45,9,571,61,4.163934426229508,0.7999999999999999,0.01787271142109852,0.7975902017945709,1.0,0.0
2318,2317,56,7,481,69,2.739130434782609,0.9999999999999999,0.021360069747166522,0.43665905211366607,0.0,1.0
2319,2318,35,7,481,62,3.774193548387097,0.6181818181818182,0.01830863121185702,0.6988610966251957,0.0,1.0
2320,2319,50,1,60,100,3.28,0.8909090909090909,0.03487358326068003,0.5736720554272517,1.0,0.0
2321,2320,25,7,301,111,3.8018018018018016,0.43636363636363634,0.03966870095902354,0.7058548155545846,0.0,1.0
2322,2321,56,13,481,66,3.696969696969697,0.9999999999999999,0.02005231037489102,0.6792987612849045,1.0,0.0
2323,2322,35,3,130,269,3.6728624535315983,0.6181818181818182,0.10854402789886662,0.6731919177176611,0.0,1.0
2324,2323,35,17,503,89,4.033707865168539,0.6181818181818182,0.030078465562336534,0.7646012273918572,0.0,1.0
2325,2324,18,4,277,28,3.357142857142857,0.3090909090909091,0.0034873583260680054,0.593213873309139,1.0,0.0
2326,2325,18,4,10,56,3.892857142857143,0.3090909090909091,0.01569311246730602,0.7289209419333553,0.0,1.0
2327,2326,18,10,481,59,3.3389830508474576,0.3090909090909091,0.01700087183958152,0.5886136336947587,0.0,1.0
2328,2327,56,7,132,41,3.292682926829268,0.9999999999999999,0.009154315605928512,0.5768848926941925,0.0,1.0
2329,2328,56,15,973,40,3.375,0.9999999999999999,0.008718395815170008,0.5977374422632795,1.0,0.0
2330,2329,45,7,481,120,3.0083333333333333,0.7999999999999999,0.04359197907585005,0.5048534930715936,0.0,1.0
2331,2330,56,1,481,70,4.214285714285714,0.9999999999999999,0.021795989537925022,0.8103451831078854,0.0,1.0
2332,2331,56,14,15,46,4.065217391304348,0.9999999999999999,0.011333914559721013,0.7725832161863642,0.0,1.0
2333,2332,50,6,130,62,3.7096774193548385,0.8909090909090909,0.01830863121185702,0.6825178797586233,0.0,1.0
2334,2333,56,7,15,333,3.7327327327327327,0.9999999999999999,0.13644289450741065,0.6883582485487798,1.0,0.0
2335,2334,50,17,481,96,3.7083333333333335,0.8909090909090909,0.03312990409764603,0.6821773960739032,0.0,1.0
2336,2335,35,18,131,21,3.9523809523809526,0.6181818181818182,0.00043591979075850197,0.743999505113824,0.0,1.0
2337,2336,35,17,494,55,4.181818181818182,0.6181818181818182,0.015257192676547515,0.8021205122821751,0.0,1.0
2338,2337,45,17,131,187,3.8502673796791442,0.7999999999999999,0.07279860505666957,0.7181321090266886,0.0,1.0
2339,2338,56,3,520,23,4.956521739130435,0.9999999999999999,0.0013077593722755024,0.9983683100712923,1.0,0.0
2340,2339,35,2,481,399,4.360902255639098,0.6181818181818182,0.16521360069747168,0.8474860650471445,0.0,1.0
2341,2340,56,1,132,57,3.280701754385965,0.9999999999999999,0.01612903225806452,0.5738498237510636,0.0,1.0
2342,2341,35,3,481,77,3.8181818181818183,0.6181818181818182,0.024847428073234524,0.7100041990342222,0.0,1.0
2343,2342,45,1,16,36,4.194444444444445,0.7999999999999999,0.006974716652136007,0.8053189953810624,1.0,0.0
2344,2343,25,12,21,188,3.4414893617021276,0.43636363636363634,0.07323452484742808,0.614580518156356,0.0,1.0
2345,2344,35,16,980,23,3.739130434782609,0.6181818181818182,0.0013077593722755024,0.6899789135455368,0.0,1.0
2346,2345,1,10,481,69,3.652173913043478,0.0,0.021360069747166522,0.6679510995079827,1.0,0.0
2347,2346,35,1,481,23,3.9130434782608696,0.6181818181818182,0.0013077593722755024,0.7340345416206447,0.0,1.0
2348,2347,50,12,60,206,3.150485436893204,0.8909090909090909,0.08108108108108109,0.540863444247629,0.0,1.0
2349,2348,25,8,503,117,3.1025641025641026,0.43636363636363634,0.042284219703574544,0.5287240184757507,0.0,1.0
2350,2349,18,4,443,116,3.8620689655172415,0.3090909090909091,0.04184829991281605,0.7211216851158717,0.0,1.0
2351,2350,25,0,111,143,3.4545454545454546,0.43636363636363634,0.05361813426329555,0.6178878857862692,1.0,0.0
2352,2351,50,13,410,119,2.7142857142857144,0.8909090909090909,0.043156059285091544,0.4303653909600793,0.0,1.0
2353,2352,35,9,612,197,3.6091370558375635,0.6181818181818182,0.07715780296425459,0.6570490088041172,1.0,0.0
2354,2353,35,11,943,65,3.6153846153846154,0.6181818181818182,0.01961639058413252,0.6586316397228638,0.0,1.0
2355,2354,45,9,132,141,3.5602836879432624,0.7999999999999999,0.05274629468177855,0.6446734804186527,1.0,0.0
2356,2355,50,16,132,24,3.625,0.8909090909090909,0.0017436791630340027,0.6610674076212472,1.0,0.0
2357,2356,35,14,133,29,3.9310344827586206,0.6181818181818182,0.003923278116826506,0.7385920203870352,1.0,0.0
2358,2357,56,6,60,35,3.857142857142857,0.9999999999999999,0.006538796861377507,0.7198738040250743,1.0,0.0
2359,2358,56,13,136,59,3.6271186440677967,0.9999999999999999,0.01700087183958152,0.6616041022429249,0.0,1.0
2360,2359,50,6,132,37,3.5945945945945947,0.8909090909090909,0.0074106364428945075,0.65336511453717,0.0,1.0
2361,2360,56,7,494,49,3.6122448979591835,0.9999999999999999,0.012641673931996514,0.6578362869397182,0.0,1.0
2362,2361,25,14,941,49,3.7346938775510203,0.43636363636363634,0.012641673931996514,0.6888550454823963,0.0,1.0
2363,2362,50,14,958,31,4.580645161290323,0.8909090909090909,0.004795117698343506,0.9031513074573494,0.0,1.0
2364,2363,56,9,130,29,4.137931034482759,0.9999999999999999,0.003923278116826506,0.7910030262005256,1.0,0.0
2365,2364,50,7,132,47,4.191489361702128,0.8909090909090909,0.011769834350479513,0.804570414230259,0.0,1.0
2366,2365,45,16,15,41,3.3902439024390243,0.7999999999999999,0.009154315605928512,0.6015990255168141,1.0,0.0
2367,2366,25,9,494,53,3.792452830188679,0.43636363636363634,0.014385353095030515,0.7034865353610179,1.0,0.0
2368,2367,56,13,130,232,4.241379310344827,0.9999999999999999,0.0924149956408021,0.8172085291072708,1.0,0.0
2369,2368,35,14,60,29,4.448275862068965,0.6181818181818182,0.003923278116826506,0.8696195349207614,0.0,1.0
2370,2369,50,1,132,76,4.092105263157895,0.8909090909090909,0.024411508282476024,0.7793944481585025,0.0,1.0
2371,2370,35,7,60,81,3.6790123456790123,0.6181818181818182,0.026591107236268532,0.6747498075442648,1.0,0.0
2372,2371,45,7,16,71,4.352112676056338,0.7999999999999999,0.022231909328683522,0.8452594899651953,1.0,0.0
2373,2372,45,7,941,21,4.095238095238095,0.7999999999999999,0.00043591979075850197,0.7801880567469481,0.0,1.0
2374,2373,25,14,944,159,4.113207547169812,0.43636363636363634,0.06059285091543157,0.7847400758202974,0.0,1.0
2375,2374,50,7,130,27,3.7037037037037037,0.8909090909090909,0.0030514385353095034,0.6810046189376444,1.0,0.0
2376,2375,25,1,132,494,3.3684210526315788,0.43636363636363634,0.2066259808195292,0.5960708642275435,0.0,1.0
2377,2376,35,0,61,36,3.9722222222222223,0.6181818181818182,0.006974716652136007,0.7490256928406467,0.0,1.0
2378,2377,25,3,751,261,3.0727969348659006,0.43636363636363634,0.10505666957279862,0.5211834036792229,0.0,1.0
2379,2378,18,18,130,26,4.1923076923076925,0.3090909090909091,0.002615518744551003,0.8047777136258663,0.0,1.0
2380,2379,25,4,229,406,3.3817733990147785,0.43636363636363634,0.1682650392327812,0.5994532787631259,0.0,1.0
2381,2380,35,9,130,20,3.2,0.6181818181818182,0.0,0.5534064665127022,1.0,0.0
2382,2381,50,13,597,61,3.737704918032787,0.8909090909090909,0.01787271142109852,0.6896178018400031,0.0,1.0
2383,2382,25,14,951,456,3.5285087719298245,0.43636363636363634,0.19006102877070621,0.6366242630971193,1.0,0.0
2384,2383,35,17,620,31,4.096774193548387,0.6181818181818182,0.004795117698343506,0.7805771809580571,0.0,1.0
2385,2384,45,2,15,23,3.782608695652174,0.7999999999999999,0.0013077593722755024,0.7009928205643138,1.0,0.0
2386,2385,25,0,60,71,3.6338028169014085,0.43636363636363634,0.022231909328683522,0.6632973359789222,1.0,0.0
2387,2386,25,17,322,62,3.8225806451612905,0.43636363636363634,0.01830863121185702,0.7111185092751249,0.0,1.0
2388,2387,56,5,60,22,4.045454545454546,0.9999999999999999,0.0008718395815170022,0.767576894814193,0.0,1.0
2389,2388,25,16,379,299,3.8461538461538463,0.43636363636363634,0.12162162162162163,0.7170900692840647,0.0,1.0
2390,2389,25,6,330,76,3.9473684210526314,0.43636363636363634,0.024411508282476024,0.7427297313723107,1.0,0.0
2391,2390,50,18,131,71,3.6901408450704225,0.8909090909090909,0.022231909328683522,0.6775688774680415,0.0,1.0
2392,2391,56,3,60,43,4.023255813953488,0.9999999999999999,0.010026155187445512,0.7619535152263817,1.0,0.0
2393,2392,56,13,131,145,3.889655172413793,0.9999999999999999,0.054489973844812564,0.728109819224337,0.0,1.0
2394,2393,35,6,379,71,3.971830985915493,0.6181818181818182,0.022231909328683522,0.7489265849136391,0.0,1.0
2395,2394,35,7,80,224,3.7232142857142856,0.6181818181818182,0.0889276373147341,0.6859470368690201,0.0,1.0
2396,2395,18,0,221,36,4.083333333333333,0.3090909090909091,0.006974716652136007,0.7771723441108545,1.0,0.0
2397,2396,35,11,432,60,4.0,0.6181818181818182,0.01743679163034002,0.7560623556581987,1.0,0.0
2398,2397,25,0,981,116,4.077586206896552,0.43636363636363634,0.04184829991281605,0.7757164828382577,0.0,1.0
2399,2398,35,17,113,22,3.772727272727273,0.6181818181818182,0.0008718395815170022,0.6984896598782281,0.0,1.0
2400,2399,25,16,956,53,3.339622641509434,0.43636363636363634,0.014385353095030515,0.5887756547126237,1.0,0.0
2401,2400,25,4,229,50,4.36,0.43636363636363634,0.013077593722755014,0.8472575057736722,0.0,1.0
2402,2401,45,17,320,529,3.3100189035916823,0.7999999999999999,0.22188317349607672,0.5812764399254334,0.0,1.0
2403,2402,18,4,377,180,3.466666666666667,0.3090909090909091,0.06974716652136008,0.6209584295612011,0.0,1.0
2404,2403,18,7,640,95,3.9263157894736844,0.3090909090909091,0.03269398430688754,0.7373966816579557,0.0,1.0
2405,2404,50,8,780,59,3.864406779661017,0.8909090909090909,0.01700087183958152,0.7217138998708263,0.0,1.0
2406,2405,56,12,15,100,3.94,0.9999999999999999,0.03487358326068003,0.7408631639722865,1.0,0.0
2407,2406,35,16,113,152,4.059210526315789,0.6181818181818182,0.05754141238012206,0.7710615579798226,0.0,1.0
2408,2407,45,1,16,69,3.753623188405797,0.7999999999999999,0.021360069747166522,0.6936502158851291,1.0,0.0
2409,2408,35,9,60,134,3.8805970149253732,0.6181818181818182,0.049694856146469055,0.7258152080245425,1.0,0.0
2410,2409,56,7,60,114,3.6228070175438596,0.9999999999999999,0.04097646033129905,0.6605118816093352,0.0,1.0
2411,2410,35,14,15,326,3.496932515337423,0.6181818181818182,0.13339145597210114,0.628625370152595,1.0,0.0
2412,2411,56,13,15,30,3.8333333333333335,0.9999999999999999,0.004359197907585006,0.7138423787528869,0.0,1.0
2413,2412,56,7,61,27,3.3333333333333335,0.9999999999999999,0.0030514385353095034,0.5871824480369516,1.0,0.0
2414,2413,25,1,495,232,4.1594827586206895,0.43636363636363634,0.0924149956408021,0.7964625059727641,0.0,1.0
2415,2414,25,7,224,36,3.6666666666666665,0.43636363636363634,0.006974716652136007,0.671622401847575,0.0,1.0
2416,2415,45,7,15,47,3.702127659574468,0.7999999999999999,0.011769834350479513,0.6806053756572159,0.0,1.0
2417,2416,45,1,530,29,4.448275862068965,0.7999999999999999,0.003923278116826506,0.8696195349207614,0.0,1.0
2418,2417,1,10,60,57,3.087719298245614,0.0,0.01612903225806452,0.5249635347028079,1.0,0.0
2419,2418,25,0,60,528,3.327651515151515,0.43636363636363634,0.22144725370531823,0.5857431306424523,0.0,1.0
2420,2419,50,7,379,47,4.23404255319149,0.8909090909090909,0.011769834350479513,0.815349982801828,0.0,1.0
2421,2420,35,7,443,61,3.819672131147541,0.6181818181818182,0.01787271142109852,0.7103817249081892,0.0,1.0
2422,2421,50,9,28,21,4.142857142857143,0.8909090909090909,0.00043591979075850197,0.7922509072913231,1.0,0.0
2423,2422,45,9,15,75,4.04,0.7999999999999999,0.023975588491717523,0.7661951501154736,1.0,0.0
2424,2423,25,17,950,147,3.292517006802721,0.43636363636363634,0.055361813426329565,0.5768428618560589,0.0,1.0
2425,2424,35,14,452,58,3.6206896551724137,0.6181818181818182,0.01656495204882302,0.6599755116667995,1.0,0.0
2426,2425,56,0,16,36,3.888888888888889,0.9999999999999999,0.006974716652136007,0.7279157043879908,0.0,1.0
2427,2426,25,14,940,121,3.884297520661157,0.43636363636363634,0.044027898866608545,0.7267526196247591,1.0,0.0
2428,2427,45,17,452,83,3.674698795180723,0.7999999999999999,0.027462946817785532,0.6736570995297588,0.0,1.0
2429,2428,25,2,229,125,3.936,0.43636363636363634,0.045771578029642546,0.739849884526559,0.0,1.0
2430,2429,25,4,229,42,3.4047619047619047,0.43636363636363634,0.009590235396687012,0.6052767238535137,0.0,1.0
2431,2430,25,4,229,26,3.5,0.43636363636363634,0.002615518744551003,0.6294024249422634,1.0,0.0
2432,2431,25,4,229,35,3.857142857142857,0.43636363636363634,0.006538796861377507,0.7198738040250743,0.0,1.0
2433,2432,25,4,229,34,3.6470588235294117,0.43636363636363634,0.006102877070619007,0.6666553457410679,0.0,1.0
2434,2433,25,4,229,24,3.625,0.43636363636363634,0.0017436791630340027,0.6610674076212472,0.0,1.0
2435,2434,25,4,229,117,3.752136752136752,0.43636363636363634,0.042284219703574544,0.6932736720554273,0.0,1.0
2436,2435,25,7,229,427,3.5901639344262297,0.43636363636363634,0.1774193548387097,0.6522427403172681,0.0,1.0
2437,2436,25,4,229,42,3.5952380952380953,0.43636363636363634,0.009590235396687012,0.653528126031013,0.0,1.0
2438,2437,35,1,229,200,3.575,0.6181818181818182,0.07846556233653008,0.6484014145496537,0.0,1.0
2439,2438,45,17,481,90,2.8777777777777778,0.7999999999999999,0.030514385353095034,0.47178117782909934,0.0,1.0
2440,2439,50,17,14,23,3.4347826086956523,0.8909090909090909,0.0013077593722755024,0.6128815644140979,0.0,1.0
2441,2440,45,6,424,27,4.074074074074074,0.7999999999999999,0.0030514385353095034,0.7748267898383374,1.0,0.0
2442,2441,35,17,368,29,3.8620689655172415,0.6181818181818182,0.003923278116826506,0.7211216851158717,0.0,1.0
2443,2442,35,0,494,26,3.3846153846153846,0.6181818181818182,0.002615518744551003,0.6001732101616629,1.0,0.0
2444,2443,45,4,424,105,3.342857142857143,0.7999999999999999,0.03705318221447254,0.5895950181458266,1.0,0.0
2445,2444,25,0,481,244,3.5368852459016393,0.43636363636363634,0.09764603312990411,0.6387461903229471,0.0,1.0
2446,2445,18,7,100,421,3.869358669833729,0.3090909090909091,0.1748038360941587,0.7229683120032037,0.0,1.0
2447,2446,25,14,30,57,4.2105263157894735,0.43636363636363634,0.01612903225806452,0.8093928528017504,0.0,1.0
2448,2447,35,6,379,73,3.8767123287671232,0.6181818181818182,0.023103748910200523,0.7248311398652283,0.0,1.0
2449,2448,56,13,379,26,3.8076923076923075,0.9999999999999999,0.002615518744551003,0.7073469976905312,0.0,1.0
2450,2449,45,16,16,27,3.3333333333333335,0.7999999999999999,0.0030514385353095034,0.5871824480369516,0.0,1.0
2451,2450,45,12,378,159,3.050314465408805,0.7999999999999999,0.06059285091543157,0.5154881476317051,0.0,1.0
2452,2451,45,7,15,52,4.096153846153846,0.7999999999999999,0.013949433304272014,0.7804200346420322,0.0,1.0
2453,2452,25,7,554,629,3.534181240063593,0.43636363636363634,0.2654751525719268,0.6380612119387422,0.0,1.0
2454,2453,18,0,970,301,3.4152823920265782,0.3090909090909091,0.12249346120313864,0.6079417722295966,0.0,1.0
2455,2454,35,7,481,192,2.6875,0.6181818181818182,0.07497820401046208,0.4235800375288684,0.0,1.0
2456,2455,25,5,481,366,3.1530054644808745,0.43636363636363634,0.15082824760244115,0.5415018172869421,0.0,1.0
2457,2456,25,0,606,499,3.1703406813627253,0.43636363636363634,0.20880557977332173,0.545893172025344,0.0,1.0
2458,2457,25,7,850,165,3.496969696969697,0.43636363636363634,0.06320836965998257,0.6286347889985304,0.0,1.0
2459,2458,50,7,443,123,3.747967479674797,0.8909090909090909,0.044899738448125545,0.692217512533093,0.0,1.0
2460,2459,50,1,360,51,4.117647058823529,0.8909090909090909,0.013513513513513514,0.7858646922972421,1.0,0.0
2461,2460,18,4,981,104,3.7403846153846154,0.3090909090909091,0.036617262423714034,0.6902966224018476,0.0,1.0
2462,2461,35,1,443,254,3.5354330708661417,0.6181818181818182,0.10200523103748911,0.63837832554418,0.0,1.0
2463,2462,25,7,339,105,3.219047619047619,0.43636363636363634,0.03705318221447254,0.558231606730452,0.0,1.0
2464,2463,18,4,441,35,3.8,0.3090909090909091,0.006538796861377507,0.7053983833718245,1.0,0.0
2465,2464,50,6,443,235,4.306382978723405,0.8909090909090909,0.0937227550130776,0.8336752493734954,0.0,1.0
2466,2465,25,15,943,203,2.9211822660098523,0.43636363636363634,0.07977332170880559,0.48277639677356976,0.0,1.0
2467,2466,1,10,442,22,4.409090909090909,0.0,0.0008718395815170022,0.8596932080621458,0.0,1.0
2468,2467,50,1,442,125,4.208,0.8909090909090909,0.045771578029642546,0.8087528868360279,0.0,1.0
2469,2468,25,4,900,58,3.706896551724138,0.43636363636363634,0.01656495204882302,0.6818134307557538,0.0,1.0
2470,2469,35,18,520,23,3.347826086956522,0.6181818181818182,0.0013077593722755024,0.590853750376544,0.0,1.0
2471,2470,50,13,986,37,3.1621621621621623,0.8909090909090909,0.0074106364428945075,0.5438213906747394,0.0,1.0
2472,2471,25,18,379,290,3.6,0.43636363636363634,0.11769834350479513,0.6547344110854504,0.0,1.0
2473,2472,25,12,981,38,3.8421052631578947,0.43636363636363634,0.007846556233653008,0.7160644828005349,0.0,1.0
2474,2473,25,12,838,32,4.25,0.43636363636363634,0.005231037489102006,0.8193923210161664,0.0,1.0
2475,2474,25,18,981,37,4.054054054054054,0.43636363636363634,0.0074106364428945075,0.7697553211410026,1.0,0.0
2476,2475,50,12,787,61,4.163934426229508,0.8909090909090909,0.01787271142109852,0.7975902017945709,0.0,1.0
2477,2476,45,0,424,61,4.475409836065574,0.7999999999999999,0.01787271142109852,0.8764931094536783,0.0,1.0
2478,2477,50,1,379,287,3.5505226480836236,0.8909090909090909,0.11639058413251963,0.6422008151539781,0.0,1.0
2479,2478,25,1,234,33,3.8484848484848486,0.43636363636363634,0.0056669572798605065,0.7176805584715517,1.0,0.0
2480,2479,18,20,944,45,3.8666666666666667,0.3090909090909091,0.010897994768962513,0.7222863741339492,1.0,0.0
2481,2480,35,14,30,132,3.909090909090909,0.6181818181818182,0.048823016564952054,0.7330332773462105,0.0,1.0
2482,2481,50,3,377,38,3.5,0.8909090909090909,0.007846556233653008,0.6294024249422634,1.0,0.0
2483,2482,56,13,905,70,3.9,0.9999999999999999,0.021795989537925022,0.7307303695150116,0.0,1.0
2484,2483,45,5,319,547,3.3692870201096894,0.7999999999999999,0.22972972972972974,0.5962902309891029,0.0,1.0
2485,2484,35,14,957,246,3.6707317073170733,0.6181818181818182,0.09851787271142111,0.672652157381851,0.0,1.0
2486,2485,18,12,981,154,3.8051948051948052,0.3090909090909091,0.05841325196163906,0.7067143307039382,0.0,1.0
2487,2486,45,7,554,37,3.7027027027027026,0.7999999999999999,0.0074106364428945075,0.6807510455027777,0.0,1.0
2488,2487,45,2,318,20,4.2,0.7999999999999999,0.0,0.8067263279445729,1.0,0.0
2489,2488,35,9,378,397,3.397984886649874,0.6181818181818182,0.16434176111595467,0.6035599705644529,1.0,0.0
2490,2489,25,12,947,22,3.5454545454545454,0.43636363636363634,0.0008718395815170022,0.6409169640982575,0.0,1.0
2491,2490,35,7,229,114,3.0350877192982457,0.6181818181818182,0.04097646033129905,0.51163091041692,0.0,1.0
2492,2491,45,2,379,89,3.764044943820225,0.7999999999999999,0.030078465562336534,0.6962902535225888,1.0,0.0
2493,2492,45,2,906,86,3.5348837209302326,0.7999999999999999,0.028770706190061033,0.6382391642945379,0.0,1.0
2494,2493,18,4,520,38,3.0,0.3090909090909091,0.007846556233653008,0.502742494226328,0.0,1.0
2495,2494,18,4,564,39,3.4871794871794872,0.3090909090909091,0.008282476024411508,0.6261547344110855,1.0,0.0
2496,2495,50,1,379,511,2.9902152641878668,0.8909090909090909,0.21403661726242373,0.500263826306251,0.0,1.0
2497,2496,50,14,379,121,4.5041322314049586,0.8909090909090909,0.044027898866608545,0.8837690626610426,1.0,0.0
2498,2497,56,18,708,154,3.168831168831169,0.9999999999999999,0.05841325196163906,0.5455107825200205,0.0,1.0
2499,2498,50,0,361,47,3.617021276595745,0.8909090909090909,0.011769834350479513,0.6590462385140781,0.0,1.0
2500,2499,56,1,296,140,3.6357142857142857,0.9999999999999999,0.052310374891020056,0.6637815489937315,0.0,1.0
2501,2500,25,15,379,85,3.9058823529411764,0.43636363636363634,0.028334786399302533,0.7322204863469638,0.0,1.0
2502,2501,56,13,494,21,3.9047619047619047,0.9999999999999999,0.00043591979075850197,0.7319366545694491,0.0,1.0
2503,2502,35,17,193,200,3.02,0.6181818181818182,0.07846556233653008,0.5078088914549654,0.0,1.0
2504,2503,25,7,981,301,3.558139534883721,0.43636363636363634,0.12249346120313864,0.644130323862721,0.0,1.0
2505,2504,25,7,554,32,4.09375,0.43636363636363634,0.005231037489102006,0.7798110926674366,0.0,1.0
2506,2505,25,14,982,251,3.354581673306773,0.43636363636363634,0.1006974716652136,0.5925650745746806,1.0,0.0
2507,2506,25,4,941,859,3.9441210710128054,0.43636363636363634,0.36573670444638184,0.7419071131102012,0.0,1.0
2508,2507,35,3,774,60,3.566666666666667,0.6181818181818182,0.01743679163034002,0.646290415704388,1.0,0.0
2509,2508,25,5,361,41,3.341463414634146,0.43636363636363634,0.009154315605928512,0.5892419591055034,0.0,1.0
2510,2509,25,7,379,43,4.534883720930233,0.43636363636363634,0.010026155187445512,0.8915590257264085,0.0,1.0
2511,2510,25,7,152,29,4.206896551724138,0.43636363636363634,0.003923278116826506,0.8084733614716892,0.0,1.0
2512,2511,45,14,361,31,3.870967741935484,0.7999999999999999,0.004795117698343506,0.7233759219250541,1.0,0.0
2513,2512,56,1,379,66,4.075757575757576,0.9999999999999999,0.02005231037489102,0.7752532542515223,0.0,1.0
2514,2513,56,14,379,31,4.419354838709677,0.9999999999999999,0.004795117698343506,0.8622932652909185,0.0,1.0
2515,2514,45,12,379,51,4.137254901960785,0.7999999999999999,0.013513513513513514,0.7908317484037497,0.0,1.0
2516,2515,45,6,379,22,3.772727272727273,0.7999999999999999,0.0008718395815170022,0.6984896598782281,1.0,0.0
2517,2516,35,9,538,50,3.3,0.6181818181818182,0.013077593722755014,0.5787384526558892,1.0,0.0
2518,2517,25,7,117,42,3.9761904761904763,0.43636363636363634,0.009590235396687012,0.7500309303860113,0.0,1.0
2519,2518,45,2,148,47,3.9361702127659575,0.7999999999999999,0.011769834350479513,0.7398930028008452,1.0,0.0
2520,2519,56,2,954,48,4.104166666666667,0.9999999999999999,0.012205754141238014,0.7824498412240186,1.0,0.0
2521,2520,35,17,494,54,3.888888888888889,0.6181818181818182,0.014821272885789015,0.7279157043879908,0.0,1.0
2522,2521,18,11,606,74,3.689189189189189,0.3090909090909091,0.023539668700959023,0.6773278041320767,0.0,1.0
2523,2522,25,17,494,130,4.007692307692308,0.43636363636363634,0.047951176983435054,0.7580109699769053,0.0,1.0
2524,2523,56,9,385,26,3.423076923076923,0.9999999999999999,0.002615518744551003,0.6099162817551963,1.0,0.0
2525,2524,35,1,379,59,3.542372881355932,0.6181818181818182,0.01700087183958152,0.6401363173758171,1.0,0.0
2526,2525,56,13,379,263,3.88212927756654,0.9999999999999999,0.10592850915431562,0.7262033605844801,0.0,1.0
2527,2526,35,15,361,21,4.142857142857143,0.6181818181818182,0.00043591979075850197,0.7922509072913231,0.0,1.0
2528,2527,56,0,379,62,3.2419354838709675,0.9999999999999999,0.01830863121185702,0.564029557475974,0.0,1.0
2529,2528,35,9,959,812,3.6933497536945814,0.6181818181818182,0.34524847428073235,0.678381757756061,1.0,0.0
2530,2529,18,0,424,20,3.85,0.3090909090909091,0.0,0.7180643764434181,0.0,1.0
2531,2530,45,7,520,31,3.806451612903226,0.7999999999999999,0.004795117698343506,0.7070327050584818,1.0,0.0
2532,2531,56,13,379,31,4.096774193548387,0.9999999999999999,0.004795117698343506,0.7805771809580571,1.0,0.0
2533,2532,25,3,494,131,3.9236641221374047,0.43636363636363634,0.04838709677419355,0.7367249616557658,1.0,0.0
2534,2533,50,6,379,38,3.473684210526316,0.8909090909090909,0.007846556233653008,0.6227361127993194,1.0,0.0
2535,2534,56,2,34,66,3.984848484848485,0.9999999999999999,0.02005231037489102,0.7522241759395341,1.0,0.0
2536,2535,56,13,378,57,3.1578947368421053,0.9999999999999999,0.01612903225806452,0.5427403670839918,0.0,1.0
2537,2536,35,11,376,554,3.027075812274368,0.6181818181818182,0.23278116826503925,0.5096013352398263,0.0,1.0
2538,2537,56,13,379,25,3.88,0.9999999999999999,0.002179598953792503,0.7256639722863741,0.0,1.0
2539,2538,35,7,324,41,3.8048780487804876,0.6181818181818182,0.009154315605928512,0.7066340900129556,0.0,1.0
2540,2539,45,6,424,223,3.968609865470852,0.7999999999999999,0.0884917175239756,0.7481106111289473,1.0,0.0
2541,2540,35,5,494,256,3.31640625,0.6181818181818182,0.10287707061900611,0.5828944816325058,1.0,0.0
2542,2541,45,13,379,25,3.88,0.7999999999999999,0.002179598953792503,0.7256639722863741,1.0,0.0
2543,2542,35,0,424,24,4.458333333333333,0.6181818181818182,0.0017436791630340027,0.8721672921478061,1.0,0.0
2544,2543,45,1,520,729,3.689986282578875,0.7999999999999999,0.30906713164777677,0.6775297237191003,0.0,1.0
2545,2544,56,13,378,51,4.098039215686274,0.9999999999999999,0.013513513513513514,0.7808976361907349,0.0,1.0
2546,2545,56,13,379,118,3.3220338983050848,0.9999999999999999,0.04272013949433305,0.5843200767213372,1.0,0.0
2547,2546,35,0,379,139,4.143884892086331,0.6181818181818182,0.05187445510026155,0.7925112565836476,1.0,0.0
2548,2547,35,6,379,43,3.9302325581395348,0.6181818181818182,0.010026155187445512,0.7383888769536495,1.0,0.0
2549,2548,56,13,379,23,3.0869565217391304,0.9999999999999999,0.0013077593722755024,0.5247703082638819,0.0,1.0
2550,2549,50,7,379,94,3.702127659574468,0.8909090909090909,0.03225806451612903,0.6806053756572159,0.0,1.0
2551,2550,25,12,981,76,3.3026315789473686,0.43636363636363634,0.024411508282476024,0.5794050838701836,0.0,1.0
2552,2551,25,9,293,80,3.625,0.43636363636363634,0.026155187445510025,0.6610674076212472,1.0,0.0
2553,2552,25,7,293,23,4.130434782608695,0.43636363636363634,0.0013077593722755024,0.7891040767145296,0.0,1.0
2554,2553,25,1,974,42,4.023809523809524,0.43636363636363634,0.009590235396687012,0.762093780930386,0.0,1.0
2555,2554,56,7,105,158,3.6012658227848102,0.9999999999999999,0.06015693112467306,0.6550550691378958,0.0,1.0
2556,2555,25,4,24,47,3.4893617021276597,0.43636363636363634,0.011769834350479513,0.6267075327993711,0.0,1.0
2557,2556,18,19,24,74,3.6486486486486487,0.3090909090909091,0.023539668700959023,0.6670580800199739,1.0,0.0
2558,2557,56,17,530,48,3.5625,0.9999999999999999,0.012205754141238014,0.6452349162817552,0.0,1.0
2559,2558,18,10,532,195,3.835897435897436,0.3090909090909091,0.07628596338273759,0.7144919168591225,0.0,1.0
2560,2559,45,6,843,40,4.125,0.7999999999999999,0.008718395815170008,0.7877273383371826,1.0,0.0
2561,2560,25,15,64,77,3.779220779220779,0.43636363636363634,0.024847428073234524,0.7001345940433701,0.0,1.0
2562,2561,18,0,980,171,3.8596491228070176,0.3090909090909091,0.06582388840453357,0.7205086908958309,0.0,1.0
2563,2562,45,13,531,27,2.962962962962963,0.7999999999999999,0.0030514385353095034,0.49336027713625863,0.0,1.0
2564,2563,35,20,432,120,3.775,0.6181818181818182,0.04359197907585005,0.6990653868360277,1.0,0.0
2565,2564,35,5,347,300,3.723333333333333,0.6181818181818182,0.12205754141238012,0.685977193995381,0.0,1.0
2566,2565,35,17,940,264,3.3636363636363638,0.6181818181818182,0.10636442894507411,0.594858807474281,0.0,1.0
2567,2566,25,0,64,336,3.4851190476190474,0.43636363636363634,0.13775065387968616,0.6256327841471462,0.0,1.0
2568,2567,25,17,313,33,3.4242424242424243,0.43636363636363634,0.0056669572798605065,0.6102115263489398,0.0,1.0
2569,2568,45,0,452,46,3.4565217391304346,0.7999999999999999,0.011333914559721013,0.6183885179234863,0.0,1.0
2570,2569,56,14,950,80,3.8125,0.9999999999999999,0.026155187445510025,0.708564881639723,1.0,0.0
2571,2570,35,17,201,68,4.073529411764706,0.6181818181818182,0.020924149956408022,0.7746888160576009,0.0,1.0
2572,2571,35,14,750,151,4.185430463576159,0.6181818181818182,0.057105492589363566,0.8030355749965588,0.0,1.0
2573,2572,45,16,945,97,4.010309278350515,0.7999999999999999,0.03356582388840454,0.7586739006214138,0.0,1.0
2574,2573,50,6,65,33,4.606060606060606,0.8909090909090909,0.0056669572798605065,0.909589544404787,0.0,1.0
2575,2574,35,7,762,169,3.7337278106508878,0.6181818181818182,0.06495204882301657,0.6886103215491207,0.0,1.0
2576,2575,18,17,970,276,3.0833333333333335,0.3090909090909091,0.11159546643417612,0.5238524826789839,0.0,1.0
2577,2576,25,7,770,52,3.1538461538461537,0.43636363636363634,0.013949433304272014,0.541714780600462,0.0,1.0
2578,2577,50,7,941,35,4.142857142857143,0.8909090909090909,0.006538796861377507,0.7922509072913231,0.0,1.0
2579,2578,35,15,914,68,4.161764705882353,0.6181818181818182,0.020924149956408022,0.7970405685368838,0.0,1.0
2580,2579,45,1,125,74,3.7027027027027026,0.7999999999999999,0.023539668700959023,0.6807510455027777,1.0,0.0
2581,2580,25,11,606,403,4.052109181141439,0.43636363636363634,0.16695727986050568,0.7692626462042764,0.0,1.0
2582,2581,25,1,972,22,4.0,0.43636363636363634,0.0008718395815170022,0.7560623556581987,1.0,0.0
2583,2582,35,7,196,331,4.341389728096677,0.6181818181818182,0.13557105492589364,0.8425431542739128,0.0,1.0
2584,2583,56,1,945,20,3.7,0.9999999999999999,0.0,0.6800663972286375,1.0,0.0
2585,2584,45,15,640,109,3.706422018348624,0.7999999999999999,0.03879686137750654,0.6816932220268238,0.0,1.0
2586,2585,25,20,468,49,4.122448979591836,0.43636363636363634,0.012641673931996514,0.7870811142008767,0.0,1.0
2587,2586,35,7,551,31,4.032258064516129,0.6181818181818182,0.004795117698343506,0.7642339640914848,0.0,1.0
2588,2587,56,13,787,41,3.8048780487804876,0.9999999999999999,0.009154315605928512,0.7066340900129556,1.0,0.0
2589,2588,25,0,190,212,3.5235849056603774,0.43636363636363634,0.08369659982563209,0.6353769499760339,0.0,1.0
2590,2589,18,4,940,357,3.2016806722689077,0.3090909090909091,0.14690496948561466,0.5538322141789742,0.0,1.0
2591,2590,18,1,503,41,3.8048780487804876,0.3090909090909091,0.009154315605928512,0.7066340900129556,0.0,1.0
2592,2591,50,7,800,442,3.6334841628959276,0.8909090909090909,0.1839581517000872,0.6632166145904089,0.0,1.0
2593,2592,56,16,958,136,4.536764705882353,0.9999999999999999,0.050566695727986055,0.8920355165738352,0.0,1.0
2594,2593,35,7,310,94,3.106382978723404,0.6181818181818182,0.03225806451612903,0.5296914156552504,0.0,1.0
2595,2594,18,4,152,159,3.352201257861635,0.3090909090909091,0.06059285091543157,0.591962068063968,0.0,1.0
2596,2595,50,7,481,41,3.7560975609756095,0.8909090909090909,0.009154315605928512,0.6942770236016448,0.0,1.0
2597,2596,50,0,956,65,3.876923076923077,0.8909090909090909,0.01961639058413252,0.7248845265588916,1.0,0.0
2598,2597,25,17,208,27,3.7037037037037037,0.43636363636363634,0.0030514385353095034,0.6810046189376444,0.0,1.0
2599,2598,25,12,531,229,3.6200873362445414,0.43636363636363634,0.0911072362685266,0.659822932319453,0.0,1.0
2600,2599,25,14,193,91,2.978021978021978,0.43636363636363634,0.030950305143853534,0.49717502474430886,0.0,1.0
2601,2600,35,16,276,29,3.793103448275862,0.6181818181818182,0.003923278116826506,0.7036513498447082,0.0,1.0
2602,2601,45,12,921,29,3.3448275862068964,0.7999999999999999,0.003923278116826506,0.5900941705821454,0.0,1.0
2603,2602,25,17,191,43,3.883720930232558,0.43636363636363634,0.010026155187445512,0.7266065578172834,0.0,1.0
2604,2603,25,0,454,68,3.8970588235294117,0.43636363636363634,0.020924149956408022,0.7299853110990355,0.0,1.0
2605,2604,35,7,750,188,3.9361702127659575,0.6181818181818182,0.07323452484742808,0.7398930028008452,0.0,1.0
2606,2605,50,7,342,50,4.22,0.8909090909090909,0.013077593722755014,0.8117927251732102,0.0,1.0
2607,2606,56,0,481,62,4.17741935483871,0.9999999999999999,0.01830863121185702,0.8010062020412725,1.0,0.0
2608,2607,25,1,100,228,4.008771929824562,0.43636363636363634,0.0906713164777681,0.7582844597058467,1.0,0.0
2609,2608,50,12,553,202,4.306930693069307,0.8909090909090909,0.07933740191804708,0.8338139962957036,1.0,0.0
2610,2609,45,7,483,46,3.108695652173913,0.7999999999999999,0.011333914559721013,0.5302772617732705,0.0,1.0
2611,2610,25,3,77,429,3.347319347319347,0.43636363636363634,0.1782911944202267,0.5907253831618728,0.0,1.0
2612,2611,45,3,945,43,3.0930232558139537,0.7999999999999999,0.010026155187445512,0.5263071324990602,1.0,0.0
2613,2612,35,1,921,22,4.090909090909091,0.6181818181818182,0.0008718395815170022,0.7790914339701869,0.0,1.0
2614,2613,25,7,152,30,4.133333333333334,0.43636363636363634,0.004359197907585006,0.7898383371824482,0.0,1.0
2615,2614,25,7,210,61,3.4918032786885247,0.43636363636363634,0.01787271142109852,0.6273260326354447,0.0,1.0
2616,2615,35,7,26,50,3.58,0.6181818181818182,0.013077593722755014,0.649668013856813,0.0,1.0
2617,2616,45,15,600,82,3.5853658536585367,0.7999999999999999,0.027027027027027032,0.6510272911620572,1.0,0.0
2618,2617,18,4,535,25,3.16,0.3090909090909091,0.002179598953792503,0.5432736720554273,1.0,0.0
2619,2618,35,12,956,93,4.236559139784946,0.6181818181818182,0.03182214472537054,0.8159874841689638,0.0,1.0
2620,2619,18,4,473,156,3.532051282051282,0.3090909090909091,0.05928509154315606,0.6375216512702079,0.0,1.0
2621,2620,18,0,463,315,2.984126984126984,0.3090909090909091,0.12859633827375763,0.4987215440448698,0.0,1.0
2622,2621,35,6,275,37,3.918918918918919,0.6181818181818182,0.0074106364428945075,0.735522907433993,1.0,0.0
2623,2622,56,1,303,54,3.759259259259259,0.9999999999999999,0.014821272885789015,0.6950779445727483,0.0,1.0
2624,2623,35,0,443,306,4.147058823529412,0.6181818181818182,0.12467306015693114,0.7933152764570033,1.0,0.0
2625,2624,35,7,619,142,3.387323943661972,0.6181818181818182,0.05318221447253706,0.6008593419640245,0.0,1.0
2626,2625,56,1,40,22,4.045454545454546,0.9999999999999999,0.0008718395815170022,0.767576894814193,0.0,1.0
2627,2626,25,1,68,485,3.243298969072165,0.43636363636363634,0.20270270270270271,0.5643749553582058,0.0,1.0
2628,2627,25,2,112,203,3.334975369458128,0.43636363636363634,0.07977332170880559,0.5875984084005507,1.0,0.0
2629,2628,25,11,152,272,4.011029411764706,0.43636363636363634,0.10985178727114212,0.758856324718109,0.0,1.0
2630,2629,18,5,787,54,3.5925925925925926,0.3090909090909091,0.014821272885789015,0.6528579676674365,1.0,0.0
2631,2630,50,1,148,89,4.269662921348314,0.8909090909090909,0.030078465562336534,0.8243733295274671,1.0,0.0
2632,2631,56,0,435,41,3.5853658536585367,0.9999999999999999,0.009154315605928512,0.6510272911620572,0.0,1.0
2633,2632,35,9,77,37,3.7567567567567566,0.6181818181818182,0.0074106364428945075,0.6944440109855814,1.0,0.0
2634,2633,56,1,157,278,3.949640287769784,0.9999999999999999,0.11246730601569312,0.7433052403342915,0.0,1.0
2635,2634,35,0,64,59,3.440677966101695,0.6181818181818182,0.01700087183958152,0.614374975535288,0.0,1.0
2636,2635,18,12,787,63,3.7936507936507935,0.3090909090909091,0.01874455100261552,0.7037900032992412,0.0,1.0
2637,2636,35,20,443,56,3.4107142857142856,0.6181818181818182,0.01569311246730602,0.6067845801715606,1.0,0.0
2638,2637,25,14,64,521,3.103646833013436,0.43636363636363634,0.21839581517000872,0.5289982956031438,0.0,1.0
2639,2638,25,6,802,33,3.878787878787879,0.43636363636363634,0.0056669572798605065,0.725356917908881,1.0,0.0
2640,2639,35,12,782,21,3.8095238095238093,0.6181818181818182,0.00043591979075850197,0.7078109534806994,0.0,1.0
2641,2640,25,6,194,318,4.09748427672956,0.43636363636363634,0.12990409764603314,0.7807570591311168,0.0,1.0
2642,2641,25,0,330,71,3.915492957746479,0.43636363636363634,0.022231909328683522,0.7346550434245195,0.0,1.0
2643,2642,45,17,990,454,3.398678414096916,0.7999999999999999,0.1891891891891892,0.6037356548412368,0.0,1.0
2644,2643,18,15,452,21,3.857142857142857,0.3090909090909091,0.00043591979075850197,0.7198738040250743,0.0,1.0
2645,2644,25,7,606,282,3.400709219858156,0.43636363636363634,0.11421098517872712,0.6042500982752691,0.0,1.0
2646,2645,45,17,180,23,4.130434782608695,0.7999999999999999,0.0013077593722755024,0.7891040767145296,0.0,1.0
2647,2646,35,11,151,24,4.333333333333333,0.6181818181818182,0.0017436791630340027,0.8405023094688222,1.0,0.0
2648,2647,25,17,277,107,3.94392523364486,0.43636363636363634,0.03792502179598954,0.7418575036152901,0.0,1.0
2649,2648,25,16,801,215,3.1488372093023256,0.43636363636363634,0.0850043591979076,0.5404459154626995,0.0,1.0
2650,2649,45,7,750,49,3.7346938775510203,0.7999999999999999,0.012641673931996514,0.6888550454823963,0.0,1.0
2651,2650,56,14,117,116,3.310344827586207,0.9999999999999999,0.04184829991281605,0.5813590029465637,0.0,1.0
2652,2651,35,20,840,41,4.048780487804878,0.6181818181818182,0.009154315605928512,0.7684194220695095,0.0,1.0
2653,2652,25,7,941,29,3.6206896551724137,0.43636363636363634,0.003923278116826506,0.6599755116667995,0.0,1.0
2654,2653,35,9,483,100,4.08,0.6181818181818182,0.03487358326068003,0.7763279445727485,1.0,0.0
2655,2654,35,7,662,76,3.1315789473684212,0.6181818181818182,0.024411508282476024,0.5360740549410479,0.0,1.0
2656,2655,56,13,328,132,4.090909090909091,0.9999999999999999,0.048823016564952054,0.7790914339701869,0.0,1.0
2657,2656,1,10,474,22,4.045454545454546,0.0,0.0008718395815170022,0.767576894814193,1.0,0.0
2658,2657,25,7,601,31,3.903225806451613,0.43636363636363634,0.004795117698343506,0.7315475303583403,0.0,1.0
2659,2658,35,14,10,161,4.105590062111801,0.6181818181818182,0.06146469049694857,0.7828104155609428,0.0,1.0
2660,2659,56,17,287,47,3.6808510638297873,0.9999999999999999,0.011769834350479513,0.6752155913714315,0.0,1.0
2661,2660,56,13,193,98,3.6122448979591835,0.9999999999999999,0.03400174367916303,0.6578362869397182,0.0,1.0
2662,2661,25,17,20,42,3.6904761904761907,0.43636363636363634,0.009590235396687012,0.6776538271197625,0.0,1.0
2663,2662,25,4,22,156,3.6858974358974357,0.43636363636363634,0.05928509154315606,0.6764939376443418,1.0,0.0
2664,2663,35,7,524,367,3.449591280653951,0.6181818181818182,0.15126416739319967,0.6166328951425641,0.0,1.0
2665,2664,35,11,984,828,3.072463768115942,0.6181818181818182,0.35222319093286836,0.5210990059242896,0.0,1.0
2666,2665,45,16,631,94,3.872340425531915,0.7999999999999999,0.03225806451612903,0.7237236499434918,0.0,1.0
2667,2666,35,6,80,32,3.40625,0.6181818181818182,0.005231037489102006,0.6056536879330254,1.0,0.0
2668,2667,25,4,941,218,3.4174311926605503,0.43636363636363634,0.08631211857018309,0.6084861061084391,1.0,0.0
2669,2668,45,0,245,115,3.747826086956522,0.7999999999999999,0.04141238012205754,0.6921816949492922,0.0,1.0
2670,2669,35,6,945,282,3.5531914893617023,0.6181818181818182,0.11421098517872712,0.6428768856567246,0.0,1.0
2671,2670,35,12,542,23,3.217391304347826,0.6181818181818182,0.0013077593722755024,0.5578120293202129,1.0,0.0
2672,2671,35,7,40,54,3.6296296296296298,0.6181818181818182,0.014821272885789015,0.6622401847575059,0.0,1.0
2673,2672,35,7,770,20,3.75,0.6181818181818182,0.0,0.692732390300231,0.0,1.0
2674,2673,25,4,941,119,4.142857142857143,0.43636363636363634,0.043156059285091544,0.7922509072913231,0.0,1.0
2675,2674,35,18,986,44,3.3181818181818183,0.6181818181818182,0.010462074978204013,0.5833442683182869,0.0,1.0
2676,2675,56,20,787,229,4.170305676855895,0.9999999999999999,0.0911072362685266,0.7992041661203948,0.0,1.0
2677,2676,35,7,662,38,3.710526315789474,0.6181818181818182,0.007846556233653008,0.6827329220858152,1.0,0.0
2678,2677,25,6,497,42,3.9047619047619047,0.43636363636363634,0.009590235396687012,0.7319366545694491,0.0,1.0
2679,2678,18,4,21,342,3.783625730994152,0.3090909090909091,0.14036617262423715,0.701250455816215,1.0,0.0
2680,2679,25,12,18,214,3.2850467289719627,0.43636363636363634,0.08456843940714909,0.5749504921111136,0.0,1.0
2681,2680,25,4,488,223,3.632286995515695,0.43636363636363634,0.0884917175239756,0.6629133483155377,1.0,0.0
2682,2681,18,4,432,110,2.7,0.3090909090909091,0.039232781168265035,0.4267465357967668,0.0,1.0
2683,2682,35,7,601,257,4.36964980544747,0.6181818181818182,0.10331299040976462,0.8497019931524699,0.0,1.0
2684,2683,18,0,191,219,3.5251141552511416,0.3090909090909091,0.0867480383609416,0.635764339270461,1.0,0.0
2685,2684,45,7,21,196,3.5969387755102042,0.7999999999999999,0.07672188317349608,0.6539589421218835,0.0,1.0
2686,2685,25,0,852,21,2.8095238095238093,0.43636363636363634,0.00043591979075850197,0.45449109204882876,0.0,1.0
2687,2686,1,10,88,23,4.260869565217392,0.0,0.0013077593722755024,0.8221457977708606,0.0,1.0
2688,2687,25,17,549,135,3.466666666666667,0.43636363636363634,0.05013077593722755,0.6209584295612011,0.0,1.0
2689,2688,25,12,275,101,4.3861386138613865,0.43636363636363634,0.03530950305143854,0.8538789358150598,0.0,1.0
2690,2689,25,7,242,23,4.217391304347826,0.43636363636363634,0.0013077593722755024,0.8111318907520837,0.0,1.0
2691,2690,18,4,64,241,4.4896265560165975,0.3090909090909091,0.0963382737576286,0.8800944869816874,0.0,1.0
2692,2691,18,4,146,134,3.8208955223880596,0.3090909090909091,0.049694856146469055,0.7106916342077143,1.0,0.0
2693,2692,56,13,729,136,3.8823529411764706,0.9999999999999999,0.050566695727986055,0.726260019019155,0.0,1.0
2694,2693,18,4,900,72,4.5,0.3090909090909091,0.022667829119442023,0.882722286374134,0.0,1.0
2695,2694,35,11,460,63,3.984126984126984,0.6181818181818182,0.01874455100261552,0.7520414054767404,0.0,1.0
2696,2695,25,7,242,20,3.3,0.43636363636363634,0.0,0.5787384526558892,0.0,1.0
2697,2696,50,17,870,34,4.411764705882353,0.8909090909090909,0.006102877070619007,0.8603705338948513,1.0,0.0
2698,2697,25,2,100,43,4.0,0.43636363636363634,0.010026155187445512,0.7560623556581987,1.0,0.0
2699,2698,56,13,741,100,4.16,0.9999999999999999,0.03487358326068003,0.796593533487298,1.0,0.0
2700,2699,25,7,301,294,3.3877551020408165,0.43636363636363634,0.11944202266782913,0.6009685629448085,0.0,1.0
2701,2700,45,1,601,114,3.219298245614035,0.7999999999999999,0.04097646033129905,0.5582950954175278,0.0,1.0
2702,2701,45,6,652,41,2.4146341463414633,0.7999999999999999,0.009154315605928512,0.35445769729059884,0.0,1.0
2703,2702,35,11,528,92,3.6847826086956523,0.6181818181818182,0.03138622493461203,0.6762115297720656,0.0,1.0
2704,2703,56,13,727,48,4.041666666666667,0.9999999999999999,0.012205754141238014,0.7666173498845268,0.0,1.0
2705,2704,25,1,277,22,4.090909090909091,0.43636363636363634,0.0008718395815170022,0.7790914339701869,0.0,1.0
2706,2705,25,1,277,25,4.08,0.43636363636363634,0.002179598953792503,0.7763279445727485,1.0,0.0
2707,2706,56,13,240,23,3.5217391304347827,0.9999999999999999,0.0013077593722755024,0.6349093784516519,0.0,1.0
2708,2707,25,7,441,37,3.081081081081081,0.43636363636363634,0.0074106364428945075,0.5232819424505337,0.0,1.0
2709,2708,25,0,606,32,2.75,0.43636363636363634,0.005231037489102006,0.43941252886836035,1.0,0.0
2710,2709,35,17,943,30,3.2,0.6181818181818182,0.004359197907585006,0.5534064665127022,0.0,1.0
2711,2710,25,4,10,38,2.5,0.43636363636363634,0.007846556233653008,0.3760825635103926,1.0,0.0
2712,2711,18,19,339,68,3.9411764705882355,0.3090909090909091,0.020924149956408022,0.741161187338677,1.0,0.0
2713,2712,25,7,968,25,2.72,0.43636363636363634,0.002179598953792503,0.43181293302540424,0.0,1.0
2714,2713,18,4,968,20,3.55,0.3090909090909091,0.0,0.6420684180138568,0.0,1.0
2715,2714,50,4,968,78,3.3333333333333335,0.8909090909090909,0.025283347863993024,0.5871824480369516,1.0,0.0
2716,2715,50,4,968,24,3.75,0.8909090909090909,0.0017436791630340027,0.692732390300231,1.0,0.0
2717,2716,25,4,968,25,3.76,0.43636363636363634,0.002179598953792503,0.6952655889145497,0.0,1.0
2718,2717,25,4,968,117,3.871794871794872,0.43636363636363634,0.042284219703574544,0.7235854503464204,1.0,0.0
2719,2718,25,12,981,117,4.145299145299146,0.43636363636363634,0.042284219703574544,0.7928695150115475,0.0,1.0
2720,2719,35,0,207,38,3.0526315789473686,0.6181818181818182,0.007846556233653008,0.516075118512216,0.0,1.0
2721,2720,45,14,193,34,3.823529411764706,0.7999999999999999,0.006102877070619007,0.7113588506996333,0.0,1.0
2722,2721,35,7,220,23,3.4347826086956523,0.6181818181818182,0.0013077593722755024,0.6128815644140979,0.0,1.0
2723,2722,25,9,281,84,3.4285714285714284,0.43636363636363634,0.027898866608544032,0.6113081491257011,1.0,0.0
2724,2723,45,2,275,205,3.8097560975609754,0.7999999999999999,0.08064516129032259,0.7078697966540867,1.0,0.0
2725,2724,35,7,300,35,3.6285714285714286,0.6181818181818182,0.006538796861377507,0.6619721214120753,0.0,1.0
2726,2725,45,11,21,84,4.595238095238095,0.7999999999999999,0.027898866608544032,0.9068479874628834,0.0,1.0
2727,2726,25,11,606,88,3.352272727272727,0.43636363636363634,0.029642545771578033,0.5919801726852824,0.0,1.0
2728,2727,35,12,276,67,3.3582089552238807,0.6181818181818182,0.02048823016564952,0.5934839371272966,0.0,1.0
2729,2728,50,7,174,23,4.478260869565218,0.8909090909090909,0.0013077593722755024,0.8772153328647456,0.0,1.0
2730,2729,35,11,486,157,3.9808917197452227,0.6181818181818182,0.05972101133391457,0.7512218487518572,0.0,1.0
2731,2730,35,7,110,280,4.271428571428571,0.6181818181818182,0.11333914559721012,0.824820603761135,0.0,1.0
2732,2731,45,17,928,45,4.111111111111111,0.7999999999999999,0.010897994768962513,0.7842090069284064,0.0,1.0
2733,2732,45,17,940,99,4.434343434343434,0.7999999999999999,0.03443766346992154,0.8660901742599203,0.0,1.0
2734,2733,18,4,29,121,3.87603305785124,0.3090909090909091,0.044027898866608545,0.7246590670509421,1.0,0.0
2735,2734,25,7,229,24,3.4166666666666665,0.43636363636363634,0.0017436791630340027,0.6082924364896074,0.0,1.0
2736,2735,45,12,803,101,3.702970297029703,0.7999999999999999,0.03530950305143854,0.6808188324606134,0.0,1.0
2737,2736,25,3,503,399,3.5463659147869673,0.43636363636363634,0.16521360069747168,0.6411478320512598,0.0,1.0
2738,2737,50,2,221,105,4.438095238095238,0.8909090909090909,0.03705318221447254,0.8670405806664467,1.0,0.0
2739,2738,35,7,923,32,3.40625,0.6181818181818182,0.005231037489102006,0.6056536879330254,1.0,0.0
2740,2739,45,17,221,145,3.696551724137931,0.7999999999999999,0.054489973844812564,0.6791928804650793,0.0,1.0
2741,2740,25,14,606,35,4.0,0.43636363636363634,0.006538796861377507,0.7560623556581987,0.0,1.0
2742,2741,25,17,360,108,2.861111111111111,0.43636363636363634,0.038360941586748035,0.46755918013856823,0.0,1.0
2743,2742,25,14,726,439,3.569476082004556,0.43636363636363634,0.1826503923278117,0.6470020964084867,0.0,1.0
2744,2743,18,17,538,138,1.3043478260869565,0.3090909090909091,0.051438535309503056,0.07320012049402552,0.0,1.0
2745,2744,35,1,303,197,3.8527918781725887,0.6181818181818182,0.07715780296425459,0.7187716146352329,1.0,0.0
2746,2745,50,14,502,57,3.8771929824561404,0.8909090909090909,0.01612903225806452,0.7249528989911268,0.0,1.0
2747,2746,18,4,900,139,4.302158273381295,0.3090909090909091,0.05187445510026155,0.8326050476016416,1.0,0.0
2748,2747,25,4,857,326,2.708588957055215,0.43636363636363634,0.13339145597210114,0.42892228920783815,0.0,1.0
2749,2748,25,12,100,90,3.9555555555555557,0.43636363636363634,0.030514385353095034,0.7448036951501156,0.0,1.0
2750,2749,25,15,913,200,4.295,0.43636363636363634,0.07846556233653008,0.8307917147806005,1.0,0.0
2751,2750,25,16,281,178,3.4269662921348316,0.43636363636363634,0.06887532693984308,0.6109015361860032,1.0,0.0
2752,2751,25,15,770,378,3.2962962962962963,0.43636363636363634,0.15605928509154315,0.5778002309468823,0.0,1.0
2753,2752,50,20,275,505,3.784158415841584,0.8909090909090909,0.21142109851787272,0.7013853954679533,1.0,0.0
2754,2753,50,12,601,100,3.79,0.8909090909090909,0.03487358326068003,0.7028651847575058,0.0,1.0
2755,2754,35,7,296,23,4.434782608695652,0.6181818181818182,0.0013077593722755024,0.8662014258459685,0.0,1.0
2756,2755,18,4,973,239,4.03765690376569,0.3090909090909091,0.0954664341761116,0.7656015973020767,0.0,1.0
2757,2756,25,2,100,129,3.953488372093023,0.43636363636363634,0.04751525719267655,0.7442800365218325,0.0,1.0
2758,2757,56,8,124,29,4.0,0.9999999999999999,0.003923278116826506,0.7560623556581987,0.0,1.0
2759,2758,25,7,361,20,3.55,0.43636363636363634,0.0,0.6420684180138568,0.0,1.0
2760,2759,56,0,18,68,4.102941176470588,0.9999999999999999,0.020924149956408022,0.7821394002173618,0.0,1.0
2761,2760,35,6,809,483,3.515527950310559,0.6181818181818182,0.20183086312118573,0.6333359631632551,0.0,1.0
2762,2761,50,16,631,47,4.0,0.8909090909090909,0.011769834350479513,0.7560623556581987,0.0,1.0
2763,2762,18,4,481,25,2.76,0.3090909090909091,0.002179598953792503,0.441945727482679,1.0,0.0
2764,2763,25,7,914,354,4.186440677966102,0.43636363636363634,0.14559721011333915,0.8032914823658357,0.0,1.0
2765,2764,50,7,24,211,3.6208530805687205,0.8909090909090909,0.0832606800348736,0.6600169105655463,0.0,1.0
2766,2765,45,7,550,102,4.137254901960785,0.7999999999999999,0.03574542284219703,0.7908317484037497,0.0,1.0
2767,2766,25,0,991,26,3.269230769230769,0.43636363636363634,0.002615518744551003,0.5709439953810624,0.0,1.0
2768,2767,25,17,902,80,4.0375,0.43636363636363634,0.026155187445510025,0.7655618504618937,0.0,1.0
2769,2768,25,7,201,146,3.7534246575342465,0.43636363636363634,0.05492589363557106,0.6935999240722579,0.0,1.0
2770,2769,35,1,142,47,4.1063829787234045,0.6181818181818182,0.011769834350479513,0.7830112770871211,0.0,1.0
2771,2770,18,1,920,287,2.940766550522648,0.3090909090909091,0.11639058413251963,0.4877374850125934,0.0,1.0
2772,2771,35,17,100,178,3.6741573033707864,0.6181818181818182,0.06887532693984308,0.6735199288994992,0.0,1.0
2773,2772,35,2,787,83,4.072289156626506,0.6181818181818182,0.027462946817785532,0.774374634797852,0.0,1.0
2774,2773,25,1,921,277,3.888086642599278,0.43636363636363634,0.11203138622493462,0.7277124794690724,0.0,1.0
2775,2774,18,4,900,29,4.379310344827586,0.3090909090909091,0.003923278116826506,0.852149199649598,1.0,0.0
2776,2775,25,14,222,350,3.802857142857143,0.43636363636363634,0.14385353095030515,0.706122154404487,0.0,1.0
2777,2776,18,4,953,875,3.498285714285714,0.3090909090909091,0.37271142109851785,0.6289681623226658,0.0,1.0
2778,2777,56,13,940,106,4.235849056603773,0.9999999999999999,0.037489102005231034,0.8158076059959039,0.0,1.0
2779,2778,35,7,100,171,3.935672514619883,0.6181818181818182,0.06582388840453357,0.7397669259754468,0.0,1.0
2780,2779,25,17,941,40,3.675,0.43636363636363634,0.008718395815170008,0.6737334006928407,0.0,1.0
2781,2780,35,4,452,284,4.257042253521127,0.6181818181818182,0.11508282476024412,0.8211762637023063,0.0,1.0
2782,2781,18,4,488,60,3.6666666666666665,0.3090909090909091,0.01743679163034002,0.671622401847575,1.0,0.0
2783,2782,45,17,787,54,3.9074074074074074,0.7999999999999999,0.014821272885789015,0.7326068129330254,0.0,1.0
2784,2783,50,20,200,158,4.069620253164557,0.8909090909090909,0.06015693112467306,0.7736985485426962,0.0,1.0
2785,2784,56,13,299,163,3.147239263803681,0.9999999999999999,0.06233653007846557,0.5400411241304072,0.0,1.0
2786,2785,25,4,602,298,4.0134228187919465,0.43636363636363634,0.12118570183086314,0.7594626222545997,0.0,1.0
2787,2786,25,4,606,138,3.971014492753623,0.43636363636363634,0.051438535309503056,0.748719750979014,0.0,1.0
2788,2787,56,1,900,124,4.419354838709677,0.9999999999999999,0.04533565823888405,0.8622932652909185,0.0,1.0
2789,2788,18,4,900,94,3.776595744680851,0.3090909090909091,0.03225806451612903,0.6994696206574617,0.0,1.0
2790,2789,25,20,850,122,4.245901639344262,0.43636363636363634,0.04446381865736705,0.818354124862757,0.0,1.0
2791,2790,56,7,100,48,4.5625,0.9999999999999999,0.012205754141238014,0.898554777713626,0.0,1.0
2792,2791,18,4,24,191,2.9476439790575917,0.3090909090909091,0.07454228421970358,0.48947967425607297,0.0,1.0
2793,2792,35,7,701,789,4.068441064638783,0.6181818181818182,0.3352223190932868,0.7733998366687449,0.0,1.0
2794,2793,25,2,200,143,3.832167832167832,0.43636363636363634,0.05361813426329555,0.7135471341591434,0.0,1.0
2795,2794,50,13,337,100,3.62,0.8909090909090909,0.03487358326068003,0.6598008083140878,0.0,1.0
2796,2795,25,14,921,404,2.50990099009901,0.43636363636363634,0.16739319965126417,0.3785906809503121,0.0,1.0
2797,2796,25,7,940,48,3.0,0.43636363636363634,0.012205754141238014,0.502742494226328,1.0,0.0
2798,2797,35,20,100,77,4.064935064935065,0.6181818181818182,0.024847428073234524,0.7725116973096189,0.0,1.0
2799,2798,18,0,554,23,4.130434782608695,0.3090909090909091,0.0013077593722755024,0.7891040767145296,0.0,1.0
2800,2799,18,4,730,91,3.4615384615384617,0.3090909090909091,0.030950305143853534,0.6196593533487299,1.0,0.0
2801,2800,25,3,128,101,3.1782178217821784,0.43636363636363634,0.03530950305143854,0.5478886081448793,1.0,0.0
2802,2801,35,20,100,80,3.6,0.6181818181818182,0.026155187445510025,0.6547344110854504,0.0,1.0
2803,2802,25,7,940,111,3.7927927927927927,0.43636363636363634,0.03966870095902354,0.703572654640784,0.0,1.0
2804,2803,35,0,462,171,3.888888888888889,0.6181818181818182,0.06582388840453357,0.7279157043879908,1.0,0.0
2805,2804,56,19,60,88,3.897727272727273,0.9999999999999999,0.029642545771578033,0.730154642557212,0.0,1.0
2806,2805,1,10,152,79,3.3037974683544302,0.0,0.025719267654751524,0.5797004268132254,0.0,1.0
2807,2806,35,11,220,335,3.391044776119403,0.6181818181818182,0.13731473408892764,0.601801902726552,1.0,0.0
2808,2807,56,16,606,139,4.115107913669065,0.9999999999999999,0.05187445510026155,0.7852214763985579,0.0,1.0
2809,2808,25,7,100,109,4.339449541284404,0.43636363636363634,0.03879686137750654,0.8420516664194759,0.0,1.0
2810,2809,1,10,640,401,3.4688279301745637,0.0,0.16608544027898867,0.6215059205335393,1.0,0.0
2811,2810,25,19,941,81,3.6666666666666665,0.43636363636363634,0.026591107236268532,0.671622401847575,0.0,1.0
2812,2811,25,17,606,121,3.603305785123967,0.43636363636363634,0.044027898866608545,0.6555718321149773,0.0,1.0
2813,2812,25,20,554,23,3.0,0.43636363636363634,0.0013077593722755024,0.502742494226328,0.0,1.0
2814,2813,35,7,21,170,4.047058823529412,0.6181818181818182,0.06538796861377508,0.7679832903138162,0.0,1.0
2815,2814,35,17,604,55,3.690909090909091,0.6181818181818182,0.015257192676547515,0.6777634893974387,0.0,1.0
2816,2815,25,7,600,22,3.8181818181818183,0.43636363636363634,0.0008718395815170022,0.7100041990342222,0.0,1.0
2817,2816,35,12,531,82,4.2073170731707314,0.6181818181818182,0.027027027027027032,0.8085798879062693,0.0,1.0
2818,2817,25,12,551,293,3.6109215017064846,0.43636363636363634,0.11900610287707064,0.6575010443843651,0.0,1.0
2819,2818,45,14,441,20,3.9,0.7999999999999999,0.0,0.7307303695150116,0.0,1.0
2820,2819,35,0,21,894,2.9642058165548097,0.6181818181818182,0.38099389712292936,0.49367511663592545,1.0,0.0
2821,2820,18,20,100,30,3.6333333333333333,0.3090909090909091,0.004359197907585006,0.6631784064665127,0.0,1.0
2822,2821,50,7,100,62,3.725806451612903,0.8909090909090909,0.01830863121185702,0.6866036839752664,0.0,1.0
2823,2822,25,4,24,47,2.9148936170212765,0.43636363636363634,0.011769834350479513,0.48118335708319004,0.0,1.0
2824,2823,18,4,21,248,3.9274193548387095,0.3090909090909091,0.09938971229293811,0.7376762366833048,0.0,1.0
2825,2824,25,20,940,221,3.9592760180995477,0.43636363636363634,0.0876198779424586,0.745746162206222,1.0,0.0
2826,2825,35,12,100,264,3.609848484848485,0.6181818181818182,0.10636442894507411,0.6572292279025824,0.0,1.0
2827,2826,25,17,940,33,3.242424242424242,0.43636363636363634,0.0056669572798605065,0.5641533697249632,0.0,1.0
2828,2827,18,4,24,58,4.017241379310345,0.3090909090909091,0.01656495204882302,0.7604299394759897,0.0,1.0
2829,2828,45,20,100,38,2.9473684210526314,0.7999999999999999,0.007846556233653008,0.48940986994044,0.0,1.0
2830,2829,35,7,945,85,3.388235294117647,0.6181818181818182,0.028334786399302533,0.6010902051351719,0.0,1.0
2831,2830,25,0,322,36,4.222222222222222,0.43636363636363634,0.006974716652136007,0.8123556581986144,0.0,1.0
2832,2831,25,17,200,157,4.0,0.43636363636363634,0.05972101133391457,0.7560623556581987,0.0,1.0
2833,2832,25,15,850,53,3.30188679245283,0.43636363636363634,0.014385353095030515,0.5792164146585909,0.0,1.0
2834,2833,35,1,333,22,4.181818181818182,0.6181818181818182,0.0008718395815170022,0.8021205122821751,0.0,1.0
2835,2834,35,20,606,38,3.8684210526315788,0.6181818181818182,0.007846556233653008,0.7227307949434788,0.0,1.0
2836,2835,25,12,79,22,3.3636363636363638,0.43636363636363634,0.0008718395815170022,0.594858807474281,0.0,1.0
2837,2836,18,0,495,235,3.302127659574468,0.3090909090909091,0.0937227550130776,0.5792774310844676,0.0,1.0
2838,2837,18,1,958,39,4.512820512820513,0.3090909090909091,0.008282476024411508,0.8859699769053118,0.0,1.0
2839,2838,25,17,100,35,3.3142857142857145,0.43636363636363634,0.006538796861377507,0.5823573078192017,0.0,1.0
2840,2839,25,0,606,350,2.942857142857143,0.43636363636363634,0.14385353095030515,0.4882670735730783,0.0,1.0
2841,2840,50,12,980,445,4.170786516853933,0.8909090909090909,0.1852659110723627,0.7993259724420687,0.0,1.0
2842,2841,35,17,301,89,3.6292134831460676,0.6181818181818182,0.030078465562336534,0.6621347665879546,0.0,1.0
2843,2842,25,4,787,39,2.8461538461538463,0.43636363636363634,0.008282476024411508,0.463770207852194,1.0,0.0
2844,2843,25,20,871,108,3.287037037037037,0.43636363636363634,0.038360941586748035,0.575454676674365,0.0,1.0
2845,2844,25,4,740,54,3.9444444444444446,0.43636363636363634,0.014821272885789015,0.7419890300230948,0.0,1.0
2846,2845,18,4,916,102,3.3137254901960786,0.3090909090909091,0.03574542284219703,0.5822153919304444,1.0,0.0
2847,2846,18,4,100,396,2.7146464646464645,0.3090909090909091,0.16390584132519617,0.43045677619147593,0.0,1.0
2848,2847,25,0,474,220,3.3363636363636364,0.43636363636363634,0.08718395815170009,0.5879500839806845,0.0,1.0
2849,2848,45,11,941,155,4.509677419354839,0.7999999999999999,0.05884917175239757,0.8851737689041199,0.0,1.0
2850,2849,18,20,946,43,2.7674418604651163,0.3090909090909091,0.010026155187445512,0.44383089854449764,0.0,1.0
2851,2850,25,7,941,33,3.5757575757575757,0.43636363636363634,0.0056669572798605065,0.6485933235355869,1.0,0.0
2852,2851,25,12,980,135,4.118518518518519,0.43636363636363634,0.05013077593722755,0.7860854503464205,0.0,1.0
2853,2852,1,1,444,89,3.460674157303371,0.0,0.030078465562336534,0.6194404079196617,0.0,1.0
2854,2853,18,4,641,414,3.1135265700483092,0.3090909090909091,0.1717523975588492,0.5315010292198012,1.0,0.0
2855,2854,25,4,941,73,2.8904109589041096,0.43636363636363634,0.023103748910200523,0.4749814135214655,0.0,1.0
2856,2855,35,11,220,52,3.5384615384615383,0.6181818181818182,0.013949433304272014,0.6391454965357968,0.0,1.0
2857,2856,25,0,104,795,3.159748427672956,0.43636363636363634,0.33783783783783783,0.5432099437884005,0.0,1.0
2858,2857,1,10,726,73,3.9452054794520546,0.0,0.023103748910200523,0.7421818153057673,1.0,0.0
2859,2858,18,1,958,133,4.195488721804511,0.3090909090909091,0.04925893635571055,0.8055835315772111,0.0,1.0
2860,2859,35,17,200,508,3.9192913385826773,0.6181818181818182,0.21272885789014823,0.7356172487316107,0.0,1.0
2861,2860,25,15,65,46,3.369565217391304,0.43636363636363634,0.011333914559721013,0.5963607038859323,0.0,1.0
2862,2861,45,7,550,86,4.023255813953488,0.7999999999999999,0.028770706190061033,0.7619535152263817,0.0,1.0
2863,2862,25,2,277,117,3.641025641025641,0.43636363636363634,0.042284219703574544,0.6651270207852195,1.0,0.0
2864,2863,35,3,117,52,3.3076923076923075,0.6181818181818182,0.013949433304272014,0.5806870669745958,1.0,0.0
2865,2864,25,6,210,92,3.7282608695652173,0.43636363636363634,0.03138622493461203,0.6872254367908425,1.0,0.0
2866,2865,25,7,537,205,3.351219512195122,0.43636363636363634,0.08064516129032259,0.5917133723877654,0.0,1.0
2867,2866,45,17,152,28,4.25,0.7999999999999999,0.0034873583260680054,0.8193923210161664,0.0,1.0
2868,2867,35,12,940,191,3.612565445026178,0.6181818181818182,0.07454228421970358,0.6579174878783116,0.0,1.0
2869,2868,50,17,76,33,3.727272727272727,0.8909090909090909,0.0056669572798605065,0.6869751207222339,0.0,1.0
2870,2869,50,18,954,143,2.867132867132867,0.8909090909090909,0.05361813426329555,0.46908461053957595,0.0,1.0
2871,2870,25,14,981,28,3.607142857142857,0.43636363636363634,0.0034873583260680054,0.6565438386671066,1.0,0.0
2872,2871,25,20,940,423,3.7423167848699763,0.43636363636363634,0.17567567567567569,0.6907860793081422,0.0,1.0
2873,2872,18,4,640,233,3.5665236051502145,0.3090909090909091,0.0928509154315606,0.6462541753808642,1.0,0.0
2874,2873,35,20,200,103,3.883495145631068,0.6181818181818182,0.03618134263295554,0.7265493620933205,1.0,0.0
2875,2874,25,2,100,35,4.314285714285714,0.43636363636363634,0.006538796861377507,0.8356771692510723,0.0,1.0
2876,2875,25,17,21,190,3.731578947368421,0.43636363636363634,0.07410636442894508,0.6880659718001702,0.0,1.0
2877,2876,35,1,806,46,3.4782608695652173,0.6181818181818182,0.011333914559721013,0.6238954714328748,0.0,1.0
2878,2877,50,20,880,695,3.614388489208633,0.8909090909090909,0.2942458587619878,0.6583793011779953,1.0,0.0
2879,2878,18,4,600,25,3.96,0.3090909090909091,0.002179598953792503,0.7459295612009238,0.0,1.0
2880,2879,18,12,554,273,3.4395604395604398,0.3090909090909091,0.11028770706190062,0.6140918838667108,0.0,1.0
2881,2880,25,12,770,87,3.8160919540229883,0.43636363636363634,0.029206625980819533,0.709474794935096,1.0,0.0
2882,2881,18,20,787,123,3.3333333333333335,0.3090909090909091,0.044899738448125545,0.5871824480369516,0.0,1.0
2883,2882,18,20,301,149,2.7181208053691277,0.3090909090909091,0.056233653007846565,0.43133689570190814,0.0,1.0
2884,2883,50,3,532,20,4.2,0.8909090909090909,0.0,0.8067263279445729,1.0,0.0
2885,2884,18,1,803,192,4.09375,0.3090909090909091,0.07497820401046208,0.7798110926674366,1.0,0.0
2886,2885,18,4,600,87,3.9080459770114944,0.3090909090909091,0.029206625980819533,0.7327685752966474,0.0,1.0
2887,2886,25,3,662,592,3.52027027027027,0.43636363636363634,0.24934612031386225,0.6345372869983148,0.0,1.0
2888,2887,25,14,554,376,3.481382978723404,0.43636363636363634,0.15518744551002617,0.6246863636922019,0.0,1.0
2889,2888,35,3,551,195,3.81025641025641,0.6181818181818182,0.07628596338273759,0.7079965357967668,0.0,1.0
2890,2889,35,7,900,141,3.5390070921985815,0.6181818181818182,0.05274629468177855,0.6392836961328682,0.0,1.0
2891,2890,18,4,660,58,3.3620689655172415,0.3090909090909091,0.01656495204882302,0.5944617543999364,1.0,0.0
2892,2891,25,4,840,93,3.6881720430107525,0.43636363636363634,0.03182214472537054,0.6770701408030991,0.0,1.0
2893,2892,25,1,940,21,3.857142857142857,0.43636363636363634,0.00043591979075850197,0.7198738040250743,0.0,1.0
2894,2893,18,4,441,113,3.8672566371681416,0.3090909090909091,0.04054054054054054,0.7224358253796318,0.0,1.0
2895,2894,25,11,70,513,3.7387914230019494,0.43636363636363634,0.21490845684394072,0.6898930351282364,0.0,1.0
2896,2895,18,14,600,320,3.578125,0.3090909090909091,0.13077593722755013,0.6491930391166283,0.0,1.0
2897,2896,25,5,974,117,3.623931623931624,0.43636363636363634,0.042284219703574544,0.6607967667436491,0.0,1.0
2898,2897,18,4,24,109,3.871559633027523,0.3090909090909091,0.03879686137750654,0.7235258596944721,0.0,1.0
2899,2898,35,14,941,425,3.9529411764705884,0.6181818181818182,0.1765475152571927,0.7441414210025812,0.0,1.0
2900,2899,18,12,951,298,4.033557046979865,0.3090909090909091,0.12118570183086314,0.764563022149201,0.0,1.0
2901,2900,25,17,787,249,4.289156626506024,0.43636363636363634,0.0998256320836966,0.829311472216812,0.0,1.0
2902,2901,25,12,980,22,3.8636363636363638,0.43636363636363634,0.0008718395815170022,0.7215187381902164,0.0,1.0
2903,2902,25,16,208,146,4.089041095890411,0.43636363636363634,0.05492589363557106,0.7786182337308996,0.0,1.0
2904,2903,25,4,168,51,3.8627450980392157,0.43636363636363634,0.013513513513513514,0.7212929629126478,0.0,1.0
2905,2904,35,17,554,126,3.6984126984126986,0.6181818181818182,0.04620749782040105,0.6796643022104917,0.0,1.0
2906,2905,35,19,554,55,3.418181818181818,0.6181818181818182,0.015257192676547515,0.6086762544614739,0.0,1.0
2907,2906,35,5,123,849,3.293286219081272,0.6181818181818182,0.36137750653879686,0.5770377186038731,1.0,0.0
2908,2907,18,2,744,21,3.761904761904762,0.3090909090909091,0.00043591979075850197,0.6957481029363247,0.0,1.0
2909,2908,25,7,432,1258,3.8227344992050876,0.43636363636363634,0.5396687009590236,0.7111574835601803,0.0,1.0
2910,2909,1,19,756,143,3.5594405594405596,0.0,0.05361813426329555,0.6444598992231788,0.0,1.0
2911,2910,25,4,554,63,3.634920634920635,0.43636363636363634,0.01874455100261552,0.6635805014846586,1.0,0.0
2912,2911,18,4,481,44,2.6363636363636362,0.3090909090909091,0.010462074978204013,0.410626180978375,1.0,0.0
2913,2912,35,20,981,330,3.9575757575757575,0.6181818181818182,0.13513513513513514,0.7453154524459376,1.0,0.0
2914,2913,25,4,926,72,4.458333333333333,0.43636363636363634,0.022667829119442023,0.8721672921478061,0.0,1.0
2915,2914,25,7,234,72,3.763888888888889,0.43636363636363634,0.022667829119442023,0.6962507217090069,0.0,1.0
2916,2915,45,2,980,233,3.665236051502146,0.7999999999999999,0.0928509154315606,0.6712599986123363,0.0,1.0
2917,2916,25,0,602,70,3.5285714285714285,0.43636363636363634,0.021795989537925022,0.6366401352688882,0.0,1.0
2918,2917,25,12,981,387,3.6098191214470283,0.43636363636363634,0.15998256320836968,0.6572217895697944,0.0,1.0
2919,2918,18,17,880,156,3.769230769230769,0.3090909090909091,0.05928509154315606,0.6976039260969977,0.0,1.0
2920,2919,25,2,551,24,3.4583333333333335,0.43636363636363634,0.0017436791630340027,0.6188474307159354,0.0,1.0
2921,2920,50,1,532,127,3.283464566929134,0.8909090909090909,0.046643417611159546,0.5745496990416614,0.0,1.0
2922,2921,25,17,524,71,4.535211267605634,0.43636363636363634,0.022231909328683522,0.8916419998048337,0.0,1.0
2923,2922,35,12,442,21,3.9523809523809526,0.6181818181818182,0.00043591979075850197,0.743999505113824,0.0,1.0
2924,2923,18,4,941,46,3.9565217391304346,0.3090909090909091,0.011333914559721013,0.7450484486394215,1.0,0.0
2925,2924,25,4,234,25,3.84,0.43636363636363634,0.002179598953792503,0.7155311778290994,1.0,0.0
2926,2925,18,2,551,342,3.283625730994152,0.3090909090909091,0.14036617262423715,0.5745905251002796,1.0,0.0
2927,2926,25,12,240,62,3.7903225806451615,0.43636363636363634,0.01830863121185702,0.7029469008418388,0.0,1.0
2928,2927,25,2,900,420,3.842857142857143,0.43636363636363634,0.17436791630340018,0.7162549488617619,0.0,1.0
2929,2928,18,2,606,362,3.925414364640884,0.3090909090909091,0.14908456843940715,0.7371683328442195,0.0,1.0
2930,2929,50,17,454,20,3.45,0.8909090909090909,0.0,0.6167364318706698,0.0,1.0
2931,2930,18,4,168,224,3.6339285714285716,0.3090909090909091,0.0889276373147341,0.6633291920983175,0.0,1.0
2932,2931,25,12,553,28,3.9285714285714284,0.43636363636363634,0.0034873583260680054,0.7379680798416365,0.0,1.0
2933,2932,35,11,320,124,3.782258064516129,0.6181818181818182,0.04533565823888405,0.7009039987335172,0.0,1.0
2934,2933,35,20,913,622,3.307073954983923,0.6181818181818182,0.26242371403661724,0.5805304259521918,1.0,0.0
2935,2934,25,0,551,144,3.4166666666666665,0.43636363636363634,0.05405405405405406,0.6082924364896074,0.0,1.0
2936,2935,18,4,941,55,4.290909090909091,0.3090909090909091,0.015257192676547515,0.8297554062565611,1.0,0.0
2937,2936,18,4,481,104,3.5288461538461537,0.3090909090909091,0.036617262423714034,0.6367097286374134,1.0,0.0
2938,2937,25,0,553,201,3.8756218905472637,0.43636363636363634,0.07890148212728859,0.7245549102064734,1.0,0.0
2939,2938,25,15,949,148,3.777027027027027,0.43636363636363634,0.05579773321708806,0.6995788730416329,1.0,0.0
2940,2939,25,0,21,31,3.5483870967741935,0.43636363636363634,0.004795117698343506,0.6416598375921926,0.0,1.0
2941,2940,35,12,980,359,3.4596100278551534,0.6181818181818182,0.14777680906713167,0.6191708427952937,0.0,1.0
2942,2941,50,1,931,129,4.4728682170542635,0.8909090909090909,0.04751525719267655,0.8758492668779205,1.0,0.0
2943,2942,35,12,958,124,4.395161290322581,0.6181818181818182,0.04533565823888405,0.8561645589659541,0.0,1.0
2944,2943,18,4,481,174,4.218390804597701,0.3090909090909091,0.06713164777680908,0.811385084016883,1.0,0.0
2945,2944,35,17,895,68,3.838235294117647,0.6181818181818182,0.020924149956408022,0.7150841427795137,1.0,0.0
2946,2945,35,16,926,461,2.839479392624729,0.6181818181818182,0.1922406277244987,0.46207943620906466,0.0,1.0
2947,2946,25,0,21,136,3.713235294117647,0.43636363636363634,0.050566695727986055,0.6834191601005299,1.0,0.0
2948,2947,18,14,481,53,4.037735849056604,0.3090909090909091,0.014385353095030515,0.7656215957122317,0.0,1.0
2949,2948,25,17,980,48,3.75,0.43636363636363634,0.012205754141238014,0.692732390300231,0.0,1.0
2950,2949,18,0,727,67,3.1492537313432836,0.3090909090909091,0.02048823016564952,0.5405514287683982,0.0,1.0
2951,2950,35,14,943,65,4.230769230769231,0.6181818181818182,0.01961639058413252,0.8145207852193996,1.0,0.0
2952,2951,25,4,65,168,4.208333333333333,0.43636363636363634,0.06451612903225808,0.8088373267898383,0.0,1.0
2953,2952,25,20,232,90,3.2,0.43636363636363634,0.030514385353095034,0.5534064665127022,0.0,1.0
2954,2953,18,2,114,36,3.9444444444444446,0.3090909090909091,0.006974716652136007,0.7419890300230948,0.0,1.0
2955,2954,35,14,920,191,3.2408376963350785,0.6181818181818182,0.07454228421970358,0.563751466089501,0.0,1.0
2956,2955,25,12,502,27,3.4814814814814814,0.43636363636363634,0.0030514385353095034,0.6247113163972287,0.0,1.0
2957,2956,18,4,481,64,4.453125,0.3090909090909091,0.01918047079337402,0.870847917869515,0.0,1.0
2958,2957,25,7,919,43,3.0232558139534884,0.43636363636363634,0.010026155187445512,0.5086336537945111,0.0,1.0
2959,2958,35,17,60,73,3.9726027397260273,0.6181818181818182,0.023103748910200523,0.7491220854819831,0.0,1.0
2960,2959,18,4,481,31,4.032258064516129,0.3090909090909091,0.004795117698343506,0.7642339640914848,0.0,1.0
2961,2960,50,17,919,44,3.977272727272727,0.8909090909090909,0.010462074978204013,0.7503050860802016,0.0,1.0
2962,2961,35,3,941,625,2.8992,0.6181818181818182,0.26373147340889275,0.4772078521939954,0.0,1.0
2963,2962,18,4,481,39,3.9743589743589745,0.3090909090909091,0.008282476024411508,0.7495669745958431,1.0,0.0
2964,2963,25,17,70,48,4.541666666666667,0.43636363636363634,0.012205754141238014,0.8932772806004621,0.0,1.0
2965,2964,35,4,481,27,3.5925925925925926,0.6181818181818182,0.0030514385353095034,0.6528579676674365,1.0,0.0
2966,2965,25,4,481,208,4.0625,0.43636363636363634,0.08195292066259809,0.7718948469976905,1.0,0.0
2967,2966,25,0,941,527,3.455407969639469,0.43636363636363634,0.22101133391455974,0.6181063779903678,0.0,1.0
2968,2967,18,0,481,170,3.788235294117647,0.3090909090909091,0.06538796861377508,0.7024181497079202,1.0,0.0
2969,2968,25,7,68,174,3.7126436781609193,0.43636363636363634,0.06713164777680908,0.6832692920283507,0.0,1.0
2970,2969,18,4,481,48,4.291666666666667,0.3090909090909091,0.012205754141238014,0.8299473152424943,0.0,1.0
2971,2970,25,4,481,36,3.8333333333333335,0.43636363636363634,0.006974716652136007,0.7138423787528869,0.0,1.0
2972,2971,25,4,973,169,3.497041420118343,0.43636363636363634,0.06495204882301657,0.6286529578966069,0.0,1.0
2973,2972,18,4,481,62,3.435483870967742,0.3090909090909091,0.01830863121185702,0.613059208075691,1.0,0.0
2974,2973,18,4,481,124,4.290322580645161,0.3090909090909091,0.04533565823888405,0.829606831557774,0.0,1.0
2975,2974,35,11,208,100,4.19,0.6181818181818182,0.03487358326068003,0.8041931293302542,0.0,1.0
2976,2975,18,20,860,143,3.6013986013986012,0.3090909090909091,0.05361813426329555,0.6550887045979424,0.0,1.0
2977,2976,18,4,481,21,3.238095238095238,0.3090909090909091,0.00043591979075850197,0.563056746948202,1.0,0.0
2978,2977,35,20,452,173,3.786127167630058,0.6181818181818182,0.06669572798605057,0.7018841193982033,0.0,1.0
2979,2978,35,2,452,44,4.0,0.6181818181818182,0.010462074978204013,0.7560623556581987,0.0,1.0
2980,2979,45,7,917,136,3.5955882352941178,0.7999999999999999,0.050566695727986055,0.6536168234614863,0.0,1.0
2981,2980,45,6,525,30,4.266666666666667,0.7999999999999999,0.004359197907585006,0.8236143187066975,0.0,1.0
2982,2981,25,4,549,22,3.6363636363636362,0.43636363636363634,0.0008718395815170022,0.6639460424102457,0.0,1.0
2983,2982,18,4,978,55,4.363636363636363,0.3090909090909091,0.015257192676547515,0.8481786689061517,0.0,1.0
2984,2983,25,4,481,24,3.6666666666666665,0.43636363636363634,0.0017436791630340027,0.671622401847575,0.0,1.0
2985,2984,18,4,973,184,3.532608695652174,0.3090909090909091,0.07149084568439408,0.637662855206346,0.0,1.0
2986,2985,25,4,240,720,3.433333333333333,0.43636363636363634,0.3051438535309503,0.6125144341801386,0.0,1.0
2987,2986,18,4,152,54,3.6481481481481484,0.3090909090909091,0.014821272885789015,0.6669312933025405,0.0,1.0
2988,2987,18,6,921,63,3.1587301587301586,0.3090909090909091,0.01874455100261552,0.5429519960409106,1.0,0.0
2989,2988,35,12,973,105,3.742857142857143,0.6181818181818182,0.03705318221447254,0.6909229627185748,0.0,1.0
2990,2989,35,12,452,261,3.9655172413793105,0.6181818181818182,0.10505666957279862,0.7473271880226169,0.0,1.0
2991,2990,50,1,481,58,3.9655172413793105,0.8909090909090909,0.01656495204882302,0.7473271880226169,0.0,1.0
2992,2991,18,4,148,43,3.302325581395349,0.3090909090909091,0.010026155187445512,0.5793275686127075,0.0,1.0
2993,2992,18,19,121,83,3.819277108433735,0.3090909090909091,0.027462946817785532,0.7102816578090654,0.0,1.0
2994,2993,35,5,950,377,3.2572944297082227,0.6181818181818182,0.15562336530078466,0.5679202835072071,0.0,1.0
2995,2994,25,15,973,341,3.8475073313782993,0.43636363636363634,0.13993025283347865,0.7174329339735733,0.0,1.0
2996,2995,18,0,630,477,3.146750524109015,0.3090909090909091,0.1992153443766347,0.539917316658678,0.0,1.0
2997,2996,35,16,452,167,4.0119760479041915,0.6181818181818182,0.06408020924149957,0.7590961264537899,1.0,0.0
2998,2997,25,1,452,54,3.5,0.43636363636363634,0.014821272885789015,0.6294024249422634,1.0,0.0
2999,2998,25,7,338,135,2.9407407407407407,0.43636363636363634,0.05013077593722755,0.4877309468822171,0.0,1.0
3000,2999,25,4,554,106,3.2641509433962264,0.43636363636363634,0.037489102005231034,0.569657174604558,0.0,1.0
3001,3000,18,4,947,309,3.9935275080906147,0.3090909090909091,0.12598081952920664,0.7544227449045944,0.0,1.0
3002,3001,45,11,900,147,4.217687074829932,0.7999999999999999,0.055361813426329565,0.8112068152896263,0.0,1.0
3003,3002,18,15,946,79,3.9240506329113924,0.3090909090909091,0.025719267654751524,0.7368228725114744,0.0,1.0
3004,3003,18,4,21,120,3.85,0.3090909090909091,0.04359197907585005,0.7180643764434181,1.0,0.0
3005,3004,25,17,941,111,3.8018018018018016,0.43636363636363634,0.03966870095902354,0.7058548155545846,0.0,1.0
3006,3005,18,4,457,52,4.153846153846154,0.3090909090909091,0.013949433304272014,0.7950346420323327,0.0,1.0
3007,3006,35,0,331,239,2.8702928870292888,0.6181818181818182,0.0954664341761116,0.4698851063418594,0.0,1.0
3008,3007,18,4,944,34,3.823529411764706,0.3090909090909091,0.006102877070619007,0.7113588506996333,0.0,1.0
3009,3008,35,3,551,26,4.0,0.6181818181818182,0.002615518744551003,0.7560623556581987,1.0,0.0
3010,3009,25,12,787,105,3.4380952380952383,0.43636363636363634,0.03705318221447254,0.6137207192345762,0.0,1.0
3011,3010,25,1,100,92,4.315217391304348,0.43636363636363634,0.03138622493461203,0.8359131815443317,0.0,1.0
3012,3011,25,12,786,322,2.5062111801242235,0.43636363636363634,0.13164777680906714,0.3776559787987893,0.0,1.0
3013,3012,45,17,971,467,3.4539614561027836,0.7999999999999999,0.1948561464690497,0.6177399473816954,0.0,1.0
3014,3013,35,7,64,170,3.570588235294118,0.6181818181818182,0.06538796861377508,0.6472838269256895,0.0,1.0
3015,3014,56,6,627,42,3.4285714285714284,0.9999999999999999,0.009590235396687012,0.6113081491257011,0.0,1.0
3016,3015,18,12,787,41,3.8292682926829267,0.3090909090909091,0.009154315605928512,0.7128126232186109,0.0,1.0
3017,3016,35,9,852,362,3.2845303867403315,0.6181818181818182,0.14908456843940715,0.5748196923685454,1.0,0.0
3018,3017,35,0,452,610,3.7,0.6181818181818182,0.25719267654751526,0.6800663972286375,0.0,1.0
3019,3018,50,12,973,27,4.148148148148148,0.8909090909090909,0.0030514385353095034,0.7935912240184757,0.0,1.0
3020,3019,35,7,603,170,4.017647058823529,0.6181818181818182,0.06538796861377508,0.7605327061540552,1.0,0.0
3021,3020,45,15,787,20,3.25,0.7999999999999999,0.0,0.5660724595842956,1.0,0.0
3022,3021,25,17,787,150,3.006666666666667,0.43636363636363634,0.05666957279860506,0.5044312933025406,0.0,1.0
3023,3022,25,7,921,62,3.5161290322580645,0.43636363636363634,0.01830863121185702,0.6334882291589065,1.0,0.0
3024,3023,35,17,143,218,3.63302752293578,0.6181818181818182,0.08631211857018309,0.6631009386189801,0.0,1.0
3025,3024,35,0,900,148,4.108108108108108,0.6181818181818182,0.05579773321708806,0.7834482866238062,1.0,0.0
3026,3025,18,4,457,357,2.761904761904762,0.3090909090909091,0.14690496948561466,0.44242824150445403,1.0,0.0
3027,3026,18,4,857,23,4.217391304347826,0.3090909090909091,0.0013077593722755024,0.8111318907520837,0.0,1.0
3028,3027,1,10,127,113,3.743362831858407,0.0,0.04054054054054054,0.6910510637863027,0.0,1.0
3029,3028,18,4,920,761,3.914586070959264,0.3090909090909091,0.32301656495204883,0.7344253109892478,0.0,1.0
3030,3029,35,1,481,26,3.769230769230769,0.6181818181818182,0.002615518744551003,0.6976039260969977,0.0,1.0
3031,3030,18,4,481,500,3.904,0.3090909090909091,0.20924149956408022,0.7317436489607391,0.0,1.0
3032,3031,25,0,473,1019,4.278704612365064,0.43636363636363634,0.43548387096774194,0.82666376944294,0.0,1.0
3033,3032,18,4,29,133,3.601503759398496,0.3090909090909091,0.04925893635571055,0.6551153432079043,0.0,1.0
3034,3033,18,1,331,28,3.9285714285714284,0.3090909090909091,0.0034873583260680054,0.7379680798416365,1.0,0.0
3035,3034,25,7,902,80,3.8125,0.43636363636363634,0.026155187445510025,0.708564881639723,1.0,0.0
3036,3035,56,13,148,116,4.525862068965517,0.9999999999999999,0.04184829991281605,0.8892736621008202,0.0,1.0
3037,3036,25,2,973,64,4.21875,0.43636363636363634,0.01918047079337402,0.8114760753464203,1.0,0.0
3038,3037,35,2,974,118,4.0423728813559325,0.6181818181818182,0.04272013949433305,0.7667962480917525,1.0,0.0
3039,3038,50,3,336,61,4.409836065573771,0.8909090909090909,0.01787271142109852,0.8598819709991294,1.0,0.0
3040,3039,25,8,220,24,3.5833333333333335,0.43636363636363634,0.0017436791630340027,0.6505124133949193,0.0,1.0
3041,3040,25,4,973,106,3.481132075471698,0.43636363636363634,0.037489102005231034,0.6246228049152469,0.0,1.0
3042,3041,56,1,490,73,3.8219178082191783,0.9999999999999999,0.023103748910200523,0.710950599512797,0.0,1.0
3043,3042,18,2,900,27,2.7777777777777777,0.3090909090909091,0.0030514385353095034,0.44644919168591224,0.0,1.0
3044,3043,35,16,773,304,4.016447368421052,0.6181818181818182,0.12380122057541412,0.7602288007475386,0.0,1.0
3045,3044,45,1,906,148,4.277027027027027,0.7999999999999999,0.05579773321708806,0.8262388037575683,0.0,1.0
3046,3045,1,4,463,77,3.3376623376623376,0.0,0.024847428073234524,0.5882790708137129,0.0,1.0
3047,3046,25,4,941,70,3.642857142857143,0.43636363636363634,0.021795989537925022,0.6655909765753877,1.0,0.0
3048,3047,18,2,20,70,3.914285714285714,0.3090909090909091,0.021795989537925022,0.734349224678324,0.0,1.0
3049,3048,50,0,24,71,4.267605633802817,0.8909090909090909,0.022231909328683522,0.8238521777315162,1.0,0.0
3050,3049,35,12,940,64,3.65625,0.6181818181818182,0.01918047079337402,0.6689836532909932,0.0,1.0
3051,3050,18,17,940,408,3.264705882352941,0.3090909090909091,0.16913687881429817,0.5697977516641761,0.0,1.0
3052,3051,35,12,100,81,3.2222222222222223,0.6181818181818182,0.026591107236268532,0.5590357967667438,0.0,1.0
3053,3052,25,3,551,184,3.25,0.43636363636363634,0.07149084568439408,0.5660724595842956,1.0,0.0
3054,3053,18,4,440,526,3.5076045627376424,0.3090909090909091,0.22057541412380124,0.6313288117212129,0.0,1.0
3055,3054,25,3,985,287,3.5121951219512195,0.43636363636363634,0.11639058413251963,0.632491691545091,1.0,0.0
3056,3055,25,18,103,263,3.653992395437262,0.43636363636363634,0.10592850915431562,0.6684117572159924,0.0,1.0
3057,3056,25,12,554,161,3.472049689440994,0.43636363636363634,0.06146469049694857,0.6223220561444781,1.0,0.0
3058,3057,18,12,551,145,3.696551724137931,0.3090909090909091,0.054489973844812564,0.6791928804650793,0.0,1.0
3059,3058,35,0,750,44,4.0,0.6181818181818182,0.010462074978204013,0.7560623556581987,0.0,1.0
3060,3059,35,1,927,37,3.5675675675675675,0.6181818181818182,0.0074106364428945075,0.6465186317957681,1.0,0.0
3061,3060,45,2,294,32,4.125,0.7999999999999999,0.005231037489102006,0.7877273383371826,0.0,1.0
3062,3061,18,4,31,64,3.296875,0.3090909090909091,0.01918047079337402,0.5779468280889146,0.0,1.0
3063,3062,18,4,31,64,3.6875,0.3090909090909091,0.01918047079337402,0.6768998989607391,0.0,1.0
3064,3063,35,17,900,44,4.204545454545454,0.6181818181818182,0.010462074978204013,0.8078777818601721,0.0,1.0
3065,3064,18,4,481,282,3.7943262411347516,0.3090909090909091,0.11421098517872712,0.7039611075622819,1.0,0.0
3066,3065,18,4,618,90,3.933333333333333,0.3090909090909091,0.030514385353095034,0.7391743648960739,0.0,1.0
3067,3066,25,0,21,826,3.7530266343825667,0.43636363636363634,0.3513513513513513,0.6934990969026278,1.0,0.0
3068,3067,35,9,662,21,3.761904761904762,0.6181818181818182,0.00043591979075850197,0.6957481029363247,1.0,0.0
3069,3068,18,4,974,215,2.883720930232558,0.3090909090909091,0.0850043591979076,0.47328669638541276,0.0,1.0
3070,3069,18,4,107,39,3.923076923076923,0.3090909090909091,0.008282476024411508,0.7365762124711317,1.0,0.0
3071,3070,25,1,21,26,3.076923076923077,0.43636363636363634,0.002615518744551003,0.522228637413395,0.0,1.0
3072,3071,50,1,551,210,3.380952380952381,0.8909090909090909,0.08282476024411509,0.5992452985813264,0.0,1.0
3073,3072,25,0,900,57,4.543859649122807,0.43636363636363634,0.01612903225806452,0.893832806612374,0.0,1.0
3074,3073,25,0,234,142,4.302816901408451,0.43636363636363634,0.05318221447253706,0.832771891162216,0.0,1.0
3075,3074,25,11,61,265,3.6339622641509433,0.43636363636363634,0.10680034873583262,0.6633377271340799,1.0,0.0
3076,3075,35,17,300,22,3.8181818181818183,0.6181818181818182,0.0008718395815170022,0.7100041990342222,0.0,1.0
3077,3076,18,4,432,78,3.8461538461538463,0.3090909090909091,0.025283347863993024,0.7170900692840647,0.0,1.0
3078,3077,35,1,21,32,4.0625,0.6181818181818182,0.005231037489102006,0.7718948469976905,1.0,0.0
3079,3078,25,1,554,86,3.883720930232558,0.43636363636363634,0.028770706190061033,0.7266065578172834,1.0,0.0
3080,3079,25,20,554,551,3.88021778584392,0.43636363636363634,0.23147340889276374,0.7257191417661779,0.0,1.0
3081,3080,25,7,772,384,4.0390625,0.43636363636363634,0.15867480383609417,0.7659576627453812,0.0,1.0
3082,3081,35,6,454,370,3.372972972972973,0.6181818181818182,0.15257192676547515,0.5972239560576744,1.0,0.0
3083,3082,50,0,974,99,3.8484848484848486,0.8909090909090909,0.03443766346992154,0.7176805584715517,1.0,0.0
3084,3083,25,16,15,78,3.7051282051282053,0.43636363636363634,0.025283347863993024,0.6813654734411086,0.0,1.0
3085,3084,25,4,787,123,4.170731707317073,0.43636363636363634,0.044899738448125545,0.7993120880977864,0.0,1.0
3086,3085,18,12,981,113,4.221238938053097,0.3090909090909091,0.04054054054054054,0.8121065727891434,0.0,1.0
3087,3086,1,1,908,297,3.919191919191919,0.0,0.12074978204010464,0.7355920638253203,1.0,0.0
3088,3087,25,4,871,50,4.02,0.43636363636363634,0.013077593722755014,0.761128752886836,1.0,0.0
3089,3088,45,16,934,53,4.339622641509434,0.7999999999999999,0.014385353095030515,0.8420955161444945,0.0,1.0
3090,3089,25,2,900,62,3.6451612903225805,0.43636363636363634,0.01830863121185702,0.666174662892051,0.0,1.0
3091,3090,25,0,191,64,3.75,0.43636363636363634,0.01918047079337402,0.692732390300231,1.0,0.0
3092,3091,35,15,981,53,4.018867924528302,0.6181818181818182,0.014385353095030515,0.7608419756852152,0.0,1.0
3093,3092,45,20,891,179,3.798882681564246,0.7999999999999999,0.06931124673060157,0.705115344420504,1.0,0.0
3094,3093,35,0,300,41,3.658536585365854,0.6181818181818182,0.009154315605928512,0.6695628907790233,0.0,1.0
3095,3094,25,3,68,174,3.896551724137931,0.43636363636363634,0.06713164777680908,0.7298568527514534,1.0,0.0
3096,3095,45,3,380,197,4.106598984771574,0.7999999999999999,0.07715780296425459,0.7830659957093118,1.0,0.0
3097,3096,25,5,100,63,3.634920634920635,0.43636363636363634,0.01874455100261552,0.6635805014846586,1.0,0.0
3098,3097,25,4,551,92,3.369565217391304,0.43636363636363634,0.03138622493461203,0.5963607038859323,0.0,1.0
3099,3098,25,17,209,159,3.2830188679245285,0.43636363636363634,0.06059285091543157,0.5744367946315745,0.0,1.0
3100,3099,25,6,914,55,4.2,0.43636363636363634,0.015257192676547515,0.8067263279445729,1.0,0.0
3101,3100,18,15,911,270,4.148148148148148,0.3090909090909091,0.10897994768962511,0.7935912240184757,0.0,1.0
3102,3101,25,12,341,34,3.4411764705882355,0.43636363636363634,0.006102877070619007,0.6145012566227416,0.0,1.0
3103,3102,25,20,641,39,4.128205128205129,0.43636363636363634,0.008282476024411508,0.7885392609699771,0.0,1.0
3104,3103,18,17,21,29,3.896551724137931,0.3090909090909091,0.003923278116826506,0.7298568527514534,0.0,1.0
3105,3104,35,12,981,120,3.9916666666666667,0.6181818181818182,0.04359197907585005,0.753951356812933,0.0,1.0
3106,3105,25,0,331,68,4.161764705882353,0.43636363636363634,0.020924149956408022,0.7970405685368838,0.0,1.0
3107,3106,25,17,926,72,3.5555555555555554,0.43636363636363634,0.022667829119442023,0.6434757505773672,0.0,1.0
3108,3107,50,6,220,484,3.68801652892562,0.8909090909090909,0.20226678291194422,0.6770307459966027,0.0,1.0
3109,3108,25,11,432,57,3.526315789473684,0.43636363636363634,0.01612903225806452,0.6360687370852073,1.0,0.0
3110,3109,25,0,100,300,3.6033333333333335,0.43636363636363634,0.12205754141238012,0.6555788106235567,0.0,1.0
3111,3110,18,4,565,124,3.2419354838709675,0.3090909090909091,0.04533565823888405,0.564029557475974,0.0,1.0
3112,3111,18,12,981,213,3.3896713615023475,0.3090909090909091,0.0841325196163906,0.6014539895260711,0.0,1.0
3113,3112,25,10,554,50,3.68,0.43636363636363634,0.013077593722755014,0.6750000000000002,0.0,1.0
3114,3113,18,5,652,105,3.342857142857143,0.3090909090909091,0.03705318221447254,0.5895950181458266,0.0,1.0
3115,3114,35,17,483,36,3.4166666666666665,0.6181818181818182,0.006974716652136007,0.6082924364896074,0.0,1.0
3116,3115,25,12,980,85,3.635294117647059,0.43636363636363634,0.028334786399302533,0.6636751120771635,0.0,1.0
3117,3116,35,0,837,37,4.297297297297297,0.6181818181818182,0.0074106364428945075,0.8313736658136197,0.0,1.0
3118,3117,25,0,770,570,3.543859649122807,0.43636363636363634,0.23975588491717525,0.6405129451805033,0.0,1.0
3119,3118,45,1,370,90,3.3777777777777778,0.7999999999999999,0.030514385353095034,0.5984411085450347,0.0,1.0
3120,3119,18,4,554,37,3.6216216216216215,0.3090909090909091,0.0074106364428945075,0.6602115972785719,0.0,1.0
3121,3120,25,2,321,271,3.4686346863468636,0.43636363636363634,0.10941586748038362,0.6214569680338836,0.0,1.0
3122,3121,25,7,222,27,3.111111111111111,0.43636363636363634,0.0030514385353095034,0.5308891454965359,1.0,0.0
3123,3122,25,2,904,155,3.5612903225806454,0.43636363636363634,0.05884917175239757,0.644928480965507,0.0,1.0
3124,3123,25,12,303,26,3.423076923076923,0.43636363636363634,0.002615518744551003,0.6099162817551963,0.0,1.0
3125,3124,25,7,100,354,3.7288135593220337,0.43636363636363634,0.14559721011333915,0.687365444083454,0.0,1.0
3126,3125,25,2,321,81,3.765432098765432,0.43636363636363634,0.026591107236268532,0.6966416474210931,0.0,1.0
3127,3126,25,0,100,41,4.121951219512195,0.43636363636363634,0.009154315605928512,0.7869550216864756,1.0,0.0
3128,3127,18,2,100,317,3.5236593059936907,0.3090909090909091,0.12946817785527465,0.6353957970581593,0.0,1.0
3129,3128,25,7,211,503,3.2703777335984094,0.43636363636363634,0.21054925893635573,0.5712345442357403,0.0,1.0
3130,3129,25,7,328,67,3.626865671641791,0.43636363636363634,0.02048823016564952,0.6615400193030231,0.0,1.0
3131,3130,25,2,900,77,3.3506493506493507,0.43636363636363634,0.024847428073234524,0.5915689391439969,1.0,0.0
3132,3131,35,7,984,28,3.4642857142857144,0.6181818181818182,0.0034873583260680054,0.6203552870339822,0.0,1.0
3133,3132,18,4,337,21,3.2857142857142856,0.3090909090909091,0.00043591979075850197,0.5751195974925767,0.0,1.0
3134,3133,18,4,554,101,3.623762376237624,0.3090909090909091,0.03530950305143854,0.6607538929412573,0.0,1.0
3135,3134,25,15,123,123,4.097560975609756,0.43636363636363634,0.044899738448125545,0.7807764884808202,0.0,1.0
3136,3135,25,4,728,40,4.1,0.43636363636363634,0.008718395815170008,0.7813943418013856,1.0,0.0
3137,3136,25,11,112,51,3.4313725490196076,0.43636363636363634,0.013513513513513514,0.6120177285694879,0.0,1.0
3138,3137,35,17,462,212,3.3443396226415096,0.6181818181818182,0.08369659982563209,0.5899705597193778,0.0,1.0
3139,3138,56,13,891,59,4.11864406779661,0.9999999999999999,0.01700087183958152,0.7861172544721493,0.0,1.0
3140,3139,25,4,787,323,3.9009287925696596,0.43636363636363634,0.13208369659982563,0.7309656511200567,1.0,0.0
3141,3140,25,14,816,61,4.114754098360656,0.43636363636363634,0.01787271142109852,0.7851318479536593,0.0,1.0
3142,3141,25,20,857,94,4.074468085106383,0.43636363636363634,0.03225806451612903,0.7749266006584443,0.0,1.0
3143,3142,50,16,902,212,3.3537735849056602,0.8909090909090909,0.08369659982563209,0.592360369732886,1.0,0.0
3144,3143,25,7,852,35,3.6857142857142855,0.43636363636363634,0.006538796861377507,0.676447542065325,1.0,0.0
3145,3144,18,4,21,111,3.72972972972973,0.3090909090909091,0.03966870095902354,0.6875975282441796,0.0,1.0
3146,3145,25,0,316,62,3.7580645161290325,0.43636363636363634,0.01830863121185702,0.6947752924085526,0.0,1.0
3147,3146,25,14,493,211,3.4834123222748814,0.43636363636363634,0.0832606800348736,0.6252004367194598,0.0,1.0
3148,3147,18,20,728,102,3.696078431372549,0.3090909090909091,0.03574542284219703,0.6790729860073361,0.0,1.0
3149,3148,18,4,926,27,4.111111111111111,0.3090909090909091,0.0030514385353095034,0.7842090069284064,0.0,1.0
3150,3149,25,3,928,77,3.883116883116883,0.43636363636363634,0.024847428073234524,0.7264535406856424,1.0,0.0
3151,3150,25,0,928,172,4.122093023255814,0.43636363636363634,0.06625980819529208,0.7869909433911595,1.0,0.0
3152,3151,18,4,618,31,3.0,0.3090909090909091,0.004795117698343506,0.502742494226328,0.0,1.0
3153,3152,25,4,731,44,3.6136363636363638,0.43636363636363634,0.010462074978204013,0.6581887728322486,1.0,0.0
3154,3153,25,4,956,189,3.761904761904762,0.43636363636363634,0.07367044463818657,0.6957481029363247,1.0,0.0
3155,3154,25,7,551,85,4.035294117647059,0.43636363636363634,0.028334786399302533,0.7650030566499118,0.0,1.0
3156,3155,35,7,76,64,3.40625,0.6181818181818182,0.01918047079337402,0.6056536879330254,0.0,1.0
3157,3156,25,12,928,159,3.559748427672956,0.43636363636363634,0.06059285091543157,0.6445378883611487,0.0,1.0
3158,3157,25,15,152,296,3.918918918918919,0.43636363636363634,0.12031386224934612,0.735522907433993,0.0,1.0
3159,3158,25,15,152,238,4.033613445378151,0.43636363636363634,0.09503051438535311,0.7645773089836396,1.0,0.0
3160,3159,25,17,775,25,4.04,0.43636363636363634,0.002179598953792503,0.7661951501154736,0.0,1.0
3161,3160,25,7,554,71,4.140845070422535,0.43636363636363634,0.022231909328683522,0.7917412093809972,0.0,1.0
3162,3161,25,1,88,82,2.8780487804878048,0.43636363636363634,0.027027027027027032,0.4718498281980511,0.0,1.0
3163,3162,18,15,956,858,3.9324009324009324,0.3090909090909091,0.3653007846556234,0.7389381692210792,0.0,1.0
3164,3163,18,12,551,30,3.5,0.3090909090909091,0.004359197907585006,0.6294024249422634,0.0,1.0
3165,3164,35,7,606,30,3.7,0.6181818181818182,0.004359197907585006,0.6800663972286375,0.0,1.0
3166,3165,18,4,326,40,3.925,0.3090909090909091,0.008718395815170008,0.7370633660508084,0.0,1.0
3167,3166,25,2,770,220,4.031818181818182,0.43636363636363634,0.08718395815170009,0.7641225330673946,0.0,1.0
3168,3167,35,5,945,30,3.3333333333333335,0.6181818181818182,0.004359197907585006,0.5871824480369516,1.0,0.0
3169,3168,50,0,235,129,3.7674418604651163,0.8909090909090909,0.04751525719267655,0.6971507599763683,0.0,1.0
3170,3169,25,0,84,73,3.904109589041096,0.43636363636363634,0.023103748910200523,0.731771410041444,0.0,1.0
3171,3170,50,3,101,132,4.181818181818182,0.8909090909090909,0.048823016564952054,0.8021205122821751,1.0,0.0
3172,3171,18,12,554,108,3.5833333333333335,0.3090909090909091,0.038360941586748035,0.6505124133949193,0.0,1.0
3173,3172,25,12,553,95,4.168421052631579,0.43636363636363634,0.03269398430688754,0.79872675337304,0.0,1.0
3174,3173,18,14,100,87,3.6436781609195403,0.3090909090909091,0.029206625980819533,0.6657989567571874,1.0,0.0
3175,3174,35,16,100,87,4.091954022988506,0.6181818181818182,0.029206625980819533,0.7793561360197501,0.0,1.0
3176,3175,25,17,951,21,3.380952380952381,0.43636363636363634,0.00043591979075850197,0.5992452985813264,0.0,1.0
3177,3176,25,6,941,61,4.180327868852459,0.43636363636363634,0.01787271142109852,0.8017429864082082,1.0,0.0
3178,3177,35,5,443,212,2.75,0.6181818181818182,0.08369659982563209,0.43941252886836035,1.0,0.0
3179,3178,18,20,21,25,3.2,0.3090909090909091,0.002179598953792503,0.5534064665127022,1.0,0.0
3180,3179,25,14,74,490,2.86734693877551,0.43636363636363634,0.2048823016564952,0.4691388391384268,0.0,1.0
3181,3180,25,12,74,25,4.36,0.43636363636363634,0.002179598953792503,0.8472575057736722,0.0,1.0
3182,3181,25,12,128,626,3.0782747603833864,0.43636363636363634,0.26416739319965127,0.5225710456802604,0.0,1.0
3183,3182,50,7,605,111,3.3513513513513513,0.8909090909090909,0.03966870095902354,0.5917467698645528,0.0,1.0
3184,3183,25,18,212,105,3.8285714285714287,0.43636363636363634,0.03705318221447254,0.7126360936984495,1.0,0.0
3185,3184,18,7,553,90,3.988888888888889,0.3090909090909091,0.030514385353095034,0.753247690531178,0.0,1.0
3186,3185,50,1,921,37,3.7837837837837838,0.8909090909090909,0.0074106364428945075,0.7012904937269834,0.0,1.0
3187,3186,35,12,329,27,4.333333333333333,0.6181818181818182,0.0030514385353095034,0.8405023094688222,0.0,1.0
3188,3187,56,13,553,21,4.238095238095238,0.9999999999999999,0.00043591979075850197,0.8163766083800728,0.0,1.0
3189,3188,25,16,902,525,3.182857142857143,0.43636363636363634,0.22013949433304272,0.5490638403167272,0.0,1.0
3190,3189,1,17,970,36,3.9444444444444446,0.0,0.006974716652136007,0.7419890300230948,0.0,1.0
3191,3190,25,12,277,406,3.147783251231527,0.43636363636363634,0.1682650392327812,0.5401789269502498,0.0,1.0
3192,3191,18,4,29,150,4.3,0.3090909090909091,0.05666957279860506,0.8320583140877598,0.0,1.0
3193,3192,25,0,920,190,3.1473684210526316,0.43636363636363634,0.07410636442894508,0.5400738422268142,0.0,1.0
3194,3193,25,15,926,34,3.735294117647059,0.43636363636363634,0.006102877070619007,0.6890070982203506,0.0,1.0
3195,3194,18,4,802,192,3.5,0.3090909090909091,0.07497820401046208,0.6294024249422634,0.0,1.0
3196,3195,18,4,452,305,3.232786885245902,0.3090909090909091,0.12423714036617264,0.5617120357399766,1.0,0.0
3197,3196,18,14,941,136,3.323529411764706,0.3090909090909091,0.050566695727986055,0.5846989199836979,1.0,0.0
3198,3197,25,12,941,105,4.104761904761904,0.43636363636363634,0.03705318221447254,0.7826006268558232,0.0,1.0
3199,3198,18,0,571,100,3.47,0.3090909090909091,0.03487358326068003,0.6218028290993073,0.0,1.0
3200,3199,25,1,981,159,3.7861635220125787,0.43636363636363634,0.06059285091543157,0.7018933286853458,1.0,0.0
3201,3200,45,7,352,446,4.082959641255606,0.7999999999999999,0.1857018308631212,0.7770776804855064,0.0,1.0
3202,3201,18,4,240,143,3.4615384615384617,0.3090909090909091,0.05361813426329555,0.6196593533487299,1.0,0.0
3203,3202,35,0,902,162,4.049382716049383,0.6181818181818182,0.061900610287707075,0.7685719784449578,0.0,1.0
3204,3203,45,16,803,48,4.395833333333333,0.7999999999999999,0.012205754141238014,0.856334800808314,0.0,1.0
3205,3204,35,16,803,305,3.413114754098361,0.6181818181818182,0.12423714036617264,0.6073926664899861,1.0,0.0
3206,3205,18,20,440,100,3.6,0.3090909090909091,0.03487358326068003,0.6547344110854504,0.0,1.0
3207,3206,35,7,606,99,4.141414141414141,0.6181818181818182,0.03443766346992154,0.7918853663657359,0.0,1.0
3208,3207,25,14,303,384,3.3229166666666665,0.43636363636363634,0.15867480383609417,0.5845436994803695,0.0,1.0
3209,3208,25,0,215,230,2.0608695652173914,0.43636363636363634,0.0915431560592851,0.26484210262074515,0.0,1.0
3210,3209,45,0,21,149,4.5369127516778525,0.7999999999999999,0.056233653007846565,0.8920730195142366,1.0,0.0
3211,3210,50,16,200,97,4.051546391752577,0.8909090909090909,0.03356582388840454,0.7691200804742744,0.0,1.0
3212,3211,25,17,112,26,2.8846153846153846,0.43636363636363634,0.002615518744551003,0.4735132794457275,1.0,0.0
3213,3212,25,1,837,137,3.6861313868613137,0.43636363636363634,0.05100261551874455,0.6765532020700933,1.0,0.0
3214,3213,56,7,100,36,4.25,0.9999999999999999,0.006974716652136007,0.8193923210161664,1.0,0.0
3215,3214,50,13,554,36,3.25,0.8909090909090909,0.006974716652136007,0.5660724595842956,1.0,0.0
3216,3215,35,1,544,324,3.324074074074074,0.6181818181818182,0.13251961639058416,0.5848368937644343,0.0,1.0
3217,3216,35,0,926,350,3.862857142857143,0.6181818181818182,0.14385353095030515,0.7213213460903993,1.0,0.0
3218,3217,56,6,480,62,3.467741935483871,0.9999999999999999,0.01830863121185702,0.6212308165089772,0.0,1.0
3219,3218,18,4,543,142,3.7464788732394365,0.3090909090909091,0.05318221447253706,0.691840418957161,1.0,0.0
3220,3219,35,7,540,72,3.7777777777777777,0.6181818181818182,0.022667829119442023,0.6997690531177829,0.0,1.0
3221,3220,25,0,191,41,4.2926829268292686,0.43636363636363634,0.009154315605928512,0.8302047541260633,0.0,1.0
3222,3221,35,7,105,20,3.7,0.6181818181818182,0.0,0.6800663972286375,0.0,1.0
3223,3222,25,20,100,61,3.557377049180328,0.43636363636363634,0.01787271142109852,0.6439371710899937,0.0,1.0
3224,3223,25,14,934,1115,3.7928251121076233,0.43636363636363634,0.47733217088055796,0.7035808417651385,1.0,0.0
3225,3224,18,0,152,21,3.6666666666666665,0.3090909090909091,0.00043591979075850197,0.671622401847575,0.0,1.0
3226,3225,35,4,100,124,4.346774193548387,0.6181818181818182,0.04533565823888405,0.8439071463160248,0.0,1.0
3227,3226,25,14,606,342,3.7280701754385963,0.43636363636363634,0.14036617262423715,0.687177130181111,1.0,0.0
3228,3227,25,14,54,156,3.83974358974359,0.43636363636363634,0.05928509154315606,0.7154662240184758,0.0,1.0
3229,3228,56,1,931,196,3.4030612244897958,0.9999999999999999,0.07672188317349608,0.6048459077626431,1.0,0.0
3230,3229,35,16,926,149,3.912751677852349,0.6181818181818182,0.056233653007846565,0.7339606227815925,0.0,1.0
3231,3230,25,7,551,153,4.124183006535947,0.43636363636363634,0.057977332170880566,0.787520377666078,0.0,1.0
3232,3231,35,12,928,64,3.0625,0.6181818181818182,0.01918047079337402,0.5185749855658199,0.0,1.0
3233,3232,50,2,606,161,4.086956521739131,0.8909090909090909,0.06146469049694857,0.7780901696957527,0.0,1.0
3234,3233,1,0,900,21,3.857142857142857,0.0,0.00043591979075850197,0.7198738040250743,1.0,0.0
3235,3234,18,4,878,37,4.108108108108108,0.3090909090909091,0.0074106364428945075,0.7834482866238062,0.0,1.0
3236,3235,18,15,871,23,2.9130434782608696,0.3090909090909091,0.0013077593722755024,0.48071468018877406,0.0,1.0
3237,3236,35,7,54,78,3.8846153846153846,0.6181818181818182,0.025283347863993024,0.7268331408775982,0.0,1.0
3238,3237,35,7,100,32,4.46875,0.6181818181818182,0.005231037489102006,0.874806040704388,0.0,1.0
3239,3238,25,12,77,74,3.554054054054054,0.43636363636363634,0.023539668700959023,0.6430953904250671,1.0,0.0
3240,3239,18,4,554,154,3.3701298701298703,0.3090909090909091,0.05841325196163906,0.596503741639423,0.0,1.0
3241,3240,50,0,200,55,3.709090909090909,0.8909090909090909,0.015257192676547515,0.6823693050598363,1.0,0.0
3242,3241,50,13,940,210,3.5904761904761906,0.8909090909090909,0.08282476024411509,0.6523218409765755,0.0,1.0
3243,3242,25,12,981,229,3.816593886462882,0.43636363636363634,0.0911072362685266,0.7096019443912179,0.0,1.0
3244,3243,18,4,926,24,4.125,0.3090909090909091,0.0017436791630340027,0.7877273383371826,1.0,0.0
3245,3244,18,2,88,79,2.607594936708861,0.3090909090909091,0.025719267654751524,0.40333849796825216,0.0,1.0
3246,3245,35,1,852,232,3.310344827586207,0.6181818181818182,0.0924149956408021,0.5813590029465637,1.0,0.0
3247,3246,35,15,926,29,3.896551724137931,0.6181818181818182,0.003923278116826506,0.7298568527514534,0.0,1.0
3248,3247,25,7,941,84,3.5476190476190474,0.43636363636363634,0.027898866608544032,0.6414652754866381,1.0,0.0
3249,3248,25,4,926,65,3.7384615384615385,0.43636363636363634,0.01961639058413252,0.689809468822171,1.0,0.0
3250,3249,25,4,900,124,3.2419354838709675,0.43636363636363634,0.04533565823888405,0.564029557475974,0.0,1.0
3251,3250,35,17,153,56,4.464285714285714,0.6181818181818182,0.01569311246730602,0.8736751484658529,0.0,1.0
3252,3251,50,0,760,35,2.8857142857142857,0.8909090909090909,0.006538796861377507,0.4737916529198285,0.0,1.0
3253,3252,35,4,265,167,3.856287425149701,0.6181818181818182,0.06408020924149957,0.7196571061111036,1.0,0.0
3254,3253,35,6,958,23,3.5217391304347827,0.6181818181818182,0.0013077593722755024,0.6349093784516519,1.0,0.0
3255,3254,25,15,919,45,3.6222222222222222,0.43636363636363634,0.010897994768962513,0.6603637413394919,1.0,0.0
3256,3255,25,15,921,58,4.068965517241379,0.43636363636363634,0.01656495204882302,0.773532690929362,0.0,1.0
3257,3256,25,14,941,81,4.2592592592592595,0.43636363636363634,0.026591107236268532,0.8217378752886837,0.0,1.0
3258,3257,45,6,23,40,3.85,0.7999999999999999,0.008718395815170008,0.7180643764434181,0.0,1.0
3259,3258,18,4,956,395,4.045569620253165,0.3090909090909091,0.16346992153443768,0.7676060455462335,1.0,0.0
3260,3259,25,4,445,228,3.9078947368421053,0.43636363636363634,0.0906713164777681,0.7327302631578948,0.0,1.0
3261,3260,45,20,875,539,3.2430426716141003,0.7999999999999999,0.22624237140366174,0.5643100301216435,0.0,1.0
3262,3261,25,14,553,91,3.3626373626373627,0.43636363636363634,0.030950305143853534,0.5946057406796438,0.0,1.0
3263,3262,50,11,660,113,3.9292035398230087,0.8909090909090909,0.04054054054054054,0.7381282061762963,0.0,1.0
3264,3263,25,1,945,28,2.75,0.43636363636363634,0.0034873583260680054,0.43941252886836035,1.0,0.0
3265,3264,25,15,537,508,2.8484251968503935,0.43636363636363634,0.21272885789014823,0.4643455860959066,0.0,1.0
3266,3265,25,4,956,151,4.357615894039735,0.43636363636363634,0.057105492589363566,0.8466535643821789,1.0,0.0
3267,3266,25,4,787,98,3.857142857142857,0.43636363636363634,0.03400174367916303,0.7198738040250743,0.0,1.0
3268,3267,25,12,41,67,3.8656716417910446,0.43636363636363634,0.02048823016564952,0.7220343145703354,0.0,1.0
3269,3268,18,20,452,83,3.855421686746988,0.3090909090909091,0.027462946817785532,0.719437797378892,1.0,0.0
3270,3269,18,11,452,122,3.6639344262295084,0.3090909090909091,0.04446381865736705,0.6709302710786357,0.0,1.0
3271,3270,35,0,927,336,3.8214285714285716,0.6181818181818182,0.13775065387968616,0.7108266661167932,1.0,0.0
3272,3271,35,0,83,836,3.77511961722488,0.6181818181818182,0.35571054925893636,0.6990956882548593,0.0,1.0
3273,3272,35,7,112,20,4.1,0.6181818181818182,0.0,0.7813943418013856,0.0,1.0
3274,3273,25,20,20,198,3.242424242424242,0.43636363636363634,0.07759372275501308,0.5641533697249632,0.0,1.0
3275,3274,35,7,100,21,3.4761904761904763,0.6181818181818182,0.00043591979075850197,0.6233709996700759,0.0,1.0
3276,3275,25,20,553,29,3.0689655172413794,0.43636363636363634,0.003923278116826506,0.5202128294974915,0.0,1.0
3277,3276,25,17,941,150,4.053333333333334,0.43636363636363634,0.05666957279860506,0.7695727482678985,0.0,1.0
3278,3277,35,7,100,46,3.869565217391304,0.6181818181818182,0.011333914559721013,0.7230206346018677,0.0,1.0
3279,3278,45,15,928,105,2.6857142857142855,0.7999999999999999,0.03705318221447254,0.4231276806334543,0.0,1.0
3280,3279,25,7,334,649,2.782742681047766,0.43636363636363634,0.27419354838709675,0.4477069002942884,0.0,1.0
3281,3280,25,17,797,190,4.031578947368421,0.43636363636363634,0.07410636442894508,0.7640619302297313,0.0,1.0
3282,3281,45,3,200,24,4.5,0.7999999999999999,0.0017436791630340027,0.882722286374134,0.0,1.0
3283,3282,35,16,662,246,3.597560975609756,0.6181818181818182,0.09851787271142111,0.6541165577648849,0.0,1.0
3284,3283,25,6,481,41,4.2926829268292686,0.43636363636363634,0.009154315605928512,0.8302047541260633,0.0,1.0
3285,3284,25,4,447,627,3.419457735247209,0.43636363636363634,0.26460331299040973,0.6089994695956773,0.0,1.0
3286,3285,35,7,800,28,4.285714285714286,0.6181818181818182,0.0034873583260680054,0.8284394589244475,1.0,0.0
3287,3286,56,13,275,24,4.583333333333333,0.9999999999999999,0.0017436791630340027,0.9038322748267897,0.0,1.0
3288,3287,25,14,941,26,3.576923076923077,0.43636363636363634,0.002615518744551003,0.6488885681293304,0.0,1.0
3289,3288,45,6,956,75,3.84,0.7999999999999999,0.023975588491717523,0.7155311778290994,0.0,1.0
3290,3289,25,14,902,176,2.6818181818181817,0.43636363636363634,0.06800348735832608,0.4221407201343691,0.0,1.0
3291,3290,25,7,275,20,3.75,0.43636363636363634,0.0,0.692732390300231,1.0,0.0
3292,3291,50,6,794,939,4.021299254526092,0.8909090909090909,0.4006102877070619,0.7614578798633505,1.0,0.0
3293,3292,45,14,373,45,3.2888888888888888,0.7999999999999999,0.010897994768962513,0.5759237875288684,0.0,1.0
3294,3293,18,4,787,97,4.11340206185567,0.3090909090909091,0.03356582388840454,0.7847893502535654,0.0,1.0
3295,3294,18,18,921,74,3.824324324324324,0.3090909090909091,0.023539668700959023,0.7115602178390862,0.0,1.0
3296,3295,18,14,902,72,4.375,0.3090909090909091,0.022667829119442023,0.8510573036951501,0.0,1.0
3297,3296,18,4,913,126,3.238095238095238,0.3090909090909091,0.04620749782040105,0.563056746948202,0.0,1.0
3298,3297,1,10,208,32,4.4375,0.0,0.005231037489102006,0.8668897950346421,0.0,1.0
3299,3298,25,4,191,302,4.052980132450331,0.43636363636363634,0.12292938099389714,0.7694832754691587,1.0,0.0
3300,3299,35,5,191,362,3.9640883977900554,0.6181818181818182,0.14908456843940715,0.7469652335625792,0.0,1.0
3301,3300,25,2,857,310,3.696774193548387,0.43636363636363634,0.12641673931996514,0.6792492363853089,1.0,0.0
3302,3301,25,17,740,86,3.4767441860465116,0.43636363636363634,0.028770706190061033,0.6235112653740803,0.0,1.0
3303,3302,56,17,64,25,4.4,0.9999999999999999,0.002179598953792503,0.8573903002309471,0.0,1.0
3304,3303,45,5,926,170,4.1647058823529415,0.7999999999999999,0.06538796861377508,0.7977856269528598,1.0,0.0
3305,3304,56,20,947,104,4.278846153846154,0.9999999999999999,0.036617262423714034,0.8266996247113165,0.0,1.0
3306,3305,45,14,600,51,4.666666666666667,0.7999999999999999,0.013513513513513514,0.924942263279446,0.0,1.0
3307,3306,50,6,906,26,3.6153846153846154,0.8909090909090909,0.002615518744551003,0.6586316397228638,0.0,1.0
3308,3307,18,20,157,708,3.189265536723164,0.3090909090909091,0.2999128160418483,0.5506872137628686,1.0,0.0
3309,3308,25,17,207,271,3.6457564575645756,0.43636363636363634,0.10941586748038362,0.666325430575322,0.0,1.0
3310,3309,45,14,125,66,4.121212121212121,0.7999999999999999,0.02005231037489102,0.7867677934075163,0.0,1.0
3311,3310,25,4,900,920,2.7782608695652176,0.43636363636363634,0.3923278116826504,0.44657156843056545,0.0,1.0
3312,3311,18,4,900,665,3.001503759398496,0.3090909090909091,0.28116826503923276,0.5031234263487819,1.0,0.0
3313,3312,35,20,902,473,3.613107822410148,0.6181818181818182,0.1974716652136007,0.6580548828420626,0.0,1.0
3314,3313,25,7,65,334,4.002994011976048,0.43636363636363634,0.13687881429816914,0.7568207983570965,0.0,1.0
3315,3314,25,12,787,182,4.021978021978022,0.43636363636363634,0.07061900610287708,0.7616298251402178,0.0,1.0
3316,3315,1,19,925,42,4.0,0.0,0.009590235396687012,0.7560623556581987,0.0,1.0
3317,3316,25,4,787,110,3.9727272727272727,0.43636363636363634,0.039232781168265035,0.7491536321646022,0.0,1.0
3318,3317,56,13,300,70,4.242857142857143,0.9999999999999999,0.021795989537925022,0.8175828934345102,0.0,1.0
3319,3318,56,13,923,123,3.4390243902439024,0.9999999999999999,0.044899738448125545,0.6139560919281248,1.0,0.0
3320,3319,25,1,560,559,3.1270125223613596,0.43636363636363634,0.23496076721883175,0.53491728879102,0.0,1.0
3321,3320,35,1,953,84,4.0,0.6181818181818182,0.027898866608544032,0.7560623556581987,0.0,1.0
3322,3321,18,4,685,48,4.270833333333333,0.3090909090909091,0.012205754141238014,0.8246698181293302,1.0,0.0
3323,3322,35,14,117,126,3.8412698412698414,0.6181818181818182,0.04620749782040105,0.7158528538436161,0.0,1.0
3324,3323,35,17,480,21,4.904761904761905,0.6181818181818182,0.00043591979075850197,0.9852565160013198,0.0,1.0
3325,3324,35,14,391,26,2.4615384615384617,0.6181818181818182,0.002615518744551003,0.3663394919168592,1.0,0.0
3326,3325,45,7,641,38,3.9473684210526314,0.7999999999999999,0.007846556233653008,0.7427297313723107,0.0,1.0
3327,3326,18,12,914,358,3.505586592178771,0.3090909090909091,0.14734088927637315,0.630817619698866,0.0,1.0
3328,3327,56,19,917,273,3.4835164835164836,0.9999999999999999,0.11028770706190062,0.625226822830749,0.0,1.0
3329,3328,50,18,726,138,3.5072463768115942,0.8909090909090909,0.051438535309503056,0.6312380761120595,0.0,1.0
3330,3329,35,1,479,24,3.8333333333333335,0.6181818181818182,0.0017436791630340027,0.7138423787528869,1.0,0.0
3331,3330,25,7,68,140,3.6142857142857143,0.43636363636363634,0.052310374891020056,0.6583532662487629,1.0,0.0
3332,3331,25,7,68,102,3.127450980392157,0.43636363636363634,0.03574542284219703,0.5350283589186252,0.0,1.0
3333,3332,18,16,294,192,3.53125,0.3090909090909091,0.07497820401046208,0.6373186706120093,0.0,1.0
3334,3333,35,0,91,100,3.89,0.6181818181818182,0.03487358326068003,0.7281971709006929,0.0,1.0
3335,3334,25,0,100,27,4.074074074074074,0.43636363636363634,0.0030514385353095034,0.7748267898383374,0.0,1.0
3336,3335,35,17,934,667,2.7481259370314843,0.6181818181818182,0.28204010462074974,0.4389377914968613,0.0,1.0
3337,3336,25,4,972,81,3.7160493827160495,0.43636363636363634,0.026591107236268532,0.6841320246343342,0.0,1.0
3338,3337,45,16,80,40,3.975,0.7999999999999999,0.008718395815170008,0.7497293591224019,0.0,1.0
3339,3338,25,17,441,83,4.0120481927710845,0.43636363636363634,0.027462946817785532,0.7591144021814742,0.0,1.0
3340,3339,45,16,480,119,3.957983193277311,0.7999999999999999,0.043156059285091544,0.7454186640013973,0.0,1.0
3341,3340,25,20,917,151,3.9602649006622515,0.43636363636363634,0.057105492589363566,0.7459966657999786,0.0,1.0
3342,3341,25,5,927,58,3.310344827586207,0.43636363636363634,0.01656495204882302,0.5813590029465637,1.0,0.0
3343,3342,18,4,799,49,4.122448979591836,0.3090909090909091,0.012641673931996514,0.7870811142008767,1.0,0.0
3344,3343,35,0,89,56,4.392857142857143,0.6181818181818182,0.01569311246730602,0.8555808726492908,0.0,1.0
3345,3344,25,7,186,141,3.5460992907801416,0.43636363636363634,0.05274629468177855,0.6410802908947963,0.0,1.0
3346,3345,35,7,540,229,3.7816593886462884,0.6181818181818182,0.0911072362685266,0.7007523422451265,0.0,1.0
3347,3346,35,7,913,45,4.4,0.6181818181818182,0.010897994768962513,0.8573903002309471,1.0,0.0
3348,3347,45,16,945,48,4.0,0.7999999999999999,0.012205754141238014,0.7560623556581987,0.0,1.0
3349,3348,18,4,920,143,3.6853146853146854,0.3090909090909091,0.05361813426329555,0.6763463153474701,1.0,0.0
3350,3349,18,0,208,46,4.326086956521739,0.3090909090909091,0.011333914559721013,0.8386666582990261,1.0,0.0
3351,3350,18,5,928,29,4.0,0.3090909090909091,0.003923278116826506,0.7560623556581987,1.0,0.0
3352,3351,35,0,305,96,3.4895833333333335,0.6181818181818182,0.03312990409764603,0.6267636763856814,0.0,1.0
3353,3352,35,17,926,235,3.872340425531915,0.6181818181818182,0.0937227550130776,0.7237236499434918,0.0,1.0
3354,3353,25,7,186,33,2.9393939393939394,0.43636363636363634,0.0056669572798605065,0.48738977535166916,0.0,1.0
3355,3354,25,1,400,33,3.9393939393939394,0.43636363636363634,0.0056669572798605065,0.7407096367835398,0.0,1.0
3356,3355,35,7,950,239,4.401673640167364,0.6181818181818182,0.0954664341761116,0.8578142665262305,0.0,1.0
3357,3356,25,18,640,69,4.072463768115942,0.43636363636363634,0.021360069747166522,0.7744188673561605,0.0,1.0
3358,3357,25,1,917,232,3.8017241379310347,0.43636363636363634,0.0924149956408021,0.7058351417536037,1.0,0.0
3359,3358,25,20,229,86,3.4767441860465116,0.43636363636363634,0.028770706190061033,0.6235112653740803,0.0,1.0
3360,3359,25,0,926,58,3.4827586206896552,0.43636363636363634,0.01656495204882302,0.6250348411244725,1.0,0.0
3361,3360,25,4,917,161,3.8447204968944098,0.43636363636363634,0.06146469049694857,0.7167269734482808,0.0,1.0
3362,3361,25,0,902,77,3.5584415584415585,0.43636363636363634,0.024847428073234524,0.6442068324285415,1.0,0.0
3363,3362,35,9,40,242,3.5371900826446283,0.6181818181818182,0.09677419354838711,0.6388234115244404,1.0,0.0
3364,3363,56,13,170,112,3.625,0.9999999999999999,0.04010462074978205,0.6610674076212472,0.0,1.0
3365,3364,50,17,230,345,4.156521739130435,0.8909090909090909,0.14167393199651265,0.7957124209257957,0.0,1.0
3366,3365,35,14,87,27,3.740740740740741,0.6181818181818182,0.0030514385353095034,0.6903868360277138,0.0,1.0
3367,3366,50,16,100,355,4.261971830985916,0.8909090909090909,0.14603312990409767,0.8224250235826043,0.0,1.0
3368,3367,25,14,554,97,3.6391752577319587,0.43636363636363634,0.03356582388840454,0.664658281945668,0.0,1.0
3369,3368,45,18,147,32,3.90625,0.7999999999999999,0.005231037489102006,0.7323136186489608,0.0,1.0
3370,3369,18,4,928,198,3.3636363636363638,0.3090909090909091,0.07759372275501308,0.594858807474281,0.0,1.0
3371,3370,25,2,554,483,3.43064182194617,0.43636363636363634,0.20183086312118573,0.6118326208885001,0.0,1.0
3372,3371,56,13,551,31,4.258064516129032,0.9999999999999999,0.004795117698343506,0.8214352231244879,0.0,1.0
3373,3372,18,16,947,32,3.5,0.3090909090909091,0.005231037489102006,0.6294024249422634,0.0,1.0
3374,3373,35,5,648,104,3.9326923076923075,0.6181818181818182,0.036617262423714034,0.739011980369515,0.0,1.0
3375,3374,25,4,891,27,3.740740740740741,0.43636363636363634,0.0030514385353095034,0.6903868360277138,0.0,1.0
3376,3375,35,16,108,20,3.35,0.6181818181818182,0.0,0.5914044457274827,0.0,1.0
3377,3376,25,17,35,168,3.982142857142857,0.43636363636363634,0.06451612903225808,0.7515387867040582,0.0,1.0
3378,3377,18,4,481,235,3.578723404255319,0.3090909090909091,0.0937227550130776,0.6493446267996659,0.0,1.0
3379,3378,35,1,200,39,3.717948717948718,0.6181818181818182,0.008282476024411508,0.6846131639722864,0.0,1.0
3380,3379,50,0,208,453,3.752759381898455,0.8909090909090909,0.1887532693984307,0.6934313965403852,0.0,1.0
3381,3380,25,0,966,29,3.4827586206896552,0.43636363636363634,0.003923278116826506,0.6250348411244725,0.0,1.0
3382,3381,1,10,553,56,3.392857142857143,0.0,0.01569311246730602,0.60226101121742,1.0,0.0
3383,3382,56,16,30,51,3.607843137254902,0.9999999999999999,0.013513513513513514,0.6567212335280533,0.0,1.0
3384,3383,35,7,913,126,3.5714285714285716,0.6181818181818182,0.04620749782040105,0.6474967007588256,0.0,1.0
3385,3384,25,9,322,36,3.3333333333333335,0.43636363636363634,0.006974716652136007,0.5871824480369516,1.0,0.0
3386,3385,18,4,554,148,3.7094594594594597,0.3090909090909091,0.05579773321708806,0.6824626661881282,0.0,1.0
3387,3386,18,1,947,137,3.3795620437956204,0.3090909090909091,0.05100261551874455,0.5988930985654322,0.0,1.0
3388,3387,25,1,926,21,3.6666666666666665,0.43636363636363634,0.00043591979075850197,0.671622401847575,1.0,0.0
3389,3388,18,0,136,572,2.826923076923077,0.3090909090909091,0.24062772449869224,0.45889867205542734,0.0,1.0
3390,3389,45,20,24,203,4.187192118226601,0.7999999999999999,0.07977332170880559,0.8034818371084997,1.0,0.0
3391,3390,18,4,481,1216,3.7203947368421053,0.3090909090909091,0.5213600697471665,0.6852327891394191,0.0,1.0
3392,3391,50,6,81,30,3.8,0.8909090909090909,0.004359197907585006,0.7053983833718245,0.0,1.0
3393,3392,35,12,605,267,3.5430711610486894,0.6181818181818182,0.10767218831734962,0.6403132054908272,0.0,1.0
3394,3393,35,7,900,326,3.892638036809816,0.6181818181818182,0.13339145597210114,0.7288654380198076,0.0,1.0
3395,3394,25,7,21,56,3.6964285714285716,0.43636363636363634,0.01569311246730602,0.6791616834378094,0.0,1.0
3396,3395,25,12,152,23,3.8260869565217392,0.43636363636363634,0.0013077593722755024,0.7120067275830908,0.0,1.0
3397,3396,25,5,554,29,4.068965517241379,0.43636363636363634,0.003923278116826506,0.773532690929362,0.0,1.0
3398,3397,18,20,300,55,3.6,0.3090909090909091,0.015257192676547515,0.6547344110854504,0.0,1.0
3399,3398,25,4,146,154,3.5454545454545454,0.43636363636363634,0.05841325196163906,0.6409169640982575,0.0,1.0
3400,3399,25,14,87,218,4.059633027522936,0.43636363636363634,0.08631211857018309,0.7711685859270716,0.0,1.0
3401,3400,35,7,761,837,2.95221027479092,0.6181818181818182,0.3561464690496948,0.4906364076584966,0.0,1.0
3402,3401,35,20,303,330,3.8424242424242423,0.6181818181818182,0.13513513513513514,0.7161452865840857,0.0,1.0
3403,3402,35,5,483,205,4.1414634146341465,0.6181818181818182,0.08064516129032259,0.791897848251,0.0,1.0
3404,3403,25,8,953,26,3.8076923076923075,0.43636363636363634,0.002615518744551003,0.7073469976905312,0.0,1.0
3405,3404,35,14,920,41,4.121951219512195,0.6181818181818182,0.009154315605928512,0.7869550216864756,0.0,1.0
3406,3405,25,7,852,41,4.048780487804878,0.43636363636363634,0.009154315605928512,0.7684194220695095,1.0,0.0
3407,3406,45,5,600,20,3.5,0.7999999999999999,0.0,0.6294024249422634,1.0,0.0
3408,3407,25,17,148,116,3.7672413793103448,0.43636363636363634,0.04184829991281605,0.6970999741180218,0.0,1.0
3409,3408,25,4,481,44,4.204545454545454,0.43636363636363634,0.010462074978204013,0.8078777818601721,0.0,1.0
3410,3409,35,1,206,731,3.217510259917921,0.6181818181818182,0.3099389712292938,0.5578421631287459,0.0,1.0
3411,3410,18,4,21,351,2.7321937321937324,0.3090909090909091,0.14428945074106364,0.4349018475750578,0.0,1.0
3412,3411,25,18,852,293,4.156996587030717,0.43636363636363634,0.11900610287707064,0.7958327093300965,0.0,1.0
3413,3412,25,17,920,127,4.110236220472441,0.43636363636363634,0.046643417611159546,0.7839873797530506,1.0,0.0
3414,3413,25,17,751,297,4.097643097643098,0.43636363636363634,0.12074978204010464,0.7807972916229269,0.0,1.0
3415,3414,35,7,801,166,4.0120481927710845,0.6181818181818182,0.06364428945074108,0.7591144021814742,0.0,1.0
3416,3415,25,12,208,470,3.578723404255319,0.43636363636363634,0.1961639058413252,0.6493446267996659,0.0,1.0
3417,3416,18,2,146,92,3.869565217391304,0.3090909090909091,0.03138622493461203,0.7230206346018677,1.0,0.0
3418,3417,18,3,223,211,3.7914691943127963,0.3090909090909091,0.0832606800348736,0.7032373608572399,1.0,0.0
3419,3418,45,1,168,120,4.033333333333333,0.7999999999999999,0.04359197907585005,0.7645063510392609,0.0,1.0
3420,3419,25,7,481,220,4.3545454545454545,0.43636363636363634,0.08718395815170009,0.8458757610749528,1.0,0.0
3421,3420,45,7,945,24,4.333333333333333,0.7999999999999999,0.0017436791630340027,0.8405023094688222,0.0,1.0
3422,3421,25,5,432,383,2.657963446475196,0.43636363636363634,0.15823888404533568,0.41609784188279,0.0,1.0
3423,3422,25,7,840,317,3.943217665615142,0.43636363636363634,0.12946817785527465,0.7416782625800483,0.0,1.0
3424,3423,25,6,921,71,4.197183098591549,0.43636363636363634,0.022231909328683522,0.8060127508701167,0.0,1.0
3425,3424,18,20,481,492,3.5386178861788617,0.3090909090909091,0.20575414123801222,0.6391851025178843,0.0,1.0
3426,3425,25,20,900,120,3.975,0.43636363636363634,0.04359197907585005,0.7497293591224019,0.0,1.0
3427,3426,25,14,782,38,3.763157894736842,0.43636363636363634,0.007846556233653008,0.6960655463717029,0.0,1.0
3428,3427,45,1,479,183,4.0,0.7999999999999999,0.07105492589363557,0.7560623556581987,0.0,1.0
3429,3428,25,7,946,35,3.6,0.43636363636363634,0.006538796861377507,0.6547344110854504,1.0,0.0
3430,3429,45,1,152,406,3.41871921182266,0.7999999999999999,0.1682650392327812,0.6088123869441063,1.0,0.0
3431,3430,45,6,488,62,3.806451612903226,0.7999999999999999,0.01830863121185702,0.7070327050584818,1.0,0.0
3432,3431,25,12,274,116,3.2758620689655173,0.43636363636363634,0.04184829991281605,0.572623835310982,0.0,1.0
3433,3432,18,12,551,88,3.022727272727273,0.3090909090909091,0.029642545771578033,0.5084997638043252,0.0,1.0
3434,3433,18,4,488,174,3.6264367816091956,0.3090909090909091,0.06713164777680908,0.6614313729393965,0.0,1.0
3435,3434,45,1,488,126,3.8253968253968256,0.7999999999999999,0.04620749782040105,0.7118319036621578,0.0,1.0
3436,3435,35,0,985,204,3.799019607843137,0.6181818181818182,0.08020924149956409,0.7051500305664992,0.0,1.0
3437,3436,25,0,372,50,4.5,0.43636363636363634,0.013077593722755014,0.882722286374134,1.0,0.0
3438,3437,25,0,787,80,3.55,0.43636363636363634,0.026155187445510025,0.6420684180138568,1.0,0.0
3439,3438,18,17,761,89,4.101123595505618,0.3090909090909091,0.030078465562336534,0.7816789708591743,0.0,1.0
3440,3439,56,17,328,27,4.2592592592592595,0.9999999999999999,0.0030514385353095034,0.8217378752886837,0.0,1.0
3441,3440,25,14,941,320,2.90625,0.43636363636363634,0.13077593722755013,0.47899375721709014,1.0,0.0
3442,3441,18,12,208,186,3.435483870967742,0.3090909090909091,0.07236268526591108,0.613059208075691,0.0,1.0
3443,3442,35,17,482,25,3.92,0.6181818181818182,0.002179598953792503,0.735796766743649,1.0,0.0
3444,3443,50,14,334,110,3.1,0.8909090909090909,0.039232781168265035,0.5280744803695151,0.0,1.0
3445,3444,35,20,920,144,3.8819444444444446,0.6181818181818182,0.05405405405405406,0.7261565386836029,1.0,0.0
3446,3445,25,7,306,36,4.472222222222222,0.43636363636363634,0.006974716652136007,0.8756856235565822,0.0,1.0
3447,3446,25,12,941,85,3.8588235294117648,0.43636363636363634,0.028334786399302533,0.7202995516913464,0.0,1.0
3448,3447,18,3,606,26,3.6153846153846154,0.3090909090909091,0.002615518744551003,0.6586316397228638,1.0,0.0
3449,3448,25,14,21,64,4.171875,0.43636363636363634,0.01918047079337402,0.7996017068418015,0.0,1.0
3450,3449,25,5,782,189,3.6031746031746033,0.43636363636363634,0.07367044463818657,0.6555386011217421,0.0,1.0
3451,3450,25,11,941,62,3.870967741935484,0.43636363636363634,0.01830863121185702,0.7233759219250541,1.0,0.0
3452,3451,25,14,77,85,4.458823529411765,0.43636363636363634,0.028334786399302533,0.8722914685504688,0.0,1.0
3453,3452,35,7,79,299,3.37123745819398,0.6181818181818182,0.12162162162162163,0.5967843156943469,0.0,1.0
3454,3453,18,0,921,362,3.5027624309392267,0.3090909090909091,0.14908456843940715,0.6301022035650033,0.0,1.0
3455,3454,25,0,77,23,4.043478260869565,0.43636363636363634,0.0013077593722755024,0.7670762626769758,1.0,0.0
3456,3455,25,17,544,55,4.418181818181818,0.43636363636363634,0.015257192676547515,0.8619961158933445,0.0,1.0
3457,3456,25,20,190,160,3.51875,0.43636363636363634,0.06102877070619006,0.6341521723441109,0.0,1.0
3458,3457,45,0,21,164,4.0,0.7999999999999999,0.06277244986922408,0.7560623556581987,0.0,1.0
3459,3458,18,4,762,29,3.793103448275862,0.3090909090909091,0.003923278116826506,0.7036513498447082,0.0,1.0
3460,3459,1,4,100,84,4.214285714285714,0.0,0.027898866608544032,0.8103451831078854,0.0,1.0
3461,3460,35,0,954,37,4.702702702702703,0.6181818181818182,0.0074106364428945075,0.9340709069346482,0.0,1.0
3462,3461,25,4,731,559,3.295169946332737,0.43636363636363634,0.23496076721883175,0.5775149041301897,1.0,0.0
3463,3462,25,15,803,37,3.891891891891892,0.43636363636363634,0.0074106364428945075,0.7286764246925911,0.0,1.0
3464,3463,25,14,782,371,3.6172506738544477,0.43636363636363634,0.15300784655623367,0.6591043493958655,1.0,0.0
3465,3464,25,14,453,59,3.8135593220338984,0.43636363636363634,0.01700087183958152,0.7088332289505618,0.0,1.0
3466,3465,25,14,943,37,4.162162162162162,0.43636363636363634,0.0074106364428945075,0.7971412521066101,0.0,1.0
3467,3466,25,14,554,59,4.084745762711864,0.43636363636363634,0.01700087183958152,0.7775301405253063,0.0,1.0
3468,3467,25,20,945,66,4.015151515151516,0.43636363636363634,0.02005231037489102,0.7599005353768635,0.0,1.0
3469,3468,45,17,21,459,3.8845315904139435,0.7999999999999999,0.1913687881429817,0.7268119141421003,0.0,1.0
3470,3469,35,17,498,84,3.6785714285714284,0.6181818181818182,0.027898866608544032,0.6746381144836687,0.0,1.0
3471,3470,18,4,803,824,3.1650485436893203,0.3090909090909091,0.35047951176983433,0.5445525684432386,0.0,1.0
3472,3471,25,6,331,50,4.04,0.43636363636363634,0.013077593722755014,0.7661951501154736,0.0,1.0
3473,3472,35,16,24,159,3.993710691823899,0.6181818181818182,0.06059285091543157,0.7544691489825264,1.0,0.0
3474,3473,35,11,105,200,4.435,0.6181818181818182,0.07846556233653008,0.8662564953810623,0.0,1.0
3475,3474,25,14,331,622,3.017684887459807,0.43636363636363634,0.26242371403661724,0.5072224274670846,0.0,1.0
3476,3475,50,0,441,705,2.622695035460993,0.8909090909090909,0.29860505666957277,0.4071636528917498,0.0,1.0
3477,3476,50,1,100,138,3.9565217391304346,0.8909090909090909,0.051438535309503056,0.7450484486394215,1.0,0.0
3478,3477,25,7,100,74,3.3783783783783785,0.43636363636363634,0.023539668700959023,0.5985932526059548,0.0,1.0
3479,3478,18,4,786,90,3.588888888888889,0.3090909090909091,0.030514385353095034,0.6519197459584296,0.0,1.0
3480,3479,25,0,594,47,3.7872340425531914,0.43636363636363634,0.011769834350479513,0.7021645128003539,0.0,1.0
3481,3480,18,4,941,140,3.9785714285714286,0.3090909090909091,0.052310374891020056,0.7506340729132301,0.0,1.0
3482,3481,50,17,80,71,3.8028169014084505,0.8909090909090909,0.022231909328683522,0.7061119604462804,0.0,1.0
3483,3482,45,7,302,661,3.809379727685325,0.7999999999999999,0.2794245858761988,0.7077744546893397,1.0,0.0
3484,3483,18,4,284,206,2.970873786407767,0.3090909090909091,0.08108108108108109,0.4953642458351085,0.0,1.0
3485,3484,25,0,941,48,4.25,0.43636363636363634,0.012205754141238014,0.8193923210161664,0.0,1.0
3486,3485,18,0,982,97,4.082474226804123,0.3090909090909091,0.03356582388840454,0.7769547153639198,1.0,0.0
3487,3486,18,4,606,318,3.5283018867924527,0.3090909090909091,0.12990409764603314,0.6365718549827879,0.0,1.0
3488,3487,45,17,802,21,2.8095238095238093,0.7999999999999999,0.00043591979075850197,0.45449109204882876,0.0,1.0
3489,3488,18,4,602,105,2.876190476190476,0.3090909090909091,0.03705318221447254,0.47137908281095353,0.0,1.0
3490,3489,25,0,741,244,3.889344262295082,0.43636363636363634,0.09764603312990411,0.7280310595161474,0.0,1.0
3491,3490,25,16,285,727,3.8170563961485557,0.43636363636363634,0.3081952920662598,0.7097191072807038,0.0,1.0
3492,3491,35,7,770,63,3.9206349206349205,0.6181818181818182,0.01874455100261552,0.7359576047509073,0.0,1.0
3493,3492,25,17,613,163,3.576687116564417,0.43636363636363634,0.06233653007846557,0.6488287946839711,0.0,1.0
3494,3493,25,1,286,35,3.5714285714285716,0.43636363636363634,0.006538796861377507,0.6474967007588256,0.0,1.0
3495,3494,18,4,946,21,3.2857142857142856,0.3090909090909091,0.00043591979075850197,0.5751195974925767,0.0,1.0
3496,3495,35,5,928,25,3.76,0.6181818181818182,0.002179598953792503,0.6952655889145497,0.0,1.0
3497,3496,35,2,941,92,4.184782608695652,0.6181818181818182,0.03138622493461203,0.802871460488001,1.0,0.0
3498,3497,25,17,280,117,3.7606837606837606,0.43636363636363634,0.042284219703574544,0.6954387990762125,0.0,1.0
3499,3498,25,3,770,437,3.4897025171624714,0.43636363636363634,0.1817785527462947,0.6267938680167635,0.0,1.0
3500,3499,35,7,206,62,3.7419354838709675,0.6181818181818182,0.01830863121185702,0.6906894881919095,0.0,1.0
3501,3500,35,7,303,197,4.208121827411167,0.6181818181818182,0.07715780296425459,0.8087837481389433,1.0,0.0
3502,3501,18,7,805,33,4.393939393939394,0.3090909090909091,0.0056669572798605065,0.8558550283434809,1.0,0.0
3503,3502,18,4,597,490,4.093877551020408,0.3090909090909091,0.2048823016564952,0.7798434038742519,0.0,1.0
3504,3503,18,7,22,214,3.5233644859813085,0.3090909090909091,0.08456843940714909,0.6353211132934753,0.0,1.0
3505,3504,25,15,554,100,3.62,0.43636363636363634,0.03487358326068003,0.6598008083140878,1.0,0.0
3506,3505,18,12,805,68,4.294117647058823,0.3090909090909091,0.020924149956408022,0.8305681972558077,0.0,1.0
3507,3506,25,0,24,923,3.2611050920910074,0.43636363636363634,0.39363557105492586,0.5688855999739778,0.0,1.0
3508,3507,18,4,21,36,3.6944444444444446,0.3090909090909091,0.006974716652136007,0.6786590646651272,0.0,1.0
3509,3508,18,4,21,404,2.977722772277228,0.3090909090909091,0.16739319965126417,0.49709922998650913,0.0,1.0
3510,3509,18,4,21,67,3.6865671641791047,0.3090909090909091,0.02048823016564952,0.6766635931198512,1.0,0.0
3511,3510,50,0,880,206,3.878640776699029,0.8909090909090909,0.08108108108108109,0.7253196540281173,0.0,1.0
3512,3511,18,17,21,409,3.584352078239609,0.3090909090909091,0.16957279860505667,0.6507704817134115,0.0,1.0
3513,3512,25,16,18,311,3.4083601286173635,0.43636363636363634,0.12685265911072363,0.6061882254219794,0.0,1.0
3514,3513,18,12,303,76,3.973684210526316,0.3090909090909091,0.024411508282476024,0.7493960435152547,0.0,1.0
3515,3514,35,3,550,100,3.86,0.6181818181818182,0.03487358326068003,0.7205975750577368,0.0,1.0
3516,3515,18,4,421,157,3.305732484076433,0.3090909090909091,0.05972101133391457,0.5801906047277916,0.0,1.0
3517,3516,18,12,537,122,3.8688524590163933,0.3090909090909091,0.04446381865736705,0.7228400787491008,0.0,1.0
3518,3517,18,7,112,502,3.7908366533864544,0.3090909090909091,0.2101133391455972,0.703077125677429,1.0,0.0
3519,3518,25,14,112,666,3.045045045045045,0.43636363636363634,0.2816041848299913,0.5141532987953312,1.0,0.0
3520,3519,25,0,405,289,3.709342560553633,0.43636363636363634,0.11726242371403664,0.6824330533735027,0.0,1.0
3521,3520,25,0,532,387,3.7906976744186047,0.43636363636363634,0.15998256320836968,0.7030419195445513,0.0,1.0
3522,3521,18,0,974,62,4.032258064516129,0.3090909090909091,0.01830863121185702,0.7642339640914848,0.0,1.0
3523,3522,35,7,534,39,3.8205128205128207,0.6181818181818182,0.008282476024411508,0.7105946882217091,0.0,1.0
3524,3523,25,0,833,153,3.5751633986928106,0.43636363636363634,0.057977332170880566,0.6484428066838746,1.0,0.0
3525,3524,18,4,21,90,3.477777777777778,0.3090909090909091,0.030514385353095034,0.6237730946882218,1.0,0.0
3526,3525,35,2,622,962,2.8399168399168397,0.6181818181818182,0.4106364428945074,0.46219025029648586,0.0,1.0
3527,3526,25,0,532,39,3.5641025641025643,0.43636363636363634,0.008282476024411508,0.6456408775981526,0.0,1.0
3528,3527,35,5,411,112,2.5714285714285716,0.6181818181818182,0.04010462074978205,0.3941768393269549,0.0,1.0
3529,3528,45,1,973,227,3.0352422907488985,0.7999999999999999,0.0902353966870096,0.5116700664353807,1.0,0.0
3530,3529,25,0,770,20,3.75,0.43636363636363634,0.0,0.692732390300231,0.0,1.0
3531,3530,25,11,554,77,4.233766233766234,0.43636363636363634,0.024847428073234524,0.8152799856033113,1.0,0.0
3532,3531,35,14,100,114,3.8596491228070176,0.6181818181818182,0.04097646033129905,0.7205086908958309,1.0,0.0
3533,3532,25,2,553,92,3.5543478260869565,0.43636363636363634,0.03138622493461203,0.6431698087157346,0.0,1.0
3534,3533,35,17,685,55,4.072727272727272,0.6181818181818182,0.015257192676547515,0.7744856183077893,0.0,1.0
3535,3534,45,18,776,29,3.9655172413793105,0.7999999999999999,0.003923278116826506,0.7473271880226169,0.0,1.0
3536,3535,18,4,571,165,3.7636363636363637,0.3090909090909091,0.06320836965998257,0.6961867520470293,0.0,1.0
3537,3536,1,10,974,57,2.456140350877193,0.0,0.01612903225806452,0.3649720432721527,0.0,1.0
3538,3537,35,0,405,163,3.773006134969325,0.6181818181818182,0.06233653007846557,0.6985603012227434,0.0,1.0
3539,3538,25,4,770,1078,4.038033395176252,0.43636363636363634,0.46120313862249346,0.7656969700540304,1.0,0.0
3540,3539,18,17,571,208,4.110576923076923,0.3090909090909091,0.08195292066259809,0.7840736864896076,0.0,1.0
3541,3540,25,3,24,35,4.228571428571429,0.43636363636363634,0.006538796861377507,0.8139640382711977,0.0,1.0
3542,3541,25,15,148,22,3.1818181818181817,0.43636363636363634,0.0008718395815170022,0.5488006508503045,0.0,1.0
3543,3542,25,17,606,104,3.605769230769231,0.43636363636363634,0.036617262423714034,0.6561958718244805,0.0,1.0
3544,3543,25,4,925,29,4.344827586206897,0.43636363636363634,0.003923278116826506,0.8434140320140162,1.0,0.0
3545,3544,35,12,925,28,3.4285714285714284,0.6181818181818182,0.0034873583260680054,0.6113081491257011,0.0,1.0
3546,3545,25,20,417,410,3.392682926829268,0.43636363636363634,0.1700087183958152,0.6022168788373796,0.0,1.0
3547,3546,35,16,941,362,3.5359116022099446,0.6181818181818182,0.14908456843940715,0.6384995470378829,0.0,1.0
3548,3547,45,7,929,26,2.5384615384615383,0.7999999999999999,0.002615518744551003,0.3858256351039261,0.0,1.0
3549,3548,35,7,601,37,3.945945945945946,0.6181818181818182,0.0074106364428945075,0.7423693901753949,1.0,0.0
3550,3549,25,5,554,357,3.5126050420168067,0.43636363636363634,0.14690496948561466,0.6325955324393037,0.0,1.0
3551,3550,56,0,983,87,3.9310344827586206,0.9999999999999999,0.029206625980819533,0.7385920203870352,1.0,0.0
3552,3551,35,2,28,20,3.2,0.6181818181818182,0.0,0.5534064665127022,1.0,0.0
3553,3552,35,16,616,47,4.085106382978723,0.6181818181818182,0.011769834350479513,0.7776214928013365,0.0,1.0
3554,3553,25,15,152,33,3.696969696969697,0.43636363636363634,0.0056669572798605065,0.6792987612849045,0.0,1.0
3555,3554,56,7,554,129,3.108527131782946,0.9999999999999999,0.04751525719267655,0.5302345722111822,0.0,1.0
3556,3555,25,17,30,112,3.8660714285714284,0.43636363636363634,0.04010462074978205,0.7221355885021445,0.0,1.0
3557,3556,18,5,481,392,3.864795918367347,0.3090909090909091,0.16216216216216217,0.7218124764339917,0.0,1.0
3558,3557,18,17,660,300,4.31,0.3090909090909091,0.12205754141238012,0.8345915127020784,0.0,1.0
3559,3558,18,4,113,74,4.391891891891892,0.3090909090909091,0.023539668700959023,0.8553363554085265,0.0,1.0
3560,3559,25,6,741,137,4.45985401459854,0.43636363636363634,0.05100261551874455,0.8725525109151904,1.0,0.0
3561,3560,35,14,633,259,3.976833976833977,0.6181818181818182,0.10418482999128162,0.7501939418798542,0.0,1.0
3562,3561,25,6,328,683,3.38506588579795,0.43636363636363634,0.2890148212728858,0.6002873310588053,1.0,0.0
3563,3562,25,2,331,211,3.843601895734597,0.43636363636363634,0.0832606800348736,0.7164436095574795,0.0,1.0
3564,3563,25,11,21,152,3.25,0.43636363636363634,0.05754141238012206,0.5660724595842956,0.0,1.0
3565,3564,25,18,535,140,3.1714285714285713,0.43636363636363634,0.052310374891020056,0.5461687561860772,0.0,1.0
3566,3565,45,0,538,31,3.838709677419355,0.7999999999999999,0.004795117698343506,0.7152043134917679,0.0,1.0
3567,3566,25,14,549,69,3.9565217391304346,0.43636363636363634,0.021360069747166522,0.7450484486394215,0.0,1.0
3568,3567,25,0,985,102,3.9411764705882355,0.43636363636363634,0.03574542284219703,0.741161187338677,0.0,1.0
3569,3568,18,2,488,437,2.9016018306636155,0.3090909090909091,0.1817785527462947,0.4778162836048854,1.0,0.0
3570,3569,35,12,190,22,3.1818181818181817,0.6181818181818182,0.0008718395815170022,0.5488006508503045,0.0,1.0
3571,3570,18,4,100,104,3.3653846153846154,0.3090909090909091,0.036617262423714034,0.5953016743648961,0.0,1.0
3572,3571,35,11,42,111,4.2342342342342345,0.6181818181818182,0.03966870095902354,0.8153985394170153,0.0,1.0
3573,3572,1,10,488,36,3.361111111111111,0.0,0.006974716652136007,0.5942191108545035,0.0,1.0
3574,3573,35,6,333,179,3.636871508379888,0.6181818181818182,0.06931124673060157,0.6640746964790277,1.0,0.0
3575,3574,25,18,549,38,3.3157894736842106,0.43636363636363634,0.007846556233653008,0.5827382399416556,0.0,1.0
3576,3575,50,7,680,541,3.325323475046211,0.8909090909090909,0.22711421098517873,0.5851533918455688,0.0,1.0
3577,3576,56,0,2,78,3.730769230769231,0.9999999999999999,0.025283347863993024,0.6878608545034642,1.0,0.0
3578,3577,50,3,967,271,3.3948339483394836,0.8909090909090909,0.10941586748038362,0.6027617753082843,0.0,1.0
3579,3578,18,0,322,269,3.323420074349442,0.3090909090909091,0.10854402789886662,0.584671222644814,0.0,1.0
3580,3579,18,3,322,72,4.027777777777778,0.3090909090909091,0.022667829119442023,0.7630990184757507,1.0,0.0
3581,3580,18,1,573,34,3.235294117647059,0.3090909090909091,0.006102877070619007,0.5623471675044153,0.0,1.0
3582,3581,35,0,524,97,3.6288659793814433,0.6181818181818182,0.03356582388840454,0.6620467369824529,1.0,0.0
3583,3582,25,9,410,30,4.2,0.43636363636363634,0.004359197907585006,0.8067263279445729,1.0,0.0
3584,3583,18,0,765,67,3.08955223880597,0.3090909090909091,0.02048823016564952,0.5254278549515701,0.0,1.0
3585,3584,35,20,606,262,3.6946564885496183,0.6181818181818182,0.10549258936355711,0.6787127796484672,0.0,1.0
3586,3585,35,20,606,163,3.361963190184049,0.6181818181818182,0.06233653007846557,0.5944349594071892,0.0,1.0
3587,3586,35,3,936,43,4.348837209302325,0.6181818181818182,0.010026155187445512,0.8444297491809443,0.0,1.0
3588,3587,25,2,900,225,4.066666666666666,0.43636363636363634,0.0893635571054926,0.7729503464203233,0.0,1.0
3589,3588,45,0,800,688,2.494186046511628,0.7999999999999999,0.2911944202266783,0.3746097736183469,1.0,0.0
3590,3589,18,15,21,462,4.1645021645021645,0.3090909090909091,0.1926765475152572,0.7977340211751298,1.0,0.0
3591,3590,35,6,961,202,3.712871287128713,0.6181818181818182,0.07933740191804708,0.6833269499005329,0.0,1.0
3592,3591,56,2,997,357,4.361344537815126,0.9999999999999999,0.14690496948561466,0.8475981039066898,1.0,0.0
3593,3592,25,9,537,64,3.390625,0.43636363636363634,0.01918047079337402,0.6016955650981525,1.0,0.0
3594,3593,1,0,23,157,3.445859872611465,0.0,0.05972101133391457,0.6156876553742958,0.0,1.0
3595,3594,25,0,850,31,4.0,0.43636363636363634,0.004795117698343506,0.7560623556581987,0.0,1.0
3596,3595,35,4,191,128,4.6875,0.6181818181818182,0.04707933740191805,0.9302197603926097,1.0,0.0
3597,3596,25,17,554,76,3.973684210526316,0.43636363636363634,0.024411508282476024,0.7493960435152547,0.0,1.0
3598,3597,56,1,902,65,1.0153846153846153,0.9999999999999999,0.01961639058413252,0.0,0.0,1.0
3599,3598,25,16,973,176,3.4545454545454546,0.43636363636363634,0.06800348735832608,0.6178878857862692,0.0,1.0
3600,3599,35,20,945,371,3.725067385444744,0.6181818181818182,0.15300784655623367,0.6864164638359592,0.0,1.0
3601,3600,35,3,954,158,4.1265822784810124,0.6181818181818182,0.06015693112467306,0.7881281609027393,1.0,0.0
3602,3601,25,12,554,86,3.686046511627907,0.43636363636363634,0.028770706190061033,0.6765317014877277,0.0,1.0
3603,3602,35,7,787,328,2.8048780487804876,0.6181818181818182,0.13426329555361816,0.45331422858108494,1.0,0.0
3604,3603,1,10,28,27,4.592592592592593,0.0,0.0030514385353095034,0.9061778290993072,1.0,0.0
3605,3604,18,12,606,115,3.9478260869565216,0.3090909090909091,0.04141238012205754,0.7428456672356663,0.0,1.0
3606,3605,25,15,24,35,4.114285714285714,0.43636363636363634,0.006538796861377507,0.7850131969646981,1.0,0.0
3607,3606,35,17,325,260,3.4423076923076925,0.6181818181818182,0.10462074978204011,0.6147878175519632,0.0,1.0
3608,3607,35,9,28,102,3.7549019607843137,0.6181818181818182,0.03574542284219703,0.6939741543268578,1.0,0.0
3609,3608,25,17,482,145,3.1586206896551725,0.43636363636363634,0.054489973844812564,0.542924265350004,1.0,0.0
3610,3609,18,6,300,696,2.3333333333333335,0.3090909090909091,0.2946817785527463,0.33386258660508095,0.0,1.0
3611,3610,25,2,843,205,4.029268292682927,0.43636363636363634,0.08064516129032259,0.7634765955049851,0.0,1.0
3612,3611,25,14,296,215,3.6651162790697676,0.43636363636363634,0.0850043591979076,0.6712296578763629,0.0,1.0
3613,3612,25,0,372,70,3.857142857142857,0.43636363636363634,0.021795989537925022,0.7198738040250743,0.0,1.0
3614,3613,25,0,454,157,3.2802547770700636,0.43636363636363634,0.05972101133391457,0.5737365955193363,0.0,1.0
3615,3614,25,17,760,174,3.425287356321839,0.43636363636363634,0.06713164777680908,0.6104762283985029,0.0,1.0
3616,3615,45,0,337,21,3.857142857142857,0.7999999999999999,0.00043591979075850197,0.7198738040250743,0.0,1.0
3617,3616,35,7,490,47,3.617021276595745,0.6181818181818182,0.011769834350479513,0.6590462385140781,0.0,1.0
3618,3617,56,17,226,1344,3.0081845238095237,0.9999999999999999,0.5771578029642547,0.5048157966636424,0.0,1.0
3619,3618,50,16,971,101,3.6831683168316833,0.8909090909090909,0.03530950305143854,0.6758025975807743,0.0,1.0
3620,3619,25,7,941,431,2.9582366589327145,0.43636363636363634,0.1791630340017437,0.4921630104542313,0.0,1.0
3621,3620,18,4,330,379,3.113456464379947,0.3090909090909091,0.15649520488230168,0.5314832700616062,0.0,1.0
3622,3621,18,1,24,159,3.89937106918239,0.3090909090909091,0.06059285091543157,0.7305710488474444,0.0,1.0
3623,3622,35,11,432,22,3.6818181818181817,0.6181818181818182,0.0008718395815170022,0.6754605815662398,0.0,1.0
3624,3623,25,12,600,354,3.9858757062146895,0.43636363636363634,0.14559721011333915,0.7524843915136807,0.0,1.0
3625,3624,18,10,484,202,3.282178217821782,0.3090909090909091,0.07933740191804708,0.574223841264034,0.0,1.0
3626,3625,25,17,750,855,3.598830409356725,0.43636363636363634,0.36399302528334787,0.6544381305457639,0.0,1.0
3627,3626,35,1,852,36,3.638888888888889,0.6181818181818182,0.006974716652136007,0.6645857390300232,1.0,0.0
3628,3627,25,7,787,31,3.5161290322580645,0.43636363636363634,0.004795117698343506,0.6334882291589065,0.0,1.0
3629,3628,50,7,100,62,4.161290322580645,0.8909090909090909,0.01830863121185702,0.7969203978246293,1.0,0.0
3630,3629,18,4,770,181,3.298342541436464,0.3090909090909091,0.07018308631211857,0.5783185854822452,0.0,1.0
3631,3630,18,4,770,40,3.875,0.3090909090909091,0.008718395815170008,0.7243973729792148,0.0,1.0
3632,3631,50,11,338,29,3.3793103448275863,0.8909090909090909,0.003923278116826506,0.5988293382177272,0.0,1.0
3633,3632,35,18,604,20,4.0,0.6181818181818182,0.0,0.7560623556581987,0.0,1.0
3634,3633,50,1,880,23,3.0869565217391304,0.8909090909090909,0.0013077593722755024,0.5247703082638819,0.0,1.0
3635,3634,50,1,600,163,4.208588957055214,0.8909090909090909,0.06233653007846557,0.808902081355644,0.0,1.0
3636,3635,25,0,67,23,3.6956521739130435,0.43636363636363634,0.0013077593722755024,0.6789650065267597,0.0,1.0
3637,3636,25,6,941,66,2.984848484848485,0.43636363636363634,0.02005231037489102,0.49890431450766326,0.0,1.0
3638,3637,25,2,900,125,3.456,0.43636363636363634,0.045771578029642546,0.618256351039261,0.0,1.0
3639,3638,18,4,782,86,2.988372093023256,0.3090909090909091,0.028770706190061033,0.4997969144422365,0.0,1.0
3640,3639,35,7,23,73,3.9452054794520546,0.6181818181818182,0.023103748910200523,0.7421818153057673,0.0,1.0
3641,3640,25,0,920,485,3.6371134020618556,0.43636363636363634,0.20270270270270271,0.664135972953025,0.0,1.0
3642,3641,25,7,981,21,2.5714285714285716,0.43636363636363634,0.00043591979075850197,0.3941768393269549,1.0,0.0
3643,3642,25,17,223,220,3.4909090909090907,0.43636363636363634,0.08718395815170009,0.6270995171110645,0.0,1.0
3644,3643,25,11,537,41,4.024390243902439,0.43636363636363634,0.009154315605928512,0.7622408888638541,1.0,0.0
3645,3644,35,17,972,69,3.8550724637681157,0.6181818181818182,0.021360069747166522,0.7193493322622754,0.0,1.0
3646,3645,35,20,981,93,4.139784946236559,0.6181818181818182,0.03182214472537054,0.7914726588691052,0.0,1.0
3647,3646,25,7,802,33,3.787878787878788,0.43636363636363634,0.0056669572798605065,0.7023278395968928,0.0,1.0
3648,3647,18,4,852,627,3.017543859649123,0.3090909090909091,0.26460331299040973,0.507186702321624,0.0,1.0
3649,3648,25,0,941,51,4.254901960784314,0.43636363636363634,0.013513513513513514,0.8206340850427931,1.0,0.0
3650,3649,25,0,606,785,3.5605095541401273,0.43636363636363634,0.33347863993025284,0.6447306968123446,0.0,1.0
3651,3650,25,14,981,251,3.952191235059761,0.43636363636363634,0.1006974716652136,0.7439514459483085,0.0,1.0
3652,3651,25,12,946,289,3.4290657439446366,0.43636363636363634,0.11726242371403664,0.6114333690275459,0.0,1.0
3653,3652,18,15,966,111,4.207207207207207,0.3090909090909091,0.03966870095902354,0.8085520566756133,0.0,1.0
3654,3653,25,17,949,282,3.3085106382978724,0.43636363636363634,0.11421098517872712,0.580894366370203,0.0,1.0
3655,3654,25,7,941,32,3.78125,0.43636363636363634,0.005231037489102006,0.700648635969977,1.0,0.0
3656,3655,45,5,346,79,3.0126582278481013,0.7999999999999999,0.025719267654751524,0.5059490747507821,1.0,0.0
3657,3656,18,17,951,38,4.157894736842105,0.3090909090909091,0.007846556233653008,0.7960602285158624,0.0,1.0
3658,3657,25,7,70,266,3.981203007518797,0.43636363636363634,0.10723626852659111,0.7513007041275244,1.0,0.0
3659,3658,18,4,296,96,4.21875,0.3090909090909091,0.03312990409764603,0.8114760753464203,0.0,1.0
3660,3659,35,7,151,58,3.7413793103448274,0.6181818181818182,0.01656495204882302,0.6905485983913355,0.0,1.0
3661,3660,35,12,88,125,3.92,0.6181818181818182,0.045771578029642546,0.735796766743649,0.0,1.0
3662,3661,35,16,87,88,3.034090909090909,0.6181818181818182,0.029642545771578033,0.5113783985933236,0.0,1.0
3663,3662,35,9,170,91,3.4505494505494507,0.6181818181818182,0.030950305143853534,0.6168756186077203,1.0,0.0
3664,3663,35,1,940,134,3.029850746268657,0.6181818181818182,0.049694856146469055,0.510304281134742,1.0,0.0
3665,3664,25,0,959,216,3.8564814814814814,0.43636363636363634,0.08544027898866609,0.7197062644341802,0.0,1.0
3666,3665,45,0,681,42,4.142857142857143,0.7999999999999999,0.009590235396687012,0.7922509072913231,0.0,1.0
3667,3666,1,10,107,55,3.9272727272727272,0.0,0.015257192676547515,0.7376390930086081,1.0,0.0
3668,3667,45,7,333,38,3.973684210526316,0.7999999999999999,0.007846556233653008,0.7493960435152547,1.0,0.0
3669,3668,25,14,601,436,3.194954128440367,0.43636363636363634,0.18134263295553618,0.5521282470284129,0.0,1.0
3670,3669,45,14,551,68,3.573529411764706,0.7999999999999999,0.020924149956408022,0.6480288853416657,0.0,1.0
3671,3670,25,4,981,104,4.201923076923077,0.43636363636363634,0.036617262423714034,0.8072134815242493,0.0,1.0
3672,3671,35,5,84,203,3.3201970443349755,0.6181818181818182,0.07977332170880559,0.5838547651281586,0.0,1.0
3673,3672,25,2,100,212,3.8962264150943398,0.43636363636363634,0.08369659982563209,0.7297744455096083,0.0,1.0
3674,3673,25,20,292,91,3.7472527472527473,0.43636363636363634,0.030950305143853534,0.6920364566149786,0.0,1.0
3675,3674,35,7,66,849,3.487632508833922,0.6181818181818182,0.36137750653879686,0.6262694937938126,0.0,1.0
3676,3675,35,12,481,101,3.633663366336634,0.6181818181818182,0.03530950305143854,0.6632620103811768,1.0,0.0
3677,3676,25,12,69,141,3.950354609929078,0.43636363636363634,0.05274629468177855,0.7434861923247016,1.0,0.0
3678,3677,25,0,68,139,3.2014388489208634,0.43636363636363634,0.05187445510026155,0.5537709555219567,0.0,1.0
3679,3678,25,4,681,384,3.5625,0.43636363636363634,0.15867480383609417,0.6452349162817552,0.0,1.0
3680,3679,25,1,949,56,3.892857142857143,0.43636363636363634,0.01569311246730602,0.7289209419333553,1.0,0.0
3681,3680,25,7,296,668,3.874251497005988,0.43636363636363634,0.28247602441150826,0.7242077623044904,0.0,1.0
3682,3681,50,1,107,91,4.461538461538462,0.8909090909090909,0.030950305143853534,0.8729792147806006,1.0,0.0
3683,3682,25,2,306,589,3.095076400679117,0.43636363636363634,0.24803836094158674,0.5268272348718029,0.0,1.0
3684,3683,25,17,837,139,4.280575539568345,0.43636363636363634,0.05187445510026155,0.8271377124628243,0.0,1.0
3685,3684,25,5,551,307,4.068403908794788,0.43636363636363634,0.12510897994768963,0.7733904243554928,0.0,1.0
3686,3685,25,7,480,75,4.4,0.43636363636363634,0.023975588491717523,0.8573903002309471,0.0,1.0
3687,3686,50,1,622,191,3.0785340314136125,0.8909090909090909,0.07454228421970358,0.5226367241817105,1.0,0.0
3688,3687,18,6,212,304,4.457236842105263,0.3090909090909091,0.12380122057541412,0.87188952914185,0.0,1.0
3689,3688,25,0,809,226,2.9557522123893807,0.43636363636363634,0.0897994768962511,0.4915336508001391,0.0,1.0
3690,3689,18,0,631,401,2.9301745635910224,0.3090909090909091,0.16608544027898867,0.4850543243507859,0.0,1.0
3691,3690,25,7,210,302,3.665562913907285,0.43636363636363634,0.12292938099389714,0.6713427993515135,0.0,1.0
3692,3691,35,17,891,71,3.9859154929577465,0.6181818181818182,0.022231909328683522,0.7524944702859189,0.0,1.0
3693,3692,25,15,940,596,3.453020134228188,0.43636363636363634,0.25108979947689625,0.61750149185486,0.0,1.0
3694,3693,25,12,282,53,3.9622641509433962,0.43636363636363634,0.014385353095030515,0.7465031156041659,0.0,1.0
3695,3694,25,2,985,302,3.9900662251655628,0.43636363636363634,0.12292938099389714,0.7535459331936436,0.0,1.0
3696,3695,35,7,191,150,3.94,0.6181818181818182,0.05666957279860506,0.7408631639722865,0.0,1.0
3697,3696,25,15,685,136,4.029411764705882,0.43636363636363634,0.050566695727986055,0.7635129398179596,0.0,1.0
3698,3697,25,7,532,115,3.0,0.43636363636363634,0.04141238012205754,0.502742494226328,0.0,1.0
3699,3698,56,3,301,61,4.60655737704918,0.9999999999999999,0.01787271142109852,0.9097153863627758,1.0,0.0
3700,3699,25,14,100,66,3.9696969696969697,0.43636363636363634,0.02005231037489102,0.7483859962208692,0.0,1.0
3701,3700,35,1,926,84,3.75,0.6181818181818182,0.027898866608544032,0.692732390300231,0.0,1.0
3702,3701,35,15,530,47,3.7872340425531914,0.6181818181818182,0.011769834350479513,0.7021645128003539,0.0,1.0
3703,3702,18,12,974,50,3.3,0.3090909090909091,0.013077593722755014,0.5787384526558892,0.0,1.0
3704,3703,35,0,42,219,4.442922374429224,0.6181818181818182,0.0867480383609416,0.8682633901736849,1.0,0.0
3705,3704,45,7,300,792,3.7045454545454546,0.7999999999999999,0.3365300784655623,0.6812178511442369,0.0,1.0
3706,3705,25,12,467,78,4.115384615384615,0.43636363636363634,0.025283347863993024,0.785291570438799,0.0,1.0
3707,3706,18,0,347,51,3.823529411764706,0.3090909090909091,0.013513513513513514,0.7113588506996333,1.0,0.0
3708,3707,56,7,300,35,3.857142857142857,0.9999999999999999,0.006538796861377507,0.7198738040250743,0.0,1.0
3709,3708,25,12,895,331,3.2658610271903323,0.43636363636363634,0.13557105492589364,0.5700903727943177,0.0,1.0
3710,3709,1,10,28,69,3.8260869565217392,0.0,0.021360069747166522,0.7120067275830908,0.0,1.0
3711,3710,35,0,325,88,4.193181818181818,0.6181818181818182,0.029642545771578033,0.8049991470711737,0.0,1.0
3712,3711,25,17,600,140,3.5785714285714287,0.43636363636363634,0.052310374891020056,0.6493061283404817,0.0,1.0
3713,3712,25,7,222,408,3.7450980392156863,0.43636363636363634,0.16913687881429817,0.6914906262736042,1.0,0.0
3714,3713,25,17,921,40,3.1,0.43636363636363634,0.008718395815170008,0.5280744803695151,0.0,1.0
3715,3714,18,5,554,316,3.7531645569620253,0.3090909090909091,0.12903225806451613,0.6935340354313445,0.0,1.0
3716,3715,18,12,361,392,3.5714285714285716,0.3090909090909091,0.16216216216216217,0.6474967007588256,0.0,1.0
3717,3716,35,17,945,299,3.769230769230769,0.6181818181818182,0.12162162162162163,0.6976039260969977,0.0,1.0
3718,3717,50,17,77,269,3.6282527881040894,0.8909090909090909,0.10854402789886662,0.6618914034530423,0.0,1.0
3719,3718,25,1,397,36,3.8055555555555554,0.43636363636363634,0.006974716652136007,0.7068057159353349,0.0,1.0
3720,3719,45,7,430,207,3.4589371980676327,0.7999999999999999,0.08151700087183959,0.6190004016467517,0.0,1.0
3721,3720,25,15,940,129,3.705426356589147,0.43636363636363634,0.04751525719267655,0.6814410011278802,0.0,1.0
3722,3721,25,18,805,31,3.967741935483871,0.43636363636363634,0.004795117698343506,0.7478907472249126,0.0,1.0
3723,3722,25,14,530,39,4.256410256410256,0.43636363636363634,0.008282476024411508,0.8210161662817552,0.0,1.0
3724,3723,35,6,770,583,3.5283018867924527,0.6181818181818182,0.24542284219703578,0.6365718549827879,0.0,1.0
3725,3724,18,4,326,26,3.6923076923076925,0.3090909090909091,0.002615518744551003,0.6781177829099309,0.0,1.0
3726,3725,25,17,928,340,3.4705882352941178,0.43636363636363634,0.13949433304272016,0.6219518407825024,0.0,1.0
3727,3726,35,7,744,460,3.2282608695652173,0.6181818181818182,0.19180470793374021,0.5605655060749072,0.0,1.0
3728,3727,18,4,70,64,3.875,0.3090909090909091,0.01918047079337402,0.7243973729792148,0.0,1.0
3729,3728,18,4,200,443,3.783295711060948,0.3090909090909091,0.1843940714908457,0.701166855212466,0.0,1.0
3730,3729,25,1,489,29,3.6206896551724137,0.43636363636363634,0.003923278116826506,0.6599755116667995,0.0,1.0
3731,3730,25,17,674,125,2.752,0.43636363636363634,0.045771578029642546,0.43991916859122404,0.0,1.0
3732,3731,25,17,601,208,3.3701923076923075,0.43636363636363634,0.08195292066259809,0.5965195583140878,0.0,1.0
3733,3732,18,4,27,119,3.823529411764706,0.3090909090909091,0.043156059285091544,0.7113588506996333,0.0,1.0
3734,3733,18,4,778,50,3.08,0.3090909090909091,0.013077593722755014,0.5230080831408777,0.0,1.0
3735,3734,25,0,100,301,3.6411960132890364,0.43636363636363634,0.12249346120313864,0.6651701794633746,0.0,1.0
3736,3735,35,1,442,125,3.568,0.6181818181818182,0.045771578029642546,0.6466281755196306,0.0,1.0
3737,3736,25,14,371,150,3.9,0.43636363636363634,0.05666957279860506,0.7307303695150116,0.0,1.0
3738,3737,45,7,19,32,4.53125,0.7999999999999999,0.005231037489102006,0.8906385320438799,0.0,1.0
3739,3738,56,11,480,22,3.5454545454545454,0.9999999999999999,0.0008718395815170022,0.6409169640982575,0.0,1.0
3740,3739,18,5,551,47,4.276595744680851,0.3090909090909091,0.011769834350479513,0.8261295513733968,0.0,1.0
3741,3740,25,0,968,134,3.611940298507463,0.43636363636363634,0.049694856146469055,0.6577591258488161,0.0,1.0
3742,3741,25,0,902,125,3.712,0.43636363636363634,0.045771578029642546,0.68310623556582,0.0,1.0
3743,3742,35,7,891,32,3.5625,0.6181818181818182,0.005231037489102006,0.6452349162817552,1.0,0.0
3744,3743,25,0,606,36,4.083333333333333,0.43636363636363634,0.006974716652136007,0.7771723441108545,0.0,1.0
3745,3744,25,9,494,202,3.297029702970297,0.43636363636363634,0.07933740191804708,0.5779860174239133,1.0,0.0
3746,3745,25,5,547,348,3.793103448275862,0.43636363636363634,0.14298169136878816,0.7036513498447082,0.0,1.0
3747,3746,45,13,891,64,4.03125,0.7999999999999999,0.01918047079337402,0.7639786013279446,0.0,1.0
3748,3747,18,4,20,32,3.71875,0.3090909090909091,0.005231037489102006,0.684816144630485,0.0,1.0
3749,3748,25,0,606,118,3.6864406779661016,0.43636363636363634,0.04272013949433305,0.6766315516499002,1.0,0.0
3750,3749,18,4,941,39,3.4358974358974357,0.3090909090909091,0.008282476024411508,0.6131639722863741,1.0,0.0
3751,3750,35,12,555,407,3.3931203931203933,0.6181818181818182,0.16870095902353968,0.6023276977376285,1.0,0.0
3752,3751,18,1,863,185,3.372972972972973,0.3090909090909091,0.07192676547515257,0.5972239560576744,1.0,0.0
3753,3752,25,7,425,49,3.7755102040816326,0.43636363636363634,0.012641673931996514,0.6991946316632889,0.0,1.0
3754,3753,56,7,946,304,3.6875,0.9999999999999999,0.12380122057541412,0.6768998989607391,0.0,1.0
3755,3754,50,14,88,72,4.472222222222222,0.8909090909090909,0.022667829119442023,0.8756856235565822,1.0,0.0
3756,3755,18,12,531,414,3.8743961352657004,0.3090909090909091,0.1717523975588492,0.7242444020483985,0.0,1.0
3757,3756,25,7,926,201,4.263681592039801,0.43636363636363634,0.07890148212728859,0.8228581400158561,0.0,1.0
3758,3757,35,5,20,50,3.14,0.6181818181818182,0.013077593722755014,0.5382072748267899,1.0,0.0
3759,3758,35,6,547,103,4.009708737864078,0.6181818181818182,0.03618134263295554,0.7585217717886052,0.0,1.0
3760,3759,50,0,551,316,3.7753164556962027,0.8909090909090909,0.12903225806451613,0.6991455513491391,0.0,1.0
3761,3760,25,17,276,171,4.187134502923977,0.43636363636363634,0.06582388840453357,0.8034672420080224,0.0,1.0
3762,3761,50,6,117,413,2.542372881355932,0.8909090909090909,0.17131647776809067,0.3868164559439464,0.0,1.0
3763,3762,25,2,985,140,3.8857142857142857,0.43636363636363634,0.052310374891020056,0.7271115143516992,0.0,1.0
3764,3763,25,1,61,27,3.925925925925926,0.43636363636363634,0.0030514385353095034,0.7372979214780602,0.0,1.0
3765,3764,50,3,347,27,4.0,0.8909090909090909,0.0030514385353095034,0.7560623556581987,1.0,0.0
3766,3765,18,1,454,124,3.0483870967741935,0.3090909090909091,0.04533565823888405,0.5149999068762572,1.0,0.0
3767,3766,25,0,943,41,3.1951219512195124,0.43636363636363634,0.009154315605928512,0.552170759871571,0.0,1.0
3768,3767,25,4,863,710,3.359154929577465,0.43636363636363634,0.3007846556233653,0.5937235712194647,0.0,1.0
3769,3768,25,15,24,410,4.290243902439024,0.43636363636363634,0.1700087183958152,0.8295869008054977,0.0,1.0
3770,3769,35,3,503,266,4.003759398496241,0.6181818181818182,0.10723626852659111,0.7570146859643336,1.0,0.0
3771,3770,25,1,149,469,2.6844349680170576,0.43636363636363634,0.1957279860505667,0.42280360405166517,0.0,1.0
3772,3771,35,17,60,48,3.8541666666666665,0.6181818181818182,0.012205754141238014,0.7191198758660509,0.0,1.0
3773,3772,35,6,502,361,3.4265927977839334,0.6181818181818182,0.14864864864864866,0.610806922648788,0.0,1.0
3774,3773,25,0,525,56,4.0,0.43636363636363634,0.01569311246730602,0.7560623556581987,0.0,1.0
3775,3774,35,12,146,93,3.806451612903226,0.6181818181818182,0.03182214472537054,0.7070327050584818,0.0,1.0
3776,3775,25,4,502,42,3.9047619047619047,0.43636363636363634,0.009590235396687012,0.7319366545694491,1.0,0.0
3777,3776,18,4,231,116,3.6293103448275863,0.3090909090909091,0.04184829991281605,0.662159303575695,0.0,1.0
3778,3777,25,0,618,941,2.6886291179596173,0.43636363636363634,0.4014821272885789,0.4238660655339389,0.0,1.0
3779,3778,45,2,983,56,3.625,0.7999999999999999,0.01569311246730602,0.6610674076212472,1.0,0.0
3780,3779,1,0,469,300,4.24,0.0,0.12205754141238012,0.8168591224018478,0.0,1.0
3781,3780,56,11,544,62,4.483870967741935,0.9999999999999999,0.01830863121185702,0.8786364821574908,1.0,0.0
3782,3781,25,0,946,65,4.061538461538461,0.43636363636363634,0.01961639058413252,0.7716512702078522,1.0,0.0
3783,3782,25,7,972,24,3.875,0.43636363636363634,0.0017436791630340027,0.7243973729792148,0.0,1.0
3784,3783,25,1,980,41,3.7804878048780486,0.43636363636363634,0.009154315605928512,0.7004555568073002,1.0,0.0
3785,3784,25,20,934,35,3.2,0.43636363636363634,0.006538796861377507,0.5534064665127022,1.0,0.0
3786,3785,25,0,941,63,4.031746031746032,0.43636363636363634,0.01874455100261552,0.7641042560211151,1.0,0.0
3787,3786,25,0,947,20,4.05,0.43636363636363634,0.0,0.7687283487297922,1.0,0.0
3788,3787,18,0,945,24,3.75,0.3090909090909091,0.0017436791630340027,0.692732390300231,1.0,0.0
3789,3788,25,0,941,151,4.231788079470198,0.43636363636363634,0.057105492589363566,0.8147788798311488,1.0,0.0
3790,3789,25,17,946,125,4.264,0.43636363636363634,0.045771578029642546,0.8229387990762127,1.0,0.0
3791,3790,50,18,605,126,3.388888888888889,0.8909090909090909,0.04620749782040105,0.6012557736720555,0.0,1.0
3792,3791,25,6,681,821,3.5761266747868454,0.43636363636363634,0.3491717523975588,0.6486868236505361,0.0,1.0
3793,3792,18,4,210,133,2.789473684210526,0.3090909090909091,0.04925893635571055,0.44941199708277624,0.0,1.0
3794,3793,18,4,532,44,3.0681818181818183,0.3090909090909091,0.010462074978204013,0.5200143029603193,1.0,0.0
3795,3794,18,4,914,29,4.137931034482759,0.3090909090909091,0.003923278116826506,0.7910030262005256,1.0,0.0
3796,3795,45,14,20,202,4.014851485148514,0.7999999999999999,0.07933740191804708,0.7598245318180779,0.0,1.0
3797,3796,25,7,24,27,3.4814814814814814,0.43636363636363634,0.0030514385353095034,0.6247113163972287,0.0,1.0
3798,3797,25,7,483,30,3.6333333333333333,0.43636363636363634,0.004359197907585006,0.6631784064665127,0.0,1.0
3799,3798,18,0,178,128,3.9921875,0.3090909090909091,0.04707933740191805,0.7540832942407623,0.0,1.0
3800,3799,18,1,454,71,3.492957746478873,0.3090909090909091,0.022231909328683522,0.6276184822561234,0.0,1.0
3801,3800,18,12,361,140,3.8142857142857145,0.3090909090909091,0.052310374891020056,0.709017238535137,0.0,1.0
3802,3801,18,0,945,22,3.1818181818181817,0.3090909090909091,0.0008718395815170022,0.5488006508503045,0.0,1.0
3803,3802,35,9,190,22,3.6363636363636362,0.6181818181818182,0.0008718395815170022,0.6639460424102457,1.0,0.0
3804,3803,25,6,65,187,3.5614973262032086,0.43636363636363634,0.07279860505666957,0.6449809190944907,0.0,1.0
3805,3804,35,1,890,37,3.7837837837837838,0.6181818181818182,0.0074106364428945075,0.7012904937269834,1.0,0.0
3806,3805,18,4,551,167,2.9580838323353293,0.3090909090909091,0.06408020924149957,0.4921242964417586,0.0,1.0
3807,3806,35,19,320,478,3.3410041841004183,0.6181818181818182,0.1996512641673932,0.5891256268903341,1.0,0.0
3808,3807,25,7,600,1158,2.9844559585492227,0.43636363636363634,0.4960767218831735,0.4988048797999258,0.0,1.0
3809,3808,35,6,206,47,4.404255319148936,0.6181818181818182,0.011769834350479513,0.8584682570881037,0.0,1.0
3810,3809,50,7,200,67,4.402985074626866,0.8909090909090909,0.02048823016564952,0.8581464789217883,0.0,1.0
3811,3810,25,15,981,105,3.8,0.43636363636363634,0.03705318221447254,0.7053983833718245,0.0,1.0
3812,3811,35,17,787,114,3.526315789473684,0.6181818181818182,0.04097646033129905,0.6360687370852073,0.0,1.0
3813,3812,35,7,809,67,4.447761194029851,0.6181818181818182,0.02048823016564952,0.8694891592844094,0.0,1.0
3814,3813,25,15,981,36,3.5,0.43636363636363634,0.006974716652136007,0.6294024249422634,0.0,1.0
3815,3814,25,17,534,120,4.333333333333333,0.43636363636363634,0.04359197907585005,0.8405023094688222,0.0,1.0
3816,3815,25,3,900,318,3.9371069182389937,0.43636363636363634,0.12990409764603314,0.7401302889014773,1.0,0.0
3817,3816,35,3,201,53,3.452830188679245,0.6181818181818182,0.014385353095030515,0.6174533748747223,0.0,1.0
3818,3817,45,17,328,47,4.1063829787234045,0.7999999999999999,0.011769834350479513,0.7830112770871211,0.0,1.0
3819,3818,25,12,361,118,4.0423728813559325,0.43636363636363634,0.04272013949433305,0.7667962480917525,0.0,1.0
3820,3819,25,17,908,45,4.4222222222222225,0.43636363636363634,0.010897994768962513,0.8630196304849886,0.0,1.0
3821,3820,25,20,443,729,2.916323731138546,0.43636363636363634,0.30906713164777677,0.48154563339320855,0.0,1.0
3822,3821,45,20,980,184,3.4239130434782608,0.7999999999999999,0.07149084568439408,0.6101280876594036,0.0,1.0
3823,3822,56,7,937,633,3.9510268562401265,0.9999999999999999,0.26721883173496075,0.7436564856670644,0.0,1.0
3824,3823,25,17,323,1018,3.004911591355599,0.43636363636363634,0.4350479511769834,0.5039866978679384,0.0,1.0
3825,3824,18,1,62,491,2.9674134419551934,0.3090909090909091,0.20531822144725373,0.494487671857876,0.0,1.0
3826,3825,25,1,481,28,3.857142857142857,0.43636363636363634,0.0034873583260680054,0.7198738040250743,0.0,1.0
3827,3826,50,2,870,186,3.747311827956989,0.8909090909090909,0.07236268526591108,0.6920514229307905,0.0,1.0
3828,3827,25,20,921,42,3.9285714285714284,0.43636363636363634,0.009590235396687012,0.7379680798416365,0.0,1.0
3829,3828,25,1,223,822,3.008515815085158,0.43636363636363634,0.34960767218831734,0.5048997193236797,1.0,0.0
3830,3829,18,4,606,136,4.051470588235294,0.3090909090909091,0.050566695727986055,0.7691008779377804,0.0,1.0
3831,3830,18,6,847,122,3.401639344262295,0.3090909090909091,0.04446381865736705,0.60448571726044,1.0,0.0
3832,3831,25,7,432,108,4.111111111111111,0.43636363636363634,0.038360941586748035,0.7842090069284064,1.0,0.0
3833,3832,25,1,685,312,3.6698717948717947,0.43636363636363634,0.12728857890148212,0.6724343244803695,0.0,1.0
3834,3833,18,2,23,562,4.254448398576512,0.3090909090909091,0.23626852659110725,0.8205191887271621,0.0,1.0
3835,3834,25,7,405,91,4.472527472527473,0.43636363636363634,0.030950305143853534,0.8757629495216102,0.0,1.0
3836,3835,50,8,847,510,3.388235294117647,0.8909090909090909,0.2136006974716652,0.6010902051351719,1.0,0.0
3837,3836,25,17,288,196,3.770408163265306,0.43636363636363634,0.07672188317349608,0.6979021833906773,0.0,1.0
3838,3837,25,14,100,24,3.25,0.43636363636363634,0.0017436791630340027,0.5660724595842956,1.0,0.0
3839,3838,50,14,26,88,3.340909090909091,0.8909090909090909,0.029642545771578033,0.5891015378962839,0.0,1.0
3840,3839,25,0,21,68,4.088235294117647,0.43636363636363634,0.020924149956408022,0.7784141081374814,1.0,0.0
3841,3840,45,18,261,1216,3.3445723684210527,0.7999999999999999,0.5213600697471665,0.5900295188480006,0.0,1.0
3842,3841,35,16,920,669,3.687593423019432,0.6181818181818182,0.2829119442022668,0.6769235648670762,1.0,0.0
3843,3842,1,10,320,66,2.6666666666666665,0.0,0.02005231037489102,0.41830254041570436,1.0,0.0
3844,3843,18,4,730,134,4.082089552238806,0.3090909090909091,0.049694856146469055,0.7768572696563372,0.0,1.0
3845,3844,25,12,940,74,4.121621621621622,0.43636363636363634,0.023539668700959023,0.7868715279945073,0.0,1.0
3846,3845,35,0,338,70,3.9571428571428573,0.6181818181818182,0.021795989537925022,0.7452057901682614,0.0,1.0
3847,3846,25,7,128,429,2.727272727272727,0.43636363636363634,0.1782911944202267,0.4336552592903632,0.0,1.0
3848,3847,25,15,708,78,4.153846153846154,0.43636363636363634,0.025283347863993024,0.7950346420323327,0.0,1.0
3849,3848,35,0,140,67,3.1492537313432836,0.6181818181818182,0.02048823016564952,0.5405514287683982,0.0,1.0
3850,3849,18,3,922,384,3.8671875,0.3090909090909091,0.15867480383609417,0.7224183115617784,0.0,1.0
3851,3850,25,12,606,86,3.116279069767442,0.43636363636363634,0.028770706190061033,0.5321982920672432,0.0,1.0
3852,3851,50,16,603,57,4.43859649122807,0.8909090909090909,0.01612903225806452,0.8671675580405982,0.0,1.0
3853,3852,25,14,926,314,4.248407643312102,0.43636363636363634,0.12816041848299914,0.8189889454406378,0.0,1.0
3854,3853,25,14,303,82,4.048780487804878,0.43636363636363634,0.027027027027027032,0.7684194220695095,0.0,1.0
3855,3854,25,17,208,101,3.712871287128713,0.43636363636363634,0.03530950305143854,0.6833269499005329,0.0,1.0
3856,3855,35,20,934,47,3.9361702127659575,0.6181818181818182,0.011769834350479513,0.7398930028008452,1.0,0.0
3857,3856,18,14,88,54,3.925925925925926,0.3090909090909091,0.014821272885789015,0.7372979214780602,0.0,1.0
3858,3857,45,9,631,162,4.277777777777778,0.7999999999999999,0.061900610287707075,0.8264289838337182,1.0,0.0
3859,3858,25,0,891,309,3.414239482200647,0.43636363636363634,0.12598081952920664,0.6076775824570058,0.0,1.0
3860,3859,45,17,441,171,3.6491228070175437,0.7999999999999999,0.06582388840453357,0.667178193752279,0.0,1.0
3861,3860,18,4,126,41,3.975609756097561,0.3090909090909091,0.009154315605928512,0.7498838224525433,0.0,1.0
3862,3861,25,17,100,33,3.878787878787879,0.43636363636363634,0.0056669572798605065,0.725356917908881,0.0,1.0
3863,3862,25,0,945,25,3.76,0.43636363636363634,0.002179598953792503,0.6952655889145497,0.0,1.0
3864,3863,50,20,296,202,4.51980198019802,0.8909090909090909,0.07933740191804708,0.887738521253973,0.0,1.0
3865,3864,1,10,958,57,2.8421052631578947,0.0,0.01612903225806452,0.46274462136866423,1.0,0.0
3866,3865,45,14,631,85,3.635294117647059,0.7999999999999999,0.028334786399302533,0.6636751120771635,0.0,1.0
3867,3866,35,3,452,42,4.0,0.6181818181818182,0.009590235396687012,0.7560623556581987,0.0,1.0
3868,3867,18,12,731,275,3.4363636363636365,0.3090909090909091,0.11115954664341762,0.6132820701238716,0.0,1.0
3869,3868,18,17,635,50,2.96,0.3090909090909091,0.013077593722755014,0.4926096997690531,0.0,1.0
3870,3869,25,17,950,26,3.8461538461538463,0.43636363636363634,0.002615518744551003,0.7170900692840647,0.0,1.0
3871,3870,18,4,644,114,3.2982456140350878,0.3090909090909091,0.04097646033129905,0.5782940318463596,0.0,1.0
3872,3871,25,1,146,48,4.479166666666667,0.43636363636363634,0.012205754141238014,0.87744478926097,0.0,1.0
3873,3872,45,2,945,77,3.7012987012987013,0.7999999999999999,0.024847428073234524,0.6803953840616659,1.0,0.0
3874,3873,25,7,921,115,3.9217391304347826,0.43636363636363634,0.04141238012205754,0.7362373230244001,0.0,1.0
3875,3874,25,0,666,39,3.717948717948718,0.43636363636363634,0.008282476024411508,0.6846131639722864,0.0,1.0
3876,3875,25,0,112,44,3.5681818181818183,0.43636363636363634,0.010462074978204013,0.6466742336762545,0.0,1.0
3877,3876,45,1,337,22,4.409090909090909,0.7999999999999999,0.0008718395815170022,0.8596932080621458,0.0,1.0
3878,3877,35,16,221,484,3.950413223140496,0.6181818181818182,0.20226678291194422,0.743501040215296,0.0,1.0
3879,3878,25,3,836,46,3.3043478260869565,0.43636363636363634,0.011333914559721013,0.579839843357767,0.0,1.0
3880,3879,25,7,549,57,3.473684210526316,0.43636363636363634,0.01612903225806452,0.6227361127993194,0.0,1.0
3881,3880,18,2,445,81,3.5925925925925926,0.3090909090909091,0.026591107236268532,0.6528579676674365,0.0,1.0
3882,3881,56,14,553,203,3.7339901477832513,0.9999999999999999,0.07977332170880559,0.6886767767551395,0.0,1.0
3883,3882,50,16,784,20,3.25,0.8909090909090909,0.0,0.5660724595842956,0.0,1.0
3884,3883,18,4,787,651,2.7680491551459294,0.3090909090909091,0.27506538796861374,0.4439847383488895,0.0,1.0
3885,3884,25,12,927,590,3.6932203389830507,0.43636363636363634,0.24847428073234526,0.6783489744392688,0.0,1.0
3886,3885,35,7,950,91,3.67032967032967,0.6181818181818182,0.030950305143853534,0.6725503134279116,0.0,1.0
3887,3886,18,4,805,319,3.3448275862068964,0.3090909090909091,0.13034001743679163,0.5900941705821454,0.0,1.0
3888,3887,45,17,20,151,3.7086092715231787,0.7999999999999999,0.057105492589363566,0.6822472966979184,0.0,1.0
3889,3888,45,6,662,133,4.293233082706767,0.7999999999999999,0.04925893635571055,0.8303441195367172,0.0,1.0
3890,3889,18,4,331,71,4.197183098591549,0.3090909090909091,0.022231909328683522,0.8060127508701167,0.0,1.0
3891,3890,56,16,900,100,4.16,0.9999999999999999,0.03487358326068003,0.796593533487298,1.0,0.0
3892,3891,25,20,915,477,3.3962264150943398,0.43636363636363634,0.1992153443766347,0.6031145147936731,0.0,1.0
3893,3892,25,6,794,50,2.58,0.43636363636363634,0.013077593722755014,0.39634815242494237,0.0,1.0
3894,3893,35,16,21,159,3.761006289308176,0.6181818181818182,0.06059285091543157,0.6955205019826572,0.0,1.0
3895,3894,35,0,207,71,3.295774647887324,0.6181818181818182,0.022231909328683522,0.5776680870442052,1.0,0.0
3896,3895,35,0,609,148,3.141891891891892,0.6181818181818182,0.05579773321708806,0.538686528618688,0.0,1.0
3897,3896,56,17,920,21,4.095238095238095,0.9999999999999999,0.00043591979075850197,0.7801880567469481,0.0,1.0
3898,3897,45,11,17,101,3.742574257425743,0.7999999999999999,0.03530950305143854,0.6908513022202915,0.0,1.0
3899,3898,25,17,21,52,3.576923076923077,0.43636363636363634,0.013949433304272014,0.6488885681293304,0.0,1.0
3900,3899,25,14,553,409,3.5941320293398533,0.43636363636363634,0.16957279860505667,0.6532479375709358,1.0,0.0
3901,3900,18,14,852,75,3.546666666666667,0.3090909090909091,0.023975588491717523,0.6412240184757507,0.0,1.0
3902,3901,25,5,462,165,4.890909090909091,0.43636363636363634,0.06320836965998257,0.9817473231156835,0.0,1.0
3903,3902,25,0,25,168,3.3333333333333335,0.43636363636363634,0.06451612903225808,0.5871824480369516,0.0,1.0
3904,3903,1,10,484,103,3.912621359223301,0.0,0.03618134263295554,0.7339276104845401,0.0,1.0
3905,3904,25,17,361,81,3.9135802469135803,0.43636363636363634,0.026591107236268532,0.7341705157813704,0.0,1.0
3906,3905,50,17,544,64,3.65625,0.8909090909090909,0.01918047079337402,0.6689836532909932,0.0,1.0
3907,3906,18,14,222,52,3.576923076923077,0.3090909090909091,0.013949433304272014,0.6488885681293304,1.0,0.0
3908,3907,25,0,100,160,3.69375,0.43636363636363634,0.06102877070619006,0.6784831480946883,0.0,1.0
3909,3908,18,17,191,78,3.41025641025641,0.3090909090909091,0.025283347863993024,0.6066685912240185,0.0,1.0
3910,3909,25,20,915,261,3.5900383141762453,0.43636363636363634,0.10505666957279862,0.6522109182129491,0.0,1.0
3911,3910,18,0,920,25,3.64,0.3090909090909091,0.002179598953792503,0.6648672055427253,0.0,1.0
3912,3911,25,4,191,101,4.475247524752476,0.43636363636363634,0.03530950305143854,0.8764519927743353,0.0,1.0
3913,3912,18,17,402,167,3.658682634730539,0.3090909090909091,0.06408020924149957,0.6695998879838476,0.0,1.0
3914,3913,35,4,841,113,3.6371681415929205,0.6181818181818182,0.04054054054054054,0.6641498395634492,0.0,1.0
3915,3914,35,3,711,23,3.652173913043478,0.6181818181818182,0.0013077593722755024,0.6679510995079827,1.0,0.0
3916,3915,25,4,21,530,3.890566037735849,0.43636363636363634,0.22231909328683525,0.7283405595015033,0.0,1.0
3917,3916,35,9,606,98,3.6530612244897958,0.6181818181818182,0.03400174367916303,0.6681758731206109,1.0,0.0
3918,3917,25,18,301,26,3.3076923076923075,0.43636363636363634,0.002615518744551003,0.5806870669745958,0.0,1.0
3919,3918,45,0,737,69,4.072463768115942,0.7999999999999999,0.021360069747166522,0.7744188673561605,0.0,1.0
3920,3919,35,17,631,60,4.133333333333334,0.6181818181818182,0.01743679163034002,0.7898383371824482,0.0,1.0
3921,3920,25,14,958,72,3.9305555555555554,0.43636363636363634,0.022667829119442023,0.7384706986143187,0.0,1.0
3922,3921,18,4,532,178,2.7808988764044944,0.3090909090909091,0.06887532693984308,0.44723982795754735,0.0,1.0
3923,3922,35,2,921,103,3.7766990291262137,0.6181818181818182,0.03618134263295554,0.699495784658849,0.0,1.0
3924,3923,50,12,902,77,3.935064935064935,0.8909090909090909,0.024847428073234524,0.7396130140067785,0.0,1.0
3925,3924,25,12,770,108,3.9722222222222223,0.43636363636363634,0.038360941586748035,0.7490256928406467,0.0,1.0
3926,3925,25,2,944,65,3.9076923076923076,0.43636363636363634,0.01961639058413252,0.7326789838337183,0.0,1.0
3927,3926,25,16,678,156,3.9423076923076925,0.43636363636363634,0.05928509154315606,0.7414477482678985,1.0,0.0
3928,3927,25,0,558,28,3.1785714285714284,0.43636363636363634,0.0034873583260680054,0.5479781837677334,0.0,1.0
3929,3928,25,5,802,612,3.0277777777777777,0.43636363636363634,0.25806451612903225,0.5097791570438799,0.0,1.0
3930,3929,56,3,522,194,4.262886597938144,0.9999999999999999,0.07585004359197908,0.8226567522201853,0.0,1.0
3931,3930,25,5,921,233,3.5107296137339055,0.43636363636363634,0.0928509154315606,0.6321204492065537,0.0,1.0
3932,3931,25,7,492,32,3.9375,0.43636363636363634,0.005231037489102006,0.7402298643187067,0.0,1.0
3933,3932,35,6,480,24,3.875,0.6181818181818182,0.0017436791630340027,0.7243973729792148,1.0,0.0
3934,3933,25,0,445,703,2.607396870554765,0.43636363636363634,0.2977332170880558,0.4032883238775423,0.0,1.0
3935,3934,35,18,721,168,3.4226190476190474,0.6181818181818182,0.06451612903225808,0.6098002928076542,0.0,1.0
3936,3935,35,12,14,34,4.352941176470588,0.6181818181818182,0.006102877070619007,0.8454693655753294,1.0,0.0
3937,3936,56,2,920,73,4.273972602739726,0.9999999999999999,0.023103748910200523,0.825465057420355,0.0,1.0
3938,3937,25,2,927,94,4.170212765957447,0.43636363636363634,0.03225806451612903,0.7991806299444746,0.0,1.0
3939,3938,45,7,914,24,3.7083333333333335,0.7999999999999999,0.0017436791630340027,0.6821773960739032,0.0,1.0
3940,3939,35,20,327,492,3.680894308943089,0.6181818181818182,0.20575414123801222,0.6752265462175407,0.0,1.0
3941,3940,45,17,400,50,3.02,0.7999999999999999,0.013077593722755014,0.5078088914549654,0.0,1.0
3942,3941,18,4,498,606,2.655115511551155,0.3090909090909091,0.25544899738448124,0.41537640340246496,0.0,1.0
3943,3942,35,7,980,65,4.2153846153846155,0.6181818181818182,0.01961639058413252,0.8106235565819861,1.0,0.0
3944,3943,35,16,804,50,3.54,0.6181818181818182,0.013077593722755014,0.6395352193995382,1.0,0.0
3945,3944,45,1,967,531,3.4237288135593222,0.7999999999999999,0.22275501307759374,0.6100814185618665,1.0,0.0
3946,3945,25,12,222,264,3.734848484848485,0.43636363636363634,0.10636442894507411,0.6888942105815663,1.0,0.0
3947,3946,25,0,900,102,4.117647058823529,0.43636363636363634,0.03574542284219703,0.7858646922972421,0.0,1.0
3948,3947,45,12,615,102,3.372549019607843,0.7999999999999999,0.03574542284219703,0.5971165602499661,1.0,0.0
3949,3948,45,0,442,74,3.824324324324324,0.7999999999999999,0.023539668700959023,0.7115602178390862,0.0,1.0
3950,3949,25,4,600,70,3.2714285714285714,0.43636363636363634,0.021795989537925022,0.5715007423292643,0.0,1.0
3951,3950,18,4,600,196,3.5969387755102042,0.3090909090909091,0.07672188317349608,0.6539589421218835,1.0,0.0
3952,3951,45,1,124,58,3.896551724137931,0.7999999999999999,0.01656495204882302,0.7298568527514534,1.0,0.0
3953,3952,25,12,551,234,3.6153846153846154,0.43636363636363634,0.0932868352223191,0.6586316397228638,0.0,1.0
3954,3953,18,4,326,43,3.441860465116279,0.3090909090909091,0.010026155187445512,0.6146745260218057,0.0,1.0
3955,3954,35,0,128,152,3.4407894736842106,0.6181818181818182,0.05754141238012206,0.6144032226206394,0.0,1.0
3956,3955,25,0,949,33,3.909090909090909,0.43636363636363634,0.0056669572798605065,0.7330332773462105,0.0,1.0
3957,3956,35,11,402,351,3.883190883190883,0.6181818181818182,0.14428945074106364,0.726472286374134,0.0,1.0
3958,3957,45,7,461,164,3.6402439024390243,0.7999999999999999,0.06277244986922408,0.6649289908747817,0.0,1.0
3959,3958,45,1,37,25,2.64,0.7999999999999999,0.002179598953792503,0.4115473441108546,1.0,0.0
3960,3959,35,14,550,28,4.178571428571429,0.6181818181818182,0.0034873583260680054,0.8012980451996041,1.0,0.0
3961,3960,25,1,452,230,3.4956521739130433,0.43636363636363634,0.0915431560592851,0.6283010342403856,0.0,1.0
3962,3961,56,0,981,70,3.4714285714285715,0.9999999999999999,0.021795989537925022,0.6221647146156385,1.0,0.0
3963,3962,50,20,300,457,4.0262582056892775,0.8909090909090909,0.1904969485614647,0.762714080684856,0.0,1.0
3964,3963,56,16,665,64,3.875,0.9999999999999999,0.01918047079337402,0.7243973729792148,0.0,1.0
3965,3964,18,11,652,290,3.8482758620689657,0.3090909090909091,0.11769834350479513,0.717627618061639,0.0,1.0
3966,3965,25,0,300,53,3.7358490566037736,0.43636363636363634,0.014385353095030515,0.6891476752799687,0.0,1.0
3967,3966,18,2,136,446,2.7219730941704037,0.3090909090909091,0.1857018308631212,0.4323127569672429,1.0,0.0
3968,3967,25,2,29,85,3.7176470588235295,0.43636363636363634,0.028334786399302533,0.684536747724494,0.0,1.0
3969,3968,56,7,123,20,3.5,0.9999999999999999,0.0,0.6294024249422634,0.0,1.0
3970,3969,25,2,29,253,3.316205533596838,0.43636363636363634,0.1015693112467306,0.5828436361810697,1.0,0.0
3971,3970,18,4,802,368,3.483695652173913,0.3090909090909091,0.15170008718395817,0.625272209810222,1.0,0.0
3972,3971,25,6,232,25,3.52,0.43636363636363634,0.002179598953792503,0.6344688221709007,1.0,0.0
3973,3972,25,7,606,91,3.67032967032967,0.43636363636363634,0.030950305143853534,0.6725503134279116,0.0,1.0
3974,3973,35,0,307,123,3.845528455284553,0.6181818181818182,0.044899738448125545,0.7169316453557146,0.0,1.0
3975,3974,25,5,432,92,3.6630434782608696,0.43636363636363634,0.03138622493461203,0.6707045762626771,1.0,0.0
3976,3975,25,0,441,299,3.6254180602006687,0.43636363636363634,0.12162162162162163,0.6611733105733507,1.0,0.0
3977,3976,35,14,221,30,3.8666666666666667,0.6181818181818182,0.004359197907585006,0.7222863741339492,0.0,1.0
3978,3977,35,13,782,132,4.416666666666667,0.6181818181818182,0.048823016564952054,0.8616122979214782,0.0,1.0
3979,3978,50,9,590,97,4.144329896907217,0.8909090909090909,0.03356582388840454,0.7926239851432111,1.0,0.0
3980,3979,25,4,667,40,2.95,0.43636363636363634,0.008718395815170008,0.49007650115473456,0.0,1.0
3981,3980,45,0,977,217,3.557603686635945,0.7999999999999999,0.0858761987794246,0.6439945828588458,1.0,0.0
3982,3981,56,13,959,82,3.597560975609756,0.9999999999999999,0.027027027027027032,0.6541165577648849,0.0,1.0
3983,3982,25,0,306,130,3.3846153846153846,0.43636363636363634,0.047951176983435054,0.6001732101616629,0.0,1.0
3984,3983,25,7,750,65,3.6615384615384614,0.43636363636363634,0.01961639058413252,0.670323325635104,0.0,1.0
3985,3984,45,16,18,331,3.583081570996979,0.7999999999999999,0.13557105492589364,0.6504486369947602,0.0,1.0
3986,3985,25,7,333,50,3.9,0.43636363636363634,0.013077593722755014,0.7307303695150116,0.0,1.0
3987,3986,18,4,17,46,3.217391304347826,0.3090909090909091,0.011333914559721013,0.5578120293202129,1.0,0.0
3988,3987,25,14,606,204,3.6862745098039214,0.43636363636363634,0.08020924149956409,0.6765894579540823,1.0,0.0
3989,3988,50,12,300,226,4.0,0.8909090909090909,0.0897994768962511,0.7560623556581987,0.0,1.0
3990,3989,25,16,173,85,3.9411764705882355,0.43636363636363634,0.028334786399302533,0.741161187338677,0.0,1.0
3991,3990,25,7,333,47,3.4893617021276597,0.43636363636363634,0.011769834350479513,0.6267075327993711,0.0,1.0
3992,3991,25,4,326,449,3.7906458797327396,0.43636363636363634,0.1870095902353967,0.7030287989219051,0.0,1.0
3993,3992,25,0,220,351,3.0997150997150995,0.43636363636363634,0.14428945074106364,0.5280023094688222,0.0,1.0
3994,3993,50,7,430,187,4.037433155080214,0.8909090909090909,0.07279860505666957,0.7655449173160762,0.0,1.0
3995,3994,35,17,228,163,3.5828220858895707,0.6181818181818182,0.06233653007846557,0.6503829042633079,0.0,1.0
3996,3995,18,14,328,112,4.133928571428571,0.3090909090909091,0.04010462074978205,0.7899891228142528,0.0,1.0
3997,3996,35,17,452,315,3.5396825396825395,0.6181818181818182,0.12859633827375763,0.639454800395909,0.0,1.0
3998,3997,45,0,743,324,2.845679012345679,0.7999999999999999,0.13251961639058416,0.463649923017706,0.0,1.0
3999,3998,35,17,307,742,3.1307277628032346,0.6181818181818182,0.3147340889276373,0.5358584329849418,0.0,1.0
4000,3999,35,7,88,65,3.830769230769231,0.6181818181818182,0.01961639058413252,0.7131928406466513,0.0,1.0
4001,4000,25,1,18,434,3.3963133640552994,0.43636363636363634,0.1804707933740192,0.603136540692415,1.0,0.0
4002,4001,45,16,208,59,3.7966101694915255,0.7999999999999999,0.01700087183958152,0.7045396719771403,0.0,1.0
4003,4002,56,13,461,42,3.8095238095238093,0.9999999999999999,0.009590235396687012,0.7078109534806994,0.0,1.0
4004,4003,50,0,210,128,2.671875,0.8909090909090909,0.04707933740191805,0.41962191469399546,0.0,1.0
4005,4004,35,7,121,240,3.808333333333333,0.6181818181818182,0.09590235396687011,0.70750938221709,0.0,1.0
4006,4005,1,7,480,210,3.566666666666667,0.0,0.08282476024411509,0.646290415704388,0.0,1.0
4007,4006,35,12,880,544,2.886029411764706,0.6181818181818182,0.22842197035745423,0.4738714806072546,0.0,1.0
4008,4007,18,1,928,24,2.8333333333333335,0.3090909090909091,0.0017436791630340027,0.46052251732101623,0.0,1.0
4009,4008,18,7,440,309,2.912621359223301,0.3090909090909091,0.12598081952920664,0.48060774905266945,0.0,1.0
4010,4009,25,14,945,24,3.5833333333333335,0.43636363636363634,0.0017436791630340027,0.6505124133949193,0.0,1.0
4011,4010,25,17,852,51,3.4705882352941178,0.43636363636363634,0.013513513513513514,0.6219518407825024,0.0,1.0
4012,4011,18,4,495,47,3.4893617021276597,0.3090909090909091,0.011769834350479513,0.6267075327993711,0.0,1.0
4013,4012,25,1,778,224,2.8839285714285716,0.43636363636363634,0.0889276373147341,0.4733392960244145,0.0,1.0
4014,4013,25,0,483,225,3.7244444444444444,0.43636363636363634,0.0893635571054926,0.6862586605080832,0.0,1.0
4015,4014,45,3,756,104,3.6153846153846154,0.7999999999999999,0.036617262423714034,0.6586316397228638,1.0,0.0
4016,4015,50,0,339,678,3.010324483775811,0.8909090909090909,0.28683522231909325,0.5053578910257721,0.0,1.0
4017,4016,25,14,179,39,3.4615384615384617,0.43636363636363634,0.008282476024411508,0.6196593533487299,0.0,1.0
4018,4017,45,20,752,145,3.6758620689655173,0.7999999999999999,0.054489973844812564,0.6739517798837302,1.0,0.0
4019,4018,35,17,546,25,3.96,0.6181818181818182,0.002179598953792503,0.7459295612009238,0.0,1.0
4020,4019,25,6,770,84,3.4285714285714284,0.43636363636363634,0.027898866608544032,0.6113081491257011,0.0,1.0
4021,4020,50,20,952,765,3.8248366013071897,0.8909090909090909,0.3247602441150828,0.7116899877734004,0.0,1.0
4022,4021,35,14,534,416,3.0649038461538463,0.6181818181818182,0.17262423714036618,0.5191839275404158,0.0,1.0
4023,4022,35,9,324,87,3.1264367816091956,0.6181818181818182,0.029206625980819533,0.5347714422234611,1.0,0.0
4024,4023,25,5,450,252,3.1547619047619047,0.43636363636363634,0.10113339145597211,0.5419467584955461,0.0,1.0
4025,4024,56,6,770,28,3.9285714285714284,0.9999999999999999,0.0034873583260680054,0.7379680798416365,1.0,0.0
4026,4025,25,7,681,300,3.3833333333333333,0.43636363636363634,0.12205754141238012,0.5998484411085451,0.0,1.0
4027,4026,25,7,125,51,4.352941176470588,0.43636363636363634,0.013513513513513514,0.8454693655753294,1.0,0.0
4028,4027,25,4,21,537,3.4990689013035383,0.43636363636363634,0.22537053182214473,0.6291665591494963,0.0,1.0
4029,4028,56,3,211,77,3.896103896103896,0.9999999999999999,0.024847428073234524,0.7297434090159264,1.0,0.0
4030,4029,35,7,891,124,3.467741935483871,0.6181818181818182,0.04533565823888405,0.6212308165089772,0.0,1.0
4031,4030,25,0,424,51,4.0588235294117645,0.43636363636363634,0.013513513513513514,0.7709635239777204,0.0,1.0
4032,4031,25,12,563,153,4.281045751633987,0.43636363636363634,0.057977332170880566,0.8272568265181361,0.0,1.0
4033,4032,25,6,435,662,3.7673716012084593,0.43636363636363634,0.27986050566695725,0.6971329619112077,0.0,1.0
4034,4033,25,0,211,108,4.324074074074074,0.43636363636363634,0.038360941586748035,0.838156755196305,0.0,1.0
4035,4034,18,4,452,57,4.035087719298246,0.3090909090909091,0.01612903225806452,0.7649507718487907,0.0,1.0
4036,4035,25,1,465,126,3.4365079365079363,0.43636363636363634,0.04620749782040105,0.6133186242164302,0.0,1.0
4037,4036,50,16,802,53,3.811320754716981,0.8909090909090909,0.014385353095030515,0.7082661553880344,0.0,1.0
4038,4037,50,6,115,23,4.0,0.8909090909090909,0.0013077593722755024,0.7560623556581987,0.0,1.0
4039,4038,25,16,974,53,3.9245283018867925,0.43636363636363634,0.014385353095030515,0.736943875550133,0.0,1.0
4040,4039,25,20,750,186,3.0053763440860215,0.43636363636363634,0.07236268526591108,0.504104428965209,0.0,1.0
4041,4040,18,3,480,844,3.3175355450236967,0.3090909090909091,0.35919790758500436,0.5831805544914244,0.0,1.0
4042,4041,35,15,940,446,3.3542600896860986,0.6181818181818182,0.1857018308631212,0.5924836110564525,0.0,1.0
4043,4042,25,15,940,133,3.6466165413533833,0.43636363636363634,0.04925893635571055,0.6665433068815225,1.0,0.0
4044,4043,35,3,958,62,4.225806451612903,0.6181818181818182,0.01830863121185702,0.8132636146912018,1.0,0.0
4045,4044,56,13,405,44,3.522727272727273,0.9999999999999999,0.010462074978204013,0.6351596945202604,0.0,1.0
4046,4045,45,17,535,37,3.5675675675675675,0.7999999999999999,0.0074106364428945075,0.6465186317957681,0.0,1.0
4047,4046,18,4,306,45,4.288888888888889,0.3090909090909091,0.010897994768962513,0.8292436489607391,0.0,1.0
4048,4047,35,1,894,729,3.7544581618655695,0.6181818181818182,0.30906713164777677,0.6938617312462579,1.0,0.0
4049,4048,45,11,331,375,3.32,0.7999999999999999,0.15475152571926767,0.5838048498845265,0.0,1.0
4050,4049,35,6,600,168,4.2976190476190474,0.6181818181818182,0.06451612903225808,0.8314551715605412,0.0,1.0
4051,4050,18,14,16,100,2.91,0.3090909090909091,0.03487358326068003,0.47994370669745967,0.0,1.0
4052,4051,25,2,435,34,4.235294117647059,0.43636363636363634,0.006102877070619007,0.815667028936286,0.0,1.0
4053,4052,25,18,362,500,3.47,0.43636363636363634,0.20924149956408022,0.6218028290993073,0.0,1.0
4054,4053,35,3,681,616,3.663961038961039,0.6181818181818182,0.2598081952920662,0.6709370126120993,0.0,1.0
4055,4054,50,0,988,407,2.8574938574938575,0.8909090909090909,0.16870095902353968,0.4666428579534816,0.0,1.0
4056,4055,1,10,282,22,2.3181818181818183,0.0,0.0008718395815170022,0.3300244068864162,0.0,1.0
4057,4056,35,6,182,38,3.526315789473684,0.6181818181818182,0.007846556233653008,0.6360687370852073,0.0,1.0
4058,4057,25,6,731,503,3.405566600397614,0.43636363636363634,0.21054925893635573,0.6054805692404465,0.0,1.0
4059,4058,25,14,802,45,3.111111111111111,0.43636363636363634,0.010897994768962513,0.5308891454965359,0.0,1.0
4060,4059,25,18,554,256,3.8515625,0.43636363636363634,0.10287707061900611,0.7184601887269054,0.0,1.0
4061,4060,50,6,327,38,3.236842105263158,0.8909090909090909,0.007846556233653008,0.5627393035128238,0.0,1.0
4062,4061,25,7,605,322,3.437888198757764,0.43636363636363634,0.13164777680906714,0.6136682720582962,0.0,1.0
4063,4062,35,1,290,59,3.8983050847457625,0.6181818181818182,0.01700087183958152,0.7303010138176694,1.0,0.0
4064,4063,45,0,208,1009,3.0822596630327057,0.7999999999999999,0.43112467306015695,0.5235805006672054,0.0,1.0
4065,4064,45,5,483,21,4.190476190476191,0.7999999999999999,0.00043591979075850197,0.8043137578356978,1.0,0.0
4066,4065,25,0,190,95,3.168421052631579,0.43636363636363634,0.03269398430688754,0.5454068919411694,0.0,1.0
4067,4066,45,20,916,80,2.95,0.7999999999999999,0.026155187445510025,0.49007650115473456,0.0,1.0
4068,4067,56,3,891,20,4.15,0.9999999999999999,0.0,0.7940603348729793,0.0,1.0
4069,4068,35,15,194,31,3.870967741935484,0.6181818181818182,0.004795117698343506,0.7233759219250541,0.0,1.0
4070,4069,25,15,931,135,3.6074074074074076,0.43636363636363634,0.05013077593722755,0.6566108545034643,0.0,1.0
4071,4070,25,17,338,111,3.954954954954955,0.43636363636363634,0.03966870095902354,0.7446515510891956,0.0,1.0
4072,4071,50,6,931,254,3.6968503937007875,0.8909090909090909,0.10200523103748911,0.679268539397356,0.0,1.0
4073,4072,25,6,700,24,3.75,0.43636363636363634,0.0017436791630340027,0.692732390300231,0.0,1.0
4074,4073,35,6,787,26,3.9615384615384617,0.6181818181818182,0.002615518744551003,0.7463192840646653,0.0,1.0
4075,4074,25,16,479,54,3.8333333333333335,0.43636363636363634,0.014821272885789015,0.7138423787528869,0.0,1.0
4076,4075,25,17,553,48,4.020833333333333,0.43636363636363634,0.012205754141238014,0.7613398527713626,0.0,1.0
4077,4076,35,2,220,227,3.8898678414096914,0.6181818181818182,0.0902353966870096,0.7281636925049089,1.0,0.0
4078,4077,25,15,282,266,3.3909774436090228,0.43636363636363634,0.10723626852659111,0.6017848460643527,0.0,1.0
4079,4078,35,17,265,433,3.766743648960739,0.6181818181818182,0.1800348735832607,0.6969738891348293,0.0,1.0
4080,4079,35,1,489,83,4.180722891566265,0.6181818181818182,0.027462946817785532,0.8018430535073318,0.0,1.0
4081,4080,18,12,194,51,4.0,0.3090909090909091,0.013513513513513514,0.7560623556581987,0.0,1.0
4082,4081,25,20,799,123,3.951219512195122,0.43636363636363634,0.044899738448125545,0.7437052892468878,0.0,1.0
4083,4082,56,14,926,766,2.9595300261096606,0.9999999999999999,0.32519616390584133,0.49249064604827586,0.0,1.0
4084,4083,56,13,142,168,4.339285714285714,0.9999999999999999,0.06451612903225808,0.842010165786869,0.0,1.0
4085,4084,25,6,794,829,3.6103739445114598,0.43636363636363634,0.3526591107236268,0.6573623372715953,1.0,0.0
4086,4085,1,10,553,318,4.487421383647798,0.0,0.12990409764603314,0.8795358730227896,1.0,0.0
4087,4086,1,4,633,60,2.9833333333333334,0.0,0.01743679163034002,0.4985204965357969,0.0,1.0
4088,4087,25,3,770,403,3.2853598014888337,0.43636363636363634,0.16695727986050568,0.5750297995977055,0.0,1.0
4089,4088,25,7,794,702,3.7564102564102564,0.43636363636363634,0.29729729729729726,0.6943562355658199,0.0,1.0
4090,4089,56,6,773,203,3.8078817733990147,0.9999999999999999,0.07977332170880559,0.7073949931171003,0.0,1.0
4091,4090,25,17,554,104,3.451923076923077,0.43636363636363634,0.036617262423714034,0.6172235854503465,0.0,1.0
4092,4091,25,0,190,72,4.152777777777778,0.43636363636363634,0.022667829119442023,0.7947640011547346,1.0,0.0
4093,4092,25,4,708,157,4.343949044585988,0.43636363636363634,0.05972101133391457,0.8431914799723454,0.0,1.0
4094,4093,25,17,490,270,4.17037037037037,0.43636363636363634,0.10897994768962511,0.7992205542725173,0.0,1.0
4095,4094,25,0,100,62,3.7903225806451615,0.43636363636363634,0.01830863121185702,0.7029469008418388,0.0,1.0
4096,4095,25,15,600,239,3.3430962343096233,0.43636363636363634,0.0954664341761116,0.5896555847594385,0.0,1.0
4097,4096,25,7,633,30,3.7333333333333334,0.43636363636363634,0.004359197907585006,0.6885103926096998,0.0,1.0
4098,4097,35,7,531,114,3.8596491228070176,0.6181818181818182,0.04097646033129905,0.7205086908958309,0.0,1.0
4099,4098,35,17,949,129,3.744186046511628,0.6181818181818182,0.04751525719267655,0.6912596004081852,0.0,1.0
4100,4099,56,6,770,28,4.142857142857143,0.9999999999999999,0.0034873583260680054,0.7922509072913231,0.0,1.0
4101,4100,18,4,232,95,3.6315789473684212,0.3090909090909091,0.03269398430688754,0.6627339856569832,0.0,1.0
4102,4101,1,10,486,89,2.7865168539325844,0.0,0.030078465562336534,0.4486629732464905,0.0,1.0
4103,4102,18,16,112,146,3.5,0.3090909090909091,0.05492589363557106,0.6294024249422634,0.0,1.0
4104,4103,18,16,421,154,3.5259740259740258,0.3090909090909091,0.05841325196163906,0.6359821616028314,0.0,1.0
4105,4104,50,7,342,64,2.734375,0.8909090909090909,0.01918047079337402,0.4354544060334874,0.0,1.0
4106,4105,25,16,954,28,3.0,0.43636363636363634,0.0034873583260680054,0.502742494226328,0.0,1.0
4107,4106,25,0,232,350,4.02,0.43636363636363634,0.14385353095030515,0.761128752886836,1.0,0.0
4108,4107,35,17,775,32,4.34375,0.6181818181818182,0.005231037489102006,0.8431410580254042,0.0,1.0
4109,4108,35,3,972,25,3.48,0.6181818181818182,0.002179598953792503,0.624336027713626,0.0,1.0
4110,4109,45,7,417,21,4.333333333333333,0.7999999999999999,0.00043591979075850197,0.8405023094688222,1.0,0.0
4111,4110,25,15,326,53,3.641509433962264,0.43636363636363634,0.014385353095030515,0.6652495751448865,0.0,1.0
4112,4111,45,18,471,324,4.04320987654321,0.7999999999999999,0.13251961639058416,0.7670082755966128,0.0,1.0
4113,4112,35,17,585,33,3.515151515151515,0.6181818181818182,0.0056669572798605065,0.633240604660928,0.0,1.0
4114,4113,35,14,481,200,3.8,0.6181818181818182,0.07846556233653008,0.7053983833718245,0.0,1.0
4115,4114,25,15,993,517,3.8065764023210833,0.43636363636363634,0.21665213600697472,0.7070643166965216,0.0,1.0
4116,4115,35,7,70,363,3.793388429752066,0.6181818181818182,0.14952048823016567,0.7037235413127708,0.0,1.0
4117,4116,18,4,435,204,4.088235294117647,0.3090909090909091,0.08020924149956409,0.7784141081374814,0.0,1.0
4118,4117,25,3,912,207,4.06280193236715,0.43636363636363634,0.08151700087183959,0.7719713324630988,0.0,1.0
4119,4118,50,1,394,54,3.537037037037037,0.8909090909090909,0.014821272885789015,0.6387846420323327,0.0,1.0
4120,4119,25,16,711,48,3.375,0.43636363636363634,0.012205754141238014,0.5977374422632795,0.0,1.0
4121,4120,45,7,88,127,3.8818897637795278,0.7999999999999999,0.046643417611159546,0.7261426869851432,0.0,1.0
4122,4121,18,19,820,315,3.5428571428571427,0.3090909090909091,0.12859633827375763,0.6402589904322006,0.0,1.0
4123,4122,25,4,468,106,3.311320754716981,0.43636363636363634,0.037489102005231034,0.5816062246720991,1.0,0.0
4124,4123,25,18,623,310,3.42258064516129,0.43636363636363634,0.12641673931996514,0.6097905647023766,0.0,1.0
4125,4124,35,2,136,45,2.8,0.6181818181818182,0.010897994768962513,0.4520785219399538,0.0,1.0
4126,4125,25,17,531,358,3.5139664804469275,0.43636363636363634,0.14734088927637315,0.6329404118337699,0.0,1.0
4127,4126,50,17,168,89,3.842696629213483,0.8909090909090909,0.030078465562336534,0.716214287567792,0.0,1.0
4128,4127,35,6,600,50,4.0,0.6181818181818182,0.013077593722755014,0.7560623556581987,0.0,1.0
4129,4128,56,11,121,29,4.0,0.9999999999999999,0.003923278116826506,0.7560623556581987,0.0,1.0
4130,4129,35,6,484,172,3.6802325581395348,0.6181818181818182,0.06625980819529208,0.6750589115956819,0.0,1.0
4131,4130,45,7,977,123,3.983739837398374,0.7999999999999999,0.044899738448125545,0.7519433335210952,0.0,1.0
4132,4131,25,17,801,132,3.856060606060606,0.43636363636363634,0.048823016564952054,0.719599648330884,0.0,1.0
4133,4132,45,4,770,118,3.1186440677966103,0.7999999999999999,0.04272013949433305,0.5327973930402787,0.0,1.0
4134,4133,45,12,852,118,3.610169491525424,0.7999999999999999,0.04272013949433305,0.6573105452695034,1.0,0.0
4135,4134,1,10,463,66,4.242424242424242,0.0,0.02005231037489102,0.817473231156834,0.0,1.0
4136,4135,50,16,600,39,4.512820512820513,0.8909090909090909,0.008282476024411508,0.8859699769053118,0.0,1.0
4137,4136,25,7,919,85,3.9176470588235293,0.43636363636363634,0.028334786399302533,0.7352007200108681,0.0,1.0
4138,4137,25,7,914,64,3.96875,0.43636363636363634,0.01918047079337402,0.7481461099884528,0.0,1.0
4139,4138,56,14,402,351,3.735042735042735,0.9999999999999999,0.14428945074106364,0.6889434180138568,0.0,1.0
4140,4139,25,0,321,735,3.1578231292517005,0.43636363636363634,0.3116826503923278,0.542722227459113,0.0,1.0
4141,4140,35,17,950,226,3.853982300884956,0.6181818181818182,0.0897994768962511,0.7190731723517751,0.0,1.0
4142,4141,56,7,10,24,3.0416666666666665,0.9999999999999999,0.0017436791630340027,0.5132974884526559,0.0,1.0
4143,4142,25,5,604,24,4.458333333333333,0.43636363636363634,0.0017436791630340027,0.8721672921478061,1.0,0.0
4144,4143,18,4,24,140,3.3214285714285716,0.3090909090909091,0.052310374891020056,0.584166735400858,0.0,1.0
4145,4144,50,1,786,25,4.12,0.8909090909090909,0.002179598953792503,0.7864607390300231,1.0,0.0
4146,4145,35,17,443,25,4.12,0.6181818181818182,0.002179598953792503,0.7864607390300231,0.0,1.0
4147,4146,50,7,28,61,4.327868852459017,0.8909090909090909,0.01787271142109852,0.8391180479309432,1.0,0.0
4148,4147,35,7,550,94,3.8297872340425534,0.6181818181818182,0.03225806451612903,0.7129440813719229,1.0,0.0
4149,4148,35,1,327,52,3.9615384615384617,0.6181818181818182,0.013949433304272014,0.7463192840646653,0.0,1.0
4150,4149,25,0,296,403,3.3200992555831266,0.43636363636363634,0.16695727986050568,0.5838299932950906,0.0,1.0
4151,4150,45,20,432,36,3.6666666666666665,0.7999999999999999,0.006974716652136007,0.671622401847575,0.0,1.0
4152,4151,25,14,741,158,3.670886075949367,0.43636363636363634,0.06015693112467306,0.6726912620223932,0.0,1.0
4153,4152,50,17,168,169,3.7159763313609466,0.8909090909090909,0.06495204882301657,0.6841135192751822,0.0,1.0
4154,4153,25,1,294,23,4.434782608695652,0.43636363636363634,0.0013077593722755024,0.8662014258459685,0.0,1.0
4155,4154,50,17,857,62,3.596774193548387,0.8909090909090909,0.01830863121185702,0.6539172502421218,0.0,1.0
4156,4155,56,20,951,392,3.7806122448979593,0.9999999999999999,0.16216216216216217,0.7004870799359005,0.0,1.0
4157,4156,50,18,973,56,3.3392857142857144,0.8909090909090909,0.01569311246730602,0.5886903043549985,0.0,1.0
4158,4157,1,10,900,23,3.782608695652174,0.0,0.0013077593722755024,0.7009928205643138,1.0,0.0
4159,4158,50,9,14,22,4.045454545454546,0.8909090909090909,0.0008718395815170022,0.767576894814193,1.0,0.0
4160,4159,35,20,100,120,3.2583333333333333,0.6181818181818182,0.04359197907585005,0.5681834584295612,0.0,1.0
4161,4160,45,0,904,459,2.5163398692810457,0.7999999999999999,0.1913687881429817,0.38022177693248205,0.0,1.0
4162,4161,25,14,232,126,4.103174603174603,0.43636363636363634,0.04620749782040105,0.7821985318376774,1.0,0.0
4163,4162,56,7,89,26,3.423076923076923,0.9999999999999999,0.002615518744551003,0.6099162817551963,0.0,1.0
4164,4163,35,1,506,36,3.5833333333333335,0.6181818181818182,0.006974716652136007,0.6505124133949193,0.0,1.0
4165,4164,25,14,941,51,3.7254901960784315,0.43636363636363634,0.013513513513513514,0.686523570167097,1.0,0.0
4166,4165,25,7,752,24,3.875,0.43636363636363634,0.0017436791630340027,0.7243973729792148,1.0,0.0
4167,4166,25,20,220,465,3.6731182795698927,0.43636363636363634,0.1939843068875327,0.6732567235342324,0.0,1.0
4168,4167,45,6,377,100,4.37,0.7999999999999999,0.03487358326068003,0.8497907043879909,1.0,0.0
4169,4168,50,0,660,2314,3.5518582541054453,0.8909090909090909,1.0,0.6425391506863535,0.0,1.0
4170,4169,45,7,537,83,3.783132530120482,0.7999999999999999,0.027462946817785532,0.7011255182392387,0.0,1.0
4171,4170,56,16,797,147,3.5374149659863945,0.9999999999999999,0.055361813426329565,0.6388803789414149,0.0,1.0
4172,4171,35,7,199,70,4.4714285714285715,0.6181818181818182,0.021795989537925022,0.8754845760475092,0.0,1.0
4173,4172,18,11,290,56,4.017857142857143,0.3090909090909091,0.01569311246730602,0.7605859246123394,1.0,0.0
4174,4173,35,3,201,40,4.075,0.6181818181818182,0.008718395815170008,0.775061345265589,1.0,0.0
4175,4174,35,0,662,92,3.9130434782608696,0.6181818181818182,0.03138622493461203,0.7340345416206447,0.0,1.0
4176,4175,45,7,190,22,4.636363636363637,0.7999999999999999,0.0008718395815170022,0.9172659038421165,0.0,1.0
4177,4176,35,17,906,152,4.3355263157894735,0.6181818181818182,0.05754141238012206,0.8410578354807341,0.0,1.0
4178,4177,50,16,80,20,3.75,0.8909090909090909,0.0,0.692732390300231,1.0,0.0
4179,4178,35,20,949,161,4.490683229813665,0.6181818181818182,0.06146469049694857,0.8803621634415391,1.0,0.0
4180,4179,56,13,135,82,3.4390243902439024,0.9999999999999999,0.027027027027027032,0.6139560919281248,0.0,1.0
4181,4180,25,7,331,129,3.10077519379845,0.43636363636363634,0.04751525719267655,0.5282708523551212,1.0,0.0
4182,4181,25,18,809,46,4.1521739130434785,0.43636363636363634,0.011333914559721013,0.7946110302239182,0.0,1.0
4183,4182,25,1,917,366,2.901639344262295,0.43636363636363634,0.15082824760244115,0.4778257865445046,0.0,1.0
4184,4183,50,7,321,26,3.1923076923076925,0.8909090909090909,0.002615518744551003,0.5514578521939955,0.0,1.0
4185,4184,25,14,902,52,3.3653846153846154,0.43636363636363634,0.013949433304272014,0.5953016743648961,0.0,1.0
4186,4185,25,7,333,640,2.8328125,0.43636363636363634,0.27027027027027023,0.4603905798931872,0.0,1.0
4187,4186,56,20,630,67,4.522388059701493,0.9999999999999999,0.02048823016564952,0.8883936265554446,1.0,0.0
4188,4187,50,7,741,44,3.227272727272727,0.8909090909090909,0.010462074978204013,0.5603151900062986,0.0,1.0
4189,4188,35,14,913,33,4.575757575757576,0.6181818181818182,0.0056669572798605065,0.9019131849674578,0.0,1.0
4190,4189,45,17,891,99,3.282828282828283,0.7999999999999999,0.03443766346992154,0.5743885156414026,0.0,1.0
4191,4190,45,15,554,26,4.038461538461538,0.7999999999999999,0.002615518744551003,0.7658054272517321,1.0,0.0
4192,4191,35,17,775,20,2.95,0.6181818181818182,0.0,0.49007650115473456,0.0,1.0
4193,4192,56,13,939,261,3.6398467432950192,0.9999999999999999,0.10505666957279862,0.664828382575456,0.0,1.0
4194,4193,18,4,606,174,4.086206896551724,0.3090909090909091,0.06713164777680908,0.7779002747471531,0.0,1.0
4195,4194,56,13,950,101,4.316831683168317,0.9999999999999999,0.03530950305143854,0.8363221137356232,1.0,0.0
4196,4195,35,14,142,29,3.6206896551724137,0.6181818181818182,0.003923278116826506,0.6599755116667995,0.0,1.0
4197,4196,45,1,180,23,4.304347826086956,0.7999999999999999,0.0013077593722755024,0.8331597047896375,1.0,0.0
4198,4197,18,4,806,50,3.82,0.3090909090909091,0.013077593722755014,0.7104647806004619,0.0,1.0
4199,4198,25,9,327,47,3.851063829787234,0.43636363636363634,0.011769834350479513,0.7183338656577073,1.0,0.0
4200,4199,45,7,105,49,3.979591836734694,0.7999999999999999,0.012641673931996514,0.7508925625677525,0.0,1.0
4201,4200,25,0,655,24,4.291666666666667,0.43636363636363634,0.0017436791630340027,0.8299473152424943,1.0,0.0
4202,4201,25,7,212,23,3.652173913043478,0.43636363636363634,0.0013077593722755024,0.6679510995079827,0.0,1.0
4203,4202,25,18,582,145,3.924137931034483,0.43636363636363634,0.054489973844812564,0.7368449868599188,0.0,1.0
4204,4203,35,7,69,240,4.4,0.6181818181818182,0.09590235396687011,0.8573903002309471,0.0,1.0
4205,4204,25,15,878,46,3.5434782608695654,0.43636363636363634,0.011333914559721013,0.6404163319610404,1.0,0.0
4206,4205,35,1,229,47,4.319148936170213,0.6181818181818182,0.011769834350479513,0.8369091199449659,1.0,0.0
4207,4206,35,1,907,247,4.246963562753036,0.6181818181818182,0.0989537925021796,0.8186231311535188,0.0,1.0
4208,4207,35,0,904,48,4.0625,0.6181818181818182,0.012205754141238014,0.7718948469976905,1.0,0.0
4209,4208,56,0,373,23,3.608695652173913,0.9999999999999999,0.0013077593722755024,0.6569371924892058,0.0,1.0
4210,4209,25,17,857,131,3.717557251908397,0.43636363636363634,0.04838709677419355,0.6845139978491971,0.0,1.0
4211,4210,45,5,776,24,2.9583333333333335,0.7999999999999999,0.0017436791630340027,0.4921875000000001,0.0,1.0
4212,4211,56,18,567,155,3.7096774193548385,0.9999999999999999,0.05884917175239757,0.6825178797586233,0.0,1.0
4213,4212,35,7,631,395,4.060759493670886,0.6181818181818182,0.16346992153443768,0.7714539421755782,0.0,1.0
4214,4213,25,0,201,39,3.871794871794872,0.43636363636363634,0.008282476024411508,0.7235854503464204,1.0,0.0
4215,4214,25,7,770,289,4.003460207612457,0.43636363636363634,0.11726242371403664,0.7569388949711118,0.0,1.0
4216,4215,25,17,17,27,4.074074074074074,0.43636363636363634,0.0030514385353095034,0.7748267898383374,0.0,1.0
4217,4216,18,4,180,385,4.01038961038961,0.3090909090909091,0.15911072362685266,0.7586942503224259,0.0,1.0
4218,4217,50,17,232,101,3.5544554455445545,0.8909090909090909,0.03530950305143854,0.6431970708618207,0.0,1.0
4219,4218,35,17,951,111,3.7837837837837838,0.6181818181818182,0.03966870095902354,0.7012904937269834,0.0,1.0
4220,4219,35,0,972,248,3.5201612903225805,0.6181818181818182,0.09938971229293811,0.6345096802130672,0.0,1.0
4221,4220,35,4,538,89,4.146067415730337,0.6181818181818182,0.030078465562336534,0.7930641331707191,0.0,1.0
4222,4221,45,17,559,122,3.9508196721311477,0.7999999999999999,0.04446381865736705,0.7436040018172871,1.0,0.0
4223,4222,35,17,601,163,3.3496932515337425,0.6181818181818182,0.06233653007846557,0.591326740248516,1.0,0.0
4224,4223,45,1,481,337,3.8724035608308607,0.7999999999999999,0.13818657367044465,0.7237396433686721,1.0,0.0
4225,4224,25,3,481,129,3.6589147286821704,0.43636363636363634,0.04751525719267655,0.669658681991514,1.0,0.0
4226,4225,35,6,760,37,3.7837837837837838,0.6181818181818182,0.0074106364428945075,0.7012904937269834,1.0,0.0
4227,4226,25,19,114,1222,2.7013093289689034,0.43636363636363634,0.5239755884917175,0.4270782148297382,0.0,1.0
4228,4227,50,18,207,23,3.652173913043478,0.8909090909090909,0.0013077593722755024,0.6679510995079827,0.0,1.0
4229,4228,35,17,940,63,3.634920634920635,0.6181818181818182,0.01874455100261552,0.6635805014846586,0.0,1.0
4230,4229,56,13,342,21,3.9523809523809526,0.9999999999999999,0.00043591979075850197,0.743999505113824,0.0,1.0
4231,4230,50,18,207,50,3.42,0.8909090909090909,0.013077593722755014,0.6091368360277136,1.0,0.0
4232,4231,35,20,752,52,3.826923076923077,0.6181818181818182,0.013949433304272014,0.712218533487298,1.0,0.0
4233,4232,35,4,379,134,3.7611940298507465,0.6181818181818182,0.049694856146469055,0.6955680603908864,0.0,1.0
4234,4233,45,3,481,159,3.8867924528301887,0.7999999999999999,0.06059285091543157,0.7273846354961001,1.0,0.0
4235,4234,50,2,900,126,3.7698412698412698,0.8909090909090909,0.04620749782040105,0.6977585780270539,0.0,1.0
4236,4235,25,3,79,51,4.098039215686274,0.43636363636363634,0.013513513513513514,0.7808976361907349,1.0,0.0
4237,4236,25,14,774,123,3.869918699186992,0.43636363636363634,0.044899738448125545,0.72311017856137,0.0,1.0
4238,4237,35,16,446,819,3.4249084249084247,0.6181818181818182,0.34829991281604183,0.6103802375453646,0.0,1.0
4239,4238,50,7,524,68,4.117647058823529,0.8909090909090909,0.020924149956408022,0.7858646922972421,0.0,1.0
4240,4239,35,17,553,66,3.9393939393939394,0.6181818181818182,0.02005231037489102,0.7407096367835398,0.0,1.0
4241,4240,35,7,117,98,4.051020408163265,0.6181818181818182,0.03400174367916303,0.7689868383843146,0.0,1.0
4242,4241,50,7,787,131,3.8244274809160306,0.8909090909090909,0.04838709677419355,0.7115863494526031,0.0,1.0
4243,4242,56,7,321,142,4.056338028169014,0.9999999999999999,0.05318221447253706,0.7703338971473181,0.0,1.0
4244,4243,35,17,481,20,3.55,0.6181818181818182,0.0,0.6420684180138568,0.0,1.0
4245,4244,50,12,442,92,3.630434782608696,0.8909090909090909,0.03138622493461203,0.6624441459985944,0.0,1.0
4246,4245,35,7,480,36,3.7777777777777777,0.6181818181818182,0.006974716652136007,0.6997690531177829,1.0,0.0
4247,4246,25,4,826,76,3.1315789473684212,0.43636363636363634,0.024411508282476024,0.5360740549410479,0.0,1.0
4248,4247,25,4,265,85,3.764705882352941,0.43636363636363634,0.028334786399302533,0.6964576823801114,0.0,1.0
4249,4248,18,17,652,103,3.233009708737864,0.3090909090909091,0.03618134263295554,0.5617684813560843,1.0,0.0
4250,4249,50,0,333,327,3.923547400611621,0.8909090909090909,0.13382737576285963,0.7366953937750281,1.0,0.0
4251,4250,45,7,601,97,3.5670103092783507,0.7999999999999999,0.03356582388840454,0.6463774672031619,0.0,1.0
4252,4251,35,3,282,105,3.257142857142857,0.6181818181818182,0.03705318221447254,0.5678818871659519,1.0,0.0
4253,4252,45,11,33,338,3.4171597633136095,0.7999999999999999,0.13862249346120314,0.6084173476638836,0.0,1.0
4254,4253,25,17,386,24,4.416666666666667,0.43636363636363634,0.0017436791630340027,0.8616122979214782,0.0,1.0
4255,4254,50,12,130,41,4.121951219512195,0.8909090909090909,0.009154315605928512,0.7869550216864756,0.0,1.0
4256,4255,1,2,789,27,3.8518518518518516,0.0,0.0030514385353095034,0.7185334872979214,1.0,0.0
4257,4256,50,16,381,139,3.2805755395683454,0.8909090909090909,0.05187445510026155,0.5738178510309536,0.0,1.0
4258,4257,25,17,197,400,3.715,0.43636363636363634,0.16564952048823017,0.6838661951501155,0.0,1.0
4259,4258,35,17,453,21,3.6666666666666665,0.6181818181818182,0.00043591979075850197,0.671622401847575,0.0,1.0
4260,4259,25,16,590,324,3.1450617283950617,0.43636363636363634,0.13251961639058416,0.5394895111624327,0.0,1.0
4261,4260,35,6,79,277,3.187725631768953,0.6181818181818182,0.11203138622493462,0.5502971252532496,1.0,0.0
4262,4261,35,6,65,38,3.6578947368421053,0.6181818181818182,0.007846556233653008,0.6694002977999272,1.0,0.0
4263,4262,25,7,402,38,3.6578947368421053,0.43636363636363634,0.007846556233653008,0.6694002977999272,0.0,1.0
4264,4263,45,1,601,21,4.238095238095238,0.7999999999999999,0.00043591979075850197,0.8163766083800728,0.0,1.0
4265,4264,25,12,30,209,3.8564593301435406,0.43636363636363634,0.0823888404533566,0.7197006530603225,0.0,1.0
4266,4265,56,13,786,69,3.246376811594203,0.9999999999999999,0.021360069747166522,0.5651546339993976,0.0,1.0
4267,4266,35,7,21,37,3.3783783783783785,0.6181818181818182,0.0074106364428945075,0.5985932526059548,0.0,1.0
4268,4267,45,20,40,310,3.264516129032258,0.7999999999999999,0.12641673931996514,0.5697496833792745,1.0,0.0
4269,4268,35,18,276,227,3.7709251101321586,0.6181818181818182,0.0902353966870096,0.698033136299356,0.0,1.0
4270,4269,45,7,132,24,3.4583333333333335,0.7999999999999999,0.0017436791630340027,0.6188474307159354,0.0,1.0
4271,4270,35,7,834,526,2.994296577946768,0.6181818181818182,0.22057541412380124,0.5012977041421158,0.0,1.0
4272,4271,45,17,379,113,3.4601769911504423,0.7999999999999999,0.04054054054054054,0.6193144658586932,0.0,1.0
4273,4272,45,13,300,33,4.666666666666667,0.7999999999999999,0.0056669572798605065,0.924942263279446,0.0,1.0
4274,4273,45,1,42,153,2.8823529411764706,0.7999999999999999,0.057977332170880566,0.47294015758728436,1.0,0.0
4275,4274,45,16,144,31,3.806451612903226,0.7999999999999999,0.004795117698343506,0.7070327050584818,1.0,0.0
4276,4275,45,0,968,82,3.7804878048780486,0.7999999999999999,0.027027027027027032,0.7004555568073002,1.0,0.0
4277,4276,35,16,981,1743,4.134825014343087,0.6181818181818182,0.7510897994768964,0.7902162096091394,0.0,1.0
4278,4277,45,7,90,36,3.9166666666666665,0.7999999999999999,0.006974716652136007,0.7349523672055428,1.0,0.0
4279,4278,25,16,432,490,3.373469387755102,0.43636363636363634,0.2048823016564952,0.597349707781496,0.0,1.0
4280,4279,35,17,275,88,3.534090909090909,0.6181818181818182,0.029642545771578033,0.638038329309259,0.0,1.0
4281,4280,56,13,921,204,3.588235294117647,0.9999999999999999,0.08020924149956409,0.6517541774215461,0.0,1.0
4282,4281,35,0,158,29,3.586206896551724,0.6181818181818182,0.003923278116826506,0.6512403440312178,0.0,1.0
4283,4282,25,9,986,61,3.7868852459016393,0.43636363636363634,0.01787271142109852,0.7020761556809147,1.0,0.0
4284,4283,50,7,406,156,2.7435897435897436,0.8909090909090909,0.05928509154315606,0.43778868360277146,0.0,1.0
4285,4284,35,0,627,516,3.753875968992248,0.6181818181818182,0.21621621621621623,0.6937142502282615,0.0,1.0
4286,4285,35,17,115,200,3.645,0.6181818181818182,0.07846556233653008,0.6661338048498846,0.0,1.0
4287,4286,25,7,352,293,3.744027303754266,0.43636363636363634,0.11900610287707064,0.6912193877148871,0.0,1.0
4288,4287,25,9,465,27,4.111111111111111,0.43636363636363634,0.0030514385353095034,0.7842090069284064,1.0,0.0
4289,4288,35,14,320,154,3.8701298701298703,0.6181818181818182,0.05841325196163906,0.7231636723553584,0.0,1.0
4290,4289,25,17,986,57,4.052631578947368,0.43636363636363634,0.01612903225806452,0.7693949799440865,0.0,1.0
4291,4290,35,14,981,211,3.5450236966824646,0.6181818181818182,0.0832606800348736,0.6408078215470159,0.0,1.0
4292,4291,25,0,981,96,3.2291666666666665,0.43636363636363634,0.03312990409764603,0.5607949624711317,0.0,1.0
4293,4292,45,9,553,42,4.357142857142857,0.7999999999999999,0.009590235396687012,0.8465337347410096,1.0,0.0
4294,4293,1,10,756,157,3.1847133757961785,0.0,0.05972101133391457,0.549534060987629,0.0,1.0
4295,4294,18,18,906,40,2.225,0.3090909090909091,0.008718395815170008,0.3064196016166283,0.0,1.0
4296,4295,56,6,330,62,3.693548387096774,0.9999999999999999,0.01830863121185702,0.6784320755419802,0.0,1.0
4297,4296,45,15,553,47,4.276595744680851,0.7999999999999999,0.011769834350479513,0.8261295513733968,0.0,1.0
4298,4297,18,14,857,285,4.252631578947368,0.3090909090909091,0.11551874455100263,0.8200589522304607,1.0,0.0
4299,4298,25,2,436,100,4.1,0.43636363636363634,0.03487358326068003,0.7813943418013856,1.0,0.0
4300,4299,18,4,981,40,3.325,0.3090909090909091,0.008718395815170008,0.585071449191686,1.0,0.0
4301,4300,35,11,381,41,4.170731707317073,0.6181818181818182,0.009154315605928512,0.7993120880977864,0.0,1.0
4302,4301,50,1,453,246,3.8821138211382116,0.8909090909090909,0.09851787271142111,0.7261994451641978,0.0,1.0
4303,4302,25,2,919,374,3.6737967914438503,0.43636363636363634,0.15431560592850915,0.6734286040681232,0.0,1.0
4304,4303,18,0,462,25,4.2,0.3090909090909091,0.002179598953792503,0.8067263279445729,0.0,1.0
4305,4304,45,17,276,686,3.7244897959183674,0.7999999999999999,0.29032258064516125,0.6862701489371731,1.0,0.0
4306,4305,45,7,673,91,3.6483516483516483,0.7999999999999999,0.030950305143853534,0.6669828439458925,0.0,1.0
4307,4306,25,0,941,34,3.7058823529411766,0.43636363636363634,0.006102877070619007,0.6815565140605897,0.0,1.0
4308,4307,25,0,337,104,3.2403846153846154,0.43636363636363634,0.036617262423714034,0.5636366916859123,0.0,1.0
4309,4308,25,0,363,132,3.8181818181818183,0.43636363636363634,0.048823016564952054,0.7100041990342222,0.0,1.0
4310,4309,25,4,570,297,3.8754208754208754,0.43636363636363634,0.12074978204010464,0.7245039890825111,0.0,1.0
4311,4310,50,13,685,94,2.9468085106382977,0.8909090909090909,0.03225806451612903,0.48926803351186676,0.0,1.0
4312,4311,25,18,787,883,3.278595696489241,0.43636363636363634,0.37619877942458585,0.573316317456498,0.0,1.0
4313,4312,25,7,70,96,4.083333333333333,0.43636363636363634,0.03312990409764603,0.7771723441108545,1.0,0.0
4314,4313,25,17,799,33,3.787878787878788,0.43636363636363634,0.0056669572798605065,0.7023278395968928,0.0,1.0
4315,4314,18,4,442,155,3.8774193548387097,0.3090909090909091,0.05884917175239757,0.7250102436117113,0.0,1.0
4316,4315,25,6,750,39,3.4871794871794872,0.43636363636363634,0.008282476024411508,0.6261547344110855,0.0,1.0
4317,4316,35,14,602,51,3.5686274509803924,0.6181818181818182,0.013513513513513514,0.6467871213150388,1.0,0.0
4318,4317,25,5,28,480,3.847916666666667,0.43636363636363634,0.20052310374891022,0.7175366267321017,0.0,1.0
4319,4318,35,7,441,51,3.8627450980392157,0.6181818181818182,0.013513513513513514,0.7212929629126478,0.0,1.0
4320,4319,25,5,891,81,4.2592592592592595,0.43636363636363634,0.026591107236268532,0.8217378752886837,0.0,1.0
4321,4320,45,7,805,57,3.9649122807017543,0.7999999999999999,0.01612903225806452,0.7471739394676067,0.0,1.0
4322,4321,50,6,756,395,3.437974683544304,0.8909090909090909,0.16346992153443768,0.6136901803724385,1.0,0.0
4323,4322,18,4,820,137,3.576642335766423,0.3090909090909091,0.05100261551874455,0.6488174508184286,0.0,1.0
4324,4323,25,5,600,33,4.2727272727272725,0.43636363636363634,0.0056669572798605065,0.8251495905941633,0.0,1.0
4325,4324,25,0,300,24,3.0,0.43636363636363634,0.0017436791630340027,0.502742494226328,0.0,1.0
4326,4325,45,13,949,127,3.622047244094488,0.7999999999999999,0.046643417611159546,0.6603194159044208,1.0,0.0
4327,4326,35,17,372,162,4.12962962962963,0.6181818181818182,0.061900610287707075,0.7889001154734412,0.0,1.0
4328,4327,50,3,756,303,3.6732673267326734,0.8909090909090909,0.12336530078465563,0.6732944801408548,0.0,1.0
4329,4328,25,14,782,172,3.488372093023256,0.43636363636363634,0.06625980819529208,0.6264568451581718,1.0,0.0
4330,4329,45,6,857,41,3.6341463414634148,0.7999999999999999,0.009154315605928512,0.663384357573368,1.0,0.0
4331,4330,35,6,450,36,3.6944444444444446,0.6181818181818182,0.006974716652136007,0.6786590646651272,0.0,1.0
4332,4331,25,3,606,20,3.55,0.43636363636363634,0.0,0.6420684180138568,1.0,0.0
4333,4332,50,2,331,170,4.047058823529412,0.8909090909090909,0.06538796861377508,0.7679832903138162,0.0,1.0
4334,4333,25,1,704,157,3.5923566878980893,0.43636363636363634,0.05972101133391457,0.6527982083229138,0.0,1.0
4335,4334,35,0,740,484,3.40702479338843,0.6181818181818182,0.20226678291194422,0.6058499584868209,0.0,1.0
4336,4335,25,0,402,122,3.9672131147540983,0.43636363636363634,0.04446381865736705,0.7477567864309242,1.0,0.0
4337,4336,18,20,761,259,4.057915057915058,0.3090909090909091,0.10418482999128162,0.7707333901040598,0.0,1.0
4338,4337,18,5,462,32,3.40625,0.3090909090909091,0.005231037489102006,0.6056536879330254,1.0,0.0
4339,4338,25,2,787,66,3.6363636363636362,0.43636363636363634,0.02005231037489102,0.6639460424102457,0.0,1.0
4340,4339,25,17,760,25,3.84,0.43636363636363634,0.002179598953792503,0.7155311778290994,1.0,0.0
4341,4340,35,17,334,33,3.6363636363636362,0.6181818181818182,0.0056669572798605065,0.6639460424102457,0.0,1.0
4342,4341,25,0,666,229,4.279475982532751,0.43636363636363634,0.0911072362685266,0.826859172826931,0.0,1.0
4343,4342,25,12,750,215,3.1906976744186046,0.43636363636363634,0.0850043591979076,0.5510500026854289,0.0,1.0
4344,4343,25,1,442,1271,3.331235247836349,0.43636363636363634,0.5453356582388841,0.5866509613095833,0.0,1.0
4345,4344,25,14,443,592,3.5033783783783785,0.43636363636363634,0.24934612031386225,0.6302582352849386,1.0,0.0
4346,4345,18,17,457,74,3.581081081081081,0.3090909090909091,0.023539668700959023,0.6499418731664691,0.0,1.0
4347,4346,18,20,773,138,3.550724637681159,0.3090909090909091,0.051438535309503056,0.6422519831308364,1.0,0.0
4348,4347,45,0,301,24,4.083333333333333,0.7999999999999999,0.0017436791630340027,0.7771723441108545,0.0,1.0
4349,4348,18,2,958,27,1.962962962962963,0.3090909090909091,0.0030514385353095034,0.24004041570438805,0.0,1.0
4350,4349,18,2,291,71,3.8309859154929575,0.3090909090909091,0.022231909328683522,0.7132477311908402,0.0,1.0
4351,4350,25,12,379,169,3.905325443786982,0.43636363636363634,0.06495204882301657,0.7320794101971931,0.0,1.0
4352,4351,18,4,110,472,3.4809322033898304,0.3090909090909091,0.19703574542284222,0.6245721733471641,0.0,1.0
4353,4352,25,7,112,132,3.643939393939394,0.43636363636363634,0.048823016564952054,0.6658651322695781,0.0,1.0
4354,4353,35,14,786,635,3.5952755905511813,0.6181818181818182,0.26809067131647774,0.6535376243385282,0.0,1.0
4355,4354,50,14,80,51,3.4901960784313726,0.8909090909090909,0.013513513513513514,0.6269188968890097,0.0,1.0
4356,4355,35,16,857,256,3.625,0.6181818181818182,0.10287707061900611,0.6610674076212472,0.0,1.0
4357,4356,35,9,836,43,4.209302325581396,0.6181818181818182,0.010026155187445512,0.8090827917718462,1.0,0.0
4358,4357,35,17,44,31,3.967741935483871,0.6181818181818182,0.004795117698343506,0.7478907472249126,0.0,1.0
4359,4358,18,4,331,81,3.617283950617284,0.3090909090909091,0.026591107236268532,0.6591127790608161,0.0,1.0
4360,4359,25,9,980,248,2.5806451612903225,0.43636363636363634,0.09938971229293811,0.396511584593608,1.0,0.0
4361,4360,35,15,836,132,4.166666666666667,0.6181818181818182,0.048823016564952054,0.7982823325635104,0.0,1.0
4362,4361,25,17,850,260,2.953846153846154,0.43636363636363634,0.10462074978204011,0.49105080831408787,0.0,1.0
4363,4362,35,14,916,192,4.328125,0.6181818181818182,0.07497820401046208,0.8391829351905313,0.0,1.0
4364,4363,25,18,980,199,3.236180904522613,0.43636363636363634,0.07802964254577159,0.5625718082328501,0.0,1.0
4365,4364,50,16,463,20,2.55,0.8909090909090909,0.0,0.38874855658198615,1.0,0.0
4366,4365,18,15,22,35,3.4571428571428573,0.3090909090909091,0.006538796861377507,0.6185458594523261,0.0,1.0
4367,4366,35,0,520,119,3.53781512605042,0.6181818181818182,0.043156059285091544,0.6389817474333844,0.0,1.0
4368,4367,18,17,220,131,3.6946564885496183,0.3090909090909091,0.04838709677419355,0.6787127796484672,0.0,1.0
4369,4368,50,7,303,44,3.727272727272727,0.8909090909090909,0.010462074978204013,0.6869751207222339,0.0,1.0
4370,4369,25,16,77,60,3.6666666666666665,0.43636363636363634,0.01743679163034002,0.671622401847575,0.0,1.0
4371,4370,18,4,631,141,3.6099290780141846,0.3090909090909091,0.05274629468177855,0.6572496437521499,1.0,0.0
4372,4371,35,17,750,25,4.04,0.6181818181818182,0.002179598953792503,0.7661951501154736,0.0,1.0
4373,4372,50,12,329,303,4.092409240924092,0.8909090909090909,0.12336530078465563,0.7794714517641141,0.0,1.0
4374,4373,18,4,432,127,4.338582677165355,0.3090909090909091,0.046643417611159546,0.841832072520958,0.0,1.0
4375,4374,25,5,402,325,4.055384615384615,0.43636363636363634,0.13295553618134265,0.7700923787528868,1.0,0.0
4376,4375,25,5,272,58,3.810344827586207,0.43636363636363634,0.01656495204882302,0.708018933662499,1.0,0.0
4377,4376,25,0,324,187,3.6363636363636362,0.43636363636363634,0.07279860505666957,0.6639460424102457,0.0,1.0
4378,4377,18,17,60,124,3.153225806451613,0.3090909090909091,0.04533565823888405,0.5415576342844373,0.0,1.0
4379,4378,25,4,272,384,3.0989583333333335,0.43636363636363634,0.15867480383609417,0.527810605513857,0.0,1.0
4380,4379,25,1,371,151,3.6556291390728477,0.43636363636363634,0.057105492589363566,0.6688263768869585,1.0,0.0
4381,4380,25,4,658,443,3.4243792325056432,0.43636363636363634,0.1843940714908457,0.6102461825992211,0.0,1.0
4382,4381,25,18,146,104,2.8846153846153846,0.43636363636363634,0.036617262423714034,0.4735132794457275,0.0,1.0
4383,4382,18,4,939,20,3.4,0.3090909090909091,0.0,0.6040704387990763,1.0,0.0
4384,4383,25,0,436,290,4.003448275862069,0.43636363636363634,0.11769834350479513,0.7569358724217568,0.0,1.0
4385,4384,25,4,939,27,3.259259259259259,0.43636363636363634,0.0030514385353095034,0.5684180138568129,0.0,1.0
4386,4385,25,5,740,873,3.597938144329897,0.43636363636363634,0.37183958151700086,0.6542121020928074,0.0,1.0
4387,4386,18,4,631,743,3.0969044414535665,0.3090909090909091,0.3151700087183958,0.5272903139074783,1.0,0.0
4388,4387,45,3,750,459,3.814814814814815,0.7999999999999999,0.1913687881429817,0.7091512702078523,0.0,1.0
4389,4388,25,4,480,125,3.296,0.43636363636363634,0.045771578029642546,0.5777251732101617,0.0,1.0
4390,4389,25,0,112,278,3.0863309352517985,0.43636363636363634,0.11246730601569312,0.5246118347815973,0.0,1.0
4391,4390,18,4,434,37,3.675675675675676,0.3090909090909091,0.0074106364428945075,0.6739045627613758,1.0,0.0
4392,4391,18,4,434,25,3.44,0.3090909090909091,0.002179598953792503,0.6142032332563511,0.0,1.0
4393,4392,18,4,434,20,3.9,0.3090909090909091,0.0,0.7307303695150116,0.0,1.0
4394,4393,25,4,434,33,3.515151515151515,0.43636363636363634,0.0056669572798605065,0.633240604660928,0.0,1.0
4395,4394,50,6,434,30,3.3333333333333335,0.8909090909090909,0.004359197907585006,0.5871824480369516,0.0,1.0
4396,4395,18,1,442,25,3.68,0.3090909090909091,0.002179598953792503,0.6750000000000002,0.0,1.0
4397,4396,18,4,434,67,3.4328358208955225,0.3090909090909091,0.02048823016564952,0.6123884043983318,0.0,1.0
4398,4397,18,4,436,20,4.15,0.3090909090909091,0.0,0.7940603348729793,1.0,0.0
4399,4398,18,4,434,34,3.176470588235294,0.3090909090909091,0.006102877070619007,0.5474459991848933,1.0,0.0
4400,4399,18,4,434,26,4.153846153846154,0.3090909090909091,0.002615518744551003,0.7950346420323327,1.0,0.0
4401,4400,18,4,100,201,3.6766169154228856,0.3090909090909091,0.07890148212728859,0.6741429974837131,0.0,1.0
4402,4401,18,14,436,31,3.6774193548387095,0.3090909090909091,0.004795117698343506,0.6743462713253371,1.0,0.0
4403,4402,25,15,900,87,3.9655172413793105,0.43636363636363634,0.029206625980819533,0.7473271880226169,0.0,1.0
4404,4403,25,1,571,372,3.067204301075269,0.43636363636363634,0.15344376634699217,0.5197666784623408,0.0,1.0
4405,4404,25,14,981,45,4.466666666666667,0.43636363636363634,0.010897994768962513,0.8742782909930717,0.0,1.0
4406,4405,25,16,800,322,3.987577639751553,0.43636363636363634,0.13164777680906714,0.7529155250814052,0.0,1.0
4407,4406,18,4,21,231,3.294372294372294,0.3090909090909091,0.0919790758500436,0.5773128430460994,0.0,1.0
4408,4407,45,2,190,543,3.773480662983425,0.7999999999999999,0.22798605056669574,0.6986805085935207,1.0,0.0
4409,4408,25,14,650,109,3.7247706422018347,0.43636363636363634,0.03879686137750654,0.6863412928787846,0.0,1.0
4410,4409,18,19,404,27,4.0,0.3090909090909091,0.0030514385353095034,0.7560623556581987,0.0,1.0
4411,4410,18,4,921,610,3.9,0.3090909090909091,0.25719267654751526,0.7307303695150116,0.0,1.0
4412,4411,18,4,168,102,3.372549019607843,0.3090909090909091,0.03574542284219703,0.5971165602499661,0.0,1.0
4413,4412,1,13,371,23,4.0,0.0,0.0013077593722755024,0.7560623556581987,0.0,1.0
4414,4413,25,4,405,182,3.197802197802198,0.43636363636363634,0.07061900610287708,0.5528497195645002,0.0,1.0
4415,4414,18,0,22,138,3.572463768115942,0.3090909090909091,0.051438535309503056,0.647758936640225,0.0,1.0
4416,4415,18,4,21,165,4.036363636363636,0.3090909090909091,0.06320836965998257,0.7652739869829939,0.0,1.0
4417,4416,25,15,21,110,3.7181818181818183,0.43636363636363634,0.039232781168265035,0.6846722128910352,0.0,1.0
4418,4417,50,0,21,318,3.8836477987421385,0.8909090909090909,0.12990409764603314,0.7265880321582641,1.0,0.0
4419,4418,45,12,158,20,3.3,0.7999999999999999,0.0,0.5787384526558892,1.0,0.0
4420,4419,25,15,925,50,3.96,0.43636363636363634,0.013077593722755014,0.7459295612009238,0.0,1.0
4421,4420,45,0,900,24,3.3333333333333335,0.7999999999999999,0.0017436791630340027,0.5871824480369516,0.0,1.0
4422,4421,25,5,104,449,3.510022271714922,0.43636363636363634,0.1870095902353967,0.6319412654243199,0.0,1.0
4423,4422,18,4,522,42,4.214285714285714,0.3090909090909091,0.009590235396687012,0.8103451831078854,0.0,1.0
4424,4423,25,7,941,33,4.363636363636363,0.43636363636363634,0.0056669572798605065,0.8481786689061517,0.0,1.0
4425,4424,35,7,986,934,3.235546038543897,0.6181818181818182,0.39843068875326937,0.5624109840710941,0.0,1.0
4426,4425,45,17,934,75,3.6266666666666665,0.7999999999999999,0.023975588491717523,0.6614896073903003,0.0,1.0
4427,4426,18,0,511,23,3.608695652173913,0.3090909090909091,0.0013077593722755024,0.6569371924892058,0.0,1.0
4428,4427,25,14,469,70,3.6285714285714286,0.43636363636363634,0.021795989537925022,0.6619721214120753,0.0,1.0
4429,4428,25,5,857,45,3.8444444444444446,0.43636363636363634,0.010897994768962513,0.7166570438799077,0.0,1.0
4430,4429,25,0,944,295,2.5728813559322035,0.43636363636363634,0.11987794245858763,0.3945448584961053,1.0,0.0
4431,4430,1,14,804,44,3.5,0.0,0.010462074978204013,0.6294024249422634,0.0,1.0
4432,4431,25,12,210,68,4.014705882352941,0.43636363636363634,0.020924149956408022,0.7597876477380792,0.0,1.0
4433,4432,25,0,430,165,3.7818181818181817,0.43636363636363634,0.06320836965998257,0.7007925677094269,0.0,1.0
4434,4433,35,7,602,48,3.6666666666666665,0.6181818181818182,0.012205754141238014,0.671622401847575,1.0,0.0
4435,4434,25,7,769,53,3.547169811320755,0.43636363636363634,0.014385353095030515,0.6413514750098044,0.0,1.0
4436,4435,25,12,190,227,3.5726872246696035,0.43636363636363634,0.0902353966870096,0.6478155426234345,0.0,1.0
4437,4436,35,5,471,241,2.8257261410788383,0.6181818181818182,0.0963382737576286,0.45859546443322197,1.0,0.0
4438,4437,50,0,119,170,3.476470588235294,0.8909090909090909,0.06538796861377508,0.6234419576144546,0.0,1.0
4439,4438,35,6,376,41,3.2195121951219514,0.6181818181818182,0.009154315605928512,0.5583492930772265,0.0,1.0
4440,4439,35,1,810,85,3.776470588235294,0.6181818181818182,0.028334786399302533,0.6994379160440158,0.0,1.0
4441,4440,18,4,981,30,3.066666666666667,0.3090909090909091,0.004359197907585006,0.5196304849884528,0.0,1.0
4442,4441,50,15,943,52,3.3461538461538463,0.8909090909090909,0.013949433304272014,0.5904301385681294,0.0,1.0
4443,4442,56,2,913,80,3.1125,0.9999999999999999,0.026155187445510025,0.5312409786374134,0.0,1.0
4444,4443,25,12,801,80,3.6625,0.43636363636363634,0.026155187445510025,0.6705669024249423,1.0,0.0
4445,4444,25,3,198,125,2.776,0.43636363636363634,0.045771578029642546,0.44599884526558886,0.0,1.0
4446,4445,18,18,604,422,3.1635071090047395,0.3090909090909091,0.1752397558849172,0.5441620924225344,0.0,1.0
4447,4446,45,5,329,982,3.0733197556008145,0.7999999999999999,0.41935483870967744,0.521315844555345,0.0,1.0
4448,4447,25,14,68,1014,4.176528599605523,0.43636363636363634,0.43330427201394944,0.800780556049032,0.0,1.0
4449,4448,25,12,275,194,4.087628865979381,0.43636363636363634,0.07585004359197908,0.7782604878455275,0.0,1.0
4450,4449,25,15,606,81,2.802469135802469,0.43636363636363634,0.026591107236268532,0.4527040030792918,0.0,1.0
4451,4450,25,14,301,277,2.895306859205776,0.43636363636363634,0.11203138622493462,0.4762216423074679,0.0,1.0
4452,4451,25,7,786,195,3.682051282051282,0.43636363636363634,0.07628596338273759,0.6755196304849884,1.0,0.0
4453,4452,35,0,956,55,3.1454545454545455,0.6181818181818182,0.015257192676547515,0.5395890195255092,0.0,1.0
4454,4453,25,20,111,160,2.6,0.43636363636363634,0.06102877070619006,0.4014145496535797,0.0,1.0
4455,4454,35,7,275,50,3.74,0.6181818181818182,0.013077593722755014,0.6901991916859124,0.0,1.0
4456,4455,35,2,497,163,3.938650306748466,0.6181818181818182,0.06233653007846557,0.7405212598648323,1.0,0.0
4457,4456,35,14,954,212,4.297169811320755,0.6181818181818182,0.08369659982563209,0.8313413710837074,0.0,1.0
4458,4457,25,4,157,411,3.3333333333333335,0.43636363636363634,0.17044463818657368,0.5871824480369516,1.0,0.0
4459,4458,25,1,280,187,3.727272727272727,0.43636363636363634,0.07279860505666957,0.6869751207222339,0.0,1.0
4460,4459,25,14,700,145,3.372413793103448,0.43636363636363634,0.054489973844812564,0.5970823046906109,0.0,1.0
4461,4460,25,20,811,156,4.410256410256411,0.43636363636363634,0.05928509154315606,0.8599884526558892,0.0,1.0
4462,4461,25,0,601,34,3.176470588235294,0.43636363636363634,0.006102877070619007,0.5474459991848933,1.0,0.0
4463,4462,50,7,74,20,3.95,0.8909090909090909,0.0,0.7433963625866051,0.0,1.0
4464,4463,50,1,620,21,3.380952380952381,0.8909090909090909,0.00043591979075850197,0.5992452985813264,1.0,0.0
4465,4464,18,4,21,86,3.488372093023256,0.3090909090909091,0.028770706190061033,0.6264568451581718,0.0,1.0
4466,4465,35,11,100,122,3.80327868852459,0.6181818181818182,0.04446381865736705,0.706228940294552,0.0,1.0
4467,4466,50,6,153,180,3.3944444444444444,0.8909090909090909,0.06974716652136008,0.6026631062355658,1.0,0.0
4468,4467,35,7,756,85,4.105882352941176,0.6181818181818182,0.028334786399302533,0.7828844586333379,1.0,0.0
4469,4468,45,12,920,33,4.03030303030303,0.7999999999999999,0.0056669572798605065,0.7637387150955282,1.0,0.0
4470,4469,35,12,150,305,4.131147540983607,0.6181818181818182,0.12423714036617264,0.7892846325672964,0.0,1.0
4471,4470,25,6,941,173,3.6242774566473988,0.43636363636363634,0.06669572798605057,0.6608843730392877,0.0,1.0
4472,4471,45,16,144,493,3.4340770791075053,0.7999999999999999,0.20619006102877072,0.6127028397565923,1.0,0.0
4473,4472,35,1,941,423,3.3711583924349884,0.6181818181818182,0.17567567567567569,0.5967642867672351,0.0,1.0
4474,4473,35,7,288,36,4.138888888888889,0.6181818181818182,0.006974716652136007,0.7912456697459587,0.0,1.0
4475,4474,18,4,100,45,3.933333333333333,0.3090909090909091,0.010897994768962513,0.7391743648960739,0.0,1.0
4476,4475,45,1,505,203,3.586206896551724,0.7999999999999999,0.07977332170880559,0.6512403440312178,0.0,1.0
4477,4476,25,7,989,146,3.404109589041096,0.43636363636363634,0.05492589363557106,0.6051114793255087,0.0,1.0
4478,4477,1,12,21,446,3.309417040358744,0.0,0.1857018308631212,0.5811239760146646,0.0,1.0
4479,4478,50,13,330,59,3.830508474576271,0.8909090909090909,0.01700087183958152,0.7131267859239833,0.0,1.0
4480,4479,25,0,944,467,3.154175588865096,0.43636363636363634,0.1948561464690497,0.5417982330338112,0.0,1.0
4481,4480,25,18,261,62,3.306451612903226,0.43636363636363634,0.01830863121185702,0.5803727743425465,0.0,1.0
4482,4481,35,1,940,782,3.8017902813299234,0.6181818181818182,0.33217088055797733,0.7058518971902448,1.0,0.0
4483,4482,25,6,727,188,3.1648936170212765,0.43636363636363634,0.07323452484742808,0.5445133224411577,1.0,0.0
4484,4483,25,17,946,272,4.0625,0.43636363636363634,0.10985178727114212,0.7718948469976905,1.0,0.0
4485,4484,25,4,641,143,3.3496503496503496,0.43636363636363634,0.05361813426329555,0.5913158723493597,0.0,1.0
4486,4485,35,8,986,51,1.0588235294117647,0.6181818181818182,0.013513513513513514,0.011003939682108443,0.0,1.0
4487,4486,25,7,18,60,3.5833333333333335,0.43636363636363634,0.01743679163034002,0.6505124133949193,0.0,1.0
4488,4487,35,7,727,346,2.7745664739884393,0.6181818181818182,0.14210985178727115,0.44563570465498137,0.0,1.0
4489,4488,18,4,786,424,3.9929245283018866,0.3090909090909091,0.17611159546643418,0.7542699981480674,0.0,1.0
4490,4489,35,5,701,382,3.5104712041884816,0.6181818181818182,0.15780296425457715,0.6320549889363143,0.0,1.0
4491,4490,18,4,524,185,3.8,0.3090909090909091,0.07192676547515257,0.7053983833718245,0.0,1.0
4492,4491,56,13,453,23,3.9130434782608696,0.9999999999999999,0.0013077593722755024,0.7340345416206447,0.0,1.0
4493,4492,1,10,100,50,2.34,0.0,0.013077593722755014,0.3355513856812933,1.0,0.0
4494,4493,45,0,334,74,4.202702702702703,0.7999999999999999,0.023539668700959023,0.8074109762187129,0.0,1.0
4495,4494,18,4,229,36,4.138888888888889,0.3090909090909091,0.006974716652136007,0.7912456697459587,0.0,1.0
4496,4495,45,2,65,186,3.8225806451612905,0.7999999999999999,0.07236268526591108,0.7111185092751249,0.0,1.0
4497,4496,50,0,296,500,3.778,0.8909090909090909,0.20924149956408022,0.6998253464203233,0.0,1.0
4498,4497,50,7,760,154,3.0714285714285716,0.8909090909090909,0.05841325196163906,0.5208367700428902,0.0,1.0
4499,4498,25,6,627,98,4.030612244897959,0.43636363636363634,0.03400174367916303,0.7638170452938682,0.0,1.0
4500,4499,50,7,760,28,2.9642857142857144,0.8909090909090909,0.0034873583260680054,0.49369535631804695,0.0,1.0
4501,4500,25,17,941,72,3.9722222222222223,0.43636363636363634,0.022667829119442023,0.7490256928406467,0.0,1.0
4502,4501,50,0,13,324,3.8950617283950617,0.8909090909090909,0.13251961639058416,0.7294794072363358,0.0,1.0
4503,4502,56,1,853,38,4.157894736842105,0.9999999999999999,0.007846556233653008,0.7960602285158624,0.0,1.0
4504,4503,25,0,657,25,4.12,0.43636363636363634,0.002179598953792503,0.7864607390300231,1.0,0.0
4505,4504,50,7,396,279,4.207885304659499,0.8909090909090909,0.11290322580645162,0.808723832228265,0.0,1.0
4506,4505,50,16,294,536,3.9608208955223883,0.8909090909090909,0.22493461203138623,0.7461375103409054,0.0,1.0
4507,4506,18,4,618,232,4.366379310344827,0.3090909090909091,0.0924149956408021,0.8488735117862547,0.0,1.0
4508,4507,25,20,157,1211,3.0767960363336084,0.43636363636363634,0.519180470793374,0.5221964555088746,0.0,1.0
4509,4508,25,7,382,210,3.919047619047619,0.43636363636363634,0.08282476024411509,0.7355555097327615,0.0,1.0
4510,4509,45,7,925,1240,2.8379032258064516,0.7999999999999999,0.5318221447253706,0.46168016184906513,0.0,1.0
4511,4510,35,7,622,147,4.183673469387755,0.6181818181818182,0.055361813426329565,0.8025904934722157,0.0,1.0
4512,4511,25,1,165,159,3.861635220125786,0.43636363636363634,0.06059285091543157,0.7210118087934115,0.0,1.0
4513,4512,56,0,617,35,3.7714285714285714,0.9999999999999999,0.006538796861377507,0.6981606730451997,0.0,1.0
4514,4513,18,3,486,147,3.3741496598639458,0.3090909090909091,0.055361813426329565,0.5975220342178443,0.0,1.0
4515,4514,56,13,294,22,4.409090909090909,0.9999999999999999,0.0008718395815170022,0.8596932080621458,0.0,1.0
4516,4515,18,4,531,55,4.381818181818182,0.3090909090909091,0.015257192676547515,0.8527844845685493,0.0,1.0
4517,4516,18,1,480,413,3.0653753026634383,0.3090909090909091,0.17131647776809067,0.5193033568380968,1.0,0.0
4518,4517,25,0,809,84,4.5476190476190474,0.43636363636363634,0.027898866608544032,0.8947851369185087,0.0,1.0
4519,4518,50,7,381,42,3.6666666666666665,0.8909090909090909,0.009590235396687012,0.671622401847575,0.0,1.0
4520,4519,25,4,458,285,3.7719298245614037,0.43636363636363634,0.11551874455100263,0.698287650419351,0.0,1.0
4521,4520,35,12,152,229,3.8034934497816595,0.6181818181818182,0.0911072362685266,0.7062833435864337,0.0,1.0
4522,4521,45,1,810,189,3.4021164021164023,0.7999999999999999,0.07367044463818657,0.6046065654899374,0.0,1.0
4523,4522,18,2,553,394,3.4593908629441623,0.3090909090909091,0.16303400174367919,0.6191153239704107,0.0,1.0
4524,4523,25,2,551,289,3.3044982698961936,0.43636363636363634,0.11726242371403664,0.5798779537626761,0.0,1.0
4525,4524,25,14,100,20,3.95,0.43636363636363634,0.0,0.7433963625866051,0.0,1.0
4526,4525,25,20,100,170,3.623529411764706,0.43636363636363634,0.06538796861377508,0.6606948784132591,0.0,1.0
4527,4526,18,0,381,20,3.8,0.3090909090909091,0.0,0.7053983833718245,0.0,1.0
4528,4527,25,14,276,62,3.306451612903226,0.43636363636363634,0.01830863121185702,0.5803727743425465,0.0,1.0
4529,4528,35,6,841,47,3.851063829787234,0.6181818181818182,0.011769834350479513,0.7183338656577073,0.0,1.0
4530,4529,35,1,921,56,3.607142857142857,0.6181818181818182,0.01569311246730602,0.6565438386671066,1.0,0.0
4531,4530,18,4,857,243,3.42798353909465,0.3090909090909091,0.0972101133391456,0.6111592250449064,0.0,1.0
4532,4531,25,7,100,129,3.9689922480620154,0.43636363636363634,0.04751525719267655,0.7482074762339546,0.0,1.0
4533,4532,25,12,530,57,3.807017543859649,0.43636363636363634,0.01612903225806452,0.7071760666099429,0.0,1.0
4534,4533,18,4,722,77,3.7012987012987013,0.3090909090909091,0.024847428073234524,0.6803953840616659,0.0,1.0
4535,4534,18,19,175,368,3.994565217391304,0.3090909090909091,0.15170008718395817,0.7546856172808516,0.0,1.0
4536,4535,18,12,537,34,4.235294117647059,0.3090909090909091,0.006102877070619007,0.815667028936286,0.0,1.0
4537,4536,45,1,13,25,3.84,0.7999999999999999,0.002179598953792503,0.7155311778290994,1.0,0.0
4538,4537,25,12,95,40,3.025,0.43636363636363634,0.008718395815170008,0.5090754907621248,0.0,1.0
4539,4538,35,19,10,119,1.815126050420168,0.6181818181818182,0.043156059285091544,0.20259038950453162,0.0,1.0
4540,4539,25,14,943,69,3.710144927536232,0.43636363636363634,0.021360069747166522,0.6826363088663521,1.0,0.0
4541,4540,1,10,554,148,2.581081081081081,0.0,0.05579773321708806,0.39662201173459843,0.0,1.0
4542,4541,35,0,946,28,3.8214285714285716,0.6181818181818182,0.0034873583260680054,0.7108266661167932,0.0,1.0
4543,4542,25,2,111,1050,3.298095238095238,0.43636363636363634,0.4489973844812554,0.5782559386341143,0.0,1.0
4544,4543,56,1,537,48,3.9166666666666665,0.9999999999999999,0.012205754141238014,0.7349523672055428,0.0,1.0
4545,4544,25,16,472,30,3.966666666666667,0.43636363636363634,0.004359197907585006,0.7476183602771365,0.0,1.0
4546,4545,25,7,496,50,4.16,0.43636363636363634,0.013077593722755014,0.796593533487298,0.0,1.0
4547,4546,18,12,21,20,2.8,0.3090909090909091,0.0,0.4520785219399538,0.0,1.0
4548,4547,18,2,275,21,3.0,0.3090909090909091,0.00043591979075850197,0.502742494226328,0.0,1.0
4549,4548,1,10,990,25,3.32,0.0,0.002179598953792503,0.5838048498845265,1.0,0.0
4550,4549,18,16,245,28,3.4642857142857144,0.3090909090909091,0.0034873583260680054,0.6203552870339822,0.0,1.0
4551,4550,18,12,606,82,4.024390243902439,0.3090909090909091,0.027027027027027032,0.7622408888638541,0.0,1.0
4552,4551,25,0,223,115,3.608695652173913,0.43636363636363634,0.04141238012205754,0.6569371924892058,0.0,1.0
4553,4552,35,16,482,55,3.2545454545454544,0.6181818181818182,0.015257192676547515,0.5672239134998951,1.0,0.0
4554,4553,25,9,483,21,3.4761904761904763,0.43636363636363634,0.00043591979075850197,0.6233709996700759,1.0,0.0
4555,4554,18,9,730,89,3.303370786516854,0.3090909090909091,0.030078465562336534,0.5795923398292551,1.0,0.0
4556,4555,45,16,550,221,3.3846153846153846,0.7999999999999999,0.0876198779424586,0.6001732101616629,0.0,1.0
4557,4556,25,14,21,86,3.627906976744186,0.43636363636363634,0.028770706190061033,0.66180380256727,0.0,1.0
4558,4557,35,14,482,21,4.238095238095238,0.6181818181818182,0.00043591979075850197,0.8163766083800728,0.0,1.0
4559,4558,25,7,53,43,4.27906976744186,0.43636363636363634,0.010026155187445512,0.8267562704763951,0.0,1.0
4560,4559,25,0,693,294,3.574829931972789,0.43636363636363634,0.11944202266782913,0.6483583329405666,0.0,1.0
4561,4560,25,9,840,110,3.8363636363636364,0.43636363636363634,0.039232781168265035,0.7146100146966199,1.0,0.0
4562,4561,35,10,941,302,3.589403973509934,0.6181818181818182,0.12292938099389714,0.6520502271232584,0.0,1.0
4563,4562,25,6,229,40,4.35,0.43636363636363634,0.008718395815170008,0.8447243071593533,1.0,0.0
4564,4563,35,12,191,26,3.9615384615384617,0.6181818181818182,0.002615518744551003,0.7463192840646653,0.0,1.0
4565,4564,35,14,940,36,3.9722222222222223,0.6181818181818182,0.006974716652136007,0.7490256928406467,0.0,1.0
4566,4565,35,17,194,154,3.616883116883117,0.6181818181818182,0.05841325196163906,0.6590112399148197,0.0,1.0
4567,4566,18,4,981,88,4.068181818181818,0.3090909090909091,0.029642545771578033,0.7733341643921898,0.0,1.0
4568,4567,25,4,900,305,3.6,0.43636363636363634,0.12423714036617264,0.6547344110854504,1.0,0.0
4569,4568,25,0,215,86,3.7093023255813953,0.43636363636363634,0.028770706190061033,0.6824228610559107,0.0,1.0
4570,4569,45,17,601,38,3.4473684210526314,0.7999999999999999,0.007846556233653008,0.6160698006563754,0.0,1.0
4571,4570,35,7,210,102,3.9215686274509802,0.6181818181818182,0.03574542284219703,0.7361941312321696,0.0,1.0
4572,4571,1,10,170,145,3.924137931034483,0.0,0.054489973844812564,0.7368449868599188,1.0,0.0
4573,4572,50,16,119,154,3.6948051948051948,0.8909090909090909,0.05841325196163906,0.6787504498965239,0.0,1.0
4574,4573,25,4,606,50,3.7,0.43636363636363634,0.013077593722755014,0.6800663972286375,0.0,1.0
4575,4574,1,10,36,125,2.088,0.0,0.045771578029642546,0.27171478060046195,1.0,0.0
4576,4575,25,7,482,24,4.0,0.43636363636363634,0.0017436791630340027,0.7560623556581987,1.0,0.0
4577,4576,35,7,483,172,3.2674418604651163,0.6181818181818182,0.06625980819529208,0.5704908292604329,0.0,1.0
4578,4577,25,0,21,560,3.7303571428571427,0.43636363636363634,0.23539668700959024,0.6877564644506764,0.0,1.0
4579,4578,18,4,633,689,3.6516690856313496,0.3090909090909091,0.29163034001743676,0.6678232166978953,1.0,0.0
4580,4579,56,13,971,137,3.9197080291970803,0.9999999999999999,0.05100261551874455,0.7357228047403113,1.0,0.0
4581,4580,25,1,191,83,3.6506024096385543,0.43636363636363634,0.027462946817785532,0.6675530064832077,0.0,1.0
4582,4581,25,0,554,46,4.195652173913044,0.43636363636363634,0.011333914559721013,0.8056249372426951,1.0,0.0
4583,4582,50,1,483,27,3.6666666666666665,0.8909090909090909,0.0030514385353095034,0.671622401847575,0.0,1.0
4584,4583,45,0,113,62,4.580645161290323,0.7999999999999999,0.01830863121185702,0.9031513074573494,1.0,0.0
4585,4584,35,7,303,321,3.8286604361370715,0.6181818181818182,0.13121185701830865,0.7126586410826444,0.0,1.0
4586,4585,25,4,16,52,4.076923076923077,0.43636363636363634,0.013949433304272014,0.7755484988452657,0.0,1.0
4587,4586,35,14,79,44,2.772727272727273,0.6181818181818182,0.010462074978204013,0.4451697984463574,0.0,1.0
4588,4587,25,4,480,47,3.978723404255319,0.43636363636363634,0.011769834350479513,0.750672571372414,1.0,0.0
4589,4588,25,17,21,108,4.592592592592593,0.43636363636363634,0.038360941586748035,0.9061778290993072,0.0,1.0
4590,4589,18,20,551,50,3.84,0.3090909090909091,0.013077593722755014,0.7155311778290994,1.0,0.0
4591,4590,25,15,21,480,3.252083333333333,0.43636363636363634,0.20052310374891022,0.5666002092956121,0.0,1.0
4592,4591,18,4,660,224,3.361607142857143,0.3090909090909091,0.0889276373147341,0.5943447655476741,0.0,1.0
4593,4592,45,1,432,300,3.3733333333333335,0.7999999999999999,0.12205754141238012,0.5973152424942264,1.0,0.0
4594,4593,35,16,553,36,4.055555555555555,0.6181818181818182,0.006974716652136007,0.7701356812933025,0.0,1.0
4595,4594,25,18,970,76,4.592105263157895,0.43636363636363634,0.024411508282476024,0.906054378874438,0.0,1.0
4596,4595,18,4,946,206,3.3009708737864076,0.3090909090909091,0.08108108108108109,0.5789843942689298,1.0,0.0
4597,4596,25,4,222,22,3.409090909090909,0.43636363636363634,0.0008718395815170022,0.6063733466302751,1.0,0.0
4598,4597,35,3,482,106,3.7735849056603774,0.6181818181818182,0.037489102005231034,0.6987069153340015,1.0,0.0
4599,4598,35,0,42,47,4.0638297872340425,0.6181818181818182,0.011769834350479513,0.7722317085155521,1.0,0.0
4600,4599,25,0,462,260,3.6307692307692307,0.43636363636363634,0.10462074978204011,0.6625288683602772,0.0,1.0
4601,4600,35,14,554,129,3.62015503875969,0.6181818181818182,0.04751525719267655,0.6598400827112091,0.0,1.0
4602,4601,35,7,100,76,3.5,0.6181818181818182,0.024411508282476024,0.6294024249422634,0.0,1.0
4603,4602,35,2,336,37,3.72972972972973,0.6181818181818182,0.0074106364428945075,0.6875975282441796,1.0,0.0
4604,4603,25,15,104,76,3.0657894736842106,0.43636363636363634,0.024411508282476024,0.5194082745836879,0.0,1.0
4605,4604,25,15,926,203,3.187192118226601,0.43636363636363634,0.07977332170880559,0.550161975676629,0.0,1.0
4606,4605,1,10,902,106,3.4716981132075473,0.0,0.037489102005231034,0.6222329949017388,1.0,0.0
4607,4606,25,0,274,504,3.890873015873016,0.43636363636363634,0.21098517872711423,0.7284183231606731,0.0,1.0
4608,4607,25,0,21,76,3.6973684210526314,0.43636363636363634,0.024411508282476024,0.679399766014343,1.0,0.0
4609,4608,25,4,539,264,3.007575757575758,0.43636363636363634,0.10636442894507411,0.5046615840856604,1.0,0.0
4610,4609,25,4,539,160,3.21875,0.43636363636363634,0.06102877070619006,0.5581562139145497,1.0,0.0
4611,4610,18,4,787,370,3.2756756756756755,0.3090909090909091,0.15257192676547515,0.5725766181886275,1.0,0.0
4612,4611,18,4,947,40,3.575,0.3090909090909091,0.008718395815170008,0.6484014145496537,1.0,0.0
4613,4612,25,12,410,82,4.048780487804878,0.43636363636363634,0.027027027027027032,0.7684194220695095,0.0,1.0
4614,4613,45,1,104,21,3.9523809523809526,0.7999999999999999,0.00043591979075850197,0.743999505113824,1.0,0.0
4615,4614,25,17,616,148,3.5472972972972974,0.43636363636363634,0.05579773321708806,0.6413837697397167,0.0,1.0
4616,4615,25,20,117,34,3.9705882352941178,0.43636363636363634,0.006102877070619007,0.7486117714984377,0.0,1.0
4617,4616,25,6,554,73,3.164383561643836,0.43636363636363634,0.023103748910200523,0.5443841152836218,1.0,0.0
4618,4617,25,14,972,76,3.539473684210526,0.43636363636363634,0.024411508282476024,0.6394018931566793,0.0,1.0
4619,4618,25,1,972,153,3.4444444444444446,0.43636363636363634,0.057977332170880566,0.6153290993071595,1.0,0.0
4620,4619,18,17,946,132,3.8181818181818183,0.3090909090909091,0.048823016564952054,0.7100041990342222,1.0,0.0
4621,4620,25,4,943,189,3.455026455026455,0.43636363636363634,0.07367044463818657,0.6180097327614649,0.0,1.0
4622,4621,25,12,554,23,3.5217391304347827,0.43636363636363634,0.0013077593722755024,0.6349093784516519,0.0,1.0
4623,4622,25,16,222,38,3.973684210526316,0.43636363636363634,0.007846556233653008,0.7493960435152547,0.0,1.0
4624,4623,25,12,840,61,3.9508196721311477,0.43636363636363634,0.01787271142109852,0.7436040018172871,0.0,1.0
4625,4624,25,7,926,81,3.419753086419753,0.43636363636363634,0.026591107236268532,0.6090742879137799,0.0,1.0
4626,4625,25,14,972,386,3.562176165803109,0.43636363636363634,0.15954664341761118,0.645152882647872,0.0,1.0
4627,4626,56,1,452,103,3.8932038834951457,0.9999999999999999,0.03618134263295554,0.7290087782237271,0.0,1.0
4628,4627,56,6,232,20,3.6,0.9999999999999999,0.0,0.6547344110854504,1.0,0.0
4629,4628,18,4,943,32,3.375,0.3090909090909091,0.005231037489102006,0.5977374422632795,1.0,0.0
4630,4629,25,4,946,29,3.793103448275862,0.43636363636363634,0.003923278116826506,0.7036513498447082,1.0,0.0
4631,4630,18,4,941,129,3.604651162790698,0.3090909090909091,0.04751525719267655,0.655912642999087,0.0,1.0
4632,4631,25,0,980,56,3.9107142857142856,0.43636363636363634,0.01569311246730602,0.733444510887496,0.0,1.0
4633,4632,1,0,483,81,3.9753086419753085,0.0,0.026591107236268532,0.7498075442648191,0.0,1.0
4634,4633,50,20,981,102,4.813725490196078,0.8909090909090909,0.03574542284219703,0.9621951840782503,0.0,1.0
4635,4634,18,4,947,314,3.754777070063694,0.3090909090909091,0.12816041848299914,0.6939425170268164,0.0,1.0
4636,4635,18,2,100,25,2.0,0.3090909090909091,0.002179598953792503,0.2494226327944573,0.0,1.0
4637,4636,35,9,483,378,3.5846560846560847,0.6181818181818182,0.15605928509154315,0.6508474925767074,1.0,0.0
4638,4637,25,4,554,37,2.891891891891892,0.43636363636363634,0.0074106364428945075,0.4753565632607204,0.0,1.0
4639,4638,35,11,208,52,4.288461538461538,0.6181818181818182,0.013949433304272014,0.8291353926096998,0.0,1.0
4640,4639,25,4,554,152,2.6578947368421053,0.43636363636363634,0.05754141238012206,0.41608043636805647,0.0,1.0
4641,4640,25,7,200,40,4.025,0.43636363636363634,0.008718395815170008,0.7623953521939955,0.0,1.0
4642,4641,25,0,446,33,3.696969696969697,0.43636363636363634,0.0056669572798605065,0.6792987612849045,0.0,1.0
4643,4642,25,0,981,201,3.0398009950248754,0.43636363636363634,0.07890148212728859,0.5128248767708801,0.0,1.0
4644,4643,50,1,194,143,3.4335664335664338,0.8909090909090909,0.05361813426329555,0.6125734830988874,0.0,1.0
4645,4644,50,6,480,126,4.174603174603175,0.8909090909090909,0.04620749782040105,0.8002928076542397,1.0,0.0
4646,4645,25,6,904,39,3.128205128205128,0.43636363636363634,0.008282476024411508,0.5352193995381063,1.0,0.0
4647,4646,35,20,802,893,3.4871220604703246,0.6181818181818182,0.3805579773321709,0.6261401870850779,0.0,1.0
4648,4647,18,4,730,37,3.7837837837837838,0.3090909090909091,0.0074106364428945075,0.7012904937269834,0.0,1.0
4649,4648,56,13,100,33,4.818181818181818,0.9999999999999999,0.0056669572798605065,0.9633240604660929,0.0,1.0
4650,4649,25,7,300,144,2.9791666666666665,0.43636363636363634,0.05405405405405406,0.49746499711316394,0.0,1.0
4651,4650,45,0,100,42,3.5476190476190474,0.7999999999999999,0.009590235396687012,0.6414652754866381,1.0,0.0
4652,4651,25,7,941,50,4.26,0.43636363636363634,0.013077593722755014,0.8219255196304851,1.0,0.0
4653,4652,35,12,950,404,3.396039603960396,0.6181818181818182,0.16739319965126417,0.6030671918231084,0.0,1.0
4654,4653,35,20,945,80,4.0625,0.6181818181818182,0.026155187445510025,0.7718948469976905,0.0,1.0
4655,4654,25,1,920,342,3.675438596491228,0.43636363636363634,0.14036617262423715,0.6738445058952232,1.0,0.0
4656,4655,25,17,940,219,3.8858447488584473,0.43636363636363634,0.0867480383609416,0.7271445632573001,0.0,1.0
4657,4656,45,14,554,32,4.0,0.7999999999999999,0.005231037489102006,0.7560623556581987,0.0,1.0
4658,4657,25,4,991,556,2.3758992805755397,0.43636363636363634,0.23365300784655624,0.3446453864621929,0.0,1.0
4659,4658,25,14,370,204,4.107843137254902,0.43636363636363634,0.08020924149956409,0.7833811642439885,1.0,0.0
4660,4659,18,4,60,41,4.0,0.3090909090909091,0.009154315605928512,0.7560623556581987,1.0,0.0
4661,4660,45,15,852,204,4.019607843137255,0.7999999999999999,0.08020924149956409,0.7610294117647058,0.0,1.0
4662,4661,18,4,841,175,2.857142857142857,0.3090909090909091,0.06756756756756757,0.4665539425932036,1.0,0.0
4663,4662,25,4,920,393,3.2977099236641223,0.43636363636363634,0.16259808195292066,0.5781583308358162,0.0,1.0
4664,4663,45,7,770,38,4.157894736842105,0.7999999999999999,0.007846556233653008,0.7960602285158624,1.0,0.0
4665,4664,35,2,34,22,4.090909090909091,0.6181818181818182,0.0008718395815170022,0.7790914339701869,0.0,1.0
4666,4665,35,1,537,354,3.4548022598870056,0.6181818181818182,0.14559721011333915,0.6179529396798059,0.0,1.0
4667,4666,25,14,941,37,4.378378378378378,0.43636363636363634,0.0074106364428945075,0.8519131140378253,0.0,1.0
4668,4667,35,14,740,32,4.28125,0.6181818181818182,0.005231037489102006,0.8273085666859123,0.0,1.0
4669,4668,35,7,190,45,3.688888888888889,0.6181818181818182,0.010897994768962513,0.6772517321016167,0.0,1.0
4670,4669,35,5,913,103,3.378640776699029,0.6181818181818182,0.03618134263295554,0.5986597233121819,0.0,1.0
4671,4670,25,12,940,167,3.8802395209580838,0.43636363636363634,0.06408020924149957,0.7257246477022861,0.0,1.0
4672,4671,56,13,943,23,3.5652173913043477,0.9999999999999999,0.0013077593722755024,0.6459232854704288,0.0,1.0
4673,4672,35,16,947,528,3.8181818181818183,0.6181818181818182,0.22144725370531823,0.7100041990342222,0.0,1.0
4674,4673,35,7,83,95,4.094736842105263,0.6181818181818182,0.03269398430688754,0.7800610793727969,1.0,0.0
4675,4674,18,4,275,333,3.795795795795796,0.3090909090909091,0.13644289450741065,0.7043333749453843,1.0,0.0
4676,4675,45,14,460,33,3.606060606060606,0.7999999999999999,0.0056669572798605065,0.6562696829729162,0.0,1.0
4677,4676,50,6,50,22,4.2272727272727275,0.8909090909090909,0.0008718395815170022,0.8136350514381694,0.0,1.0
4678,4677,35,2,902,86,3.616279069767442,0.6181818181818182,0.028770706190061033,0.6588582227831786,0.0,1.0
4679,4678,56,13,760,62,3.306451612903226,0.9999999999999999,0.01830863121185702,0.5803727743425465,0.0,1.0
4680,4679,35,0,44,322,3.739130434782609,0.6181818181818182,0.13164777680906714,0.6899789135455368,0.0,1.0
4681,4680,35,15,61,162,3.8333333333333335,0.6181818181818182,0.061900610287707075,0.7138423787528869,1.0,0.0
4682,4681,25,7,53,784,3.5471938775510203,0.43636363636363634,0.3330427201394943,0.6413575714639205,0.0,1.0
4683,4682,25,0,221,66,2.712121212121212,0.43636363636363634,0.02005231037489102,0.42981707957169846,0.0,1.0
4684,4683,25,0,44,64,3.703125,0.43636363636363634,0.01918047079337402,0.6808580217956121,1.0,0.0
4685,4684,35,1,554,169,3.1242603550295858,0.6181818181818182,0.06495204882301657,0.5342201101438977,0.0,1.0
4686,4685,18,1,502,91,4.362637362637362,0.3090909090909091,0.030950305143853534,0.8479256021115142,0.0,1.0
4687,4686,35,14,17,116,4.25,0.6181818181818182,0.04184829991281605,0.8193923210161664,0.0,1.0
4688,4687,25,9,443,132,3.75,0.43636363636363634,0.048823016564952054,0.692732390300231,0.0,1.0
4689,4688,18,12,22,72,3.9027777777777777,0.3090909090909091,0.022667829119442023,0.7314340357967668,0.0,1.0
4690,4689,1,10,796,74,3.810810810810811,0.0,0.023539668700959023,0.7081369764683854,1.0,0.0
4691,4690,45,17,554,76,3.4078947368421053,0.7999999999999999,0.024411508282476024,0.6060703324419595,1.0,0.0
4692,4691,25,7,787,33,3.515151515151515,0.43636363636363634,0.0056669572798605065,0.633240604660928,1.0,0.0
4693,4692,18,1,606,49,3.979591836734694,0.3090909090909091,0.012641673931996514,0.7508925625677525,0.0,1.0
4694,4693,56,7,405,70,4.171428571428572,0.9999999999999999,0.021795989537925022,0.7994886176179481,0.0,1.0
4695,4694,18,18,560,30,3.1666666666666665,0.3090909090909091,0.004359197907585006,0.5449624711316398,0.0,1.0
4696,4695,18,12,100,27,3.8518518518518516,0.3090909090909091,0.0030514385353095034,0.7185334872979214,0.0,1.0
4697,4696,18,10,796,148,4.20945945945946,0.3090909090909091,0.05579773321708806,0.8091225969040636,0.0,1.0
4698,4697,25,6,554,27,3.7037037037037037,0.43636363636363634,0.0030514385353095034,0.6810046189376444,1.0,0.0
4699,4698,18,0,917,169,3.21301775147929,0.3090909090909091,0.06495204882301657,0.5567041215135904,1.0,0.0
4700,4699,18,4,481,162,3.3209876543209877,0.3090909090909091,0.061900610287707075,0.5840550423402618,1.0,0.0
4701,4700,45,17,180,63,4.380952380952381,0.7999999999999999,0.01874455100261552,0.8525651600131972,0.0,1.0
4702,4701,25,11,130,44,4.068181818181818,0.43636363636363634,0.010462074978204013,0.7733341643921898,0.0,1.0
4703,4702,25,7,20,23,3.6956521739130435,0.43636363636363634,0.0013077593722755024,0.6789650065267597,0.0,1.0
4704,4703,18,20,26,328,2.3780487804878048,0.3090909090909091,0.13426329555361816,0.3451898974821157,0.0,1.0
4705,4704,18,0,751,224,3.9776785714285716,0.3090909090909091,0.0889276373147341,0.750407894465523,1.0,0.0
4706,4705,25,14,685,108,3.4074074074074074,0.43636363636363634,0.038360941586748035,0.6059468822170901,0.0,1.0
4707,4706,1,0,928,41,3.292682926829268,0.0,0.009154315605928512,0.5768848926941925,0.0,1.0
4708,4707,25,0,606,406,3.8448275862068964,0.43636363636363634,0.1682650392327812,0.7167541012980808,0.0,1.0
4709,4708,45,0,68,56,3.607142857142857,0.7999999999999999,0.01569311246730602,0.6565438386671066,0.0,1.0
4710,4709,35,16,244,35,3.9714285714285715,0.6181818181818182,0.006538796861377507,0.7488246453315739,1.0,0.0
4711,4710,25,17,322,124,3.7983870967741935,0.43636363636363634,0.04533565823888405,0.7049898029501602,0.0,1.0
4712,4711,35,17,38,37,2.945945945945946,0.6181818181818182,0.0074106364428945075,0.48904952874352425,0.0,1.0
4713,4712,25,17,902,66,3.303030303030303,0.43636363636363634,0.02005231037489102,0.5795060885996222,0.0,1.0
4714,4713,50,1,554,62,3.6774193548387095,0.8909090909090909,0.01830863121185702,0.6743462713253371,0.0,1.0
4715,4714,25,2,972,509,3.6286836935166993,0.43636363636363634,0.21316477768090672,0.6620005603524549,0.0,1.0
4716,4715,25,16,24,68,4.264705882352941,0.43636363636363634,0.020924149956408022,0.8231176130960467,1.0,0.0
4717,4716,45,17,483,81,3.9876543209876543,0.7999999999999999,0.026591107236268532,0.752934949961509,0.0,1.0
4718,4717,35,7,38,138,4.065217391304348,0.6181818181818182,0.051438535309503056,0.7725832161863642,0.0,1.0
4719,4718,35,9,28,32,4.25,0.6181818181818182,0.005231037489102006,0.8193923210161664,1.0,0.0
4720,4719,25,2,900,47,4.191489361702128,0.43636363636363634,0.011769834350479513,0.804570414230259,0.0,1.0
4721,4720,35,11,954,71,4.014084507042254,0.6181818181818182,0.022231909328683522,0.7596302410304787,0.0,1.0
4722,4721,35,12,551,31,3.870967741935484,0.6181818181818182,0.004795117698343506,0.7233759219250541,0.0,1.0
4723,4722,35,7,900,33,4.2727272727272725,0.6181818181818182,0.0056669572798605065,0.8251495905941633,0.0,1.0
4724,4723,56,6,18,33,4.121212121212121,0.9999999999999999,0.0056669572798605065,0.7867677934075163,1.0,0.0
4725,4724,35,5,967,1006,3.158051689860835,0.6181818181818182,0.42981691368788144,0.5427801264009477,0.0,1.0
4726,4725,35,16,958,283,3.628975265017668,0.6181818181818182,0.11464690496948562,0.6620744212046777,1.0,0.0
4727,4726,56,0,988,55,3.7818181818181817,0.9999999999999999,0.015257192676547515,0.7007925677094269,1.0,0.0
4728,4727,25,19,314,698,3.489971346704871,0.43636363636363634,0.2955536181342633,0.626861967879193,0.0,1.0
4729,4728,50,16,553,235,3.8170212765957445,0.8909090909090909,0.0937227550130776,0.709710210800452,0.0,1.0
4730,4729,50,11,41,27,3.888888888888889,0.8909090909090909,0.0030514385353095034,0.7279157043879908,0.0,1.0
4731,4730,25,17,980,55,4.054545454545455,0.43636363636363634,0.015257192676547515,0.7698798026453917,0.0,1.0
4732,4731,25,14,244,685,3.6963503649635037,0.43636363636363634,0.2898866608544028,0.6791418721869154,0.0,1.0
4733,4732,18,18,523,104,3.8846153846153846,0.3090909090909091,0.036617262423714034,0.7268331408775982,0.0,1.0
4734,4733,50,1,931,171,4.093567251461988,0.8909090909090909,0.06582388840453357,0.7797647988331105,0.0,1.0
4735,4734,45,3,503,106,4.0,0.7999999999999999,0.037489102005231034,0.7560623556581987,0.0,1.0
4736,4735,18,20,915,318,3.3270440251572326,0.3090909090909091,0.12990409764603314,0.5855892413612794,0.0,1.0
4737,4736,35,16,190,109,4.293577981651376,0.6181818181818182,0.03879686137750654,0.8304314892895737,0.0,1.0
4738,4737,56,1,236,195,3.533333333333333,0.9999999999999999,0.07628596338273759,0.6378464203233256,0.0,1.0
4739,4738,25,3,325,107,3.8411214953271027,0.43636363636363634,0.03792502179598954,0.7158152748699576,0.0,1.0
4740,4739,25,3,381,51,3.980392156862745,0.43636363636363634,0.013513513513513514,0.7510952995516915,1.0,0.0
4741,4740,35,7,152,22,4.409090909090909,0.6181818181818182,0.0008718395815170022,0.8596932080621458,0.0,1.0
4742,4741,25,3,941,249,3.4016064257028114,0.43636363636363634,0.0998256320836966,0.6044773783355131,0.0,1.0
4743,4742,56,13,631,30,4.1,0.9999999999999999,0.004359197907585006,0.7813943418013856,0.0,1.0
4744,4743,50,15,127,66,4.075757575757576,0.8909090909090909,0.02005231037489102,0.7752532542515223,0.0,1.0
4745,4744,18,4,62,103,3.8737864077669903,0.3090909090909091,0.03618134263295554,0.7240899459629141,1.0,0.0
4746,4745,50,1,190,96,3.53125,0.8909090909090909,0.03312990409764603,0.6373186706120093,0.0,1.0
4747,4746,18,4,262,240,3.466666666666667,0.3090909090909091,0.09590235396687011,0.6209584295612011,0.0,1.0
4748,4747,45,16,603,363,4.21763085399449,0.7999999999999999,0.14952048823016567,0.8111925734353826,0.0,1.0
4749,4748,45,0,234,20,3.65,0.7999999999999999,0.0,0.6674004041570439,0.0,1.0
4750,4749,25,0,911,254,4.015748031496063,0.43636363636363634,0.10200523103748911,0.7600516448146062,1.0,0.0
4751,4750,50,15,24,29,4.0,0.8909090909090909,0.003923278116826506,0.7560623556581987,0.0,1.0
4752,4751,18,4,941,24,4.166666666666667,0.3090909090909091,0.0017436791630340027,0.7982823325635104,1.0,0.0
4753,4752,56,1,38,63,3.5714285714285716,0.9999999999999999,0.01874455100261552,0.6474967007588256,0.0,1.0
4754,4753,18,0,911,248,3.6693548387096775,0.3090909090909091,0.09938971229293811,0.6723033692170156,1.0,0.0
4755,4754,56,7,930,25,4.76,0.9999999999999999,0.002179598953792503,0.9485854503464204,1.0,0.0
4756,4755,56,16,559,27,3.7037037037037037,0.9999999999999999,0.0030514385353095034,0.6810046189376444,0.0,1.0
4757,4756,35,17,234,97,4.154639175257732,0.6181818181818182,0.03356582388840454,0.7952355301064262,0.0,1.0
4758,4757,56,13,32,25,3.76,0.9999999999999999,0.002179598953792503,0.6952655889145497,1.0,0.0
4759,4758,50,0,42,49,3.877551020408163,0.8909090909090909,0.012641673931996514,0.7250435971155206,1.0,0.0
4760,4759,35,17,61,57,3.754385964912281,0.6181818181818182,0.01612903225806452,0.693843442324055,0.0,1.0
4761,4760,18,15,210,39,3.4871794871794872,0.3090909090909091,0.008282476024411508,0.6261547344110855,0.0,1.0
4762,4761,25,14,941,73,4.068493150684931,0.43636363636363634,0.023103748910200523,0.7734130310987377,1.0,0.0
4763,4762,56,11,42,57,3.9473684210526314,0.9999999999999999,0.01612903225806452,0.7427297313723107,0.0,1.0
4764,4763,1,10,36,40,4.125,0.0,0.008718395815170008,0.7877273383371826,0.0,1.0
4765,4764,35,16,33,267,4.052434456928839,0.6181818181818182,0.10767218831734962,0.7693450450216675,1.0,0.0
4766,4765,35,16,100,42,3.5476190476190474,0.6181818181818182,0.009590235396687012,0.6414652754866381,0.0,1.0
4767,4766,35,9,37,47,3.6382978723404253,0.6181818181818182,0.011769834350479513,0.6644360227998625,1.0,0.0
4768,4767,25,4,220,72,4.166666666666667,0.43636363636363634,0.022667829119442023,0.7982823325635104,0.0,1.0
4769,4768,25,1,25,65,3.353846153846154,0.43636363636363634,0.01961639058413252,0.5923787528868361,0.0,1.0
4770,4769,35,7,100,33,3.6666666666666665,0.6181818181818182,0.0056669572798605065,0.671622401847575,1.0,0.0
4771,4770,25,4,41,513,3.7582846003898633,0.43636363636363634,0.21490845684394072,0.6948310441230097,1.0,0.0
4772,4771,56,17,38,100,4.12,0.9999999999999999,0.03487358326068003,0.7864607390300231,0.0,1.0
4773,4772,45,1,223,103,4.145631067961165,0.7999999999999999,0.03618134263295554,0.7929535976142965,0.0,1.0
4774,4773,45,14,74,194,4.283505154639175,0.7999999999999999,0.07585004359197908,0.8278798421466156,0.0,1.0
4775,4774,25,17,234,20,3.4,0.43636363636363634,0.0,0.6040704387990763,0.0,1.0
4776,4775,25,3,462,25,4.4,0.43636363636363634,0.002179598953792503,0.8573903002309471,1.0,0.0
4777,4776,25,2,461,37,3.972972972972973,0.43636363636363634,0.0074106364428945075,0.7492158729167968,0.0,1.0
4778,4777,25,0,462,36,4.25,0.43636363636363634,0.006974716652136007,0.8193923210161664,0.0,1.0
4779,4778,45,3,40,213,4.197183098591549,0.7999999999999999,0.0841325196163906,0.8060127508701167,0.0,1.0
4780,4779,25,12,941,110,4.1909090909090905,0.43636363636363634,0.039232781168265035,0.804423420113374,0.0,1.0
4781,4780,50,6,40,43,3.9767441860465116,0.8909090909090909,0.010026155187445512,0.7501711960900157,1.0,0.0
4782,4781,45,1,782,117,3.700854700854701,0.7999999999999999,0.042284219703574544,0.680282909930716,0.0,1.0
4783,4782,25,0,606,55,3.709090909090909,0.43636363636363634,0.015257192676547515,0.6823693050598363,0.0,1.0
4784,4783,35,6,481,409,4.034229828850855,0.6181818181818182,0.16957279860505667,0.7647334511595341,1.0,0.0
4785,4784,25,14,551,271,4.018450184501845,0.43636363636363634,0.10941586748038362,0.7607361538395987,1.0,0.0
4786,4785,45,6,226,390,3.8,0.7999999999999999,0.16129032258064518,0.7053983833718245,0.0,1.0
4787,4786,1,11,946,30,3.066666666666667,0.0,0.004359197907585006,0.5196304849884528,0.0,1.0
4788,4787,35,7,853,303,3.363036303630363,0.6181818181818182,0.12336530078465563,0.5947068003567101,0.0,1.0
4789,4788,35,2,551,270,3.4814814814814814,0.6181818181818182,0.10897994768962511,0.6247113163972287,0.0,1.0
4790,4789,25,2,941,378,3.394179894179894,0.43636363636363634,0.15605928509154315,0.6025960903992081,1.0,0.0
4791,4790,18,4,551,250,3.176,0.3090909090909091,0.10026155187445511,0.5473267898383373,0.0,1.0
4792,4791,50,7,941,25,3.8,0.8909090909090909,0.002179598953792503,0.7053983833718245,1.0,0.0
4793,4792,25,6,481,173,3.1560693641618496,0.43636363636363634,0.06669572798605057,0.5422779639295678,1.0,0.0
4794,4793,35,0,461,102,4.294117647058823,0.6181818181818182,0.03574542284219703,0.8305681972558077,1.0,0.0
4795,4794,45,16,109,116,4.068965517241379,0.7999999999999999,0.04184829991281605,0.773532690929362,0.0,1.0
4796,4795,35,7,981,341,3.6099706744868034,0.6181818181818182,0.13993025283347865,0.6572601809648297,0.0,1.0
4797,4796,35,17,840,57,4.017543859649122,0.6181818181818182,0.01612903225806452,0.7605065637534945,1.0,0.0
4798,4797,25,1,193,119,3.411764705882353,0.43636363636363634,0.043156059285091544,0.6070506724629806,0.0,1.0
4799,4798,18,4,28,58,3.7413793103448274,0.3090909090909091,0.01656495204882302,0.6905485983913355,1.0,0.0
4800,4799,18,4,805,253,3.2766798418972334,0.3090909090909091,0.1015693112467306,0.572830993436727,0.0,1.0
4801,4800,25,4,303,196,4.73469387755102,0.43636363636363634,0.07672188317349608,0.9421749069142669,0.0,1.0
4802,4801,56,1,406,640,4.0703125,0.9999999999999999,0.27027027027027023,0.7738739084151272,0.0,1.0
4803,4802,25,16,457,37,3.7837837837837838,0.43636363636363634,0.0074106364428945075,0.7012904937269834,1.0,0.0
4804,4803,35,1,441,47,2.4680851063829787,0.6181818181818182,0.011769834350479513,0.3679978870817159,1.0,0.0
4805,4804,35,1,457,35,3.7142857142857144,0.6181818181818182,0.006538796861377507,0.68368525239195,0.0,1.0
4806,4805,25,17,900,159,3.9748427672955975,0.43636363636363634,0.06059285091543157,0.7496895289555101,0.0,1.0
4807,4806,1,2,41,92,3.619565217391304,0.0,0.03138622493461203,0.6596906692439,0.0,1.0
4808,4807,35,0,967,939,3.2747603833865813,0.6181818181818182,0.4006102877070619,0.5723447564727844,0.0,1.0
4809,4808,50,4,209,178,4.01685393258427,0.8909090909090909,0.06887532693984308,0.7603317915250281,1.0,0.0
4810,4809,18,12,805,197,3.1522842639593907,0.3090909090909091,0.07715780296425459,0.5413191228707752,0.0,1.0
4811,4810,35,1,17,42,4.119047619047619,0.6181818181818182,0.009590235396687012,0.7862194820191355,0.0,1.0
4812,4811,18,14,253,127,3.2598425196850394,0.3090909090909091,0.046643417611159546,0.5685657653070503,0.0,1.0
4813,4812,35,9,460,104,4.1826923076923075,0.6181818181818182,0.036617262423714034,0.8023419457274827,1.0,0.0
4814,4813,18,14,805,165,3.4545454545454546,0.3090909090909091,0.06320836965998257,0.6178878857862692,0.0,1.0
4815,4814,50,18,48,222,4.405405405405405,0.8909090909090909,0.08805579773321709,0.8587595967792272,1.0,0.0
4816,4815,45,6,42,372,4.223118279569892,0.7999999999999999,0.15344376634699217,0.8125826473217612,1.0,0.0
4817,4816,25,1,209,92,4.380434782608695,0.43636363636363634,0.03138622493461203,0.8524340420724972,0.0,1.0
4818,4817,25,17,910,50,3.96,0.43636363636363634,0.013077593722755014,0.7459295612009238,1.0,0.0
4819,4818,35,18,173,546,3.793040293040293,0.6181818181818182,0.22929380993897125,0.7036353513691851,0.0,1.0
4820,4819,50,11,42,36,3.4444444444444446,0.8909090909090909,0.006974716652136007,0.6153290993071595,0.0,1.0
4821,4820,18,19,750,234,3.4401709401709404,0.3090909090909091,0.0932868352223191,0.6142465357967668,0.0,1.0
4822,4821,35,0,15,28,3.392857142857143,0.6181818181818182,0.0034873583260680054,0.60226101121742,1.0,0.0
4823,4822,18,4,462,470,3.3382978723404255,0.3090909090909091,0.1961639058413252,0.5884400643703013,0.0,1.0
4824,4823,25,7,554,227,3.7709251101321586,0.43636363636363634,0.0902353966870096,0.698033136299356,0.0,1.0
4825,4824,25,17,946,49,3.938775510204082,0.43636363636363634,0.012641673931996514,0.7405529763868597,0.0,1.0
4826,4825,45,12,554,163,3.754601226993865,0.7999999999999999,0.06233653007846557,0.6938979724847335,0.0,1.0
4827,4826,35,0,130,72,3.375,0.6181818181818182,0.022667829119442023,0.5977374422632795,0.0,1.0
4828,4827,18,20,601,100,3.62,0.3090909090909091,0.03487358326068003,0.6598008083140878,1.0,0.0
4829,4828,25,0,200,323,3.780185758513932,0.43636363636363634,0.13208369659982563,0.7003790424641961,0.0,1.0
4830,4829,1,10,553,114,3.5350877192982457,0.0,0.04097646033129905,0.6382908411328553,0.0,1.0
4831,4830,25,1,42,237,4.10126582278481,0.43636363636363634,0.0945945945945946,0.7817149998538311,1.0,0.0
4832,4831,25,14,178,131,3.7709923664122136,0.43636363636363634,0.04838709677419355,0.6980501736509,0.0,1.0
4833,4832,35,16,813,81,4.037037037037037,0.6181818181818182,0.026591107236268532,0.7654445727482679,0.0,1.0
4834,4833,45,9,38,280,3.6285714285714286,0.7999999999999999,0.11333914559721012,0.6619721214120753,1.0,0.0
4835,4834,25,20,144,83,3.7228915662650603,0.43636363636363634,0.027462946817785532,0.6858652856228611,0.0,1.0
4836,4835,45,16,40,65,3.476923076923077,0.7999999999999999,0.01961639058413252,0.6235565819861433,1.0,0.0
4837,4836,25,5,462,328,3.274390243902439,0.43636363636363634,0.13426329555361816,0.5722509927899511,0.0,1.0
4838,4837,45,1,483,39,3.8205128205128207,0.7999999999999999,0.008282476024411508,0.7105946882217091,0.0,1.0
4839,4838,50,6,950,23,3.0434782608695654,0.8909090909090909,0.0013077593722755024,0.513756401245105,1.0,0.0
4840,4839,45,6,631,72,3.736111111111111,0.7999999999999999,0.022667829119442023,0.689214058891455,1.0,0.0
4841,4840,25,12,941,92,3.641304347826087,0.43636363636363634,0.03138622493461203,0.6651976227532885,0.0,1.0
4842,4841,35,1,230,69,4.0,0.6181818181818182,0.021360069747166522,0.7560623556581987,1.0,0.0
4843,4842,56,1,40,116,4.068965517241379,0.9999999999999999,0.04184829991281605,0.773532690929362,0.0,1.0
4844,4843,45,7,38,29,3.9655172413793105,0.7999999999999999,0.003923278116826506,0.7473271880226169,0.0,1.0
4845,4844,25,1,554,153,3.9411764705882355,0.43636363636363634,0.057977332170880566,0.741161187338677,1.0,0.0
4846,4845,25,2,900,30,3.5,0.43636363636363634,0.004359197907585006,0.6294024249422634,1.0,0.0
4847,4846,25,12,941,72,4.013888888888889,0.43636363636363634,0.022667829119442023,0.7595806870669748,0.0,1.0
4848,4847,35,6,549,54,3.8518518518518516,0.6181818181818182,0.014821272885789015,0.7185334872979214,1.0,0.0
4849,4848,18,4,445,157,3.9936305732484074,0.3090909090909091,0.05972101133391457,0.7544488533560847,1.0,0.0
4850,4849,45,3,445,37,4.0,0.7999999999999999,0.0074106364428945075,0.7560623556581987,1.0,0.0
4851,4850,18,17,444,24,3.6666666666666665,0.3090909090909091,0.0017436791630340027,0.671622401847575,0.0,1.0
4852,4851,35,0,420,243,3.7613168724279835,0.6181818181818182,0.0972101133391456,0.6955991788555299,0.0,1.0
4853,4852,25,7,553,38,4.105263157894737,0.43636363636363634,0.007846556233653008,0.7827276042299747,0.0,1.0
4854,4853,50,13,38,164,3.798780487804878,0.8909090909090909,0.06277244986922408,0.7050894567115418,1.0,0.0
4855,4854,25,12,900,219,3.0228310502283104,0.43636363636363634,0.0867480383609416,0.5085260527065076,0.0,1.0
4856,4855,25,7,941,79,3.7468354430379747,0.43636363636363634,0.025719267654751524,0.6919307451691175,0.0,1.0
4857,4856,25,14,234,61,3.262295081967213,0.43636363636363634,0.01787271142109852,0.5691870480445236,0.0,1.0
4858,4857,25,1,40,113,4.04424778761062,0.43636363636363634,0.04054054054054054,0.7672711990843877,0.0,1.0
4859,4858,18,14,504,43,4.232558139534884,0.3090909090909091,0.010026155187445512,0.8149739513400291,1.0,0.0
4860,4859,25,2,606,48,3.8958333333333335,0.43636363636363634,0.012205754141238014,0.7296748700923789,0.0,1.0
4861,4860,25,4,43,197,3.8426395939086295,0.43636363636363634,0.07715780296425459,0.7161998393922698,0.0,1.0
4862,4861,25,0,940,94,3.478723404255319,0.43636363636363634,0.03225806451612903,0.6240126406564788,0.0,1.0
4863,4862,25,9,840,31,3.5806451612903225,0.43636363636363634,0.004795117698343506,0.6498314460254787,1.0,0.0
4864,4863,18,20,631,33,4.181818181818182,0.3090909090909091,0.0056669572798605065,0.8021205122821751,0.0,1.0
4865,4864,35,14,21,246,3.3821138211382116,0.6181818181818182,0.09851787271142111,0.5995395144482624,1.0,0.0
4866,4865,56,12,40,75,4.026666666666666,0.9999999999999999,0.023975588491717523,0.7628175519630485,0.0,1.0
4867,4866,25,16,41,622,3.8215434083601285,0.43636363636363634,0.26242371403661724,0.7108557565923825,0.0,1.0
4868,4867,35,17,38,179,3.7094972067039107,0.6181818181818182,0.06931124673060157,0.682472228314862,0.0,1.0
4869,4868,45,6,45,285,3.3263157894736843,0.7999999999999999,0.11551874455100263,0.5854047647988332,1.0,0.0
4870,4869,35,3,41,116,3.689655172413793,0.6181818181818182,0.04184829991281605,0.677445846937963,1.0,0.0
4871,4870,18,12,40,21,4.0,0.3090909090909091,0.00043591979075850197,0.7560623556581987,0.0,1.0
4872,4871,45,1,39,41,3.5365853658536586,0.7999999999999999,0.009154315605928512,0.6386702247507464,0.0,1.0
4873,4872,56,11,137,28,4.214285714285714,0.9999999999999999,0.0034873583260680054,0.8103451831078854,0.0,1.0
4874,4873,25,4,708,31,4.387096774193548,0.43636363636363634,0.004795117698343506,0.8541216568576324,1.0,0.0
4875,4874,35,0,974,100,3.93,0.6181818181818182,0.03487358326068003,0.7383299653579678,0.0,1.0
4876,4875,35,17,982,36,4.055555555555555,0.6181818181818182,0.006974716652136007,0.7701356812933025,1.0,0.0
4877,4876,25,4,947,95,3.7157894736842105,0.43636363636363634,0.03269398430688754,0.6840661845144038,0.0,1.0
4878,4877,50,4,940,43,3.604651162790698,0.8909090909090909,0.010026155187445512,0.655912642999087,0.0,1.0
4879,4878,25,3,606,467,3.45610278372591,0.43636363636363634,0.1948561464690497,0.618282388198466,0.0,1.0
4880,4879,45,9,950,21,3.761904761904762,0.7999999999999999,0.00043591979075850197,0.6957481029363247,1.0,0.0
4881,4880,45,16,554,22,3.9545454545454546,0.7999999999999999,0.0008718395815170022,0.7445478165022046,0.0,1.0
4882,4881,45,11,33,203,4.029556650246305,0.7999999999999999,0.07977332170880559,0.763549642202983,0.0,1.0
4883,4882,1,10,29,50,2.84,0.0,0.013077593722755014,0.4622113163972287,1.0,0.0
4884,4883,35,14,902,388,3.884020618556701,0.6181818181818182,0.16041848299912817,0.7266824748220281,0.0,1.0
4885,4884,56,1,235,30,4.466666666666667,0.9999999999999999,0.004359197907585006,0.8742782909930717,0.0,1.0
4886,4885,35,17,925,102,3.9901960784313726,0.6181818181818182,0.03574542284219703,0.7535788276049451,1.0,0.0
4887,4886,18,2,190,420,3.392857142857143,0.3090909090909091,0.17436791630340018,0.60226101121742,0.0,1.0
4888,4887,56,0,80,299,4.344481605351171,0.9999999999999999,0.12162162162162163,0.8433263881915858,1.0,0.0
4889,4888,18,4,631,262,4.347328244274809,0.3090909090909091,0.10549258936355711,0.8440474983692683,0.0,1.0
4890,4889,25,1,799,171,3.4210526315789473,0.43636363636363634,0.06582388840453357,0.6094034885134314,1.0,0.0
4891,4890,35,17,941,28,3.7857142857142856,0.6181818181818182,0.0034873583260680054,0.7017795282085121,0.0,1.0
4892,4891,25,12,554,120,3.175,0.43636363636363634,0.04359197907585005,0.5470734699769053,0.0,1.0
4893,4892,25,17,480,90,3.933333333333333,0.43636363636363634,0.030514385353095034,0.7391743648960739,0.0,1.0
4894,4893,35,7,146,41,3.902439024390244,0.6181818181818182,0.009154315605928512,0.7313482228355771,0.0,1.0
4895,4894,25,3,520,68,4.132352941176471,0.43636363636363634,0.020924149956408022,0.7895899843771228,1.0,0.0
4896,4895,35,6,841,41,3.073170731707317,0.6181818181818182,0.009154315605928512,0.5212780938432942,0.0,1.0
4897,4896,35,16,168,400,3.35,0.6181818181818182,0.16564952048823017,0.5914044457274827,0.0,1.0
4898,4897,25,1,277,239,4.167364016736402,0.43636363636363634,0.0954664341761116,0.7984589851865453,0.0,1.0
4899,4898,25,12,944,245,3.6653061224489796,0.43636363636363634,0.0980819529206626,0.6712777489748787,0.0,1.0
4900,4899,25,20,336,23,4.086956521739131,0.43636363636363634,0.0013077593722755024,0.7780901696957527,0.0,1.0
4901,4900,25,7,112,191,3.816753926701571,0.43636363636363634,0.07454228421970358,0.7096424857623062,0.0,1.0
4902,4901,35,14,840,135,3.5481481481481483,0.6181818181818182,0.05013077593722755,0.6415993071593534,0.0,1.0
4903,4902,35,12,959,55,4.0181818181818185,0.6181818181818182,0.015257192676547515,0.7606681713205965,0.0,1.0
4904,4903,50,15,631,404,4.561881188118812,0.8909090909090909,0.16739319965126417,0.898398020373631,0.0,1.0
4905,4904,45,1,604,100,3.39,0.7999999999999999,0.03487358326068003,0.6015372401847576,1.0,0.0
4906,4905,50,17,495,241,3.912863070539419,0.8909090909090909,0.0963382737576286,0.7339888407616456,0.0,1.0
4907,4906,50,7,550,184,3.4293478260869565,0.8909090909090909,0.07149084568439408,0.6115048260367507,1.0,0.0
4908,4907,35,15,852,114,3.9649122807017543,0.6181818181818182,0.04097646033129905,0.7471739394676067,0.0,1.0
4909,4908,35,12,940,138,3.760869565217391,0.6181818181818182,0.051438535309503056,0.6954858670549252,1.0,0.0
4910,4909,18,12,840,50,3.6,0.3090909090909091,0.013077593722755014,0.6547344110854504,0.0,1.0
4911,4910,25,0,554,81,3.382716049382716,0.43636363636363634,0.026591107236268532,0.5996920708237106,1.0,0.0
4912,4911,50,20,981,22,4.0,0.8909090909090909,0.0008718395815170022,0.7560623556581987,1.0,0.0
4913,4912,25,1,970,45,3.8,0.43636363636363634,0.010897994768962513,0.7053983833718245,1.0,0.0
4914,4913,25,1,24,52,3.8461538461538463,0.43636363636363634,0.013949433304272014,0.7170900692840647,1.0,0.0
4915,4914,25,12,914,107,3.6261682242990654,0.43636363636363634,0.03792502179598954,0.6613633420388078,0.0,1.0
4916,4915,18,20,850,170,2.088235294117647,0.3090909090909091,0.06538796861377508,0.2717743852737401,0.0,1.0
4917,4916,45,0,273,238,3.495798319327731,0.7999999999999999,0.09503051438535311,0.6283380557765832,0.0,1.0
4918,4917,18,12,841,301,3.4219269102990033,0.3090909090909091,0.12249346120313864,0.6096249606776488,1.0,0.0
4919,4918,18,0,840,37,4.081081081081081,0.3090909090909091,0.0074106364428945075,0.7766018038824043,0.0,1.0
4920,4919,35,1,21,50,4.06,0.6181818181818182,0.013077593722755014,0.7712615473441109,0.0,1.0
4921,4920,25,15,925,207,4.21256038647343,0.43636363636363634,0.08151700087183959,0.809908123305553,1.0,0.0
4922,4921,18,17,981,191,3.7591623036649215,0.3090909090909091,0.07454228421970358,0.6950533837950257,0.0,1.0
4923,4922,45,18,998,32,3.75,0.7999999999999999,0.005231037489102006,0.692732390300231,0.0,1.0
4924,4923,35,0,998,41,4.024390243902439,0.6181818181818182,0.009154315605928512,0.7622408888638541,1.0,0.0
4925,4924,35,6,554,42,4.761904761904762,0.6181818181818182,0.009590235396687012,0.9490679643681954,1.0,0.0
4926,4925,1,10,556,23,3.5217391304347827,0.0,0.0013077593722755024,0.6349093784516519,0.0,1.0
4927,4926,45,0,975,126,3.984126984126984,0.7999999999999999,0.04620749782040105,0.7520414054767404,0.0,1.0
4928,4927,25,3,921,329,3.2613981762917934,0.43636363636363634,0.13469921534437665,0.5689598440231088,1.0,0.0
4929,4928,45,1,631,42,4.214285714285714,0.7999999999999999,0.009590235396687012,0.8103451831078854,0.0,1.0
4930,4929,50,17,630,96,4.0,0.8909090909090909,0.03312990409764603,0.7560623556581987,0.0,1.0
4931,4930,50,17,900,80,4.2125,0.8909090909090909,0.026155187445510025,0.8098928262124714,0.0,1.0
4932,4931,25,7,633,332,3.8463855421686746,0.43636363636363634,0.13600697471665216,0.7171487624864353,0.0,1.0
4933,4932,25,15,940,302,3.622516556291391,0.43636363636363634,0.12292938099389714,0.6604383020051084,0.0,1.0
4934,4933,25,0,551,179,3.212290502793296,0.43636363636363634,0.06931124673060157,0.556519894977228,1.0,0.0
4935,4934,35,17,629,22,3.5,0.6181818181818182,0.0008718395815170022,0.6294024249422634,0.0,1.0
4936,4935,18,4,631,40,3.95,0.3090909090909091,0.008718395815170008,0.7433963625866051,1.0,0.0
4937,4936,35,0,21,214,4.121495327102804,0.6181818181818182,0.08456843940714909,0.7868395350845008,0.0,1.0
4938,4937,18,4,554,37,3.5945945945945947,0.3090909090909091,0.0074106364428945075,0.65336511453717,1.0,0.0
4939,4938,25,7,631,174,3.7126436781609193,0.43636363636363634,0.06713164777680908,0.6832692920283507,0.0,1.0
4940,4939,50,11,941,284,3.890845070422535,0.8909090909090909,0.11508282476024412,0.7284112440230297,1.0,0.0
4941,4940,56,20,442,34,3.411764705882353,0.9999999999999999,0.006102877070619007,0.6070506724629806,0.0,1.0
4942,4941,45,12,405,276,3.568840579710145,0.7999999999999999,0.11159546643417612,0.6468411110553269,0.0,1.0
4943,4942,50,0,554,21,4.0476190476190474,0.8909090909090909,0.00043591979075850197,0.7681252062025734,1.0,0.0
4944,4943,50,17,145,22,4.363636363636363,0.8909090909090909,0.0008718395815170022,0.8481786689061517,0.0,1.0
4945,4944,50,0,622,144,3.8125,0.8909090909090909,0.05405405405405406,0.708564881639723,0.0,1.0
4946,4945,35,1,911,257,3.7976653696498053,0.6181818181818182,0.10331299040976462,0.7048069751350186,1.0,0.0
4947,4946,35,17,900,100,4.25,0.6181818181818182,0.03487358326068003,0.8193923210161664,0.0,1.0
4948,4947,45,2,946,507,3.171597633136095,0.7999999999999999,0.21229293809938973,0.5462115828744005,0.0,1.0
4949,4948,18,4,551,38,4.078947368421052,0.3090909090909091,0.007846556233653008,0.7760612920870305,0.0,1.0
4950,4949,25,16,554,474,3.5654008438818567,0.43636363636363634,0.1979075850043592,0.6459697576519426,0.0,1.0
4951,4950,35,17,902,312,3.717948717948718,0.6181818181818182,0.12728857890148212,0.6846131639722864,1.0,0.0
4952,4951,25,14,480,100,3.67,0.43636363636363634,0.03487358326068003,0.6724668013856814,1.0,0.0
4953,4952,35,12,550,217,3.7972350230414746,0.6181818181818182,0.0858761987794246,0.7046979597918286,0.0,1.0
4954,4953,45,0,926,122,3.1885245901639343,0.7999999999999999,0.04446381865736705,0.550499517283156,0.0,1.0
4955,4954,56,13,558,28,4.142857142857143,0.9999999999999999,0.0034873583260680054,0.7922509072913231,0.0,1.0
4956,4955,35,15,770,253,3.802371541501976,0.6181818181818182,0.1015693112467306,0.705999141936485,0.0,1.0
4957,4956,25,2,481,744,3.185483870967742,0.43636363636363634,0.3156059285091543,0.5497292427177234,0.0,1.0
4958,4957,18,7,554,451,3.425720620842572,0.3090909090909091,0.1878814298169137,0.6105859829068583,0.0,1.0
4959,4958,25,17,234,188,4.159574468085107,0.43636363636363634,0.07323452484742808,0.7964857378015824,0.0,1.0
4960,4959,56,1,551,75,4.173333333333333,0.9999999999999999,0.023975588491717523,0.7999711316397229,0.0,1.0
4961,4960,25,7,462,177,3.2768361581920904,0.43636363636363634,0.06843940714908457,0.5728705914588798,0.0,1.0
4962,4961,25,6,554,217,3.834101382488479,0.43636363636363634,0.0858761987794246,0.7140369408584413,0.0,1.0
4963,4962,45,17,949,114,3.6491228070175437,0.7999999999999999,0.04097646033129905,0.667178193752279,0.0,1.0
4964,4963,35,0,941,403,3.5384615384615383,0.6181818181818182,0.16695727986050568,0.6391454965357968,0.0,1.0
4965,4964,1,10,631,144,3.111111111111111,0.0,0.05405405405405406,0.5308891454965359,0.0,1.0
4966,4965,50,14,554,48,3.7708333333333335,0.8909090909090909,0.012205754141238014,0.698009887413395,0.0,1.0
4967,4966,18,4,947,104,3.9326923076923075,0.3090909090909091,0.036617262423714034,0.739011980369515,0.0,1.0
4968,4967,50,20,954,28,4.357142857142857,0.8909090909090909,0.0034873583260680054,0.8465337347410096,1.0,0.0
4969,4968,18,19,941,29,3.1724137931034484,0.3090909090909091,0.003923278116826506,0.5464183324042368,0.0,1.0
4970,4969,25,12,945,29,3.6206896551724137,0.43636363636363634,0.003923278116826506,0.6599755116667995,1.0,0.0
4971,4970,35,7,940,28,4.071428571428571,0.6181818181818182,0.0034873583260680054,0.7741566314747608,0.0,1.0
4972,4971,35,0,951,329,3.4103343465045595,0.6181818181818182,0.13469921534437665,0.6066883340236002,0.0,1.0
4973,4972,56,2,949,149,3.6442953020134228,0.9999999999999999,0.056233653007846565,0.6659552908535735,1.0,0.0
4974,4973,35,20,941,28,3.107142857142857,0.6181818181818182,0.0034873583260680054,0.5298839079511714,0.0,1.0
4975,4974,35,0,900,175,3.7714285714285714,0.6181818181818182,0.06756756756756757,0.6981606730451997,0.0,1.0
4976,4975,25,11,657,58,3.3620689655172415,0.43636363636363634,0.01656495204882302,0.5944617543999364,0.0,1.0
4977,4976,25,4,925,183,3.087431693989071,0.43636363636363634,0.07105492589363557,0.5248906788323933,0.0,1.0
4978,4977,35,14,681,72,3.6944444444444446,0.6181818181818182,0.022667829119442023,0.6786590646651272,0.0,1.0
4979,4978,35,2,554,882,2.9705215419501134,0.6181818181818182,0.3757628596338274,0.4952750153179055,0.0,1.0
4980,4979,25,1,554,213,3.568075117370892,0.43636363636363634,0.0841325196163906,0.646647204241616,0.0,1.0
4981,4980,50,1,554,307,4.052117263843648,0.8909090909090909,0.12510897994768963,0.7692646937132799,0.0,1.0
4982,4981,25,12,630,37,4.621621621621622,0.43636363636363634,0.0074106364428945075,0.9135314587104426,0.0,1.0
4983,4982,45,16,551,143,3.937062937062937,0.7999999999999999,0.05361813426329555,0.740119147596053,1.0,0.0
4984,4983,35,0,554,205,3.341463414634146,0.6181818181818182,0.08064516129032259,0.5892419591055034,0.0,1.0
4985,4984,35,0,290,152,3.7960526315789473,0.6181818181818182,0.05754141238012206,0.7043984365503829,0.0,1.0
4986,4985,18,12,554,27,4.37037037037037,0.3090909090909091,0.0030514385353095034,0.8498845265588915,0.0,1.0
4987,4986,56,8,902,52,3.519230769230769,0.9999999999999999,0.013949433304272014,0.6342739607390301,1.0,0.0
4988,4987,25,17,551,26,3.8461538461538463,0.43636363636363634,0.002615518744551003,0.7170900692840647,0.0,1.0
4989,4988,25,0,551,77,3.883116883116883,0.43636363636363634,0.024847428073234524,0.7264535406856424,0.0,1.0
4990,4989,25,4,554,61,4.278688524590164,0.43636363636363634,0.01787271142109852,0.8266596940900315,1.0,0.0
4991,4990,56,14,917,20,3.45,0.9999999999999999,0.0,0.6167364318706698,1.0,0.0
4992,4991,25,2,551,21,3.857142857142857,0.43636363636363634,0.00043591979075850197,0.7198738040250743,1.0,0.0
4993,4992,45,17,540,47,3.851063829787234,0.7999999999999999,0.011769834350479513,0.7183338656577073,0.0,1.0
4994,4993,45,17,560,135,4.274074074074074,0.7999999999999999,0.05013077593722755,0.8254907621247114,0.0,1.0
4995,4994,50,20,554,356,3.457865168539326,0.8909090909090909,0.14646904969485616,0.6187288352751902,0.0,1.0
4996,4995,35,7,945,28,3.9642857142857144,0.6181818181818182,0.0034873583260680054,0.7470152177499176,0.0,1.0
4997,4996,1,10,902,56,3.2142857142857144,0.0,0.01569311246730602,0.5570253216760146,0.0,1.0
4998,4997,18,4,484,79,4.0886075949367084,0.3090909090909091,0.025719267654751524,0.778508419329377,1.0,0.0
4999,4998,56,13,924,68,4.0,0.9999999999999999,0.020924149956408022,0.7560623556581987,1.0,0.0
5000,4999,25,4,462,401,4.321695760598503,0.43636363636363634,0.16608544027898867,0.8375542811562318,0.0,1.0
5001,5000,25,2,631,225,4.097777777777778,0.43636363636363634,0.0893635571054926,0.7808314087759816,1.0,0.0
5002,5001,25,17,905,265,3.4113207547169813,0.43636363636363634,0.10680034873583262,0.6069382108152862,0.0,1.0
5003,5002,35,12,495,33,4.515151515151516,0.6181818181818182,0.0056669572798605065,0.8865604660927988,0.0,1.0
5004,5003,56,1,904,41,3.8048780487804876,0.9999999999999999,0.009154315605928512,0.7066340900129556,1.0,0.0
5005,5004,45,16,928,429,3.393939393939394,0.7999999999999999,0.1782911944202267,0.6025351669116105,0.0,1.0
5006,5005,35,3,488,45,4.377777777777778,0.6181818181818182,0.010897994768962513,0.8517609699769055,0.0,1.0
5007,5006,18,4,910,23,4.434782608695652,0.3090909090909091,0.0013077593722755024,0.8662014258459685,1.0,0.0
5008,5007,25,20,606,209,4.167464114832536,0.43636363636363634,0.0823888404533566,0.7984843420223877,0.0,1.0
5009,5008,45,16,654,63,4.079365079365079,0.7999999999999999,0.01874455100261552,0.77616710656549,1.0,0.0
5010,5009,45,15,631,52,4.096153846153846,0.7999999999999999,0.013949433304272014,0.7804200346420322,0.0,1.0
5011,5010,18,4,641,559,3.92128801431127,0.3090909090909091,0.23496076721883175,0.7361230463505022,0.0,1.0
5012,5011,50,15,481,20,3.4,0.8909090909090909,0.0,0.6040704387990763,0.0,1.0
5013,5012,18,4,262,70,3.9285714285714284,0.3090909090909091,0.021795989537925022,0.7379680798416365,0.0,1.0
5014,5013,45,0,926,144,3.3402777777777777,0.7999999999999999,0.05405405405405406,0.5889416137413396,0.0,1.0
5015,5014,35,6,926,644,3.950310559006211,0.6181818181818182,0.27201394943330426,0.7434750333510249,0.0,1.0
5016,5015,35,1,894,96,2.96875,0.6181818181818182,0.03312990409764603,0.4948262485565821,1.0,0.0
5017,5016,35,12,911,39,4.128205128205129,0.6181818181818182,0.008282476024411508,0.7885392609699771,0.0,1.0
5018,5017,56,12,902,247,4.008097165991903,0.9999999999999999,0.0989537925021796,0.7581135286252585,1.0,0.0
5019,5018,25,7,100,177,3.3220338983050848,0.43636363636363634,0.06843940714908457,0.5843200767213372,0.0,1.0
5020,5019,56,13,902,109,3.761467889908257,0.9999999999999999,0.03879686137750654,0.6956374345827067,1.0,0.0
5021,5020,50,6,905,185,3.3675675675675674,0.8909090909090909,0.07192676547515257,0.595854659509394,0.0,1.0
5022,5021,35,7,910,35,4.314285714285714,0.6181818181818182,0.006538796861377507,0.8356771692510723,0.0,1.0
5023,5022,35,20,915,120,3.341666666666667,0.6181818181818182,0.04359197907585005,0.5892934468822172,0.0,1.0
5024,5023,45,1,146,77,3.857142857142857,0.7999999999999999,0.024847428073234524,0.7198738040250743,1.0,0.0
5025,5024,25,20,606,125,4.176,0.43636363636363634,0.045771578029642546,0.800646651270208,0.0,1.0
5026,5025,25,17,925,874,2.85812356979405,0.43636363636363634,0.3722755013077594,0.46680237658610835,0.0,1.0
5027,5026,25,14,53,20,3.5,0.43636363636363634,0.0,0.6294024249422634,1.0,0.0
5028,5027,25,12,924,23,3.652173913043478,0.43636363636363634,0.0013077593722755024,0.6679510995079827,0.0,1.0
5029,5028,25,4,701,160,3.45625,0.43636363636363634,0.06102877070619006,0.618319681004619,0.0,1.0
5030,5029,18,1,700,28,3.7857142857142856,0.3090909090909091,0.0034873583260680054,0.7017795282085121,0.0,1.0
5031,5030,25,4,894,61,4.131147540983607,0.43636363636363634,0.01787271142109852,0.7892846325672964,1.0,0.0
5032,5031,18,17,21,103,3.912621359223301,0.3090909090909091,0.03618134263295554,0.7339276104845401,0.0,1.0
5033,5032,56,13,605,48,4.395833333333333,0.9999999999999999,0.012205754141238014,0.856334800808314,1.0,0.0
5034,5033,25,15,629,141,3.9574468085106385,0.43636363636363634,0.05274629468177855,0.7452827870866297,1.0,0.0
5035,5034,25,17,198,249,3.7670682730923697,0.43636363636363634,0.0998256320836966,0.6970561228748714,1.0,0.0
5036,5035,35,7,148,48,3.0,0.6181818181818182,0.012205754141238014,0.502742494226328,0.0,1.0
5037,5036,35,12,113,105,3.9714285714285715,0.6181818181818182,0.03705318221447254,0.7488246453315739,0.0,1.0
5038,5037,25,20,100,210,3.638095238095238,0.43636363636363634,0.08282476024411509,0.6643846915209503,0.0,1.0
5039,5038,35,4,970,360,2.202777777777778,0.6181818181818182,0.14821272885789016,0.30079027136258674,1.0,0.0
5040,5039,45,12,443,111,3.8378378378378377,0.7999999999999999,0.03966870095902354,0.7149834592097872,0.0,1.0
5041,5040,45,6,600,114,4.2105263157894735,0.7999999999999999,0.04097646033129905,0.8093928528017504,1.0,0.0
5042,5041,18,2,554,368,3.472826086956522,0.3090909090909091,0.15170008718395817,0.6225187330555277,1.0,0.0
5043,5042,18,6,921,25,4.2,0.3090909090909091,0.002179598953792503,0.8067263279445729,1.0,0.0
5044,5043,35,6,235,137,4.087591240875913,0.6181818181818182,0.05100261551874455,0.7782509566595306,1.0,0.0
5045,5044,35,0,430,34,3.176470588235294,0.6181818181818182,0.006102877070619007,0.5474459991848933,0.0,1.0
5046,5045,25,16,606,868,3.6497695852534564,0.43636363636363634,0.36965998256320837,0.6673420355253776,0.0,1.0
5047,5046,45,6,234,319,3.523510971786834,0.7999999999999999,0.13034001743679163,0.6353582210574328,0.0,1.0
5048,5047,35,7,303,89,4.382022471910112,0.6181818181818182,0.030078465562336534,0.852836235306329,1.0,0.0
5049,5048,25,12,606,192,4.046875,0.43636363636363634,0.07497820401046208,0.7679367241628177,0.0,1.0
5050,5049,18,4,110,85,3.988235294117647,0.3090909090909091,0.028334786399302533,0.7530821219942943,1.0,0.0
5051,5050,50,7,117,30,3.7333333333333334,0.8909090909090909,0.004359197907585006,0.6885103926096998,1.0,0.0
5052,5051,35,16,25,21,4.190476190476191,0.6181818181818182,0.00043591979075850197,0.8043137578356978,0.0,1.0
5053,5052,25,4,841,231,3.8225108225108224,0.43636363636363634,0.0919790758500436,0.7111008218109836,0.0,1.0
5054,5053,35,2,208,715,3.3384615384615386,0.6181818181818182,0.3029642545771578,0.5884815242494227,0.0,1.0
5055,5054,35,16,973,42,3.6904761904761907,0.6181818181818182,0.009590235396687012,0.6776538271197625,1.0,0.0
5056,5055,45,1,166,194,4.479381443298969,0.7999999999999999,0.07585004359197908,0.8774991964477037,0.0,1.0
5057,5056,50,7,840,74,3.554054054054054,0.8909090909090909,0.023539668700959023,0.6430953904250671,0.0,1.0
5058,5057,56,17,841,47,4.340425531914893,0.9999999999999999,0.011769834350479513,0.8422989042307503,0.0,1.0
5059,5058,45,16,226,136,3.5588235294117645,0.7999999999999999,0.050566695727986055,0.6443035932617851,0.0,1.0
5060,5059,45,17,841,81,4.0,0.7999999999999999,0.026591107236268532,0.7560623556581987,0.0,1.0
5061,5060,18,19,50,211,3.6492890995260665,0.3090909090909091,0.0832606800348736,0.6672203189474952,1.0,0.0
5062,5061,50,16,654,24,4.208333333333333,0.8909090909090909,0.0017436791630340027,0.8088373267898383,0.0,1.0
5063,5062,1,10,228,113,3.849557522123894,0.0,0.04054054054054054,0.7179522880091562,1.0,0.0
5064,5063,18,4,432,99,4.070707070707071,0.3090909090909091,0.03443766346992154,0.7739738610119673,0.0,1.0
5065,5064,25,14,287,265,3.6830188679245284,0.43636363636363634,0.10680034873583262,0.6757647392043227,0.0,1.0
5066,5065,25,1,236,33,4.121212121212121,0.43636363636363634,0.0056669572798605065,0.7867677934075163,1.0,0.0
5067,5066,56,13,975,35,4.142857142857143,0.9999999999999999,0.006538796861377507,0.7922509072913231,0.0,1.0
5068,5067,35,7,190,55,4.054545454545455,0.6181818181818182,0.015257192676547515,0.7698798026453917,0.0,1.0
5069,5068,56,0,950,25,4.76,0.9999999999999999,0.002179598953792503,0.9485854503464204,1.0,0.0
5070,5069,25,2,553,488,3.5471311475409837,0.43636363636363634,0.20401046207497822,0.6413416807064704,0.0,1.0
5071,5070,25,7,750,81,4.1234567901234565,0.43636363636363634,0.026591107236268532,0.7873364126250961,1.0,0.0
5072,5071,45,17,973,59,4.271186440677966,0.7999999999999999,0.01700087183958152,0.8247592672329433,0.0,1.0
5073,5072,56,2,939,25,4.52,0.9999999999999999,0.002179598953792503,0.8877886836027713,0.0,1.0
5074,5073,1,0,201,761,3.433639947437582,0.0,0.32301656495204883,0.61259210562254,0.0,1.0
5075,5074,50,6,974,58,4.258620689655173,0.8909090909090909,0.01656495204882302,0.8215761129250618,0.0,1.0
5076,5075,25,3,191,109,3.4403669724770642,0.43636363636363634,0.03879686137750654,0.6142961946733904,0.0,1.0
5077,5076,25,2,200,424,3.5919811320754715,0.43636363636363634,0.17611159546643418,0.6527030725739684,0.0,1.0
5078,5077,45,7,190,60,3.966666666666667,0.7999999999999999,0.01743679163034002,0.7476183602771365,0.0,1.0
5079,5078,25,4,700,63,3.4285714285714284,0.43636363636363634,0.01874455100261552,0.6113081491257011,0.0,1.0
5080,5079,50,12,954,69,4.0,0.8909090909090909,0.021360069747166522,0.7560623556581987,1.0,0.0
5081,5080,18,4,191,101,3.801980198019802,0.3090909090909091,0.03530950305143854,0.7059000068598084,1.0,0.0
5082,5081,35,1,231,232,3.7672413793103448,0.6181818181818182,0.0924149956408021,0.6970999741180218,0.0,1.0
5083,5082,25,4,168,285,3.557894736842105,0.43636363636363634,0.11551874455100263,0.6440683116567401,0.0,1.0
5084,5083,18,4,100,266,2.8496240601503757,0.3090909090909091,0.10723626852659111,0.4646492819809338,0.0,1.0
5085,5084,56,17,752,221,4.411764705882353,0.9999999999999999,0.0876198779424586,0.8603705338948513,0.0,1.0
5086,5085,25,1,234,161,3.968944099378882,0.43636363636363634,0.06146469049694857,0.7481952792162152,0.0,1.0
5087,5086,25,6,191,296,3.5135135135135136,0.43636363636363634,0.12031386224934612,0.6328256663129643,1.0,0.0
5088,5087,25,17,381,31,4.193548387096774,0.43636363636363634,0.004795117698343506,0.8050920062579154,0.0,1.0
5089,5088,35,16,770,33,3.909090909090909,0.6181818181818182,0.0056669572798605065,0.7330332773462105,1.0,0.0
5090,5089,35,19,750,420,4.15,0.6181818181818182,0.17436791630340018,0.7940603348729793,1.0,0.0
5091,5090,25,17,198,304,3.75,0.43636363636363634,0.12380122057541412,0.692732390300231,0.0,1.0
5092,5091,56,14,189,71,4.056338028169014,0.9999999999999999,0.022231909328683522,0.7703338971473181,0.0,1.0
5093,5092,50,7,190,49,3.7551020408163267,0.8909090909090909,0.012641673931996514,0.6940248385728426,0.0,1.0
5094,5093,18,10,672,59,4.440677966101695,0.3090909090909091,0.01700087183958152,0.8676948369671587,0.0,1.0
5095,5094,35,1,235,43,4.488372093023256,0.6181818181818182,0.010026155187445512,0.8797767065900426,1.0,0.0
5096,5095,25,11,752,268,3.4440298507462686,0.43636363636363634,0.10810810810810811,0.615224074488987,0.0,1.0
5097,5096,56,16,191,133,3.992481203007519,0.9999999999999999,0.04925893635571055,0.754157695045929,0.0,1.0
5098,5097,50,7,193,197,3.1522842639593907,0.8909090909090909,0.07715780296425459,0.5413191228707752,0.0,1.0
5099,5098,18,0,27,203,3.8916256157635467,0.3090909090909091,0.07977332170880559,0.728608971660656,0.0,1.0
5100,5099,50,6,193,853,4.180539273153576,0.8909090909090909,0.36312118570183083,0.8017965393164732,0.0,1.0
5101,5100,25,0,900,49,2.489795918367347,0.43636363636363634,0.012641673931996514,0.3734976669651695,0.0,1.0
5102,5101,25,12,902,144,4.520833333333333,0.43636363636363634,0.05405405405405406,0.8879997834872979,0.0,1.0
5103,5102,35,16,782,305,4.340983606557377,0.6181818181818182,0.12423714036617264,0.842440275621853,1.0,0.0
5104,5103,35,20,191,54,4.2407407407407405,0.6181818181818182,0.014821272885789015,0.817046766743649,0.0,1.0
5105,5104,50,7,189,98,3.1122448979591835,0.8909090909090909,0.03400174367916303,0.5311763562237828,0.0,1.0
5106,5105,35,1,193,74,3.864864864864865,0.6181818181818182,0.023539668700959023,0.7218299419511891,1.0,0.0
5107,5106,45,0,80,606,3.2095709570957096,0.7999999999999999,0.25544899738448124,0.5558309800379577,1.0,0.0
5108,5107,25,9,939,371,3.38544474393531,0.43636363636363634,0.15300784655623367,0.6003833033496636,1.0,0.0
5109,5108,45,6,198,131,3.7404580152671754,0.7999999999999999,0.04838709677419355,0.6903152160499268,1.0,0.0
5110,5109,35,15,782,25,4.32,0.6181818181818182,0.002179598953792503,0.8371247113163973,0.0,1.0
5111,5110,35,2,780,800,3.63375,0.6181818181818182,0.3400174367916303,0.663283956408776,0.0,1.0
5112,5111,35,13,891,317,3.056782334384858,0.6181818181818182,0.12946817785527465,0.5171265873044784,0.0,1.0
5113,5112,25,0,554,546,2.542124542124542,0.43636363636363634,0.22929380993897125,0.38675354668426265,0.0,1.0
5114,5113,1,10,229,149,3.7651006711409396,0.0,0.056233653007846565,0.6965576902211821,1.0,0.0
5115,5114,56,12,21,40,4.375,0.9999999999999999,0.008718395815170008,0.8510573036951501,0.0,1.0
5116,5115,35,6,955,21,4.333333333333333,0.6181818181818182,0.00043591979075850197,0.8405023094688222,0.0,1.0
5117,5116,25,0,701,21,3.142857142857143,0.43636363636363634,0.00043591979075850197,0.5389310458594524,1.0,0.0
5118,5117,1,10,951,120,3.05,0.0,0.04359197907585005,0.5154084872979214,0.0,1.0
5119,5118,25,0,100,24,3.9166666666666665,0.43636363636363634,0.0017436791630340027,0.7349523672055428,1.0,0.0
5120,5119,50,7,803,193,3.756476683937824,0.8909090909090909,0.07541412380122059,0.6943730629778986,0.0,1.0
5121,5120,25,7,916,162,3.450617283950617,0.43636363636363634,0.061900610287707075,0.6168928021555042,0.0,1.0
5122,5121,25,0,200,23,4.478260869565218,0.43636363636363634,0.0013077593722755024,0.8772153328647456,0.0,1.0
5123,5122,50,12,347,102,3.284313725490196,0.8909090909090909,0.03574542284219703,0.5747648077706834,0.0,1.0
5124,5123,35,2,208,268,3.529850746268657,0.6181818181818182,0.10810810810810811,0.6369642118506774,0.0,1.0
5125,5124,45,0,100,34,4.235294117647059,0.7999999999999999,0.006102877070619007,0.815667028936286,0.0,1.0
5126,5125,25,11,24,142,3.964788732394366,0.43636363636363634,0.05318221447253706,0.7471426422274989,0.0,1.0
5127,5126,45,5,985,51,3.196078431372549,0.7999999999999999,0.013513513513513514,0.5524130552914007,0.0,1.0
5128,5127,50,7,947,95,3.863157894736842,0.8909090909090909,0.03269398430688754,0.72139753251489,0.0,1.0
5129,5128,45,17,405,110,3.790909090909091,0.7999999999999999,0.039232781168265035,0.7030954755406258,0.0,1.0
5130,5129,50,1,331,28,4.392857142857143,0.8909090909090909,0.0034873583260680054,0.8555808726492908,1.0,0.0
5131,5130,25,1,777,394,3.4035532994923856,0.43636363636363634,0.16303400174367919,0.6049705601341133,1.0,0.0
5132,5131,35,7,775,58,4.344827586206897,0.6181818181818182,0.01656495204882302,0.8434140320140162,0.0,1.0
5133,5132,18,11,100,65,3.076923076923077,0.3090909090909091,0.01961639058413252,0.522228637413395,0.0,1.0
5134,5133,25,17,950,95,3.7157894736842105,0.43636363636363634,0.03269398430688754,0.6840661845144038,0.0,1.0
5135,5134,35,7,640,77,3.8701298701298703,0.6181818181818182,0.024847428073234524,0.7231636723553584,0.0,1.0
5136,5135,25,12,911,214,3.7476635514018692,0.43636363636363634,0.08456843940714909,0.6921405214651098,0.0,1.0
5137,5136,18,18,652,116,4.129310344827586,0.3090909090909091,0.04184829991281605,0.7888192342916303,0.0,1.0
5138,5137,25,17,352,162,3.253086419753086,0.43636363636363634,0.061900610287707075,0.5668543110084681,0.0,1.0
5139,5138,50,16,128,126,3.5317460317460316,0.8909090909090909,0.04620749782040105,0.6374443253051798,0.0,1.0
5140,5139,25,6,352,373,3.3994638069705094,0.43636363636363634,0.15387968613775066,0.603934610455145,0.0,1.0
5141,5140,18,17,554,43,3.9767441860465116,0.3090909090909091,0.010026155187445512,0.7501711960900157,0.0,1.0
5142,5141,25,1,921,327,3.5749235474006116,0.43636363636363634,0.13382737576285963,0.6483820475877704,0.0,1.0
5143,5142,18,4,445,119,4.016806722689076,0.3090909090909091,0.043156059285091544,0.7603198323209193,0.0,1.0
5144,5143,50,0,667,32,3.8125,0.8909090909090909,0.005231037489102006,0.708564881639723,1.0,0.0
5145,5144,35,7,775,20,3.25,0.6181818181818182,0.0,0.5660724595842956,0.0,1.0
5146,5145,56,1,42,30,3.3666666666666667,0.9999999999999999,0.004359197907585006,0.595626443418014,0.0,1.0
5147,5146,18,0,483,37,3.5945945945945947,0.3090909090909091,0.0074106364428945075,0.65336511453717,0.0,1.0
5148,5147,25,20,981,103,3.8737864077669903,0.43636363636363634,0.03618134263295554,0.7240899459629141,0.0,1.0
5149,5148,35,1,100,30,4.033333333333333,0.6181818181818182,0.004359197907585006,0.7645063510392609,0.0,1.0
5150,5149,25,3,980,36,3.6944444444444446,0.43636363636363634,0.006974716652136007,0.6786590646651272,0.0,1.0
5151,5150,18,19,306,159,2.779874213836478,0.3090909090909091,0.06059285091543157,0.44698026057780293,0.0,1.0
5152,5151,25,4,444,27,3.074074074074074,0.43636363636363634,0.0030514385353095034,0.5215069284064665,1.0,0.0
5153,5152,25,7,600,460,3.243478260869565,0.43636363636363634,0.19180470793374021,0.5644203735314791,0.0,1.0
5154,5153,25,16,200,33,4.212121212121212,0.43636363636363634,0.0056669572798605065,0.8097968717195045,0.0,1.0
5155,5154,25,16,333,26,2.8846153846153846,0.43636363636363634,0.002615518744551003,0.4735132794457275,0.0,1.0
5156,5155,18,14,100,320,4.21875,0.3090909090909091,0.13077593722755013,0.8114760753464203,0.0,1.0
5157,5156,35,1,740,90,4.188888888888889,0.6181818181818182,0.030514385353095034,0.803911662817552,0.0,1.0
5158,5157,18,4,445,204,3.8970588235294117,0.3090909090909091,0.08020924149956409,0.7299853110990355,1.0,0.0
5159,5158,35,7,370,20,2.95,0.6181818181818182,0.0,0.49007650115473456,0.0,1.0
5160,5159,18,4,900,29,4.068965517241379,0.3090909090909091,0.003923278116826506,0.773532690929362,1.0,0.0
5161,5160,25,4,300,315,3.104761904761905,0.43636363636363634,0.12859633827375763,0.5292807654239525,0.0,1.0
5162,5161,25,17,940,36,3.5277777777777777,0.43636363636363634,0.006974716652136007,0.6364390877598153,0.0,1.0
5163,5162,45,6,532,501,3.776447105788423,0.7999999999999999,0.20967741935483872,0.6994319674738284,0.0,1.0
5164,5163,35,17,911,75,4.253333333333333,0.6181818181818182,0.023975588491717523,0.8202367205542724,1.0,0.0
5165,5164,35,6,911,99,4.5353535353535355,0.6181818181818182,0.03443766346992154,0.8916780390510184,0.0,1.0
5166,5165,50,6,424,116,4.25,0.8909090909090909,0.04184829991281605,0.8193923210161664,0.0,1.0
5167,5166,18,15,61,150,4.086666666666667,0.3090909090909091,0.05666957279860506,0.7780167436489609,0.0,1.0
5168,5167,35,7,17,20,4.45,0.6181818181818182,0.0,0.8700562933025406,0.0,1.0
5169,5168,50,4,535,119,3.6554621848739495,0.8909090909090909,0.043156059285091544,0.6687840840724281,1.0,0.0
5170,5169,18,4,631,74,4.1891891891891895,0.3090909090909091,0.023539668700959023,0.8039877348480122,0.0,1.0
5171,5170,56,17,920,28,3.892857142857143,0.9999999999999999,0.0034873583260680054,0.7289209419333553,0.0,1.0
5172,5171,35,11,56,456,3.486842105263158,0.6181818181818182,0.19006102877070621,0.6260692688707914,1.0,0.0
5173,5172,1,10,604,138,3.4782608695652173,0.0,0.051438535309503056,0.6238954714328748,0.0,1.0
5174,5173,45,1,452,21,4.0,0.7999999999999999,0.00043591979075850197,0.7560623556581987,0.0,1.0
5175,5174,35,9,334,33,3.9393939393939394,0.6181818181818182,0.0056669572798605065,0.7407096367835398,1.0,0.0
5176,5175,1,10,604,46,3.608695652173913,0.0,0.011333914559721013,0.6569371924892058,0.0,1.0
5177,5176,45,14,300,100,3.47,0.7999999999999999,0.03487358326068003,0.6218028290993073,0.0,1.0
5178,5177,50,0,454,272,3.6470588235294117,0.8909090909090909,0.10985178727114212,0.6666553457410679,0.0,1.0
5179,5178,25,12,941,39,3.5641025641025643,0.43636363636363634,0.008282476024411508,0.6456408775981526,0.0,1.0
5180,5179,35,11,850,117,4.239316239316239,0.6181818181818182,0.042284219703574544,0.8166859122401848,0.0,1.0
5181,5180,25,7,190,52,3.9615384615384617,0.43636363636363634,0.013949433304272014,0.7463192840646653,0.0,1.0
5182,5181,35,7,554,304,3.8026315789473686,0.6181818181818182,0.12380122057541412,0.706065014586119,1.0,0.0
5183,5182,18,20,452,101,3.6435643564356437,0.3090909090909091,0.03530950305143854,0.6657701278210962,1.0,0.0
5184,5183,18,20,672,301,3.910299003322259,0.3090909090909091,0.12249346120313864,0.7333393116094926,0.0,1.0
5185,5184,35,4,444,281,3.2918149466192173,0.6181818181818182,0.11377506538796862,0.5766650160676569,1.0,0.0
5186,5185,35,12,965,73,3.712328767123288,0.6181818181818182,0.023103748910200523,0.6831895188079345,0.0,1.0
5187,5186,18,16,65,118,3.542372881355932,0.3090909090909091,0.04272013949433305,0.6401363173758171,0.0,1.0
5188,5187,35,9,444,89,3.865168539325843,0.6181818181818182,0.030078465562336534,0.7219068687235645,1.0,0.0
5189,5188,45,7,803,42,3.619047619047619,0.7999999999999999,0.009590235396687012,0.6595595513032003,1.0,0.0
5190,5189,35,0,850,43,3.9302325581395348,0.6181818181818182,0.010026155187445512,0.7383888769536495,1.0,0.0
5191,5190,25,4,554,36,3.6666666666666665,0.43636363636363634,0.006974716652136007,0.671622401847575,1.0,0.0
5192,5191,25,7,803,22,3.6818181818181817,0.43636363636363634,0.0008718395815170022,0.6754605815662398,0.0,1.0
5193,5192,35,12,146,204,3.6911764705882355,0.6181818181818182,0.08020924149956409,0.6778312219807092,0.0,1.0
5194,5193,25,7,554,69,3.420289855072464,0.43636363636363634,0.021360069747166522,0.6092102620745056,0.0,1.0
5195,5194,35,7,803,67,4.2388059701492535,0.6181818181818182,0.02048823016564952,0.8165566509255111,0.0,1.0
5196,5195,56,7,208,80,3.15,0.9999999999999999,0.026155187445510025,0.5407404734411085,0.0,1.0
5197,5196,56,3,750,124,3.5403225806451615,0.9999999999999999,0.04533565823888405,0.6396169354838711,1.0,0.0
5198,5197,18,4,551,283,2.964664310954064,0.3090909090909091,0.11464690496948562,0.4937912623736118,1.0,0.0
5199,5198,25,1,352,35,3.4571428571428573,0.43636363636363634,0.006538796861377507,0.6185458594523261,1.0,0.0
5200,5199,35,15,430,62,3.9838709677419355,0.6181818181818182,0.01830863121185702,0.7519765514415555,1.0,0.0
5201,5200,50,7,953,109,3.4220183486238533,0.8909090909090909,0.03879686137750654,0.6096481238214294,0.0,1.0
5202,5201,18,4,28,32,3.375,0.3090909090909091,0.005231037489102006,0.5977374422632795,0.0,1.0
5203,5202,45,6,15,36,3.9722222222222223,0.7999999999999999,0.006974716652136007,0.7490256928406467,1.0,0.0
5204,5203,50,13,563,47,4.0638297872340425,0.8909090909090909,0.011769834350479513,0.7722317085155521,0.0,1.0
5205,5204,25,1,29,356,3.351123595505618,0.43636363636363634,0.14646904969485616,0.5916890747852713,0.0,1.0
5206,5205,35,7,913,29,4.0,0.6181818181818182,0.003923278116826506,0.7560623556581987,0.0,1.0
5207,5206,25,0,981,22,3.8636363636363638,0.43636363636363634,0.0008718395815170022,0.7215187381902164,0.0,1.0
5208,5207,25,4,554,120,4.058333333333334,0.43636363636363634,0.04359197907585005,0.7708393475750579,0.0,1.0
5209,5208,50,1,460,134,3.9477611940298507,0.8909090909090909,0.049694856146469055,0.7428292285684741,0.0,1.0
5210,5209,35,17,606,65,3.8,0.6181818181818182,0.01961639058413252,0.7053983833718245,1.0,0.0
5211,5210,25,1,402,103,3.7184466019417477,0.43636363636363634,0.03618134263295554,0.6847392878764099,0.0,1.0
5212,5211,18,2,900,40,4.55,0.3090909090909091,0.008718395815170008,0.8953882794457275,0.0,1.0
5213,5212,18,0,312,35,3.342857142857143,0.3090909090909091,0.006538796861377507,0.5895950181458266,0.0,1.0
5214,5213,35,9,74,31,2.4193548387096775,0.6181818181818182,0.004795117698343506,0.3556535424271773,1.0,0.0
5215,5214,56,6,919,20,4.4,0.9999999999999999,0.0,0.8573903002309471,1.0,0.0
5216,5215,18,2,812,20,3.3,0.3090909090909091,0.0,0.5787384526558892,0.0,1.0
5217,5216,25,17,10,132,3.3484848484848486,0.43636363636363634,0.048823016564952054,0.5910206277556163,0.0,1.0
5218,5217,18,0,891,44,4.159090909090909,0.3090909090909091,0.010462074978204013,0.796363242704178,0.0,1.0
5219,5218,18,4,947,124,3.943548387096774,0.3090909090909091,0.04533565823888405,0.7417620408999479,0.0,1.0
5220,5219,25,7,914,720,3.352777777777778,0.43636363636363634,0.3051438535309503,0.592108112009238,0.0,1.0
5221,5220,56,1,967,30,4.166666666666667,0.9999999999999999,0.004359197907585006,0.7982823325635104,1.0,0.0
5222,5221,25,12,945,307,3.1530944625407167,0.43636363636363634,0.12510897994768963,0.541524362263129,0.0,1.0
5223,5222,56,10,113,204,3.3284313725490198,0.9999999999999999,0.08020924149956409,0.5859406840103247,0.0,1.0
5224,5223,35,1,100,33,2.9393939393939394,0.6181818181818182,0.0056669572798605065,0.48738977535166916,0.0,1.0
5225,5224,18,4,551,212,3.608490566037736,0.3090909090909091,0.08369659982563209,0.6568852400976078,0.0,1.0
5226,5225,35,0,981,83,3.819277108433735,0.6181818181818182,0.027462946817785532,0.7102816578090654,0.0,1.0
5227,5226,18,10,640,157,3.159235668789809,0.3090909090909091,0.05972101133391457,0.5430800517791737,0.0,1.0
5228,5227,1,0,750,24,3.7916666666666665,0.0,0.0017436791630340027,0.7032873845265589,0.0,1.0
5229,5228,25,0,601,69,4.130434782608695,0.43636363636363634,0.021360069747166522,0.7891040767145296,0.0,1.0
5230,5229,25,12,911,130,3.723076923076923,0.43636363636363634,0.047951176983435054,0.6859122401847576,0.0,1.0
5231,5230,35,7,925,28,3.9285714285714284,0.6181818181818182,0.0034873583260680054,0.7379680798416365,0.0,1.0
5232,5231,25,4,146,131,3.366412213740458,0.43636363636363634,0.04838709677419355,0.5955619854380059,0.0,1.0
5233,5232,25,5,972,112,3.8839285714285716,0.43636363636363634,0.04010462074978205,0.7266591574562852,0.0,1.0
5234,5233,25,0,606,212,3.8160377358490565,0.43636363636363634,0.08369659982563209,0.7094610603947885,1.0,0.0
5235,5234,25,4,146,35,4.085714285714285,0.43636363636363634,0.006538796861377507,0.7777754866380733,0.0,1.0
5236,5235,25,14,462,128,3.59375,0.43636363636363634,0.04707933740191805,0.6531511619515012,0.0,1.0
5237,5236,25,7,554,55,3.381818181818182,0.43636363636363634,0.015257192676547515,0.5994646231366786,0.0,1.0
5238,5237,50,16,74,22,3.4545454545454546,0.8909090909090909,0.0008718395815170022,0.6178878857862692,1.0,0.0
5239,5238,35,7,70,285,3.7964912280701753,0.6181818181818182,0.11551874455100263,0.7045095417527653,0.0,1.0
5240,5239,25,0,941,35,4.142857142857143,0.43636363636363634,0.006538796861377507,0.7922509072913231,1.0,0.0
5241,5240,25,4,21,94,3.4680851063829787,0.43636363636363634,0.03225806451612903,0.6213177485135866,1.0,0.0
5242,5241,25,1,146,113,3.088495575221239,0.43636363636363634,0.04054054054054054,0.525160181078706,0.0,1.0
5243,5242,1,10,542,26,3.3461538461538463,0.0,0.002615518744551003,0.5904301385681294,0.0,1.0
5244,5243,18,4,10,35,3.7714285714285714,0.3090909090909091,0.006538796861377507,0.6981606730451997,0.0,1.0
5245,5244,45,1,276,30,3.9,0.7999999999999999,0.004359197907585006,0.7307303695150116,1.0,0.0
5246,5245,18,0,640,130,3.7615384615384615,0.3090909090909091,0.047951176983435054,0.6956553117782911,1.0,0.0
5247,5246,1,10,19,31,2.967741935483871,0.0,0.004795117698343506,0.49457088579304187,1.0,0.0
5248,5247,45,14,222,101,3.5346534653465347,0.7999999999999999,0.03530950305143854,0.6381808359819816,1.0,0.0
5249,5248,45,14,750,338,3.2633136094674557,0.7999999999999999,0.13862249346120314,0.5694450612897496,1.0,0.0
5250,5249,50,6,15,289,3.5328719723183393,0.8909090909090909,0.11726242371403664,0.6377295484149373,0.0,1.0
5251,5250,25,17,973,168,3.5773809523809526,0.43636363636363634,0.06451612903225808,0.6490045570768724,1.0,0.0
5252,5251,25,20,606,65,4.246153846153846,0.43636363636363634,0.01961639058413252,0.8184180138568129,0.0,1.0
5253,5252,56,13,28,148,3.810810810810811,0.9999999999999999,0.05579773321708806,0.7081369764683854,1.0,0.0
5254,5253,18,4,326,81,3.5925925925925926,0.3090909090909091,0.026591107236268532,0.6528579676674365,0.0,1.0
5255,5254,1,10,553,149,4.617449664429531,0.0,0.056233653007846565,0.9124746190926425,0.0,1.0
5256,5255,25,16,302,825,3.2981818181818183,0.43636363636363634,0.35091543156059285,0.5782778710896495,0.0,1.0
5257,5256,25,2,100,97,4.144329896907217,0.43636363636363634,0.03356582388840454,0.7926239851432111,1.0,0.0
5258,5257,35,4,583,20,4.05,0.6181818181818182,0.0,0.7687283487297922,0.0,1.0
5259,5258,25,6,944,34,4.0588235294117645,0.43636363636363634,0.006102877070619007,0.7709635239777204,0.0,1.0
5260,5259,35,7,787,209,3.5167464114832536,0.6181818181818182,0.0823888404533566,0.6336446235786822,0.0,1.0
5261,5260,35,12,100,103,3.3300970873786406,0.6181818181818182,0.03618134263295554,0.5863626426601494,0.0,1.0
5262,5261,25,14,462,64,2.9375,0.43636363636363634,0.01918047079337402,0.48691000288683606,1.0,0.0
5263,5262,35,7,406,126,3.634920634920635,0.6181818181818182,0.04620749782040105,0.6635805014846586,0.0,1.0
5264,5263,18,4,152,159,3.7169811320754715,0.3090909090909091,0.06059285091543157,0.6843680552529522,0.0,1.0
5265,5264,45,1,974,283,3.8692579505300353,0.7999999999999999,0.11464690496948562,0.7229427978031484,0.0,1.0
5266,5265,35,1,427,29,4.068965517241379,0.6181818181818182,0.003923278116826506,0.773532690929362,0.0,1.0
5267,5266,35,7,201,95,3.642105263157895,0.6181818181818182,0.03269398430688754,0.6654005105141608,0.0,1.0
5268,5267,25,2,685,484,3.074380165289256,0.43636363636363634,0.20226678291194422,0.521584467390682,1.0,0.0
5269,5268,18,0,372,324,3.2901234567901234,0.3090909090909091,0.13251961639058416,0.5762365280985374,0.0,1.0
5270,5269,25,12,875,102,3.8333333333333335,0.43636363636363634,0.03574542284219703,0.7138423787528869,0.0,1.0
5271,5270,25,0,941,427,3.6370023419203745,0.43636363636363634,0.1774193548387097,0.6641078392133744,1.0,0.0
5272,5271,25,7,902,106,2.9716981132075473,0.43636363636363634,0.037489102005231034,0.4955730641858034,0.0,1.0
5273,5272,56,20,910,304,3.9835526315789473,0.9999999999999999,0.12380122057541412,0.7518959105688587,0.0,1.0
5274,5273,25,0,606,25,3.44,0.43636363636363634,0.002179598953792503,0.6142032332563511,0.0,1.0
5275,5274,25,17,606,95,4.126315789473685,0.43636363636363634,0.03269398430688754,0.7880606539443298,0.0,1.0
5276,5275,25,4,917,77,3.5324675324675323,0.43636363636363634,0.024847428073234524,0.6376270957679734,1.0,0.0
5277,5276,25,20,917,308,3.366883116883117,0.43636363636363634,0.12554489973844812,0.595681274556852,0.0,1.0
5278,5277,25,7,551,181,3.5580110497237567,0.43636363636363634,0.07018308631211857,0.6440977760198028,1.0,0.0
5279,5278,25,14,554,51,3.7450980392156863,0.43636363636363634,0.013513513513513514,0.6914906262736042,1.0,0.0
5280,5279,18,4,126,26,3.6153846153846154,0.3090909090909091,0.002615518744551003,0.6586316397228638,0.0,1.0
5281,5280,25,2,902,260,3.85,0.43636363636363634,0.10462074978204011,0.7180643764434181,0.0,1.0
5282,5281,18,4,631,300,3.1633333333333336,0.3090909090909091,0.12205754141238012,0.5441180715935336,1.0,0.0
5283,5282,18,2,631,291,3.508591065292096,0.3090909090909091,0.11813426329555363,0.6315787124116093,0.0,1.0
5284,5283,25,16,554,73,3.767123287671233,0.43636363636363634,0.023103748910200523,0.6970700591603658,0.0,1.0
5285,5284,18,4,554,45,3.8222222222222224,0.3090909090909091,0.010897994768962513,0.7110277136258661,0.0,1.0
5286,5285,45,16,970,182,3.9285714285714284,0.7999999999999999,0.07061900610287708,0.7379680798416365,0.0,1.0
5287,5286,25,8,852,212,3.6367924528301887,0.43636363636363634,0.08369659982563209,0.6640546701381325,0.0,1.0
5288,5287,56,13,941,43,3.7209302325581395,0.9999999999999999,0.010026155187445512,0.6853684408400021,0.0,1.0
5289,5288,45,2,941,470,3.9148936170212765,0.7999999999999999,0.1961639058413252,0.7345032185150607,0.0,1.0
5290,5289,18,4,606,37,4.108108108108108,0.3090909090909091,0.0074106364428945075,0.7834482866238062,1.0,0.0
5291,5290,45,1,444,66,4.348484848484849,0.7999999999999999,0.02005231037489102,0.844340489187487,0.0,1.0
5292,5291,25,0,974,31,3.5161290322580645,0.43636363636363634,0.004795117698343506,0.6334882291589065,0.0,1.0
5293,5292,25,12,950,75,3.84,0.43636363636363634,0.023975588491717523,0.7155311778290994,0.0,1.0
5294,5293,25,2,606,156,3.967948717948718,0.43636363636363634,0.05928509154315606,0.7479431293302541,0.0,1.0
5295,5294,35,7,551,22,3.6363636363636362,0.6181818181818182,0.0008718395815170022,0.6639460424102457,0.0,1.0
5296,5295,1,0,272,70,4.171428571428572,0.0,0.021795989537925022,0.7994886176179481,1.0,0.0
5297,5296,25,12,190,30,4.1,0.43636363636363634,0.004359197907585006,0.7813943418013856,0.0,1.0
5298,5297,35,17,551,59,3.1186440677966103,0.6181818181818182,0.01700087183958152,0.5327973930402787,0.0,1.0
5299,5298,25,2,432,56,2.8035714285714284,0.43636363636363634,0.01569311246730602,0.4529832357307819,0.0,1.0
5300,5299,25,20,941,282,4.209219858156028,0.43636363636363634,0.11421098517872712,0.8090619011350793,0.0,1.0
5301,5300,25,17,6,139,3.381294964028777,0.43636363636363634,0.05187445510026155,0.5993320816787678,0.0,1.0
5302,5301,1,10,23,238,3.4705882352941178,0.0,0.09503051438535311,0.6219518407825024,1.0,0.0
5303,5302,56,6,455,45,3.9555555555555557,0.9999999999999999,0.010897994768962513,0.7448036951501156,1.0,0.0
5304,5303,35,9,554,35,3.4571428571428573,0.6181818181818182,0.006538796861377507,0.6185458594523261,1.0,0.0
5305,5304,18,4,956,270,3.8740740740740742,0.3090909090909091,0.10897994768962511,0.7241628175519631,1.0,0.0
5306,5305,25,17,921,630,3.334920634920635,0.43636363636363634,0.26591107236268524,0.5875845430550974,1.0,0.0
5307,5306,25,5,852,57,3.6666666666666665,0.43636363636363634,0.01612903225806452,0.671622401847575,0.0,1.0
5308,5307,56,7,274,40,3.55,0.9999999999999999,0.008718395815170008,0.6420684180138568,0.0,1.0
5309,5308,25,0,24,20,3.9,0.43636363636363634,0.0,0.7307303695150116,0.0,1.0
5310,5309,56,1,606,97,3.9896907216494846,0.9999999999999999,0.03356582388840454,0.7534508106949835,1.0,0.0
5311,5310,50,0,620,46,3.347826086956522,0.8909090909090909,0.011333914559721013,0.590853750376544,0.0,1.0
5312,5311,25,1,104,720,3.8652777777777776,0.43636363636363634,0.3051438535309503,0.7219345409930716,0.0,1.0
5313,5312,56,0,554,88,4.125,0.9999999999999999,0.029642545771578033,0.7877273383371826,0.0,1.0
5314,5313,25,0,941,20,3.6,0.43636363636363634,0.0,0.6547344110854504,1.0,0.0
5315,5314,25,12,229,35,4.0285714285714285,0.43636363636363634,0.006538796861377507,0.7633000659848235,0.0,1.0
5316,5315,18,4,551,39,3.8974358974358974,0.3090909090909091,0.008282476024411508,0.730080831408776,0.0,1.0
5317,5316,25,0,21,543,4.047882136279926,0.43636363636363634,0.22798605056669574,0.7681918517856916,1.0,0.0
5318,5317,18,17,981,99,3.6262626262626263,0.3090909090909091,0.03443766346992154,0.6613872559311359,0.0,1.0
5319,5318,18,17,949,388,3.814432989690722,0.3090909090909091,0.16041848299912817,0.7090545463203258,0.0,1.0
5320,5319,18,5,432,23,2.652173913043478,0.3090909090909091,0.0013077593722755024,0.414631238076112,1.0,0.0
5321,5320,25,4,24,288,3.09375,0.43636363636363634,0.11682650392327812,0.5264912312355658,0.0,1.0
5322,5321,35,17,973,102,3.892156862745098,0.6181818181818182,0.03574542284219703,0.7287435470724087,0.0,1.0
5323,5322,25,20,941,246,3.6991869918699187,0.43636363636363634,0.09851787271142111,0.6798604461217823,0.0,1.0
5324,5323,25,7,21,173,3.9364161849710984,0.43636363636363634,0.06669572798605057,0.7399553124457676,0.0,1.0
5325,5324,50,7,860,48,3.375,0.8909090909090909,0.012205754141238014,0.5977374422632795,1.0,0.0
5326,5325,25,2,554,128,2.40625,0.43636363636363634,0.04707933740191805,0.35233382650115475,0.0,1.0
5327,5326,25,7,554,163,3.8282208588957056,0.43636363636363634,0.06233653007846557,0.7125472874367731,0.0,1.0
5328,5327,25,4,917,53,3.641509433962264,0.43636363636363634,0.014385353095030515,0.6652495751448865,1.0,0.0
5329,5328,25,5,917,544,4.130514705882353,0.43636363636363634,0.22842197035745423,0.7891243228671379,1.0,0.0
5330,5329,25,0,191,62,3.338709677419355,0.43636363636363634,0.01830863121185702,0.5885443827758327,1.0,0.0
5331,5330,35,14,68,80,3.3375,0.6181818181818182,0.026155187445510025,0.5882379474595844,0.0,1.0
5332,5331,18,4,303,73,4.397260273972603,0.3090909090909091,0.023103748910200523,0.8566962732133254,0.0,1.0
5333,5332,25,7,23,839,3.5530393325387366,0.43636363636363634,0.35701830863121187,0.642838341311415,1.0,0.0
5334,5333,56,13,461,55,1.9272727272727272,0.9999999999999999,0.015257192676547515,0.2309993701448667,1.0,0.0
5335,5334,25,14,750,158,3.9683544303797467,0.43636363636363634,0.06015693112467306,0.7480459043470635,0.0,1.0
5336,5335,56,7,750,47,4.382978723404255,0.9999999999999999,0.011769834350479513,0.8530784728023193,0.0,1.0
5337,5336,35,3,27,177,4.214689265536723,0.6181818181818182,0.06843940714908457,0.8104474106548716,1.0,0.0
5338,5337,25,17,276,104,3.798076923076923,0.43636363636363634,0.036617262423714034,0.7049112297921478,0.0,1.0
5339,5338,18,17,601,108,3.7777777777777777,0.3090909090909091,0.038360941586748035,0.6997690531177829,0.0,1.0
5340,5339,50,3,950,214,3.616822429906542,0.8909090909090909,0.08456843940714909,0.658995866698323,1.0,0.0
5341,5340,25,3,850,126,3.6587301587301586,0.43636363636363634,0.04620749782040105,0.669611926756846,1.0,0.0
5342,5341,35,7,220,112,3.767857142857143,0.6181818181818182,0.04010462074978205,0.6972559592543716,1.0,0.0
5343,5342,25,9,602,36,4.638888888888889,0.43636363636363634,0.006974716652136007,0.917905600461894,1.0,0.0
5344,5343,50,1,981,197,3.6142131979695433,0.8909090909090909,0.07715780296425459,0.6583348964255988,1.0,0.0
5345,5344,25,17,800,333,3.6426426426426426,0.43636363636363634,0.13644289450741065,0.6655366394107735,1.0,0.0
5346,5345,25,3,973,54,3.925925925925926,0.43636363636363634,0.014821272885789015,0.7372979214780602,1.0,0.0
5347,5346,25,6,537,263,3.129277566539924,0.43636363636363634,0.10592850915431562,0.535491069468471,0.0,1.0
5348,5347,18,5,554,50,3.44,0.3090909090909091,0.013077593722755014,0.6142032332563511,0.0,1.0
5349,5348,50,2,974,241,4.058091286307054,0.8909090909090909,0.0963382737576286,0.7707780322559006,1.0,0.0
5350,5349,18,5,553,219,2.9269406392694064,0.3090909090909091,0.0867480383609416,0.4842351070897529,0.0,1.0
5351,5350,45,1,852,26,3.8846153846153846,0.7999999999999999,0.002615518744551003,0.7268331408775982,1.0,0.0
5352,5351,35,5,553,206,3.7135922330097086,0.6181818181818182,0.08108108108108109,0.6835095798112065,1.0,0.0
5353,5352,25,6,770,118,3.7966101694915255,0.43636363636363634,0.04272013949433305,0.7045396719771403,0.0,1.0
5354,5353,45,3,787,46,3.6739130434782608,0.7999999999999999,0.011333914559721013,0.6734580530173713,1.0,0.0
5355,5354,56,0,782,181,3.6187845303867405,0.9999999999999999,0.07018308631211857,0.6594929057200822,0.0,1.0
5356,5355,45,0,787,41,3.4878048780487805,0.7999999999999999,0.009154315605928512,0.6263131583394357,0.0,1.0
5357,5356,18,20,601,48,3.875,0.3090909090909091,0.012205754141238014,0.7243973729792148,1.0,0.0
5358,5357,35,7,106,25,4.04,0.6181818181818182,0.002179598953792503,0.7661951501154736,0.0,1.0
5359,5358,18,16,277,510,3.7019607843137257,0.3090909090909091,0.2136006974716652,0.6805631028392882,0.0,1.0
5360,5359,18,12,436,38,3.4473684210526314,0.3090909090909091,0.007846556233653008,0.6160698006563754,0.0,1.0
5361,5360,50,16,920,187,3.620320855614973,0.8909090909090909,0.07279860505666957,0.6598820874140124,1.0,0.0
5362,5361,35,13,631,92,3.0869565217391304,0.6181818181818182,0.03138622493461203,0.5247703082638819,0.0,1.0
5363,5362,56,13,306,61,4.344262295081967,0.9999999999999999,0.01787271142109852,0.8432708325445804,0.0,1.0
5364,5363,25,3,554,354,3.861581920903955,0.43636363636363634,0.14559721011333915,0.7209983070419228,1.0,0.0
5365,5364,18,12,902,300,3.79,0.3090909090909091,0.12205754141238012,0.7028651847575058,0.0,1.0
5366,5365,18,12,900,125,3.544,0.3090909090909091,0.045771578029642546,0.6405484988452657,0.0,1.0
5367,5366,18,4,553,1169,2.6852010265183917,0.3090909090909091,0.500871839581517,0.4229976618850718,0.0,1.0
5368,5367,25,17,201,98,3.2142857142857144,0.43636363636363634,0.03400174367916303,0.5570253216760146,1.0,0.0
5369,5368,25,15,21,245,3.7224489795918365,0.43636363636363634,0.0980819529206626,0.6857531696281284,0.0,1.0
5370,5369,25,12,980,27,2.6296296296296298,0.43636363636363634,0.0030514385353095034,0.4089203233256352,0.0,1.0
5371,5370,25,11,554,324,4.101851851851852,0.43636363636363634,0.13251961639058416,0.7818634526558892,0.0,1.0
5372,5371,25,4,105,36,4.0,0.43636363636363634,0.006974716652136007,0.7560623556581987,0.0,1.0
5373,5372,18,12,551,32,3.96875,0.3090909090909091,0.005231037489102006,0.7481461099884528,0.0,1.0
5374,5373,35,7,380,48,3.6875,0.6181818181818182,0.012205754141238014,0.6768998989607391,0.0,1.0
5375,5374,25,0,21,29,4.482758620689655,0.43636363636363634,0.003923278116826506,0.878354702556343,0.0,1.0
5376,5375,25,17,945,256,3.74609375,0.43636363636363634,0.10287707061900611,0.6917428595915127,0.0,1.0
5377,5376,18,3,100,43,3.697674418604651,0.3090909090909091,0.010026155187445512,0.6794772812718192,1.0,0.0
5378,5377,35,18,104,181,3.6685082872928176,0.6181818181818182,0.07018308631211857,0.6720889209294018,0.0,1.0
5379,5378,25,7,840,37,3.810810810810811,0.43636363636363634,0.0074106364428945075,0.7081369764683854,0.0,1.0
5380,5379,18,4,11,20,3.05,0.3090909090909091,0.0,0.5154084872979214,0.0,1.0
5381,5380,25,14,100,24,4.0,0.43636363636363634,0.0017436791630340027,0.7560623556581987,0.0,1.0
5382,5381,18,4,74,67,3.925373134328358,0.3090909090909091,0.02048823016564952,0.7371578883871636,0.0,1.0
5383,5382,35,1,554,28,4.0,0.6181818181818182,0.0034873583260680054,0.7560623556581987,0.0,1.0
5384,5383,25,3,941,46,4.413043478260869,0.43636363636363634,0.011333914559721013,0.8606944723365799,1.0,0.0
5385,5384,25,12,852,46,4.0,0.43636363636363634,0.011333914559721013,0.7560623556581987,0.0,1.0
5386,5385,25,14,600,161,3.813664596273292,0.43636363636363634,0.06146469049694857,0.7088598970062973,0.0,1.0
5387,5386,25,1,450,731,3.5471956224350207,0.43636363636363634,0.3099389712292938,0.6413580134776937,1.0,0.0
5388,5387,18,4,105,24,3.9583333333333335,0.3090909090909091,0.0017436791630340027,0.7455073614318708,1.0,0.0
5389,5388,45,7,19,154,3.357142857142857,0.7999999999999999,0.05841325196163906,0.593213873309139,0.0,1.0
5390,5389,1,0,781,219,3.863013698630137,0.0,0.0867480383609416,0.7213610047771205,0.0,1.0
5391,5390,25,7,100,23,3.4347826086956523,0.43636363636363634,0.0013077593722755024,0.6128815644140979,0.0,1.0
5392,5391,50,1,981,22,4.136363636363637,0.8909090909090909,0.0008718395815170022,0.7906059731261812,0.0,1.0
5393,5392,35,7,104,210,3.1857142857142855,0.6181818181818182,0.08282476024411509,0.5497876113493897,0.0,1.0
5394,5393,18,0,606,849,3.3616018845700824,0.3090909090909091,0.36137750653879686,0.5943434335191246,0.0,1.0
5395,5394,50,1,132,121,3.6942148760330578,0.8909090909090909,0.044027898866608545,0.6786009104269655,0.0,1.0
5396,5395,25,6,891,81,4.1234567901234565,0.43636363636363634,0.026591107236268532,0.7873364126250961,0.0,1.0
5397,5396,18,0,604,388,3.2989690721649483,0.3090909090909091,0.16041848299912817,0.5784772981595676,0.0,1.0
5398,5397,56,17,713,28,4.035714285714286,0.9999999999999999,0.0034873583260680054,0.7651094935664797,0.0,1.0
5399,5398,25,1,125,60,4.016666666666667,0.43636363636363634,0.01743679163034002,0.7602843533487298,0.0,1.0
5400,5399,18,4,300,24,3.6666666666666665,0.3090909090909091,0.0017436791630340027,0.671622401847575,1.0,0.0
5401,5400,18,1,200,146,4.089041095890411,0.3090909090909091,0.05492589363557106,0.7786182337308996,1.0,0.0
5402,5401,25,0,301,92,3.5760869565217392,0.43636363636363634,0.03138622493461203,0.648676762225123,1.0,0.0
5403,5402,1,10,598,162,3.5,0.0,0.061900610287707075,0.6294024249422634,0.0,1.0
5404,5403,25,0,300,210,3.8476190476190477,0.43636363636363634,0.08282476024411509,0.7174612339161993,0.0,1.0
5405,5404,50,7,128,116,3.603448275862069,0.8909090909090909,0.04184829991281605,0.6556079278490086,1.0,0.0
5406,5405,35,0,495,122,3.3524590163934427,0.6181818181818182,0.04446381865736705,0.5920273634195283,1.0,0.0
5407,5406,35,17,300,27,4.222222222222222,0.6181818181818182,0.0030514385353095034,0.8123556581986144,1.0,0.0
5408,5407,25,20,112,102,4.0588235294117645,0.43636363636363634,0.03574542284219703,0.7709635239777204,0.0,1.0
5409,5408,45,1,600,21,3.238095238095238,0.7999999999999999,0.00043591979075850197,0.563056746948202,0.0,1.0
5410,5409,45,2,212,46,3.5217391304347827,0.7999999999999999,0.011333914559721013,0.6349093784516519,1.0,0.0
5411,5410,1,19,148,24,2.8333333333333335,0.0,0.0017436791630340027,0.46052251732101623,1.0,0.0
5412,5411,25,12,973,278,3.8597122302158273,0.43636363636363634,0.11246730601569312,0.7205246772558859,0.0,1.0
5413,5412,35,1,598,220,4.181818181818182,0.6181818181818182,0.08718395815170009,0.8021205122821751,0.0,1.0
5414,5413,1,10,76,79,3.7721518987341773,0.0,0.025719267654751524,0.6983439062180257,0.0,1.0
5415,5414,25,7,38,55,3.5090909090909093,0.43636363636363634,0.015257192676547515,0.6317053327734622,1.0,0.0
5416,5415,25,5,18,48,4.208333333333333,0.43636363636363634,0.012205754141238014,0.8088373267898383,1.0,0.0
5417,5416,18,17,190,45,3.2,0.3090909090909091,0.010897994768962513,0.5534064665127022,0.0,1.0
5418,5417,25,0,535,250,3.632,0.43636363636363634,0.10026155187445511,0.6628406466512703,1.0,0.0
5419,5418,18,12,50,89,3.752808988764045,0.3090909090909091,0.030078465562336534,0.6934439629447026,1.0,0.0
5420,5419,1,19,148,175,2.657142857142857,0.0,0.06756756756756757,0.4158899703068294,1.0,0.0
5421,5420,35,17,220,80,3.8875,0.6181818181818182,0.026155187445510025,0.7275638712471133,0.0,1.0
5422,5421,50,7,941,175,3.737142857142857,0.8909090909090909,0.06756756756756757,0.6894754206532498,0.0,1.0
5423,5422,50,5,607,98,4.040816326530612,0.8909090909090909,0.03400174367916303,0.7664019418390913,1.0,0.0
5424,5423,35,2,800,135,3.8074074074074074,0.6181818181818182,0.05013077593722755,0.7072748267898384,1.0,0.0
5425,5424,18,4,532,46,3.8043478260869565,0.3090909090909091,0.011333914559721013,0.7064997740737022,0.0,1.0
5426,5425,25,14,958,296,3.435810810810811,0.43636363636363634,0.12031386224934612,0.6131420284314338,0.0,1.0
5427,5426,35,19,112,81,4.580246913580247,0.6181818181818182,0.026591107236268532,0.9030504234026175,0.0,1.0
5428,5427,25,6,284,388,3.979381443298969,0.43636363636363634,0.16041848299912817,0.7508392657317684,1.0,0.0
5429,5428,25,1,24,128,3.8671875,0.43636363636363634,0.04707933740191805,0.7224183115617784,1.0,0.0
5430,5429,45,1,265,140,3.835714285714286,0.7999999999999999,0.052310374891020056,0.7144455212801056,1.0,0.0
5431,5430,56,1,190,88,3.9545454545454546,0.9999999999999999,0.029642545771578033,0.7445478165022046,0.0,1.0
5432,5431,56,13,17,183,3.9672131147540983,0.9999999999999999,0.07105492589363557,0.7477567864309242,0.0,1.0
5433,5432,35,17,450,725,2.990344827586207,0.6181818181818182,0.3073234524847428,0.5002966472883651,1.0,0.0
5434,5433,25,7,606,244,4.008196721311475,0.43636363636363634,0.09764603312990411,0.7581387479650172,1.0,0.0
5435,5434,45,18,25,46,4.195652173913044,0.7999999999999999,0.011333914559721013,0.8056249372426951,0.0,1.0
5436,5435,18,4,900,33,3.5757575757575757,0.3090909090909091,0.0056669572798605065,0.6485933235355869,0.0,1.0
5437,5436,25,11,554,156,3.6538461538461537,0.43636363636363634,0.05928509154315606,0.6683747113163973,0.0,1.0
5438,5437,25,14,600,91,3.4725274725274726,0.43636363636363634,0.030950305143853534,0.6224430880897395,0.0,1.0
5439,5438,56,13,191,22,3.590909090909091,0.9999999999999999,0.0008718395815170022,0.6524315032542516,0.0,1.0
5440,5439,45,2,379,35,4.314285714285714,0.7999999999999999,0.006538796861377507,0.8356771692510723,1.0,0.0
5441,5440,50,7,957,196,3.795918367346939,0.8909090909090909,0.07672188317349608,0.7043644247537353,0.0,1.0
5442,5441,25,7,631,64,3.984375,0.43636363636363634,0.01918047079337402,0.7521042328233256,0.0,1.0
5443,5442,25,12,19,399,4.132832080200501,0.43636363636363634,0.16521360069747168,0.7897113598082968,0.0,1.0
5444,5443,18,4,554,39,2.9743589743589745,0.3090909090909091,0.008282476024411508,0.4962471131639724,1.0,0.0
5445,5444,25,0,432,149,3.8187919463087248,0.43636363636363634,0.056233653007846565,0.7101587566067858,0.0,1.0
5446,5445,50,1,652,126,4.444444444444445,0.8909090909090909,0.04620749782040105,0.8686489607390302,1.0,0.0
5447,5446,45,2,606,131,4.320610687022901,0.7999999999999999,0.04838709677419355,0.8372794104684169,0.0,1.0
5448,5447,45,19,606,351,3.3618233618233617,0.7999999999999999,0.14428945074106364,0.5943995381062356,0.0,1.0
5449,5448,18,12,17,111,4.126126126126126,0.3090909090909091,0.03966870095902354,0.7880126084514074,0.0,1.0
5450,5449,18,12,21,321,3.4361370716510904,0.3090909090909091,0.13121185701830865,0.6132246767822841,0.0,1.0
5451,5450,25,1,981,94,4.223404255319149,0.43636363636363634,0.03225806451612903,0.8126550906589358,1.0,0.0
5452,5451,35,6,100,284,3.3028169014084505,0.6181818181818182,0.11508282476024412,0.5794520297303452,0.0,1.0
5453,5452,18,4,303,247,3.639676113360324,0.3090909090909091,0.0989537925021796,0.6647851586240429,0.0,1.0
5454,5453,35,7,100,64,4.15625,0.6181818181818182,0.01918047079337402,0.7956435840069285,0.0,1.0
5455,5454,18,17,554,135,3.5555555555555554,0.3090909090909091,0.05013077593722755,0.6434757505773672,1.0,0.0
5456,5455,35,1,323,42,3.619047619047619,0.6181818181818182,0.009590235396687012,0.6595595513032003,0.0,1.0
5457,5456,18,12,554,173,3.578034682080925,0.3090909090909091,0.06669572798605057,0.6491701597938833,0.0,1.0
5458,5457,18,2,981,392,3.686224489795918,0.3090909090909091,0.16216216216216217,0.6765767868925862,1.0,0.0
5459,5458,1,10,990,178,3.966292134831461,0.0,0.06887532693984308,0.7475234839245402,1.0,0.0
5460,5459,18,4,21,85,4.364705882352941,0.3090909090909091,0.028334786399302533,0.8484495992392338,0.0,1.0
5461,5460,50,0,940,48,4.083333333333333,0.8909090909090909,0.012205754141238014,0.7771723441108545,0.0,1.0
5462,5461,25,17,891,36,3.9166666666666665,0.43636363636363634,0.006974716652136007,0.7349523672055428,0.0,1.0
5463,5462,35,0,532,280,3.85,0.6181818181818182,0.11333914559721012,0.7180643764434181,0.0,1.0
5464,5463,35,7,770,113,4.230088495575221,0.6181818181818182,0.04054054054054054,0.8143483414743813,0.0,1.0
5465,5464,25,0,100,22,3.272727272727273,0.43636363636363634,0.0008718395815170022,0.5718297291622928,1.0,0.0
5466,5465,25,12,980,228,4.0964912280701755,0.43636363636363634,0.0906713164777681,0.7805055001823267,0.0,1.0
5467,5466,35,0,633,27,3.6296296296296298,0.6181818181818182,0.0030514385353095034,0.6622401847575059,0.0,1.0
5468,5467,25,12,946,385,3.6233766233766236,0.43636363636363634,0.15911072362685266,0.6606561740799617,0.0,1.0
5469,5468,35,12,201,115,4.156521739130435,0.6181818181818182,0.04141238012205754,0.7957124209257957,0.0,1.0
5470,5469,56,7,200,104,3.951923076923077,0.9999999999999999,0.036617262423714034,0.7438835161662818,0.0,1.0
5471,5470,18,7,100,25,3.76,0.3090909090909091,0.002179598953792503,0.6952655889145497,0.0,1.0
5472,5471,35,1,279,317,2.8990536277602525,0.6181818181818182,0.12946817785527465,0.4771707731985051,0.0,1.0
5473,5472,25,1,201,120,3.95,0.43636363636363634,0.04359197907585005,0.7433963625866051,0.0,1.0
5474,5473,25,12,200,47,3.595744680851064,0.43636363636363634,0.011769834350479513,0.6536564542282935,0.0,1.0
5475,5474,25,4,941,377,4.045092838196286,0.43636363636363634,0.15562336530078466,0.7674852671816517,0.0,1.0
5476,5475,35,0,200,34,4.176470588235294,0.6181818181818182,0.006102877070619007,0.8007658606167642,1.0,0.0
5477,5476,35,1,553,25,3.6,0.6181818181818182,0.002179598953792503,0.6547344110854504,0.0,1.0
5478,5477,35,7,27,34,3.676470588235294,0.6181818181818182,0.006102877070619007,0.6741059299008287,0.0,1.0
5479,5478,35,1,500,105,3.638095238095238,0.6181818181818182,0.03705318221447254,0.6643846915209503,0.0,1.0
5480,5479,25,14,70,150,3.3866666666666667,0.43636363636363634,0.05666957279860506,0.6006928406466513,1.0,0.0
5481,5480,45,12,554,54,3.425925925925926,0.7999999999999999,0.014821272885789015,0.6106379907621248,0.0,1.0
5482,5481,18,7,100,375,3.928,0.3090909090909091,0.15475152571926767,0.737823325635104,0.0,1.0
5483,5482,25,6,152,221,3.8823529411764706,0.43636363636363634,0.0876198779424586,0.726260019019155,1.0,0.0
5484,5483,45,17,217,79,4.430379746835443,0.7999999999999999,0.025719267654751524,0.8650860934896365,0.0,1.0
5485,5484,25,4,85,114,3.763157894736842,0.43636363636363634,0.04097646033129905,0.6960655463717029,0.0,1.0
5486,5485,25,0,178,43,4.116279069767442,0.43636363636363634,0.010026155187445512,0.785518153499114,0.0,1.0
5487,5486,25,17,951,47,4.297872340425532,0.43636363636363634,0.011769834350479513,0.8315193356591815,0.0,1.0
5488,5487,25,15,911,253,3.4150197628458496,0.43636363636363634,0.1015693112467306,0.6078752430419264,0.0,1.0
5489,5488,18,7,941,70,4.128571428571429,0.3090909090909091,0.021795989537925022,0.7886320521280108,0.0,1.0
5490,5489,45,17,809,124,3.2903225806451615,0.7999999999999999,0.04533565823888405,0.5762869701259034,0.0,1.0
5491,5490,18,7,100,204,3.696078431372549,0.3090909090909091,0.08020924149956409,0.6790729860073361,0.0,1.0
5492,5491,18,4,551,380,2.9526315789473685,0.3090909090909091,0.15693112467306017,0.4907431323690289,0.0,1.0
5493,5492,35,12,967,573,3.3403141361256545,0.6181818181818182,0.24106364428945076,0.5889508240329856,0.0,1.0
5494,5493,35,17,943,80,3.9625,0.6181818181818182,0.026155187445510025,0.7465628608545034,1.0,0.0
5495,5494,18,4,950,31,3.838709677419355,0.3090909090909091,0.004795117698343506,0.7152043134917679,1.0,0.0
5496,5495,25,7,900,84,3.7261904761904763,0.43636363636363634,0.027898866608544032,0.6867009650280437,0.0,1.0
5497,5496,25,4,602,145,4.020689655172414,0.43636363636363634,0.054489973844812564,0.7613034562395478,0.0,1.0
5498,5497,50,1,629,59,3.8135593220338984,0.8909090909090909,0.01700087183958152,0.7088332289505618,1.0,0.0
5499,5498,25,19,602,69,4.550724637681159,0.43636363636363634,0.021360069747166522,0.8955718445627072,1.0,0.0
5500,5499,35,20,148,59,3.9322033898305087,0.6181818181818182,0.01700087183958152,0.7388881277645126,1.0,0.0
5501,5500,25,2,333,561,3.171122994652406,0.43636363636363634,0.23583260680034876,0.5460913475194823,0.0,1.0
5502,5501,25,2,660,120,3.7083333333333335,0.43636363636363634,0.04359197907585005,0.6821773960739032,0.0,1.0
5503,5502,25,9,554,45,3.888888888888889,0.43636363636363634,0.010897994768962513,0.7279157043879908,1.0,0.0
5504,5503,45,7,852,587,4.166950596252129,0.7999999999999999,0.24716652136006975,0.7983542575667564,0.0,1.0
5505,5504,25,4,21,92,3.967391304347826,0.43636363636363634,0.03138622493461203,0.7478019253941159,1.0,0.0
5506,5505,18,14,606,57,3.7017543859649122,0.3090909090909091,0.01612903225806452,0.680510818038167,1.0,0.0
5507,5506,45,7,443,44,3.25,0.7999999999999999,0.010462074978204013,0.5660724595842956,0.0,1.0
5508,5507,25,20,945,75,3.68,0.43636363636363634,0.023975588491717523,0.6750000000000002,0.0,1.0
5509,5508,25,0,112,103,3.4466019417475726,0.43636363636363634,0.03618134263295554,0.6158756362250275,0.0,1.0
5510,5509,18,4,191,62,3.9838709677419355,0.3090909090909091,0.01830863121185702,0.7519765514415555,0.0,1.0
5511,5510,45,1,924,724,4.110497237569061,0.7999999999999999,0.3068875326939843,0.7840535005677978,0.0,1.0
5512,5511,25,17,17,241,4.1037344398340245,0.43636363636363634,0.0963382737576286,0.7823403495826664,1.0,0.0
5513,5512,35,1,917,66,4.257575757575758,0.6181818181818182,0.02005231037489102,0.8213114108754989,0.0,1.0
5514,5513,1,10,765,40,4.025,0.0,0.008718395815170008,0.7623953521939955,1.0,0.0
5515,5514,18,4,161,45,3.533333333333333,0.3090909090909091,0.010897994768962513,0.6378464203233256,0.0,1.0
5516,5515,50,16,982,137,4.065693430656935,0.8909090909090909,0.05100261551874455,0.7727038064091976,1.0,0.0
5517,5516,56,0,802,312,4.105769230769231,0.9999999999999999,0.12728857890148212,0.7828558025404158,0.0,1.0
5518,5517,50,17,786,113,3.84070796460177,0.8909090909090909,0.04054054054054054,0.7157105193239185,0.0,1.0
5519,5518,35,15,331,340,3.3411764705882354,0.6181818181818182,0.13949433304272016,0.5891692704795545,0.0,1.0
5520,5519,45,1,189,166,3.9096385542168677,0.7999999999999999,0.06364428945074108,0.7331720067336321,0.0,1.0
5521,5520,25,6,21,52,4.0576923076923075,0.43636363636363634,0.013949433304272014,0.7706769630484989,1.0,0.0
5522,5521,25,14,24,520,3.8865384615384615,0.43636363636363634,0.21795989537925023,0.7273202944572749,0.0,1.0
5523,5522,35,0,601,376,3.771276595744681,0.6181818181818182,0.15518744551002617,0.6981221745860156,0.0,1.0
5524,5523,1,10,265,166,3.7409638554216866,0.0,0.06364428945074108,0.6904433554077744,1.0,0.0
5525,5524,1,10,553,20,4.0,0.0,0.0,0.7560623556581987,1.0,0.0
5526,5525,35,2,275,284,3.7464788732394365,0.6181818181818182,0.11508282476024412,0.691840418957161,1.0,0.0
5527,5526,25,1,708,29,3.413793103448276,0.43636363636363634,0.003923278116826506,0.6075645058533089,0.0,1.0
5528,5527,50,1,458,75,4.4,0.8909090909090909,0.023975588491717523,0.8573903002309471,0.0,1.0
5529,5528,18,6,52,21,4.285714285714286,0.3090909090909091,0.00043591979075850197,0.8284394589244475,0.0,1.0
5530,5529,18,4,631,652,3.0199386503067487,0.3090909090909091,0.27550130775937226,0.5077933503591721,1.0,0.0
5531,5530,50,17,90,148,3.864864864864865,0.8909090909090909,0.05579773321708806,0.7218299419511891,0.0,1.0
5532,5531,25,17,274,102,3.4215686274509802,0.43636363636363634,0.03574542284219703,0.6095342005162342,0.0,1.0
5533,5532,50,2,100,20,4.0,0.8909090909090909,0.0,0.7560623556581987,1.0,0.0
5534,5533,45,16,301,65,4.184615384615385,0.7999999999999999,0.01961639058413252,0.8028290993071594,0.0,1.0
5535,5534,25,15,945,187,3.6042780748663104,0.43636363636363634,0.07279860505666957,0.6558181324177793,0.0,1.0
5536,5535,25,16,672,634,2.910094637223975,0.43636363636363634,0.26765475152571927,0.4799676801859233,0.0,1.0
5537,5536,56,1,105,64,4.390625,0.9999999999999999,0.01918047079337402,0.8550154265300232,1.0,0.0
5538,5537,45,12,551,174,3.8793103448275863,0.7999999999999999,0.06713164777680908,0.7254892689336626,0.0,1.0
5539,5538,25,20,914,480,3.752083333333333,0.43636363636363634,0.20052310374891022,0.6932601400115473,1.0,0.0
5540,5539,35,1,191,78,3.8076923076923075,0.6181818181818182,0.025283347863993024,0.7073469976905312,0.0,1.0
5541,5540,56,7,939,27,4.074074074074074,0.9999999999999999,0.0030514385353095034,0.7748267898383374,0.0,1.0
5542,5541,45,7,115,71,4.661971830985915,0.7999999999999999,0.022231909328683522,0.9237529681553525,0.0,1.0
5543,5542,25,17,974,341,3.592375366568915,0.43636363636363634,0.13993025283347865,0.6528029400012191,0.0,1.0
5544,5543,25,15,88,47,3.574468085106383,0.43636363636363634,0.011769834350479513,0.648266669942509,0.0,1.0
5545,5544,35,16,980,152,4.342105263157895,0.6181818181818182,0.05754141238012206,0.8427244135164702,1.0,0.0
5546,5545,18,14,263,34,3.4705882352941178,0.3090909090909091,0.006102877070619007,0.6219518407825024,0.0,1.0
5547,5546,18,4,100,152,3.5921052631578947,0.3090909090909091,0.05754141238012206,0.6527345174425672,1.0,0.0
5548,5547,18,4,21,168,3.4523809523809526,0.3090909090909091,0.06451612903225808,0.6173395743978886,1.0,0.0
5549,5548,50,9,760,33,3.515151515151515,0.8909090909090909,0.0056669572798605065,0.633240604660928,1.0,0.0
5550,5549,35,15,481,633,3.647709320695103,0.6181818181818182,0.26721883173496075,0.6668201295929426,0.0,1.0
5551,5550,35,20,981,64,3.140625,0.6181818181818182,0.01918047079337402,0.5383655997401848,1.0,0.0
5552,5551,50,7,232,54,3.1481481481481484,0.8909090909090909,0.014821272885789015,0.5402713625866052,0.0,1.0
5553,5552,35,3,294,263,3.634980988593156,0.6181818181818182,0.10592850915431562,0.6635957902686185,0.0,1.0
5554,5553,25,1,921,104,3.673076923076923,0.43636363636363634,0.036617262423714034,0.6732462471131639,0.0,1.0
5555,5554,1,10,378,548,3.1149635036496353,0.0,0.23016564952048824,0.531865033040576,0.0,1.0
5556,5555,45,6,921,278,3.2841726618705036,0.7999999999999999,0.11246730601569312,0.5747290735540899,0.0,1.0
5557,5556,35,14,337,190,4.2105263157894735,0.6181818181818182,0.07410636442894508,0.8093928528017504,0.0,1.0
5558,5557,1,10,24,247,2.445344129554656,0.0,0.0989537925021796,0.3622371459827398,0.0,1.0
5559,5558,50,1,777,39,4.17948717948718,0.8909090909090909,0.008282476024411508,0.8015300230946885,0.0,1.0
5560,5559,35,17,980,82,4.170731707317073,0.6181818181818182,0.027027027027027032,0.7993120880977864,1.0,0.0
5561,5560,25,3,740,219,2.9178082191780823,0.43636363636363634,0.0867480383609416,0.48192168369768107,1.0,0.0
5562,5561,35,1,546,75,3.506666666666667,0.6181818181818182,0.023975588491717523,0.6310912240184758,1.0,0.0
5563,5562,25,7,117,38,3.5789473684210527,0.43636363636363634,0.007846556233653008,0.6494013613710953,1.0,0.0
5564,5563,45,20,24,45,3.2,0.7999999999999999,0.010897994768962513,0.5534064665127022,0.0,1.0
5565,5564,18,17,21,184,3.983695652173913,0.3090909090909091,0.07149084568439408,0.7519321405261574,0.0,1.0
5566,5565,35,7,209,127,3.874015748031496,0.6181818181818182,0.046643417611159546,0.7241480424069393,0.0,1.0
5567,5566,50,3,787,403,3.424317617866005,0.8909090909090909,0.16695727986050568,0.6102305743872458,0.0,1.0
5568,5567,18,4,498,341,4.041055718475073,0.3090909090909091,0.13993025283347865,0.7664625845732902,0.0,1.0
5569,5568,18,1,76,242,3.4132231404958677,0.3090909090909091,0.09677419354838711,0.6074201229171836,1.0,0.0
5570,5569,25,1,76,302,3.8543046357615895,0.43636363636363634,0.12292938099389714,0.7191548261780586,0.0,1.0
5571,5570,25,9,73,113,3.4601769911504423,0.43636363636363634,0.04054054054054054,0.6193144658586932,1.0,0.0
5572,5571,25,4,631,70,3.8,0.43636363636363634,0.021795989537925022,0.7053983833718245,1.0,0.0
5573,5572,35,1,146,172,3.802325581395349,0.6181818181818182,0.06625980819529208,0.7059874993286429,1.0,0.0
5574,5573,25,0,208,178,3.7247191011235956,0.43636363636363634,0.06887532693984308,0.6863282364999871,0.0,1.0
5575,5574,35,7,198,272,2.9669117647058822,0.6181818181818182,0.10985178727114212,0.4943605870465969,0.0,1.0
5576,5575,25,4,553,290,3.893103448275862,0.43636363636363634,0.11769834350479513,0.7289833359878953,0.0,1.0
5577,5576,50,1,129,29,3.310344827586207,0.8909090909090909,0.003923278116826506,0.5813590029465637,0.0,1.0
5578,5577,18,1,21,84,3.9642857142857144,0.3090909090909091,0.027898866608544032,0.7470152177499176,1.0,0.0
5579,5578,35,7,70,24,4.208333333333333,0.6181818181818182,0.0017436791630340027,0.8088373267898383,1.0,0.0
5580,5579,45,7,15,413,3.871670702179177,0.7999999999999999,0.17131647776809067,0.7235539957165785,0.0,1.0
5581,5580,25,0,100,37,4.297297297297297,0.43636363636363634,0.0074106364428945075,0.8313736658136197,0.0,1.0
5582,5581,45,1,500,136,4.595588235294118,0.7999999999999999,0.050566695727986055,0.9069366848933569,0.0,1.0
5583,5582,56,15,378,120,3.8833333333333333,0.9999999999999999,0.04359197907585005,0.7265083718244805,0.0,1.0
5584,5583,50,0,100,76,3.5657894736842106,0.8909090909090909,0.024411508282476024,0.6460682052996233,1.0,0.0
5585,5584,25,4,100,245,3.7551020408163267,0.43636363636363634,0.0980819529206626,0.6940248385728426,0.0,1.0
5586,5585,35,20,941,28,4.071428571428571,0.6181818181818182,0.0034873583260680054,0.7741566314747608,0.0,1.0
5587,5586,25,17,220,55,3.9272727272727272,0.43636363636363634,0.015257192676547515,0.7376390930086081,0.0,1.0
5588,5587,25,20,606,37,3.7837837837837838,0.43636363636363634,0.0074106364428945075,0.7012904937269834,1.0,0.0
5589,5588,25,0,41,36,4.416666666666667,0.43636363636363634,0.006974716652136007,0.8616122979214782,1.0,0.0
5590,5589,45,12,941,33,3.6363636363636362,0.7999999999999999,0.0056669572798605065,0.6639460424102457,1.0,0.0
5591,5590,18,0,100,46,4.260869565217392,0.3090909090909091,0.011333914559721013,0.8221457977708606,0.0,1.0
5592,5591,25,1,537,127,4.039370078740157,0.43636363636363634,0.046643417611159546,0.7660355785492172,0.0,1.0
5593,5592,50,16,902,160,4.35,0.8909090909090909,0.06102877070619006,0.8447243071593533,0.0,1.0
5594,5593,45,0,554,130,4.084615384615384,0.7999999999999999,0.047951176983435054,0.7774971131639723,1.0,0.0
5595,5594,25,20,900,206,3.145631067961165,0.43636363636363634,0.08108108108108109,0.5396337361824256,0.0,1.0
5596,5595,35,12,222,189,4.084656084656085,0.6181818181818182,0.07367044463818657,0.7775074232926427,0.0,1.0
5597,5596,18,4,950,208,3.1778846153846154,0.3090909090909091,0.08195292066259809,0.5478042003464204,1.0,0.0
5598,5597,18,4,276,144,3.8680555555555554,0.3090909090909091,0.05405405405405406,0.7226382072748269,0.0,1.0
5599,5598,35,7,900,231,3.367965367965368,0.6181818181818182,0.0919790758500436,0.5959554302510423,0.0,1.0
5600,5599,45,0,128,266,3.9135338345864663,0.7999999999999999,0.10723626852659111,0.7341587586170971,1.0,0.0
5601,5600,35,1,982,97,3.443298969072165,0.6181818181818182,0.03356582388840454,0.61503892764458,0.0,1.0
5602,5601,35,0,972,76,4.0,0.6181818181818182,0.024411508282476024,0.7560623556581987,0.0,1.0
5603,5602,50,7,24,183,2.3060109289617485,0.8909090909090909,0.07105492589363557,0.3269412789156855,0.0,1.0
5604,5603,35,15,631,254,3.5196850393700787,0.6181818181818182,0.10200523103748911,0.6343890363877726,0.0,1.0
5605,5604,18,2,950,736,3.004076086956522,0.3090909090909091,0.3121185701830863,0.5037750480093384,1.0,0.0
5606,5605,25,14,210,24,3.8333333333333335,0.43636363636363634,0.0017436791630340027,0.7138423787528869,1.0,0.0
5607,5606,18,4,112,148,3.52027027027027,0.3090909090909091,0.05579773321708806,0.6345372869983148,0.0,1.0
5608,5607,18,3,787,24,3.75,0.3090909090909091,0.0017436791630340027,0.692732390300231,0.0,1.0
5609,5608,50,1,306,40,4.675,0.8909090909090909,0.008718395815170008,0.9270532621247114,1.0,0.0
5610,5609,25,1,548,40,4.2,0.43636363636363634,0.008718395815170008,0.8067263279445729,1.0,0.0
5611,5610,35,7,40,31,4.258064516129032,0.6181818181818182,0.004795117698343506,0.8214352231244879,1.0,0.0
5612,5611,25,1,21,36,2.9722222222222223,0.43636363636363634,0.006974716652136007,0.4957058314087761,1.0,0.0
5613,5612,35,0,986,86,3.63953488372093,0.6181818181818182,0.028770706190061033,0.6647493823513615,1.0,0.0
5614,5613,25,0,128,837,3.805256869772999,0.43636363636363634,0.3561464690496948,0.706730052894286,0.0,1.0
5615,5614,35,7,70,302,3.4602649006622515,0.6181818181818182,0.12292938099389714,0.6193367350840433,0.0,1.0
5616,5615,45,1,88,130,3.853846153846154,0.7999999999999999,0.047951176983435054,0.7190386836027715,0.0,1.0
5617,5616,25,14,483,74,3.5405405405405403,0.43636363636363634,0.023539668700959023,0.6396721490543662,0.0,1.0
5618,5617,18,4,926,98,3.8979591836734695,0.3090909090909091,0.03400174367916303,0.730213390205967,1.0,0.0
5619,5618,18,4,223,92,3.652173913043478,0.3090909090909091,0.03138622493461203,0.6679510995079827,1.0,0.0
5620,5619,35,14,553,219,3.4246575342465753,0.6181818181818182,0.0867480383609416,0.6103166819576703,0.0,1.0
5621,5620,25,7,21,477,3.0251572327044025,0.43636363636363634,0.1992153443766347,0.5091153209290166,0.0,1.0
5622,5621,35,15,17,86,4.127906976744186,0.6181818181818182,0.028770706190061033,0.7884637332832054,0.0,1.0
5623,5622,25,11,841,264,3.9015151515151514,0.43636363636363634,0.10636442894507411,0.7311141874868781,0.0,1.0
5624,5623,25,7,193,119,3.3529411764705883,0.43636363636363634,0.043156059285091544,0.5921495041434588,0.0,1.0
5625,5624,25,1,17,152,3.9078947368421053,0.43636363636363634,0.05754141238012206,0.7327302631578948,0.0,1.0
5626,5625,56,16,320,173,4.38728323699422,0.9999999999999999,0.06669572798605057,0.8541688915884609,0.0,1.0
5627,5626,25,0,70,815,2.996319018404908,0.43636363636363634,0.34655623365300786,0.501810028478726,0.0,1.0
5628,5627,18,4,900,23,3.4347826086956523,0.3090909090909091,0.0013077593722755024,0.6128815644140979,0.0,1.0
5629,5628,25,14,24,101,4.475247524752476,0.43636363636363634,0.03530950305143854,0.8764519927743353,0.0,1.0
5630,5629,35,17,68,263,4.2091254752851714,0.6181818181818182,0.10592850915431562,0.8090379920793125,0.0,1.0
5631,5630,35,12,19,79,4.177215189873418,0.6181818181818182,0.025719267654751524,0.8009544830005555,0.0,1.0
5632,5631,18,4,786,60,3.65,0.3090909090909091,0.01743679163034002,0.6674004041570439,1.0,0.0
5633,5632,50,1,982,39,3.8205128205128207,0.8909090909090909,0.008282476024411508,0.7105946882217091,0.0,1.0
5634,5633,25,14,554,300,3.73,0.43636363636363634,0.12205754141238012,0.6876659930715936,0.0,1.0
5635,5634,35,9,68,24,3.5833333333333335,0.6181818181818182,0.0017436791630340027,0.6505124133949193,1.0,0.0
5636,5635,25,7,981,848,3.1580188679245285,0.43636363636363634,0.36094158674803833,0.5427718119525906,0.0,1.0
5637,5636,1,10,111,46,3.9347826086956523,0.0,0.011333914559721013,0.7395414951300332,0.0,1.0
5638,5637,18,1,326,102,3.519607843137255,0.3090909090909091,0.03574542284219703,0.6343694810487706,0.0,1.0
5639,5638,18,4,620,43,3.9767441860465116,0.3090909090909091,0.010026155187445512,0.7501711960900157,1.0,0.0
5640,5639,35,17,787,34,3.3823529411764706,0.6181818181818182,0.006102877070619007,0.5996000883032198,0.0,1.0
5641,5640,25,17,484,132,3.1893939393939394,0.43636363636363634,0.048823016564952054,0.5507197407096368,1.0,0.0
5642,5641,1,10,730,50,3.46,0.0,0.013077593722755014,0.6192696304849885,0.0,1.0
5643,5642,35,1,841,1047,3.206303724928367,0.6181818181818182,0.4476896251089799,0.5550033252380606,1.0,0.0
5644,5643,18,4,928,73,3.9726027397260273,0.3090909090909091,0.023103748910200523,0.7491220854819831,1.0,0.0
5645,5644,25,2,871,270,4.274074074074074,0.43636363636363634,0.10897994768962511,0.8254907621247114,0.0,1.0
5646,5645,18,4,967,104,3.7596153846153846,0.3090909090909091,0.036617262423714034,0.6951681581986143,0.0,1.0
5647,5646,18,1,625,152,3.6710526315789473,0.3090909090909091,0.05754141238012206,0.6727334538713992,0.0,1.0
5648,5647,25,17,484,117,3.641025641025641,0.43636363636363634,0.042284219703574544,0.6651270207852195,0.0,1.0
5649,5648,18,4,900,200,3.565,0.3090909090909091,0.07846556233653008,0.6458682159353349,1.0,0.0
5650,5649,35,12,911,314,2.9012738853503186,0.6181818181818182,0.12816041848299914,0.4777332085435637,1.0,0.0
5651,5650,25,6,741,39,3.8974358974358974,0.43636363636363634,0.008282476024411508,0.730080831408776,1.0,0.0
5652,5651,18,0,479,106,3.4339622641509435,0.3090909090909091,0.037489102005231034,0.6126737548477059,0.0,1.0
5653,5652,50,1,741,228,3.9035087719298245,0.8909090909090909,0.0906713164777681,0.7316192111340708,0.0,1.0
5654,5653,25,4,956,298,3.8322147651006713,0.43636363636363634,0.12118570183086314,0.7135590232031869,0.0,1.0
5655,5654,25,6,770,117,3.7606837606837606,0.43636363636363634,0.042284219703574544,0.6954387990762125,1.0,0.0
5656,5655,25,15,37,28,2.9642857142857144,0.43636363636363634,0.0034873583260680054,0.49369535631804695,0.0,1.0
5657,5656,50,14,920,198,4.095959595959596,0.8909090909090909,0.07759372275501308,0.7803708272097418,0.0,1.0
5658,5657,56,0,320,125,4.128,0.9999999999999999,0.045771578029642546,0.7884872979214781,0.0,1.0
5659,5658,25,0,208,209,3.473684210526316,0.43636363636363634,0.0823888404533566,0.6227361127993194,0.0,1.0
5660,5659,25,2,787,34,3.7941176470588234,0.43636363636363634,0.006102877070619007,0.7039082665398724,0.0,1.0
5661,5660,25,15,32,125,3.864,0.43636363636363634,0.045771578029642546,0.7216108545034642,1.0,0.0
5662,5661,1,10,79,73,3.9452054794520546,0.0,0.023103748910200523,0.7421818153057673,0.0,1.0
5663,5662,35,20,750,268,3.626865671641791,0.6181818181818182,0.10810810810810811,0.6615400193030231,1.0,0.0
5664,5663,18,4,483,287,3.951219512195122,0.3090909090909091,0.11639058413251963,0.7437052892468878,0.0,1.0
5665,5664,18,4,104,46,4.086956521739131,0.3090909090909091,0.011333914559721013,0.7780901696957527,0.0,1.0
5666,5665,18,16,112,32,3.65625,0.3090909090909091,0.005231037489102006,0.6689836532909932,0.0,1.0
5667,5666,35,7,100,328,3.8780487804878048,0.6181818181818182,0.13426329555361816,0.7251696896299218,0.0,1.0
5668,5667,25,3,410,89,4.089887640449438,0.43636363636363634,0.030078465562336534,0.7788326802812882,1.0,0.0
5669,5668,56,1,900,48,3.0833333333333335,0.9999999999999999,0.012205754141238014,0.5238524826789839,0.0,1.0
5670,5669,18,4,481,72,4.25,0.3090909090909091,0.022667829119442023,0.8193923210161664,0.0,1.0
5671,5670,25,1,21,109,4.486238532110092,0.43636363636363634,0.03879686137750654,0.8792362332351635,0.0,1.0
5672,5671,25,4,432,28,3.4285714285714284,0.43636363636363634,0.0034873583260680054,0.6113081491257011,1.0,0.0
5673,5672,35,1,554,68,3.823529411764706,0.6181818181818182,0.020924149956408022,0.7113588506996333,1.0,0.0
5674,5673,35,7,943,41,4.121951219512195,0.6181818181818182,0.009154315605928512,0.7869550216864756,0.0,1.0
5675,5674,35,14,300,586,3.8071672354948807,0.6181818181818182,0.2467306015693113,0.7072139864742373,0.0,1.0
5676,5675,25,20,787,146,2.8013698630136985,0.43636363636363634,0.05492589363557106,0.4524255354487646,0.0,1.0
5677,5676,25,1,132,246,3.548780487804878,0.43636363636363634,0.09851787271142111,0.6417594913535741,0.0,1.0
5678,5677,35,17,981,138,3.7971014492753623,0.6181818181818182,0.051438535309503056,0.7046641229039061,0.0,1.0
5679,5678,35,2,330,182,4.412087912087912,0.6181818181818182,0.07061900610287708,0.8604524084460576,0.0,1.0
5680,5679,50,20,941,159,4.044025157232705,0.8909090909090909,0.06059285091543157,0.7672148023879037,0.0,1.0
5681,5680,25,7,921,33,3.6363636363636362,0.43636363636363634,0.0056669572798605065,0.6639460424102457,1.0,0.0
5682,5681,18,0,234,608,3.7335526315789473,0.3090909090909091,0.2563208369659982,0.688565945210891,0.0,1.0
5683,5682,18,9,945,122,3.7295081967213113,0.3090909090909091,0.04446381865736705,0.6875414095331844,1.0,0.0
5684,5683,18,16,941,489,3.4376278118609407,0.3090909090909091,0.20444638186573671,0.6136023108856743,0.0,1.0
5685,5684,25,17,941,40,3.6,0.43636363636363634,0.008718395815170008,0.6547344110854504,0.0,1.0
5686,5685,56,16,606,530,2.0452830188679245,0.9999999999999999,0.22231909328683525,0.26089372085929674,0.0,1.0
5687,5686,1,0,554,85,3.6941176470588237,0.0,0.028334786399302533,0.6785762803966854,1.0,0.0
5688,5687,18,4,786,100,3.46,0.3090909090909091,0.03487358326068003,0.6192696304849885,1.0,0.0
5689,5688,25,0,841,488,3.627049180327869,0.43636363636363634,0.20401046207497822,0.6615865056979519,0.0,1.0
5690,5689,18,4,786,24,4.458333333333333,0.3090909090909091,0.0017436791630340027,0.8721672921478061,0.0,1.0
5691,5690,35,14,660,130,4.1461538461538465,0.6181818181818182,0.047951176983435054,0.793086027713626,0.0,1.0
5692,5691,25,7,296,61,4.0,0.43636363636363634,0.01787271142109852,0.7560623556581987,1.0,0.0
5693,5692,25,4,900,46,3.4782608695652173,0.43636363636363634,0.011333914559721013,0.6238954714328748,1.0,0.0
5694,5693,25,12,906,25,4.2,0.43636363636363634,0.002179598953792503,0.8067263279445729,1.0,0.0
5695,5694,35,3,212,31,3.225806451612903,0.6181818181818182,0.004795117698343506,0.559943753259331,1.0,0.0
5696,5695,25,14,973,24,4.5,0.43636363636363634,0.0017436791630340027,0.882722286374134,1.0,0.0
5697,5696,25,0,958,26,3.6538461538461537,0.43636363636363634,0.002615518744551003,0.6683747113163973,0.0,1.0
5698,5697,35,14,554,315,3.6285714285714286,0.6181818181818182,0.12859633827375763,0.6619721214120753,0.0,1.0
5699,5698,35,15,947,299,3.137123745819398,0.6181818181818182,0.12162162162162163,0.537478662516317,0.0,1.0
5700,5699,18,14,554,38,3.9473684210526314,0.3090909090909091,0.007846556233653008,0.7427297313723107,1.0,0.0
5701,5700,25,7,553,119,3.8739495798319328,0.43636363636363634,0.043156059285091544,0.7241312806877949,0.0,1.0
5702,5701,18,0,900,117,3.8632478632478633,0.3090909090909091,0.042284219703574544,0.7214203233256352,0.0,1.0
5703,5702,56,1,140,74,3.9594594594594597,0.9999999999999999,0.023539668700959023,0.7457926315460959,0.0,1.0
5704,5703,18,4,900,93,4.258064516129032,0.3090909090909091,0.03182214472537054,0.8214352231244879,1.0,0.0
5705,5704,18,4,900,173,3.699421965317919,0.3090909090909091,0.06669572798605057,0.6799199695630699,1.0,0.0
5706,5705,18,17,85,165,3.860606060606061,0.3090909090909091,0.06320836965998257,0.7207511022464834,0.0,1.0
5707,5706,25,12,10,100,4.26,0.43636363636363634,0.03487358326068003,0.8219255196304851,0.0,1.0
5708,5707,35,1,900,100,3.1,0.6181818181818182,0.03487358326068003,0.5280744803695151,0.0,1.0
5709,5708,18,4,900,124,3.7580645161290325,0.3090909090909091,0.04533565823888405,0.6947752924085526,0.0,1.0
5710,5709,25,15,900,77,3.5454545454545454,0.43636363636363634,0.024847428073234524,0.6409169640982575,0.0,1.0
5711,5710,25,7,477,60,3.55,0.43636363636363634,0.01743679163034002,0.6420684180138568,0.0,1.0
5712,5711,35,1,900,83,3.602409638554217,0.6181818181818182,0.027462946817785532,0.6553448203901056,0.0,1.0
5713,5712,50,7,913,31,3.4838709677419355,0.8909090909090909,0.004795117698343506,0.6253166207256202,1.0,0.0
5714,5713,35,2,967,99,3.6666666666666665,0.6181818181818182,0.03443766346992154,0.671622401847575,0.0,1.0
5715,5714,18,4,900,84,3.6904761904761907,0.3090909090909091,0.027898866608544032,0.6776538271197625,0.0,1.0
5716,5715,1,10,37,212,3.9245283018867925,0.0,0.08369659982563209,0.736943875550133,0.0,1.0
5717,5716,25,0,37,384,3.7447916666666665,0.43636363636363634,0.15867480383609417,0.6914130160219399,0.0,1.0
5718,5717,35,14,380,193,4.082901554404145,0.6181818181818182,0.07541412380122059,0.7770629659323436,1.0,0.0
5719,5718,56,7,217,26,3.076923076923077,0.9999999999999999,0.002615518744551003,0.522228637413395,0.0,1.0
5720,5719,25,0,606,354,2.785310734463277,0.43636363636363634,0.14559721011333915,0.4483574392296552,0.0,1.0
5721,5720,45,11,900,48,3.75,0.7999999999999999,0.012205754141238014,0.692732390300231,0.0,1.0
5722,5721,25,20,481,367,3.6430517711171664,0.43636363636363634,0.15126416739319967,0.6656402797792476,0.0,1.0
5723,5722,18,12,550,202,3.4356435643564356,0.3090909090909091,0.07933740191804708,0.6130996615827865,0.0,1.0
5724,5723,25,15,941,97,4.092783505154639,0.43636363636363634,0.03356582388840454,0.7795662603271352,0.0,1.0
5725,5724,18,2,100,20,3.45,0.3090909090909091,0.0,0.6167364318706698,0.0,1.0
5726,5725,25,1,778,148,3.8175675675675675,0.43636363636363634,0.05579773321708806,0.7098485971537358,0.0,1.0
5727,5726,25,4,928,51,3.176470588235294,0.43636363636363634,0.013513513513513514,0.5474459991848933,0.0,1.0
5728,5727,35,20,98,323,3.4643962848297214,0.6181818181818182,0.13208369659982563,0.6203832967488686,1.0,0.0
5729,5728,18,10,990,62,4.225806451612903,0.3090909090909091,0.01830863121185702,0.8132636146912018,0.0,1.0
5730,5729,18,0,941,91,3.230769230769231,0.3090909090909091,0.030950305143853534,0.561200923787529,0.0,1.0
5731,5730,25,11,100,60,4.233333333333333,0.43636363636363634,0.01743679163034002,0.8151703233256351,1.0,0.0
5732,5731,25,11,21,42,3.738095238095238,0.43636363636363634,0.009590235396687012,0.6897166776641374,1.0,0.0
5733,5732,25,4,481,200,4.125,0.43636363636363634,0.07846556233653008,0.7877273383371826,0.0,1.0
5734,5733,25,14,100,208,3.8509615384615383,0.43636363636363634,0.08195292066259809,0.7183079532332564,1.0,0.0
5735,5734,25,6,193,23,3.9565217391304346,0.43636363636363634,0.0013077593722755024,0.7450484486394215,0.0,1.0
5736,5735,25,1,89,105,4.266666666666667,0.43636363636363634,0.03705318221447254,0.8236143187066975,0.0,1.0
5737,5736,45,15,935,85,3.541176470588235,0.7999999999999999,0.028334786399302533,0.6398332427659286,0.0,1.0
5738,5737,25,12,554,526,3.1520912547528517,0.43636363636363634,0.22057541412380124,0.5412702298053197,0.0,1.0
5739,5738,25,7,902,51,4.098039215686274,0.43636363636363634,0.013513513513513514,0.7808976361907349,0.0,1.0
5740,5739,25,1,606,76,2.486842105263158,0.43636363636363634,0.024411508282476024,0.3727494074389207,0.0,1.0
5741,5740,50,13,606,47,3.0851063829787235,0.8909090909090909,0.011769834350479513,0.524301631369466,0.0,1.0
5742,5741,25,12,208,47,4.1063829787234045,0.43636363636363634,0.011769834350479513,0.7830112770871211,1.0,0.0
5743,5742,35,0,554,30,4.4,0.6181818181818182,0.004359197907585006,0.8573903002309471,1.0,0.0
5744,5743,25,4,660,440,3.8863636363636362,0.43636363636363634,0.18308631211857018,0.7272760077682133,1.0,0.0
5745,5744,18,4,900,72,3.7083333333333335,0.3090909090909091,0.022667829119442023,0.6821773960739032,1.0,0.0
5746,5745,18,15,940,82,3.5609756097560976,0.3090909090909091,0.027027027027027032,0.6448487579564018,0.0,1.0
5747,5746,25,0,37,564,3.2393617021276597,0.43636363636363634,0.23714036617262424,0.5633775674414034,0.0,1.0
5748,5747,25,0,921,54,4.037037037037037,0.43636363636363634,0.014821272885789015,0.7654445727482679,0.0,1.0
5749,5748,25,2,941,407,3.6265356265356266,0.43636363636363634,0.16870095902353968,0.6614564123224632,0.0,1.0
5750,5749,18,1,41,119,3.546218487394958,0.3090909090909091,0.043156059285091544,0.6411104857647447,0.0,1.0
5751,5750,1,0,141,90,3.588888888888889,0.0,0.030514385353095034,0.6519197459584296,1.0,0.0
5752,5751,56,0,148,155,3.767741935483871,0.9999999999999999,0.05884917175239757,0.6972267749385384,1.0,0.0
5753,5752,18,17,787,83,4.240963855421687,0.3090909090909091,0.027462946817785532,0.8171032861237097,0.0,1.0
5754,5753,18,1,606,353,3.1133144475920678,0.3090909090909091,0.14516129032258066,0.5314472943885796,1.0,0.0
5755,5754,35,2,787,515,3.633009708737864,0.6181818181818182,0.21578029642545773,0.6630964259288324,1.0,0.0
5756,5755,1,10,981,38,3.8421052631578947,0.0,0.007846556233653008,0.7160644828005349,1.0,0.0
5757,5756,1,10,56,116,4.103448275862069,0.0,0.04184829991281605,0.7822678585649441,0.0,1.0
5758,5757,50,1,296,147,3.9863945578231292,0.8909090909090909,0.055361813426329565,0.7526158269312344,1.0,0.0
5759,5758,25,1,89,576,3.625,0.43636363636363634,0.24237140366172624,0.6610674076212472,1.0,0.0
5760,5759,18,12,105,32,3.5,0.3090909090909091,0.005231037489102006,0.6294024249422634,0.0,1.0
5761,5760,25,20,900,223,3.2152466367713006,0.43636363636363634,0.0884917175239756,0.55726874242691,0.0,1.0
5762,5761,35,6,551,288,3.9305555555555554,0.6181818181818182,0.11682650392327812,0.7384706986143187,1.0,0.0
5763,5762,25,1,89,677,3.4608567208271785,0.43636363636363634,0.2863993025283348,0.6194866548862151,1.0,0.0
5764,5763,50,12,770,55,4.109090909090909,0.8909090909090909,0.015257192676547515,0.7836972496325847,1.0,0.0
5765,5764,25,11,445,229,3.3842794759825328,0.43636363636363634,0.0911072362685266,0.600088117833335,0.0,1.0
5766,5765,56,14,967,94,3.734042553191489,0.9999999999999999,0.03225806451612903,0.6886900520858926,0.0,1.0
5767,5766,25,2,752,349,3.664756446991404,0.43636363636363634,0.14341761115954665,0.6711385052641331,0.0,1.0
5768,5767,1,7,208,74,4.702702702702703,0.0,0.023539668700959023,0.9340709069346482,1.0,0.0
5769,5768,45,14,56,154,3.8636363636363638,0.7999999999999999,0.05841325196163906,0.7215187381902164,0.0,1.0
5770,5769,25,0,802,139,4.345323741007194,0.43636363636363634,0.05187445510026155,0.8435397178792763,0.0,1.0
5771,5770,25,7,956,266,3.4022556390977443,0.43636363636363634,0.10723626852659111,0.6046418369827572,0.0,1.0
5772,5771,35,7,163,22,2.909090909090909,0.6181818181818182,0.0008718395815170022,0.4797134159143398,0.0,1.0
5773,5772,25,6,891,30,3.466666666666667,0.43636363636363634,0.004359197907585006,0.6209584295612011,0.0,1.0
5774,5773,18,4,941,55,3.581818181818182,0.3090909090909091,0.015257192676547515,0.6501285954230528,0.0,1.0
5775,5774,25,11,100,195,3.7384615384615385,0.43636363636363634,0.07628596338273759,0.689809468822171,0.0,1.0
5776,5775,18,12,972,183,3.7049180327868854,0.3090909090909091,0.07105492589363557,0.6813122326127287,0.0,1.0
5777,5776,1,0,56,125,3.96,0.0,0.045771578029642546,0.7459295612009238,0.0,1.0
5778,5777,35,12,852,66,4.181818181818182,0.6181818181818182,0.02005231037489102,0.8021205122821751,0.0,1.0
5779,5778,25,5,100,394,3.449238578680203,0.43636363636363634,0.16303400174367919,0.6165435487274475,0.0,1.0
5780,5779,18,17,928,259,3.741312741312741,0.3090909090909091,0.10418482999128162,0.6905317351333518,0.0,1.0
5781,5780,25,2,111,27,3.5185185185185186,0.43636363636363634,0.0030514385353095034,0.634093533487298,0.0,1.0
5782,5781,35,0,554,114,3.6491228070175437,0.6181818181818182,0.04097646033129905,0.667178193752279,1.0,0.0
5783,5782,45,1,921,39,4.076923076923077,0.7999999999999999,0.008282476024411508,0.7755484988452657,1.0,0.0
5784,5783,18,10,561,27,3.5925925925925926,0.3090909090909091,0.0030514385353095034,0.6528579676674365,0.0,1.0
5785,5784,25,7,606,130,4.2846153846153845,0.43636363636363634,0.047951176983435054,0.8281610854503465,1.0,0.0
5786,5785,25,6,532,331,3.4410876132930515,0.43636363636363634,0.13557105492589364,0.6144787473050384,0.0,1.0
5787,5786,25,20,908,442,3.7013574660633486,0.43636363636363634,0.1839581517000872,0.6804102703437034,0.0,1.0
5788,5787,25,0,926,825,2.7006060606060607,0.43636363636363634,0.35091543156059285,0.4269000629855134,0.0,1.0
5789,5788,25,17,911,46,3.9130434782608696,0.43636363636363634,0.011333914559721013,0.7340345416206447,0.0,1.0
5790,5789,35,0,553,93,3.7204301075268815,0.6181818181818182,0.03182214472537054,0.6852417492363854,1.0,0.0
5791,5790,18,4,440,101,4.089108910891089,0.3090909090909091,0.03530950305143854,0.7786354126174744,0.0,1.0
5792,5791,25,17,432,269,3.650557620817844,0.43636363636363634,0.10854402789886662,0.6675416605853517,0.0,1.0
5793,5792,25,2,916,30,4.166666666666667,0.43636363636363634,0.004359197907585006,0.7982823325635104,0.0,1.0
5794,5793,35,17,537,294,3.748299319727891,0.6181818181818182,0.11944202266782913,0.6923015742093604,0.0,1.0
5795,5794,25,1,926,1277,3.0563821456538762,0.43636363636363634,0.5479511769834351,0.5170252115505994,0.0,1.0
5796,5795,25,7,100,24,3.5833333333333335,0.43636363636363634,0.0017436791630340027,0.6505124133949193,1.0,0.0
5797,5796,25,7,787,122,3.5245901639344264,0.43636363636363634,0.04446381865736705,0.6356316018627192,0.0,1.0
5798,5797,35,0,800,117,3.7094017094017095,0.6181818181818182,0.042284219703574544,0.6824480369515012,0.0,1.0
5799,5798,25,5,809,36,3.7222222222222223,0.43636363636363634,0.006974716652136007,0.685695727482679,0.0,1.0
5800,5799,35,18,908,23,3.3043478260869565,0.6181818181818182,0.0013077593722755024,0.579839843357767,0.0,1.0
5801,5800,25,16,41,172,3.9302325581395348,0.43636363636363634,0.06625980819529208,0.7383888769536495,0.0,1.0
5802,5801,25,0,981,40,4.075,0.43636363636363634,0.008718395815170008,0.775061345265589,1.0,0.0
5803,5802,1,10,15,66,2.8333333333333335,0.0,0.02005231037489102,0.46052251732101623,0.0,1.0
5804,5803,35,7,943,21,3.619047619047619,0.6181818181818182,0.00043591979075850197,0.6595595513032003,1.0,0.0
5805,5804,25,0,908,151,4.066225165562914,0.43636363636363634,0.057105492589363566,0.7728385054218987,1.0,0.0
5806,5805,50,1,88,221,3.8642533936651584,0.8909090909090909,0.0876198779424586,0.7216750441516099,1.0,0.0
5807,5806,35,7,19,55,3.8545454545454545,0.6181818181818182,0.015257192676547515,0.7192158303590175,0.0,1.0
5808,5807,25,7,372,67,4.298507462686567,0.43636363636363634,0.02048823016564952,0.8316802247423392,1.0,0.0
5809,5808,25,7,372,248,3.7943548387096775,0.43636363636363634,0.09938971229293811,0.7039683518959995,0.0,1.0
5810,5809,50,16,950,21,3.857142857142857,0.8909090909090909,0.00043591979075850197,0.7198738040250743,0.0,1.0
5811,5810,18,4,602,308,3.438311688311688,0.3090909090909091,0.12554489973844812,0.6137755503734141,0.0,1.0
5812,5811,25,7,921,893,3.591265397536394,0.43636363636363634,0.3805579773321709,0.6525217627997072,1.0,0.0
5813,5812,25,7,941,87,3.689655172413793,0.43636363636363634,0.029206625980819533,0.677445846937963,0.0,1.0
5814,5813,25,0,914,29,4.0,0.43636363636363634,0.003923278116826506,0.7560623556581987,0.0,1.0
5815,5814,25,20,900,78,3.8846153846153846,0.43636363636363634,0.025283347863993024,0.7268331408775982,0.0,1.0
5816,5815,25,0,701,32,3.65625,0.43636363636363634,0.005231037489102006,0.6689836532909932,0.0,1.0
5817,5816,25,17,330,26,4.115384615384615,0.43636363636363634,0.002615518744551003,0.785291570438799,0.0,1.0
5818,5817,25,4,928,32,3.46875,0.43636363636363634,0.005231037489102006,0.6214861792725174,0.0,1.0
5819,5818,50,6,708,30,3.8,0.8909090909090909,0.004359197907585006,0.7053983833718245,0.0,1.0
5820,5819,45,0,436,48,3.4375,0.7999999999999999,0.012205754141238014,0.6135699336027715,0.0,1.0
5821,5820,25,15,21,63,3.873015873015873,0.43636363636363634,0.01874455100261552,0.7238947542065326,0.0,1.0
5822,5821,35,4,782,75,3.6266666666666665,0.6181818181818182,0.023975588491717523,0.6614896073903003,1.0,0.0
5823,5822,25,12,21,105,4.019047619047619,0.43636363636363634,0.03705318221447254,0.7608874958759486,0.0,1.0
5824,5823,18,12,180,550,3.2381818181818183,0.3090909090909091,0.23103748910200525,0.5630786794037372,0.0,1.0
5825,5824,25,4,432,118,4.033898305084746,0.43636363636363634,0.04272013949433305,0.7646494696050417,1.0,0.0
5826,5825,18,4,602,237,3.6202531645569622,0.3090909090909091,0.0945945945945946,0.659864939924577,0.0,1.0
5827,5826,25,2,551,109,3.7339449541284404,0.43636363636363634,0.03879686137750654,0.6886653283047652,0.0,1.0
5828,5827,25,17,900,20,2.7,0.43636363636363634,0.0,0.4267465357967668,0.0,1.0
5829,5828,25,4,782,73,3.835616438356164,0.43636363636363634,0.023103748910200523,0.7144207346009048,1.0,0.0
5830,5829,18,4,782,52,3.8653846153846154,0.3090909090909091,0.013949433304272014,0.7219616050808315,1.0,0.0
5831,5830,25,1,921,1220,3.6778688524590164,0.43636363636363634,0.5231037489102006,0.6744601380002272,0.0,1.0
5832,5831,25,0,782,78,4.051282051282051,0.43636363636363634,0.025283347863993024,0.7690531177829099,1.0,0.0
5833,5832,35,0,782,88,3.9545454545454546,0.6181818181818182,0.029642545771578033,0.7445478165022046,1.0,0.0
5834,5833,56,16,921,30,3.6,0.9999999999999999,0.004359197907585006,0.6547344110854504,0.0,1.0
5835,5834,35,0,554,31,4.225806451612903,0.6181818181818182,0.004795117698343506,0.8132636146912018,1.0,0.0
5836,5835,25,0,916,50,3.74,0.43636363636363634,0.013077593722755014,0.6901991916859124,0.0,1.0
5837,5836,25,7,606,534,3.8951310861423223,0.43636363636363634,0.22406277244986925,0.729496976931261,0.0,1.0
5838,5837,45,7,20,223,3.8251121076233185,0.7999999999999999,0.0884917175239756,0.7117597789952258,1.0,0.0
5839,5838,25,1,271,31,4.548387096774194,0.43636363636363634,0.004795117698343506,0.8949796990240633,0.0,1.0
5840,5839,1,0,442,235,3.65531914893617,0.0,0.0937227550130776,0.66874785022849,1.0,0.0
5841,5840,35,7,100,334,4.1437125748503,0.6181818181818182,0.13687881429816914,0.7924676052052939,1.0,0.0
5842,5841,25,4,432,52,4.038461538461538,0.43636363636363634,0.013949433304272014,0.7658054272517321,0.0,1.0
5843,5842,35,1,833,221,2.7104072398190047,0.6181818181818182,0.0876198779424586,0.42938289634560534,0.0,1.0
5844,5843,1,10,21,86,3.8255813953488373,0.0,0.028770706190061033,0.7118786588968259,1.0,0.0
5845,5844,25,3,794,225,4.275555555555556,0.43636363636363634,0.0893635571054926,0.8258660508083142,1.0,0.0
5846,5845,45,16,782,62,4.161290322580645,0.7999999999999999,0.01830863121185702,0.7969203978246293,0.0,1.0
5847,5846,18,4,24,356,4.008426966292135,0.3090909090909091,0.14646904969485616,0.7581970735916135,1.0,0.0
5848,5847,50,20,200,409,3.7114914425427874,0.8909090909090909,0.16957279860505667,0.6829774078612287,0.0,1.0
5849,5848,35,17,971,45,3.977777777777778,0.6181818181818182,0.010897994768962513,0.7504330254041571,0.0,1.0
5850,5849,25,7,782,58,1.8448275862068966,0.43636363636363634,0.01656495204882302,0.21011437843433944,1.0,0.0
5851,5850,18,20,554,162,4.012345679012346,0.3090909090909091,0.061900610287707075,0.7591897613548884,1.0,0.0
5852,5851,25,1,940,332,3.5210843373493974,0.43636363636363634,0.13600697471665216,0.6347435063579955,1.0,0.0
5853,5852,50,19,139,153,3.4052287581699345,0.8909090909090909,0.057977332170880566,0.6053949870941449,0.0,1.0
5854,5853,45,7,331,410,3.4365853658536585,0.7999999999999999,0.1700087183958152,0.6133382386075593,0.0,1.0
5855,5854,50,7,194,51,4.03921568627451,0.8909090909090909,0.013513513513513514,0.7659964678712132,0.0,1.0
5856,5855,25,7,782,64,3.65625,0.43636363636363634,0.01918047079337402,0.6689836532909932,1.0,0.0
5857,5856,45,2,432,200,3.33,0.7999999999999999,0.07846556233653008,0.5863380484988453,1.0,0.0
5858,5857,25,4,10,200,4.07,0.43636363636363634,0.07846556233653008,0.7737947459584298,0.0,1.0
5859,5858,25,7,891,35,4.0,0.43636363636363634,0.006538796861377507,0.7560623556581987,0.0,1.0
5860,5859,25,4,914,79,3.8987341772151898,0.43636363636363634,0.025719267654751524,0.7304097114625662,1.0,0.0
5861,5860,50,1,984,187,3.770053475935829,0.8909090909090909,0.07279860505666957,0.6978123340455226,1.0,0.0
5862,5861,25,9,761,200,4.6,0.43636363636363634,0.07846556233653008,0.9080542725173211,1.0,0.0
5863,5862,25,14,895,21,3.9047619047619047,0.43636363636363634,0.00043591979075850197,0.7319366545694491,1.0,0.0
5864,5863,50,1,280,39,4.205128205128205,0.8909090909090909,0.008282476024411508,0.808025404157044,1.0,0.0
5865,5864,25,17,959,103,3.3300970873786406,0.43636363636363634,0.03618134263295554,0.5863626426601494,0.0,1.0
5866,5865,25,6,61,32,3.875,0.43636363636363634,0.005231037489102006,0.7243973729792148,1.0,0.0
5867,5866,45,3,913,32,3.6875,0.7999999999999999,0.005231037489102006,0.6768998989607391,1.0,0.0
5868,5867,35,14,853,67,4.134328358208955,0.6181818181818182,0.02048823016564952,0.7900903967460617,0.0,1.0
5869,5868,25,7,191,76,3.5789473684210527,0.43636363636363634,0.024411508282476024,0.6494013613710953,1.0,0.0
5870,5869,25,14,981,39,3.9743589743589745,0.43636363636363634,0.008282476024411508,0.7495669745958431,0.0,1.0
5871,5870,25,4,10,100,4.17,0.43636363636363634,0.03487358326068003,0.7991267321016167,1.0,0.0
5872,5871,25,17,612,263,3.3688212927756656,0.43636363636363634,0.10592850915431562,0.596172253005383,0.0,1.0
5873,5872,18,12,100,33,4.242424242424242,0.3090909090909091,0.0056669572798605065,0.817473231156834,0.0,1.0
5874,5873,25,4,10,299,3.5451505016722407,0.43636363636363634,0.12162162162162163,0.6408399437694547,0.0,1.0
5875,5874,25,4,191,138,3.8333333333333335,0.43636363636363634,0.051438535309503056,0.7138423787528869,0.0,1.0
5876,5875,50,7,300,23,3.8260869565217392,0.8909090909090909,0.0013077593722755024,0.7120067275830908,0.0,1.0
5877,5876,18,12,21,22,3.6818181818181817,0.3090909090909091,0.0008718395815170022,0.6754605815662398,0.0,1.0
5878,5877,25,0,606,601,3.632279534109817,0.43636363636363634,0.25326939843068874,0.6629114581932346,1.0,0.0
5879,5878,35,7,21,55,3.7818181818181817,0.6181818181818182,0.015257192676547515,0.7007925677094269,0.0,1.0
5880,5879,25,1,89,748,3.2085561497326203,0.43636363636363634,0.3173496076721883,0.5555739091773598,0.0,1.0
5881,5880,35,17,303,280,3.567857142857143,0.6181818181818182,0.11333914559721012,0.6465919869679975,0.0,1.0
5882,5881,35,7,605,40,3.7,0.6181818181818182,0.008718395815170008,0.6800663972286375,0.0,1.0
5883,5882,18,0,21,26,3.3461538461538463,0.3090909090909091,0.002615518744551003,0.5904301385681294,1.0,0.0
5884,5883,18,4,200,78,3.8846153846153846,0.3090909090909091,0.025283347863993024,0.7268331408775982,0.0,1.0
5885,5884,25,1,969,121,4.082644628099174,0.43636363636363634,0.044027898866608545,0.7769978813963698,0.0,1.0
5886,5885,25,20,21,491,3.2708757637474544,0.43636363636363634,0.20531822144725373,0.5713607051640853,0.0,1.0
5887,5886,35,20,618,82,3.6463414634146343,0.6181818181818182,0.027027027027027032,0.6664736241761957,1.0,0.0
5888,5887,25,20,641,617,3.1831442463533226,0.43636363636363634,0.26024411508282475,0.5491365693345961,0.0,1.0
5889,5888,50,20,60,130,3.9076923076923076,0.8909090909090909,0.047951176983435054,0.7326789838337183,0.0,1.0
5890,5889,35,20,770,329,3.911854103343465,0.6181818181818182,0.13469921534437665,0.7337332493313772,0.0,1.0
5891,5890,18,4,554,78,3.6666666666666665,0.3090909090909091,0.025283347863993024,0.671622401847575,0.0,1.0
5892,5891,45,2,109,114,4.087719298245614,0.7999999999999999,0.04097646033129905,0.7782833961346785,0.0,1.0
5893,5892,25,7,21,148,3.168918918918919,0.43636363636363634,0.05579773321708806,0.5455330113600899,0.0,1.0
5894,5893,35,0,707,115,3.8956521739130436,0.6181818181818182,0.04141238012205754,0.7296289788131339,0.0,1.0
5895,5894,25,1,430,58,3.5,0.43636363636363634,0.01656495204882302,0.6294024249422634,0.0,1.0
5896,5895,25,0,606,208,2.5528846153846154,0.43636363636363634,0.08195292066259809,0.38947928695150125,0.0,1.0
5897,5896,25,20,21,53,3.8867924528301887,0.43636363636363634,0.014385353095030515,0.7273846354961001,0.0,1.0
5898,5897,18,0,21,29,3.7586206896551726,0.3090909090909091,0.003923278116826506,0.6949161822091265,1.0,0.0
5899,5898,35,17,300,21,3.380952380952381,0.6181818181818182,0.00043591979075850197,0.5992452985813264,0.0,1.0
5900,5899,25,7,606,125,3.296,0.43636363636363634,0.045771578029642546,0.5777251732101617,0.0,1.0
5901,5900,35,7,920,30,3.2,0.6181818181818182,0.004359197907585006,0.5534064665127022,1.0,0.0
5902,5901,50,16,770,87,3.632183908045977,0.8909090909090909,0.029206625980819533,0.6628872342119934,0.0,1.0
5903,5902,25,11,68,77,3.7662337662337664,0.43636363636363634,0.024847428073234524,0.6968447257130861,0.0,1.0
5904,5903,45,12,954,20,3.5,0.7999999999999999,0.0,0.6294024249422634,1.0,0.0
5905,5904,35,20,780,152,3.638157894736842,0.6181818181818182,0.05754141238012206,0.6644005636927192,1.0,0.0
5906,5905,18,4,198,124,3.9193548387096775,0.3090909090909091,0.04533565823888405,0.7356333345749834,1.0,0.0
5907,5906,25,2,112,48,3.8541666666666665,0.43636363636363634,0.012205754141238014,0.7191198758660509,0.0,1.0
5908,5907,25,4,197,206,4.121359223300971,0.43636363636363634,0.08108108108108109,0.7868050572882801,0.0,1.0
5909,5908,18,20,913,29,3.2758620689655173,0.3090909090909091,0.003923278116826506,0.572623835310982,0.0,1.0
5910,5909,45,20,100,130,3.7846153846153845,0.7999999999999999,0.047951176983435054,0.7015011547344111,1.0,0.0
5911,5910,25,17,803,171,3.8362573099415203,0.43636363636363634,0.06582388840453357,0.7145830801021028,1.0,0.0
5912,5911,25,1,770,125,3.592,0.43636363636363634,0.045771578029642546,0.6527078521939954,0.0,1.0
5913,5912,18,0,479,77,3.8701298701298703,0.3090909090909091,0.024847428073234524,0.7231636723553584,1.0,0.0
5914,5913,35,2,913,35,3.942857142857143,0.6181818181818182,0.006538796861377507,0.741586935004949,0.0,1.0
5915,5914,18,4,581,286,3.6888111888111887,0.3090909090909091,0.11595466434176112,0.6772320491287005,0.0,1.0
5916,5915,50,20,482,704,3.169034090909091,0.8909090909090909,0.2981691368788143,0.5455621867126811,0.0,1.0
5917,5916,50,1,945,230,3.9304347826086956,0.8909090909090909,0.0915431560592851,0.7384401044281554,1.0,0.0
5918,5917,25,12,551,23,4.217391304347826,0.43636363636363634,0.0013077593722755024,0.8111318907520837,0.0,1.0
5919,5918,18,0,479,32,3.125,0.3090909090909091,0.005231037489102006,0.5344074769053119,0.0,1.0
5920,5919,25,1,54,143,3.923076923076923,0.43636363636363634,0.05361813426329555,0.7365762124711317,1.0,0.0
5921,5920,25,6,151,46,3.4347826086956523,0.43636363636363634,0.011333914559721013,0.6128815644140979,0.0,1.0
5922,5921,56,3,945,231,3.6103896103896105,0.9999999999999999,0.0919790758500436,0.6573663057496777,0.0,1.0
5923,5922,25,7,54,35,3.8285714285714287,0.43636363636363634,0.006538796861377507,0.7126360936984495,0.0,1.0
5924,5923,35,0,554,154,3.5844155844155843,0.6181818181818182,0.05841325196163906,0.6507865690891095,0.0,1.0
5925,5924,25,0,900,197,3.8527918781725887,0.43636363636363634,0.07715780296425459,0.7187716146352329,1.0,0.0
5926,5925,50,7,657,63,3.761904761904762,0.8909090909090909,0.01874455100261552,0.6957481029363247,1.0,0.0
5927,5926,35,14,100,216,3.6805555555555554,0.6181818181818182,0.08544027898866609,0.675140733256351,0.0,1.0
5928,5927,45,1,147,48,3.4583333333333335,0.7999999999999999,0.012205754141238014,0.6188474307159354,0.0,1.0
5929,5928,35,0,336,108,3.425925925925926,0.6181818181818182,0.038360941586748035,0.6106379907621248,1.0,0.0
5930,5929,35,17,786,94,4.361702127659575,0.6181818181818182,0.03225806451612903,0.8476886885165349,1.0,0.0
5931,5930,18,7,941,77,3.5584415584415585,0.3090909090909091,0.024847428073234524,0.6442068324285415,1.0,0.0
5932,5931,18,14,900,24,3.3333333333333335,0.3090909090909091,0.0017436791630340027,0.5871824480369516,0.0,1.0
5933,5932,25,2,982,41,4.2439024390243905,0.43636363636363634,0.009154315605928512,0.8178476877147525,0.0,1.0
5934,5933,25,14,770,30,4.0,0.43636363636363634,0.004359197907585006,0.7560623556581987,0.0,1.0
5935,5934,18,0,351,36,3.5833333333333335,0.3090909090909091,0.006974716652136007,0.6505124133949193,0.0,1.0
5936,5935,18,4,371,36,4.611111111111111,0.3090909090909091,0.006974716652136007,0.9108689376443417,0.0,1.0
5937,5936,25,12,606,102,3.3333333333333335,0.43636363636363634,0.03574542284219703,0.5871824480369516,0.0,1.0
5938,5937,25,1,354,190,3.9105263157894736,0.43636363636363634,0.07410636442894508,0.7333968943721891,0.0,1.0
5939,5938,45,15,770,111,4.045045045045045,0.7999999999999999,0.03966870095902354,0.7674731602272018,1.0,0.0
5940,5939,50,12,30,46,3.239130434782609,0.8909090909090909,0.011333914559721013,0.5633189828296015,0.0,1.0
5941,5940,25,0,606,32,3.8125,0.43636363636363634,0.005231037489102006,0.708564881639723,1.0,0.0
5942,5941,45,1,18,174,4.028735632183908,0.7999999999999999,0.06713164777680908,0.7633416620211835,0.0,1.0
5943,5942,45,1,198,65,4.076923076923077,0.7999999999999999,0.01961639058413252,0.7755484988452657,1.0,0.0
5944,5943,18,10,276,30,2.2,0.3090909090909091,0.004359197907585006,0.3000866050808315,1.0,0.0
5945,5944,35,2,352,34,4.176470588235294,0.6181818181818182,0.006102877070619007,0.8007658606167642,1.0,0.0
5946,5945,56,1,554,93,3.752688172043011,0.9999999999999999,0.03182214472537054,0.6934133576696716,1.0,0.0
5947,5946,45,16,972,142,2.971830985915493,0.7999999999999999,0.05318221447253706,0.49560672348176826,1.0,0.0
5948,5947,56,13,121,398,4.231155778894473,0.9999999999999999,0.1647776809067132,0.8146187055369227,0.0,1.0
5949,5948,18,17,479,181,3.4972375690607733,0.3090909090909091,0.07018308631211857,0.6287026463195233,0.0,1.0
5950,5949,25,4,197,435,3.0206896551724136,0.43636363636363634,0.1809067131647777,0.507983594807677,0.0,1.0
5951,5950,18,4,770,53,3.9622641509433962,0.3090909090909091,0.014385353095030515,0.7465031156041659,0.0,1.0
5952,5951,45,1,782,129,4.325581395348837,0.7999999999999999,0.04751525719267655,0.8385385896127611,1.0,0.0
5953,5952,1,10,210,91,3.978021978021978,0.0,0.030950305143853534,0.7504948861761795,0.0,1.0
5954,5953,45,11,708,1000,3.29,0.7999999999999999,0.4272013949433304,0.5762052540415705,0.0,1.0
5955,5954,25,7,349,378,3.6084656084656084,0.43636363636363634,0.15605928509154315,0.6568789178488947,1.0,0.0
5956,5955,18,4,21,293,3.358361774744027,0.3090909090909091,0.11900610287707064,0.5935226493469642,1.0,0.0
5957,5956,18,20,20,239,3.518828451882845,0.3090909090909091,0.0954664341761116,0.6341720457642023,0.0,1.0
5958,5957,45,14,943,112,3.875,0.7999999999999999,0.04010462074978205,0.7243973729792148,0.0,1.0
5959,5958,18,4,148,70,2.7857142857142856,0.3090909090909091,0.021795989537925022,0.4484596667766414,1.0,0.0
5960,5959,45,0,704,190,3.8210526315789473,0.7999999999999999,0.07410636442894508,0.7107314330861797,1.0,0.0
5961,5960,45,0,787,308,3.061688311688312,0.7999999999999999,0.12554489973844812,0.5183693687951771,1.0,0.0
5962,5961,35,7,802,25,4.48,0.6181818181818182,0.002179598953792503,0.8776558891454966,0.0,1.0
5963,5962,25,15,21,187,3.5294117647058822,0.43636363636363634,0.07279860505666957,0.6368530091020242,0.0,1.0
5964,5963,18,5,972,549,3.77959927140255,0.3090909090909091,0.23060156931124676,0.7002304736304092,0.0,1.0
5965,5964,25,17,774,38,3.289473684210526,0.43636363636363634,0.007846556233653008,0.5760719277987115,0.0,1.0
5966,5965,35,9,100,65,3.292307692307692,0.6181818181818182,0.01961639058413252,0.5767898383371824,1.0,0.0
5967,5966,50,16,730,22,3.772727272727273,0.8909090909090909,0.0008718395815170022,0.6984896598782281,0.0,1.0
5968,5967,56,7,981,33,4.363636363636363,0.9999999999999999,0.0056669572798605065,0.8481786689061517,0.0,1.0
5969,5968,45,13,777,91,3.5164835164835164,0.7999999999999999,0.030950305143853534,0.6335780270537776,0.0,1.0
5970,5969,35,11,554,45,3.8444444444444446,0.6181818181818182,0.010897994768962513,0.7166570438799077,0.0,1.0
5971,5970,35,7,495,163,3.558282208588957,0.6181818181818182,0.06233653007846557,0.6441664659459613,0.0,1.0
5972,5971,25,20,554,437,3.711670480549199,0.43636363636363634,0.1817785527462947,0.6830227617442038,1.0,0.0
5973,5972,1,10,547,36,4.388888888888889,0.0,0.006974716652136007,0.8545756351039262,0.0,1.0
5974,5973,25,1,323,233,3.4334763948497855,0.43636363636363634,0.0928509154315606,0.6125506745036625,1.0,0.0
5975,5974,25,14,551,54,3.9074074074074074,0.43636363636363634,0.014821272885789015,0.7326068129330254,0.0,1.0
5976,5975,25,1,265,126,3.4047619047619047,0.43636363636363634,0.04620749782040105,0.6052767238535137,1.0,0.0
5977,5976,35,1,900,51,4.098039215686274,0.6181818181818182,0.013513513513513514,0.7808976361907349,0.0,1.0
5978,5977,35,1,493,399,3.1979949874686717,0.6181818181818182,0.16521360069747168,0.5528985570160969,0.0,1.0
5979,5978,25,1,432,33,3.727272727272727,0.43636363636363634,0.0056669572798605065,0.6869751207222339,0.0,1.0
5980,5979,56,1,425,212,3.6320754716981134,0.9999999999999999,0.08369659982563209,0.6628597651313783,0.0,1.0
5981,5980,35,7,17,280,3.617857142857143,0.6181818181818182,0.11333914559721012,0.6592579800395909,0.0,1.0
5982,5981,35,1,560,127,3.9291338582677167,0.6181818181818182,0.046643417611159546,0.7381105544543654,0.0,1.0
5983,5982,25,3,292,28,4.107142857142857,0.43636363636363634,0.0034873583260680054,0.7832037693830418,0.0,1.0
5984,5983,25,1,606,30,4.7,0.43636363636363634,0.004359197907585006,0.9333862586605082,0.0,1.0
5985,5984,18,4,787,99,3.727272727272727,0.3090909090909091,0.03443766346992154,0.6869751207222339,1.0,0.0
5986,5985,56,1,10,120,4.441666666666666,0.9999999999999999,0.04359197907585005,0.8679452944572748,1.0,0.0
5987,5986,25,16,100,59,3.389830508474576,0.43636363636363634,0.01700087183958152,0.6014943046150233,0.0,1.0
5988,5987,25,15,940,79,3.2278481012658227,0.43636363636363634,0.025719267654751524,0.560460943666501,0.0,1.0
5989,5988,1,10,741,77,3.9740259740259742,0.0,0.024847428073234524,0.7494826189976307,1.0,0.0
5990,5989,25,20,900,286,3.444055944055944,0.43636363636363634,0.11595466434176112,0.6152306844425783,1.0,0.0
5991,5990,35,20,940,85,3.588235294117647,0.6181818181818182,0.028334786399302533,0.6517541774215461,1.0,0.0
5992,5991,18,4,210,67,3.4776119402985075,0.3090909090909091,0.02048823016564952,0.6237310847609528,1.0,0.0
5993,5992,50,20,500,30,3.566666666666667,0.8909090909090909,0.004359197907585006,0.646290415704388,1.0,0.0
5994,5993,35,1,325,78,4.32051282051282,0.6181818181818182,0.025283347863993024,0.8372546189376444,0.0,1.0
5995,5994,35,1,146,186,3.956989247311828,0.6181818181818182,0.07236268526591108,0.7451668777471505,1.0,0.0
5996,5995,25,0,871,591,3.8104906937394247,0.43636363636363634,0.24891020052310378,0.7080558844562198,1.0,0.0
5997,5996,25,7,100,57,4.4035087719298245,0.43636363636363634,0.01612903225806452,0.8582791418500062,1.0,0.0
5998,5997,18,4,618,158,3.2721518987341773,0.3090909090909091,0.06015693112467306,0.5716839755020903,0.0,1.0
5999,5998,25,1,554,27,4.111111111111111,0.43636363636363634,0.0030514385353095034,0.7842090069284064,1.0,0.0
6000,5999,45,17,300,506,3.2450592885375493,0.7999999999999999,0.2118570183086312,0.5648208792412528,0.0,1.0
6001,6000,25,7,941,234,3.594017094017094,0.43636363636363634,0.0932868352223191,0.6532188221709008,1.0,0.0
6002,6001,50,0,432,335,4.071641791044776,0.8909090909090909,0.13731473408892764,0.7742106442383923,0.0,1.0
6003,6002,45,17,787,254,4.106299212598425,0.7999999999999999,0.10200523103748911,0.7829900574639486,1.0,0.0
6004,6003,25,15,284,57,3.3859649122807016,0.43636363636363634,0.01612903225806452,0.6005150723228394,1.0,0.0
6005,6004,25,5,284,88,3.6704545454545454,0.43636363636363634,0.029642545771578033,0.6725819467772413,1.0,0.0
6006,6005,1,0,10,124,3.161290322580645,0.0,0.04533565823888405,0.5436005363927587,1.0,0.0
6007,6006,35,17,805,326,3.1533742331288344,0.6181818181818182,0.13339145597210114,0.5415952337097437,0.0,1.0
6008,6007,18,4,787,35,3.5714285714285716,0.3090909090909091,0.006538796861377507,0.6474967007588256,0.0,1.0
6009,6008,25,12,605,64,3.34375,0.43636363636363634,0.01918047079337402,0.5898211965935335,1.0,0.0
6010,6009,35,0,796,317,3.971608832807571,0.6181818181818182,0.12946817785527465,0.7488703091191236,0.0,1.0
6011,6010,35,15,805,197,3.969543147208122,0.6181818181818182,0.07715780296425459,0.7483470299293093,0.0,1.0
6012,6011,35,15,28,23,3.0,0.6181818181818182,0.0013077593722755024,0.502742494226328,0.0,1.0
6013,6012,25,20,323,124,4.080645161290323,0.43636363636363634,0.04533565823888405,0.7764913767414141,1.0,0.0
6014,6013,45,1,806,106,3.8867924528301887,0.7999999999999999,0.037489102005231034,0.7273846354961001,0.0,1.0
6015,6014,25,9,800,57,3.754385964912281,0.43636363636363634,0.01612903225806452,0.693843442324055,1.0,0.0
6016,6015,45,1,372,909,3.189218921892189,0.7999999999999999,0.3875326939843069,0.5506754053003453,0.0,1.0
6017,6016,35,7,211,33,3.515151515151515,0.6181818181818182,0.0056669572798605065,0.633240604660928,1.0,0.0
6018,6017,35,1,489,159,3.591194968553459,0.6181818181818182,0.06059285091543157,0.6525039217395093,0.0,1.0
6019,6018,25,0,100,89,3.460674157303371,0.43636363636363634,0.030078465562336534,0.6194404079196617,0.0,1.0
6020,6019,50,16,100,43,4.395348837209302,0.8909090909090909,0.010026155187445512,0.8562120683173102,0.0,1.0
6021,6020,25,12,88,132,3.5,0.43636363636363634,0.048823016564952054,0.6294024249422634,0.0,1.0
6022,6021,25,17,570,48,3.8541666666666665,0.43636363636363634,0.012205754141238014,0.7191198758660509,0.0,1.0
6023,6022,25,0,432,147,3.687074829931973,0.43636363636363634,0.055361813426329565,0.6767921949380215,0.0,1.0
6024,6023,25,12,537,95,4.126315789473685,0.43636363636363634,0.03269398430688754,0.7880606539443298,0.0,1.0
6025,6024,25,1,326,271,3.302583025830258,0.43636363636363634,0.10941586748038362,0.5793927844012852,1.0,0.0
6026,6025,35,6,112,81,3.617283950617284,0.6181818181818182,0.026591107236268532,0.6591127790608161,0.0,1.0
6027,6026,18,4,207,36,4.25,0.3090909090909091,0.006974716652136007,0.8193923210161664,0.0,1.0
6028,6027,18,4,941,47,3.4468085106382977,0.3090909090909091,0.011769834350479513,0.615927964227802,0.0,1.0
6029,6028,25,1,231,31,3.903225806451613,0.43636363636363634,0.004795117698343506,0.7315475303583403,1.0,0.0
6030,6029,25,17,326,115,3.9391304347826086,0.43636363636363634,0.04141238012205754,0.7406428858319108,0.0,1.0
6031,6030,18,0,451,51,3.6666666666666665,0.3090909090909091,0.013513513513513514,0.671622401847575,1.0,0.0
6032,6031,45,7,551,104,4.134615384615385,0.7999999999999999,0.036617262423714034,0.7901631062355661,0.0,1.0
6033,6032,50,13,782,60,3.85,0.8909090909090909,0.01743679163034002,0.7180643764434181,0.0,1.0
6034,6033,25,14,941,21,4.095238095238095,0.43636363636363634,0.00043591979075850197,0.7801880567469481,0.0,1.0
6035,6034,25,1,787,280,2.6107142857142858,0.43636363636363634,0.11333914559721012,0.4041286910260641,1.0,0.0
6036,6035,25,15,326,888,3.3029279279279278,0.43636363636363634,0.37837837837837834,0.5794801549528744,1.0,0.0
6037,6036,45,1,760,202,3.717821782178218,0.7999999999999999,0.07933740191804708,0.6845810086204926,1.0,0.0
6038,6037,56,1,147,20,3.8,0.9999999999999999,0.0,0.7053983833718245,1.0,0.0
6039,6038,45,0,10,123,3.8780487804878048,0.7999999999999999,0.044899738448125545,0.7251696896299218,1.0,0.0
6040,6039,25,6,111,341,3.5777126099706744,0.43636363636363634,0.13993025283347865,0.6490885725315436,0.0,1.0
