movie_id,item_idx,title,release_year,interaction_count,mean_rating,release_year_scaled,interaction_count_scaled,mean_rating_scaled,genre_action,genre_adventure,genre_animation,genre_childrens,genre_comedy,genre_crime,genre_documentary,genre_drama,genre_fantasy,genre_film_noir,genre_horror,genre_musical,genre_mystery,genre_romance,genre_sci_fi,genre_thriller,genre_war,genre_western
1,0,Toy Story (1995),1995.0,2077,4.146846413095811,0.9382716049382722,0.6057776480887073,0.7867116032739527,0,0,1,1,1,0,0,0,0,0,0,0,0,0,0,0,0,0
2,1,Jumanji (1995),1995.0,701,3.20114122681883,0.9382716049382722,0.20426028596440035,0.5502853067047075,0,1,0,1,0,0,0,0,1,0,0,0,0,0,0,0,0,0
3,2,Grumpier Old Men (1995),1995.0,478,3.01673640167364,0.9382716049382722,0.13918879486431282,0.50418410041841,0,0,0,0,1,0,0,0,0,0,0,0,0,1,0,0,0,0
4,3,Waiting to Exhale (1995),1995.0,170,2.7294117647058824,0.9382716049382722,0.04931426903997665,0.4323529411764706,0,0,0,0,1,0,0,1,0,0,0,0,0,0,0,0,0,0
5,4,Father of the Bride Part II (1995),1995.0,296,3.0067567567567566,0.9382716049382722,0.08608112051356871,0.5016891891891891,0,0,0,0,1,0,0,0,0,0,0,0,0,0,0,0,0,0
6,5,Heat (1995),1995.0,940,3.8787234042553194,0.9382716049382722,0.274000583600817,0.7196808510638298,1,0,0,0,0,1,0,0,0,0,0,0,0,0,0,1,0,0
7,6,Sabrina (1995),1995.0,458,3.410480349344978,0.9382716049382722,0.13335278669390138,0.6026200873362445,0,0,0,0,1,0,0,0,0,0,0,0,0,1,0,0,0,0
8,7,Tom and Huck (1995),1995.0,68,3.014705882352941,0.9382716049382722,0.019550627370878315,0.5036764705882353,0,1,0,1,0,0,0,0,0,0,0,0,0,0,0,0,0,0
9,8,Sudden Death (1995),1995.0,102,2.656862745098039,0.9382716049382722,0.029471841260577763,0.4142156862745098,1,0,0,0,0,0,0,0,0,0,0,0,0,0,0,0,0,0
10,9,GoldenEye (1995),1995.0,888,3.5405405405405403,0.9382716049382722,0.25882696235774727,0.6351351351351351,1,1,0,0,0,0,0,0,0,0,0,0,0,0,0,1,0,0
11,10,"American President, The (1995)",1995.0,1033,3.7938044530493706,0.9382716049382722,0.3011380215932302,0.6984511132623427,0,0,0,0,1,0,0,1,0,0,0,0,0,1,0,0,0,0
12,11,Dracula: Dead and Loving It (1995),1995.0,160,2.3625,0.9382716049382722,0.046396264954770935,0.34062499999999996,0,0,0,0,1,0,0,0,0,0,1,0,0,0,0,0,0,0
13,12,Balto (1995),1995.0,99,3.2626262626262625,0.9382716049382722,0.028596440035016046,0.5656565656565656,0,0,1,1,0,0,0,0,0,0,0,0,0,0,0,0,0,0
14,13,Nixon (1995),1995.0,153,3.542483660130719,0.9382716049382722,0.04435366209512693,0.6356209150326797,0,0,0,0,0,0,0,1,0,0,0,0,0,0,0,0,0,0
15,14,Cutthroat Island (1995),1995.0,146,2.458904109589041,0.9382716049382722,0.04231105923548292,0.36472602739726023,1,1,0,0,0,0,0,0,0,0,0,0,0,1,0,0,0,0
16,15,Casino (1995),1995.0,682,3.7932551319648096,0.9382716049382722,0.19871607820250947,0.6983137829912024,0,0,0,0,0,0,0,1,0,0,0,0,0,0,0,1,0,0
17,16,Sense and Sensibility (1995),1995.0,835,4.027544910179641,0.9382716049382722,0.24336154070615698,0.7568862275449102,0,0,0,0,0,0,0,1,0,0,0,0,0,1,0,0,0,0
18,17,Four Rooms (1995),1995.0,157,3.337579617834395,0.9382716049382722,0.045520863729209216,0.5843949044585988,0,0,0,0,0,0,0,0,0,0,0,0,0,0,0,1,0,0
19,18,Ace Ventura: When Nature Calls (1995),1995.0,389,2.480719794344473,0.9382716049382722,0.11321855850598189,0.37017994858611825,0,0,0,0,1,0,0,0,0,0,0,0,0,0,0,0,0,0
20,19,Money Train (1995),1995.0,160,2.5375,0.9382716049382722,0.046396264954770935,0.384375,1,0,0,0,0,0,0,0,0,0,0,0,0,0,0,0,0,0
21,20,Get Shorty (1995),1995.0,1356,3.6238938053097347,0.9382716049382722,0.39538955354537497,0.6559734513274337,1,0,0,0,1,0,0,1,0,0,0,0,0,0,0,0,0,0
22,21,Copycat (1995),1995.0,378,3.3492063492063493,0.9382716049382722,0.11000875401225561,0.5873015873015873,0,0,0,0,0,1,0,1,0,0,0,0,0,0,0,1,0,0
23,22,Assassins (1995),1995.0,126,2.857142857142857,0.9382716049382722,0.036475051065071484,0.4642857142857143,0,0,0,0,0,0,0,0,0,0,0,0,0,0,0,1,0,0
24,23,Powder (1995),1995.0,624,3.1794871794871793,0.9382716049382722,0.1817916545083163,0.5448717948717948,0,0,0,0,0,0,0,1,0,0,0,0,0,0,1,0,0,0
25,24,Leaving Las Vegas (1995),1995.0,980,3.6510204081632653,0.9382716049382722,0.2856725999416399,0.6627551020408163,0,0,0,0,0,0,0,1,0,0,0,0,0,1,0,0,0,0
26,25,Othello (1995),1995.0,100,3.53,0.9382716049382722,0.028888240443536616,0.6325,0,0,0,0,0,0,0,1,0,0,0,0,0,0,0,0,0,0
27,26,Now and Then (1995),1995.0,61,2.9344262295081966,0.9382716049382722,0.017508024511234312,0.48360655737704916,0,0,0,0,0,0,0,1,0,0,0,0,0,0,0,0,0,0
28,27,Persuasion (1995),1995.0,179,4.055865921787709,0.9382716049382722,0.0519404727166618,0.7639664804469273,0,0,0,0,0,0,0,0,0,0,0,0,0,1,0,0,0,0
29,28,"City of Lost Children, The (1995)",1995.0,403,4.062034739454094,0.9382716049382722,0.1173037642252699,0.7655086848635235,0,1,0,0,0,0,0,0,0,0,0,0,0,0,1,0,0,0
30,29,Shanghai Triad (Yao a yao yao dao waipo qiao) (1995),1995.0,74,3.6486486486486487,0.9382716049382722,0.021301429822001748,0.6621621621621622,0,0,0,0,0,0,0,1,0,0,0,0,0,0,0,0,0,0
31,30,Dangerous Minds (1995),1995.0,141,3.1134751773049647,0.9382716049382722,0.04085205719288006,0.5283687943262412,0,0,0,0,0,0,0,1,0,0,0,0,0,0,0,0,0,0
32,31,Twelve Monkeys (1995),1995.0,1511,3.945731303772336,0.9382716049382722,0.4406186168660636,0.736432825943084,0,0,0,0,0,0,0,1,0,0,0,0,0,0,1,0,0,0
33,32,Wings of Courage (1995),1995.0,4,3.0,0.9382716049382722,0.0008754012255617157,0.5,0,1,0,0,0,0,0,0,0,0,0,0,0,1,0,0,0,0
34,33,Babe (1995),1995.0,1751,3.8914905768132497,0.9382716049382722,0.5106507149110008,0.7228726442033124,0,0,0,1,1,0,0,1,0,0,0,0,0,0,0,0,0,0
35,34,Carrington (1995),1995.0,70,3.3142857142857145,0.9382716049382722,0.020134228187919462,0.5785714285714286,0,0,0,0,0,0,0,1,0,0,0,0,0,1,0,0,0,0
36,35,Dead Man Walking (1995),1995.0,928,3.9579741379310347,0.9382716049382722,0.27049897869857015,0.7394935344827587,0,0,0,0,0,0,0,1,0,0,0,0,0,0,0,0,0,0
37,36,Across the Sea of Time (1995),1995.0,8,3.5,0.9382716049382722,0.0020426028596440032,0.625,0,0,0,0,0,0,1,0,0,0,0,0,0,0,0,0,0,0
38,37,It Takes Two (1995),1995.0,28,2.8214285714285716,0.9382716049382722,0.007878611030055441,0.4553571428571429,0,0,0,0,1,0,0,0,0,0,0,0,0,0,0,0,0,0
39,38,Clueless (1995),1995.0,1362,3.6233480176211454,0.9382716049382722,0.3971403559964984,0.6558370044052864,0,0,0,0,1,0,0,0,0,0,0,0,0,1,0,0,0,0
40,39,"Cry, the Beloved Country (1995)",1995.0,30,3.933333333333333,0.9382716049382722,0.008462211847096586,0.7333333333333333,0,0,0,0,0,0,0,1,0,0,0,0,0,0,0,0,0,0
41,40,Richard III (1995),1995.0,242,3.958677685950413,0.9382716049382722,0.07032389845345782,0.7396694214876033,0,0,0,0,0,0,0,1,0,0,0,0,0,0,0,0,1,0
42,41,Dead Presidents (1995),1995.0,221,2.8687782805429864,0.9382716049382722,0.06419608987452582,0.4671945701357466,1,0,0,0,0,1,0,1,0,0,0,0,0,0,0,0,0,0
43,42,Restoration (1995),1995.0,166,3.4457831325301207,0.9382716049382722,0.04814706740589436,0.6114457831325302,0,0,0,0,0,0,0,1,0,0,0,0,0,0,0,0,0,0
44,43,Mortal Kombat (1995),1995.0,311,2.787781350482315,0.9382716049382722,0.09045812664137728,0.44694533762057875,1,1,0,0,0,0,0,0,0,0,0,0,0,0,0,0,0,0
45,44,To Die For (1995),1995.0,544,3.4246323529411766,0.9382716049382722,0.15844762182667055,0.6061580882352942,0,0,0,0,1,0,0,1,0,0,0,0,0,0,0,0,0,0
46,45,How to Make an American Quilt (1995),1995.0,166,3.108433734939759,0.9382716049382722,0.04814706740589436,0.5271084337349398,0,0,0,0,0,0,0,1,0,0,0,0,0,1,0,0,0,0
47,46,Seven (Se7en) (1995),1995.0,1137,4.106420404573439,0.9382716049382722,0.3314852640793697,0.7766051011433597,0,0,0,0,0,1,0,0,0,0,0,0,0,0,0,1,0,0
48,47,Pocahontas (1995),1995.0,382,2.9764397905759163,0.9382716049382722,0.11117595564633789,0.4941099476439791,0,0,1,1,0,0,0,0,0,0,0,1,0,1,0,0,0,0
49,48,When Night Is Falling (1995),1995.0,27,3.740740740740741,0.9382716049382722,0.00758681062153487,0.6851851851851852,0,0,0,0,0,0,0,1,0,0,0,0,0,1,0,0,0,0
50,49,"Usual Suspects, The (1995)",1995.0,1783,4.517106001121705,0.9382716049382722,0.5199883279836591,0.8792765002804261,0,0,0,0,0,1,0,0,0,0,0,0,0,0,0,1,0,0
52,50,Mighty Aphrodite (1995),1995.0,431,3.640371229698376,0.9382716049382722,0.12547417566384594,0.660092807424594,0,0,0,0,1,0,0,0,0,0,0,0,0,0,0,0,0,0
53,51,Lamerica (1994),1994.0,8,4.75,0.9259259259259238,0.0020426028596440032,0.9375,0,0,0,0,0,0,0,1,0,0,0,0,0,0,0,0,0,0
54,52,"Big Green, The (1995)",1995.0,41,2.5609756097560976,0.9382716049382722,0.011672016340822877,0.3902439024390244,0,0,0,1,1,0,0,0,0,0,0,0,0,0,0,0,0,0
55,53,Georgia (1995),1995.0,45,3.066666666666667,0.9382716049382722,0.012839217974905164,0.5166666666666667,0,0,0,0,0,0,0,1,0,0,0,0,0,0,0,0,0,0
56,54,Kids of the Round Table (1995),1995.0,9,2.0,0.9382716049382722,0.0023344032681645753,0.25,0,1,0,1,0,0,0,0,1,0,0,0,0,0,0,0,0,0
57,55,Home for the Holidays (1995),1995.0,99,3.404040404040404,0.9382716049382722,0.028596440035016046,0.601010101010101,0,0,0,0,0,0,0,1,0,0,0,0,0,0,0,0,0,0
58,56,"Postino, Il (The Postman) (1994)",1994.0,501,4.093812375249501,0.9259259259259238,0.14590020426028597,0.7734530938123751,0,0,0,0,0,0,0,1,0,0,0,0,0,1,0,0,0,0
59,57,"Confessional, The (Le Confessionnal) (1995)",1995.0,8,2.75,0.9382716049382722,0.0020426028596440032,0.4375,0,0,0,0,0,0,0,1,0,0,0,0,1,0,0,0,0,0
60,58,"Indian in the Cupboard, The (1995)",1995.0,357,3.212885154061625,0.9382716049382722,0.1038809454333236,0.5532212885154062,0,1,0,1,0,0,0,0,1,0,0,0,0,0,0,0,0,0
61,59,Eye for an Eye (1996),1996.0,67,3.0,0.9506172839506171,0.019258826962357745,0.5,0,0,0,0,0,0,0,1,0,0,0,0,0,0,0,1,0,0
62,60,Mr. Holland's Opus (1995),1995.0,541,3.6968576709796674,0.9382716049382722,0.15757222060110884,0.6742144177449169,0,0,0,0,0,0,0,1,0,0,0,0,0,0,0,0,0,0
63,61,Don't Be a Menace to South Central While Drinking Your Juice in the Hood (1996),1996.0,111,2.855855855855856,0.9506172839506171,0.032098044937262905,0.463963963963964,0,0,0,0,1,0,0,0,0,0,0,0,0,0,0,0,0,0
64,62,Two if by Sea (1996),1996.0,79,2.2658227848101267,0.9506172839506171,0.022760431864604608,0.31645569620253167,0,0,0,0,1,0,0,0,0,0,0,0,0,1,0,0,0,0
65,63,Bio-Dome (1996),1996.0,143,2.062937062937063,0.9506172839506171,0.04143565800992121,0.26573426573426573,0,0,0,0,1,0,0,0,0,0,0,0,0,0,0,0,0,0
66,64,Lawnmower Man 2: Beyond Cyberspace (1996),1996.0,97,1.6701030927835052,0.9506172839506171,0.028012839217974903,0.1675257731958763,0,0,0,0,0,0,0,0,0,0,0,0,0,0,1,1,0,0
67,65,Two Bits (1995),1995.0,4,3.25,0.9382716049382722,0.0008754012255617157,0.5625,0,0,0,0,0,0,0,1,0,0,0,0,0,0,0,0,0,0
68,66,French Twist (Gazon maudit) (1995),1995.0,60,3.45,0.9382716049382722,0.017216224102713742,0.6125,0,0,0,0,1,0,0,0,0,0,0,0,0,1,0,0,0,0
69,67,Friday (1995),1995.0,319,3.6551724137931036,0.9382716049382722,0.09279252990954187,0.6637931034482759,0,0,0,0,1,0,0,0,0,0,0,0,0,0,0,0,0,0
70,68,From Dusk Till Dawn (1996),1996.0,914,3.1564551422319473,0.9506172839506171,0.26641377297928215,0.5391137855579868,1,0,0,0,1,1,0,0,0,0,1,0,0,0,0,1,0,0
71,69,Fair Game (1995),1995.0,96,2.1041666666666665,0.9382716049382722,0.02772103880945433,0.27604166666666663,1,0,0,0,0,0,0,0,0,0,0,0,0,0,0,0,0,0
72,70,Kicking and Screaming (1995),1995.0,93,3.6344086021505375,0.9382716049382722,0.026845637583892613,0.6586021505376344,0,0,0,0,1,0,0,1,0,0,0,0,0,0,0,0,0,0
73,71,"Misérables, Les (1995)",1995.0,224,3.8169642857142856,0.9382716049382722,0.06507149110008753,0.7042410714285714,0,0,0,0,0,0,0,1,0,0,0,1,0,0,0,0,0,0
74,72,Bed of Roses (1996),1996.0,120,2.975,0.9506172839506171,0.03472424861394806,0.49375,0,0,0,0,0,0,0,1,0,0,0,0,0,1,0,0,0,0
75,73,Big Bully (1996),1996.0,12,1.9166666666666667,0.9506172839506171,0.003209804493726291,0.22916666666666669,0,0,0,0,1,0,0,1,0,0,0,0,0,0,0,0,0,0
76,74,Screamers (1995),1995.0,178,2.853932584269663,0.9382716049382722,0.05164867230814123,0.4634831460674157,0,0,0,0,0,0,0,0,0,0,0,0,0,0,1,1,0,0
77,75,Nico Icon (1995),1995.0,34,3.764705882352941,0.9382716049382722,0.009629413481178873,0.6911764705882353,0,0,0,0,0,0,1,0,0,0,0,0,0,0,0,0,0,0
78,76,"Crossing Guard, The (1995)",1995.0,50,3.26,0.9382716049382722,0.014298220017508023,0.565,0,0,0,0,0,0,0,1,0,0,0,0,0,0,0,0,0,0
79,77,"Juror, The (1996)",1996.0,114,2.6052631578947367,0.9506172839506171,0.032973446162824625,0.4013157894736842,0,0,0,0,0,0,0,1,0,0,0,0,0,0,0,1,0,0
80,78,"White Balloon, The (Badkonake Sefid ) (1995)",1995.0,52,3.826923076923077,0.9382716049382722,0.014881820834549168,0.7067307692307693,0,0,0,0,0,0,0,1,0,0,0,0,0,0,0,0,0,0
81,79,Things to Do in Denver when You're Dead (1995),1995.0,166,3.1626506024096384,0.9382716049382722,0.04814706740589436,0.5406626506024096,0,0,0,0,0,1,0,1,0,0,0,0,0,1,0,0,0,0
82,80,Antonia's Line (Antonia) (1995),1995.0,89,3.8764044943820224,0.9382716049382722,0.025678435949810327,0.7191011235955056,0,0,0,0,0,0,0,1,0,0,0,0,0,0,0,0,0,0
83,81,Once Upon a Time... When We Were Colored (1995),1995.0,33,3.696969696969697,0.9382716049382722,0.009337613072658301,0.6742424242424242,0,0,0,0,0,0,0,1,0,0,0,0,0,0,0,0,0,0
84,82,Last Summer in the Hamptons (1995),1995.0,21,3.0952380952380953,0.9382716049382722,0.005836008170411439,0.5238095238095238,0,0,0,0,1,0,0,1,0,0,0,0,0,0,0,0,0,0
85,83,Angels and Insects (1995),1995.0,194,3.402061855670103,0.9382716049382722,0.05631747884447038,0.6005154639175257,0,0,0,0,0,0,0,1,0,0,0,0,0,1,0,0,0,0
86,84,White Squall (1996),1996.0,236,3.3940677966101696,0.9506172839506171,0.0685730960023344,0.5985169491525424,0,1,0,0,0,0,0,1,0,0,0,0,0,0,0,0,0,0
87,85,Dunston Checks In (1996),1996.0,76,2.210526315789474,0.9506172839506171,0.02188503063904289,0.3026315789473685,0,0,0,1,1,0,0,0,0,0,0,0,0,0,0,0,0,0
88,86,Black Sheep (1996),1996.0,192,2.9427083333333335,0.9506172839506171,0.05573387802742923,0.48567708333333337,0,0,0,0,1,0,0,0,0,0,0,0,0,0,0,0,0,0
89,87,Nick of Time (1995),1995.0,229,3.074235807860262,0.9382716049382722,0.0665304931426904,0.5185589519650655,1,0,0,0,0,0,0,0,0,0,0,0,0,0,0,1,0,0
90,88,"Journey of August King, The (1995)",1995.0,6,3.6666666666666665,0.9382716049382722,0.0014590020426028597,0.6666666666666666,0,0,0,0,0,0,0,1,0,0,0,0,0,0,0,0,0,0
92,89,Mary Reilly (1996),1996.0,88,2.340909090909091,0.9506172839506171,0.025386635541289754,0.3352272727272727,0,0,0,0,0,0,0,1,0,0,0,0,0,0,0,1,0,0
93,90,Vampire in Brooklyn (1995),1995.0,89,2.235955056179775,0.9382716049382722,0.025678435949810327,0.3089887640449438,0,0,0,0,1,0,0,0,0,0,0,0,0,1,0,0,0,0
94,91,Beautiful Girls (1996),1996.0,182,3.7252747252747254,0.9506172839506171,0.052815873942223514,0.6813186813186813,0,0,0,0,0,0,0,1,0,0,0,0,0,0,0,0,0,0
95,92,Broken Arrow (1996),1996.0,638,2.876175548589342,0.9506172839506171,0.18587686022760433,0.46904388714733547,1,0,0,0,0,0,0,0,0,0,0,0,0,0,0,1,0,0
96,93,In the Bleak Midwinter (1995),1995.0,13,3.923076923076923,0.9382716049382722,0.003501604902246863,0.7307692307692307,0,0,0,0,1,0,0,0,0,0,0,0,0,0,0,0,0,0
97,94,"Hate (Haine, La) (1995)",1995.0,44,3.75,0.9382716049382722,0.012547417566384592,0.6875,0,0,0,0,0,0,0,1,0,0,0,0,0,0,0,0,0,0
98,95,Shopping (1994),1994.0,6,2.0,0.9259259259259238,0.0014590020426028597,0.25,1,0,0,0,0,0,0,0,0,0,0,0,0,0,0,1,0,0
99,96,Heidi Fleiss: Hollywood Madam (1995),1995.0,50,3.46,0.9382716049382722,0.014298220017508023,0.615,0,0,0,0,0,0,1,0,0,0,0,0,0,0,0,0,0,0
100,97,City Hall (1996),1996.0,128,3.0625,0.9506172839506171,0.03705865188211263,0.515625,0,0,0,0,0,0,0,1,0,0,0,0,0,0,0,1,0,0
101,98,Bottle Rocket (1996),1996.0,253,3.869565217391304,0.9506172839506171,0.07353370294718412,0.717391304347826,0,0,0,0,1,0,0,0,0,0,0,0,0,0,0,0,0,0
102,99,Mr. Wrong (1996),1996.0,60,1.8166666666666667,0.9506172839506171,0.017216224102713742,0.20416666666666666,0,0,0,0,1,0,0,0,0,0,0,0,0,0,0,0,0,0
103,100,Unforgettable (1996),1996.0,33,3.212121212121212,0.9506172839506171,0.009337613072658301,0.553030303030303,0,0,0,0,0,0,0,0,0,0,0,0,0,0,0,1,0,0
104,101,Happy Gilmore (1996),1996.0,682,3.526392961876833,0.9506172839506171,0.19871607820250947,0.6315982404692082,0,0,0,0,1,0,0,0,0,0,0,0,0,0,0,0,0,0
105,102,"Bridges of Madison County, The (1995)",1995.0,387,3.2325581395348837,0.9382716049382722,0.11263495768894076,0.5581395348837209,0,0,0,0,0,0,0,1,0,0,0,0,0,1,0,0,0,0
106,103,Nobody Loves Me (Keiner liebt mich) (1994),1994.0,12,3.5833333333333335,0.9259259259259238,0.003209804493726291,0.6458333333333334,0,0,0,0,1,0,0,1,0,0,0,0,0,0,0,0,0,0
107,104,Muppet Treasure Island (1996),1996.0,256,3.1484375,0.9506172839506171,0.07440910417274584,0.537109375,0,1,0,1,1,0,0,0,0,0,0,1,0,0,0,0,0,0
108,105,Catwalk (1995),1995.0,7,2.857142857142857,0.9382716049382722,0.0017508024511234312,0.4642857142857143,0,0,0,0,0,0,1,0,0,0,0,0,0,0,0,0,0,0
110,106,Braveheart (1995),1995.0,2443,4.234957020057307,0.9382716049382722,0.7125765976072366,0.8087392550143266,1,0,0,0,0,0,0,1,0,0,0,0,0,0,0,0,1,0
111,107,Taxi Driver (1976),1976.0,1240,4.183870967741935,0.7037037037037024,0.36154070615698863,0.7959677419354838,0,0,0,0,0,0,0,1,0,0,0,0,0,0,0,1,0,0
112,108,Rumble in the Bronx (1995),1995.0,570,3.443859649122807,0.9382716049382722,0.16603443244820543,0.6109649122807017,1,1,0,0,0,1,0,0,0,0,0,0,0,0,0,0,0,0
113,109,Before and After (1996),1996.0,53,2.981132075471698,0.9506172839506171,0.01517362124306974,0.4952830188679245,0,0,0,0,0,0,0,1,0,0,0,0,1,0,0,0,0,0
114,110,Margaret's Museum (1995),1995.0,11,3.090909090909091,0.9382716049382722,0.002918004085205719,0.5227272727272727,0,0,0,0,0,0,0,1,0,0,0,0,0,0,0,0,0,0
116,111,Anne Frank Remembered (1995),1995.0,41,4.097560975609756,0.9382716049382722,0.011672016340822877,0.774390243902439,0,0,0,0,0,0,1,0,0,0,0,0,0,0,0,0,0,0
117,112,"Young Poisoner's Handbook, The (1995)",1995.0,79,3.632911392405063,0.9382716049382722,0.022760431864604608,0.6582278481012658,0,0,0,0,0,1,0,0,0,0,0,0,0,0,0,0,0,0
118,113,If Lucy Fell (1996),1996.0,68,3.073529411764706,0.9506172839506171,0.019550627370878315,0.5183823529411765,0,0,0,0,1,0,0,0,0,0,0,0,0,1,0,0,0,0
119,114,"Steal Big, Steal Little (1995)",1995.0,13,2.4615384615384617,0.9382716049382722,0.003501604902246863,0.3653846153846154,0,0,0,0,1,0,0,0,0,0,0,0,0,0,0,0,0,0
120,115,Race the Sun (1996),1996.0,3,2.6666666666666665,0.9506172839506171,0.0005836008170411438,0.41666666666666663,0,0,0,0,0,0,0,1,0,0,0,0,0,0,0,0,0,0
121,116,"Boys of St. Vincent, The (1993)",1993.0,37,4.054054054054054,0.913580246913579,0.01050481470674059,0.7635135135135136,0,0,0,0,0,0,0,1,0,0,0,0,0,0,0,0,0,0
122,117,Boomerang (1992),1992.0,194,2.768041237113402,0.9012345679012341,0.05631747884447038,0.4420103092783505,0,0,0,0,1,0,0,0,0,0,0,0,0,1,0,0,0,0
123,118,Chungking Express (1994),1994.0,115,3.869565217391304,0.9259259259259238,0.0332652465713452,0.717391304347826,0,0,0,0,0,0,0,1,0,0,0,0,1,1,0,0,0,0
124,119,"Star Maker, The (Uomo delle stelle, L') (1995)",1995.0,14,3.2142857142857144,0.9382716049382722,0.0037934053107674345,0.5535714285714286,0,0,0,0,0,0,0,1,0,0,0,0,0,0,0,0,0,0
125,120,Flirting With Disaster (1996),1996.0,318,3.8333333333333335,0.9506172839506171,0.0925007295010213,0.7083333333333334,0,0,0,0,1,0,0,0,0,0,0,0,0,0,0,0,0,0
126,121,"NeverEnding Story III, The (1994)",1994.0,99,1.9898989898989898,0.9259259259259238,0.028596440035016046,0.24747474747474746,0,1,0,1,0,0,0,0,1,0,0,0,0,0,0,0,0,0
127,122,"Silence of the Palace, The (Saimt el Qusur) (1994)",1994.0,1,1.0,0.9259259259259238,0.0,0.0,0,0,0,0,0,0,0,1,0,0,0,0,0,0,0,0,0,0
128,123,Jupiter's Wife (1994),1994.0,12,4.333333333333333,0.9259259259259238,0.003209804493726291,0.8333333333333333,0,0,0,0,0,0,1,0,0,0,0,0,0,0,0,0,0,0
129,124,Pie in the Sky (1995),1995.0,13,3.3076923076923075,0.9382716049382722,0.003501604902246863,0.5769230769230769,0,0,0,0,1,0,0,0,0,0,0,0,0,1,0,0,0,0
130,125,Angela (1995),1995.0,2,4.0,0.9382716049382722,0.0002918004085205719,0.75,0,0,0,0,0,0,0,1,0,0,0,0,0,0,0,0,0,0
131,126,Frankie Starlight (1995),1995.0,16,3.0625,0.9382716049382722,0.004377006127808579,0.515625,0,0,0,0,0,0,0,1,0,0,0,0,0,1,0,0,0,0
132,127,Jade (1995),1995.0,91,2.4945054945054945,0.9382716049382722,0.02626203676685147,0.37362637362637363,0,0,0,0,0,0,0,0,0,0,0,0,0,0,0,1,0,0
133,128,Nueba Yol (1995),1995.0,1,1.0,0.9382716049382722,0.0,0.0,0,0,0,0,1,0,0,1,0,0,0,0,0,0,0,0,0,0
134,129,Sonic Outlaws (1995),1995.0,2,4.0,0.9382716049382722,0.0002918004085205719,0.75,0,0,0,0,0,0,1,0,0,0,0,0,0,0,0,0,0,0
135,130,Down Periscope (1996),1996.0,133,2.81203007518797,0.9506172839506171,0.03851765392471549,0.4530075187969925,0,0,0,0,1,0,0,0,0,0,0,0,0,0,0,0,0,0
136,131,From the Journals of Jean Seberg (1995),1995.0,8,3.25,0.9382716049382722,0.0020426028596440032,0.5625,0,0,0,0,0,0,1,0,0,0,0,0,0,0,0,0,0,0
137,132,Man of the Year (1995),1995.0,13,3.0,0.9382716049382722,0.003501604902246863,0.5,0,0,0,0,0,0,1,0,0,0,0,0,0,0,0,0,0,0
138,133,"Neon Bible, The (1995)",1995.0,2,2.5,0.9382716049382722,0.0002918004085205719,0.375,0,0,0,0,0,0,0,1,0,0,0,0,0,0,0,0,0,0
139,134,Target (1995),1995.0,1,4.0,0.9382716049382722,0.0,0.75,1,0,0,0,0,0,0,1,0,0,0,0,0,0,0,0,0,0
140,135,Up Close and Personal (1996),1996.0,139,3.1654676258992804,0.9506172839506171,0.040268456375838924,0.5413669064748201,0,0,0,0,0,0,0,1,0,0,0,0,0,1,0,0,0,0
141,136,"Birdcage, The (1996)",1996.0,682,3.5498533724340176,0.9506172839506171,0.19871607820250947,0.6374633431085044,0,0,0,0,1,0,0,0,0,0,0,0,0,0,0,0,0,0
142,137,Shadows (Cienie) (1988),1988.0,1,1.0,0.8518518518518512,0.0,0.0,0,0,0,0,0,0,0,1,0,0,0,0,0,0,0,0,0,0
144,138,"Brothers McMullen, The (1995)",1995.0,433,3.392609699769053,0.9382716049382722,0.1260577764808871,0.5981524249422633,0,0,0,0,1,0,0,0,0,0,0,0,0,0,0,0,0,0
145,139,Bad Boys (1995),1995.0,362,3.2955801104972378,0.9382716049382722,0.10533994747592645,0.5738950276243094,1,0,0,0,0,0,0,0,0,0,0,0,0,0,0,0,0,0
146,140,"Amazing Panda Adventure, The (1995)",1995.0,18,2.888888888888889,0.9382716049382722,0.004960606944849723,0.4722222222222222,0,1,0,1,0,0,0,0,0,0,0,0,0,0,0,0,0,0
147,141,"Basketball Diaries, The (1995)",1995.0,181,3.541436464088398,0.9382716049382722,0.05252407353370294,0.6353591160220995,0,0,0,0,0,0,0,1,0,0,0,0,0,0,0,0,0,0
148,142,"Awfully Big Adventure, An (1995)",1995.0,23,2.782608695652174,0.9382716049382722,0.006419608987452583,0.44565217391304346,0,0,0,0,0,0,0,1,0,0,0,0,0,0,0,0,0,0
149,143,Amateur (1994),1994.0,47,3.7872340425531914,0.9259259259259238,0.013422818791946308,0.6968085106382979,0,0,0,0,0,1,0,1,0,0,0,0,0,0,0,1,0,0
150,144,Apollo 13 (1995),1995.0,1251,4.073541167066347,0.9382716049382722,0.3647505106507149,0.7683852917665868,0,0,0,0,0,0,0,1,0,0,0,0,0,0,0,0,0,0
151,145,Rob Roy (1995),1995.0,554,3.588447653429603,0.9382716049382722,0.16136562591187628,0.6471119133574007,0,0,0,0,0,0,0,1,0,0,0,0,0,1,0,0,1,0
152,146,"Addiction, The (1995)",1995.0,69,3.0,0.9382716049382722,0.01984242777939889,0.5,0,0,0,0,0,0,0,0,0,0,1,0,0,0,0,0,0,0
153,147,Batman Forever (1995),1995.0,777,2.642213642213642,0.9382716049382722,0.2264371170119638,0.41055341055341055,1,1,0,0,1,1,0,0,0,0,0,0,0,0,0,0,0,0
154,148,Belle de jour (1967),1967.0,168,3.7261904761904763,0.5925925925925917,0.04873066822293551,0.6815476190476191,0,0,0,0,0,0,0,1,0,0,0,0,0,0,0,0,0,0
155,149,Beyond Rangoon (1995),1995.0,87,3.413793103448276,0.9382716049382722,0.025094835132769184,0.603448275862069,0,0,0,0,0,0,0,1,0,0,0,0,0,0,0,0,1,0
156,150,Blue in the Face (1995),1995.0,66,3.5606060606060606,0.9382716049382722,0.018967026553837172,0.6401515151515151,0,0,0,0,1,0,0,0,0,0,0,0,0,0,0,0,0,0
157,151,Canadian Bacon (1994),1994.0,187,2.732620320855615,0.9259259259259238,0.05427487598482637,0.4331550802139037,0,0,0,0,1,0,0,0,0,0,0,0,0,0,0,0,1,0
158,152,Casper (1995),1995.0,259,2.9806949806949805,0.9382716049382722,0.07528450539830756,0.49517374517374513,0,1,0,1,0,0,0,0,0,0,0,0,0,0,0,0,0,0
159,153,Clockers (1995),1995.0,116,3.2844827586206895,0.9382716049382722,0.033557046979865765,0.5711206896551724,0,0,0,0,0,0,0,1,0,0,0,0,0,0,0,0,0,0
160,154,Congo (1995),1995.0,565,2.2389380530973453,0.9382716049382722,0.16457543040560257,0.3097345132743363,1,1,0,0,0,0,0,0,0,0,0,0,1,0,1,0,0,0
161,155,Crimson Tide (1995),1995.0,760,3.723684210526316,0.9382716049382722,0.22147651006711408,0.680921052631579,0,0,0,0,0,0,0,1,0,0,0,0,0,0,0,1,1,0
162,156,Crumb (1994),1994.0,491,4.063136456211812,0.9259259259259238,0.14298220017508026,0.7657841140529531,0,0,0,0,0,0,1,0,0,0,0,0,0,0,0,0,0,0
163,157,Desperado (1995),1995.0,540,3.4574074074074073,0.9382716049382722,0.15728042019258828,0.6143518518518518,1,0,0,0,0,0,0,0,0,0,0,0,0,1,0,1,0,0
164,158,Devil in a Blue Dress (1995),1995.0,379,3.5672823218997363,0.9382716049382722,0.11030055442077619,0.6418205804749341,0,0,0,0,0,1,0,0,0,1,0,0,1,0,0,1,0,0
165,159,Die Hard: With a Vengeance (1995),1995.0,825,3.561212121212121,0.9382716049382722,0.24044353662095128,0.6403030303030303,1,0,0,0,0,0,0,0,0,0,0,0,0,0,0,1,0,0
166,160,"Doom Generation, The (1995)",1995.0,61,2.459016393442623,0.9382716049382722,0.017508024511234312,0.36475409836065575,0,0,0,0,1,0,0,1,0,0,0,0,0,0,0,0,0,0
167,161,Feast of July (1995),1995.0,5,3.6,0.9382716049382722,0.0011672016340822876,0.65,0,0,0,0,0,0,0,1,0,0,0,0,0,0,0,0,0,0
168,162,First Knight (1995),1995.0,362,2.9502762430939224,0.9382716049382722,0.10533994747592645,0.4875690607734806,1,1,0,0,0,0,0,1,0,0,0,0,0,1,0,0,0,0
169,163,Free Willy 2: The Adventure Home (1995),1995.0,113,2.017699115044248,0.9382716049382722,0.03268164575430405,0.25442477876106195,0,1,0,1,0,0,0,1,0,0,0,0,0,0,0,0,0,0
170,164,Hackers (1995),1995.0,321,3.146417445482866,0.9382716049382722,0.093376130726583,0.5366043613707165,1,0,0,0,0,1,0,0,0,0,0,0,0,0,0,1,0,0
171,165,Jeffrey (1995),1995.0,93,3.5698924731182795,0.9382716049382722,0.026845637583892613,0.6424731182795699,0,0,0,0,1,0,0,0,0,0,0,0,0,0,0,0,0,0
172,166,Johnny Mnemonic (1995),1995.0,458,2.576419213973799,0.9382716049382722,0.13335278669390138,0.3941048034934498,1,0,0,0,0,0,0,0,0,0,0,0,0,0,1,1,0,0
173,167,Judge Dredd (1995),1995.0,564,2.3085106382978724,0.9382716049382722,0.164283629997082,0.3271276595744681,1,1,0,0,0,0,0,0,0,0,0,0,0,0,1,0,0,0
174,168,Jury Duty (1995),1995.0,81,2.308641975308642,0.9382716049382722,0.02334403268164575,0.3271604938271605,0,0,0,0,1,0,0,0,0,0,0,0,0,0,0,0,0,0
175,169,Kids (1995),1995.0,220,3.477272727272727,0.9382716049382722,0.06390428946600525,0.6193181818181818,0,0,0,0,0,0,0,1,0,0,0,0,0,0,0,0,0,0
176,170,Living in Oblivion (1995),1995.0,205,3.9170731707317072,0.9382716049382722,0.059527283338196665,0.7292682926829268,0,0,0,0,1,0,0,0,0,0,0,0,0,0,0,0,0,0
177,171,Lord of Illusions (1995),1995.0,139,2.7338129496402876,0.9382716049382722,0.040268456375838924,0.4334532374100719,0,0,0,0,0,0,0,0,0,0,1,0,0,0,0,0,0,0
178,172,Love & Human Remains (1993),1993.0,19,3.473684210526316,0.913580246913579,0.005252407353370295,0.618421052631579,0,0,0,0,1,0,0,0,0,0,0,0,0,0,0,0,0,0
179,173,Mad Love (1995),1995.0,48,2.2083333333333335,0.9382716049382722,0.01371461920046688,0.30208333333333337,0,0,0,0,0,0,0,1,0,0,0,0,0,1,0,0,0,0
180,174,Mallrats (1995),1995.0,451,3.5476718403547673,0.9382716049382722,0.13131018383425738,0.6369179600886918,0,0,0,0,1,0,0,0,0,0,0,0,0,0,0,0,0,0
181,175,Mighty Morphin Power Rangers: The Movie (1995),1995.0,93,1.6129032258064515,0.9382716049382722,0.026845637583892613,0.15322580645161288,1,0,0,1,0,0,0,0,0,0,0,0,0,0,0,0,0,0
182,176,Moonlight and Valentino (1995),1995.0,49,3.142857142857143,0.9382716049382722,0.014006419608987452,0.5357142857142857,0,0,0,0,0,0,0,1,0,0,0,0,0,1,0,0,0,0
183,177,Mute Witness (1994),1994.0,29,3.4827586206896552,0.9259259259259238,0.008170411438576013,0.6206896551724138,0,0,0,0,0,0,0,0,0,0,0,0,0,0,0,1,0,0
184,178,Nadja (1994),1994.0,26,3.3461538461538463,0.9259259259259238,0.007295010213014298,0.5865384615384616,0,0,0,0,0,0,0,1,0,0,0,0,0,0,0,0,0,0
185,179,"Net, The (1995)",1995.0,569,2.869947275922671,0.9382716049382722,0.16574263203968487,0.4674868189806678,0,0,0,0,0,0,0,0,0,0,0,0,0,0,1,1,0,0
186,180,Nine Months (1995),1995.0,211,2.7630331753554502,0.9382716049382722,0.0612780857893201,0.44075829383886256,0,0,0,0,1,0,0,0,0,0,0,0,0,0,0,0,0,0
187,181,Party Girl (1995),1995.0,105,3.238095238095238,0.9382716049382722,0.030347242486139476,0.5595238095238095,0,0,0,0,1,0,0,0,0,0,0,0,0,0,0,0,0,0
188,182,"Prophecy, The (1995)",1995.0,190,3.221052631578947,0.9382716049382722,0.055150277210388086,0.5552631578947368,0,0,0,0,0,0,0,0,0,0,1,0,0,0,0,0,0,0
189,183,Reckless (1995),1995.0,15,3.4,0.9382716049382722,0.004085205719288007,0.6,0,0,0,0,1,0,0,0,0,0,0,0,0,0,0,0,0,0
190,184,Safe (1995),1995.0,100,3.75,0.9382716049382722,0.028888240443536616,0.6875,0,0,0,0,0,0,0,0,0,0,0,0,0,0,0,1,0,0
191,185,"Scarlet Letter, The (1995)",1995.0,75,2.466666666666667,0.9382716049382722,0.02159323023052232,0.3666666666666667,0,0,0,0,0,0,0,1,0,0,0,0,0,0,0,0,0,0
192,186,"Show, The (1995)",1995.0,2,3.0,0.9382716049382722,0.0002918004085205719,0.5,0,0,0,0,0,0,1,0,0,0,0,0,0,0,0,0,0,0
193,187,Showgirls (1995),1995.0,217,2.0506912442396312,0.9382716049382722,0.06302888824044353,0.2626728110599078,0,0,0,0,0,0,0,1,0,0,0,0,0,0,0,0,0,0
194,188,Smoke (1995),1995.0,213,3.755868544600939,0.9382716049382722,0.061861686606361245,0.6889671361502347,0,0,0,0,0,0,0,1,0,0,0,0,0,0,0,0,0,0
195,189,Something to Talk About (1995),1995.0,164,2.841463414634146,0.9382716049382722,0.04756346658885322,0.46036585365853655,0,0,0,0,1,0,0,1,0,0,0,0,0,1,0,0,0,0
196,190,Species (1995),1995.0,550,2.8236363636363637,0.9382716049382722,0.160198424277794,0.45590909090909093,0,0,0,0,0,0,0,0,0,0,1,0,0,0,1,0,0,0
197,191,"Stars Fell on Henrietta, The (1995)",1995.0,17,3.0588235294117645,0.9382716049382722,0.0046688065363291505,0.5147058823529411,0,0,0,0,0,0,0,1,0,0,0,0,0,0,0,0,0,0
198,192,Strange Days (1995),1995.0,605,3.2958677685950413,0.9382716049382722,0.17624744674642545,0.5739669421487603,1,0,0,0,0,1,0,0,0,0,0,0,0,0,1,0,0,0
199,193,"Umbrellas of Cherbourg, The (Parapluies de Cherbourg, Les) (1964)",1964.0,117,3.8119658119658117,0.5555555555555536,0.03384884738838634,0.7029914529914529,0,0,0,0,0,0,0,1,0,0,0,1,0,0,0,0,0,0
200,194,"Tie That Binds, The (1995)",1995.0,12,2.4166666666666665,0.9382716049382722,0.003209804493726291,0.35416666666666663,0,0,0,0,0,0,0,0,0,0,0,0,0,0,0,1,0,0
201,195,Three Wishes (1995),1995.0,33,2.6363636363636362,0.9382716049382722,0.009337613072658301,0.40909090909090906,0,0,0,0,0,0,0,1,0,0,0,0,0,0,0,0,0,0
202,196,Total Eclipse (1995),1995.0,30,2.5,0.9382716049382722,0.008462211847096586,0.375,0,0,0,0,0,0,0,1,0,0,0,0,0,1,0,0,0,0
203,197,"To Wong Foo, Thanks for Everything! Julie Newmar (1995)",1995.0,203,3.0541871921182264,0.9382716049382722,0.058943682521155526,0.5135467980295566,0,0,0,0,1,0,0,0,0,0,0,0,0,0,0,0,0,0
204,198,Under Siege 2: Dark Territory (1995),1995.0,203,2.9211822660098523,0.9382716049382722,0.058943682521155526,0.4802955665024631,1,0,0,0,0,0,0,0,0,0,0,0,0,0,0,0,0,0
205,199,Unstrung Heroes (1995),1995.0,85,3.611764705882353,0.9382716049382722,0.024511234315728037,0.6529411764705882,0,0,0,0,1,0,0,1,0,0,0,0,0,0,0,0,0,0
206,200,Unzipped (1995),1995.0,82,3.6707317073170733,0.9382716049382722,0.023635833090166324,0.6676829268292683,0,0,0,0,0,0,1,0,0,0,0,0,0,0,0,0,0,0
207,201,"Walk in the Clouds, A (1995)",1995.0,219,3.132420091324201,0.9382716049382722,0.06361248905748468,0.5331050228310502,0,0,0,0,0,0,0,1,0,0,0,0,0,1,0,0,0,0
208,202,Waterworld (1995),1995.0,651,2.6313364055299537,0.9382716049382722,0.18967026553837174,0.40783410138248843,1,1,0,0,0,0,0,0,0,0,0,0,0,0,0,0,0,0
209,203,White Man's Burden (1995),1995.0,52,2.4615384615384617,0.9382716049382722,0.014881820834549168,0.3653846153846154,0,0,0,0,0,0,0,1,0,0,0,0,0,0,0,0,0,0
210,204,Wild Bill (1995),1995.0,41,3.1463414634146343,0.9382716049382722,0.011672016340822877,0.5365853658536586,0,0,0,0,0,0,0,0,0,0,0,0,0,0,0,0,0,1
211,205,"Browning Version, The (1994)",1994.0,34,3.5588235294117645,0.9259259259259238,0.009629413481178873,0.6397058823529411,0,0,0,0,0,0,0,1,0,0,0,0,0,0,0,0,0,0
212,206,Bushwhacked (1995),1995.0,14,1.9285714285714286,0.9382716049382722,0.0037934053107674345,0.23214285714285715,0,0,0,0,1,0,0,0,0,0,0,0,0,0,0,0,0,0
213,207,Burnt By the Sun (Utomlyonnye solntsem) (1994),1994.0,123,4.056910569105691,0.9259259259259238,0.03559964983950977,0.7642276422764227,0,0,0,0,0,0,0,1,0,0,0,0,0,0,0,0,0,0
214,208,Before the Rain (Pred dozhdot) (1994),1994.0,28,4.25,0.9259259259259238,0.007878611030055441,0.8125,0,0,0,0,0,0,0,1,0,0,0,0,0,0,0,0,0,0
215,209,Before Sunrise (1995),1995.0,160,3.80625,0.9382716049382722,0.046396264954770935,0.7015625,0,0,0,0,0,0,0,1,0,0,0,0,0,1,0,0,0,0
216,210,Billy Madison (1995),1995.0,355,3.183098591549296,0.9382716049382722,0.10329734461628245,0.545774647887324,0,0,0,0,1,0,0,0,0,0,0,0,0,0,0,0,0,0
217,211,"Babysitter, The (1995)",1995.0,64,2.625,0.9382716049382722,0.01838342573679603,0.40625,0,0,0,0,0,0,0,1,0,0,0,0,0,0,0,1,0,0
218,212,Boys on the Side (1995),1995.0,195,3.128205128205128,0.9382716049382722,0.056609279252990946,0.532051282051282,0,0,0,0,1,0,0,1,0,0,0,0,0,0,0,0,0,0
219,213,"Cure, The (1995)",1995.0,22,3.1818181818181817,0.9382716049382722,0.00612780857893201,0.5454545454545454,0,0,0,0,0,0,0,1,0,0,0,0,0,0,0,0,0,0
220,214,Castle Freak (1995),1995.0,28,1.8214285714285714,0.9382716049382722,0.007878611030055441,0.20535714285714285,0,0,0,0,0,0,0,0,0,0,1,0,0,0,0,0,0,0
222,215,Circle of Friends (1995),1995.0,329,3.547112462006079,0.9382716049382722,0.09571053399474759,0.6367781155015197,0,0,0,0,0,0,0,1,0,0,0,0,0,1,0,0,0,0
223,216,Clerks (1994),1994.0,1412,3.946883852691218,0.9259259259259238,0.41173037642252697,0.7367209631728046,0,0,0,0,1,0,0,0,0,0,0,0,0,0,0,0,0,0
224,217,Don Juan DeMarco (1995),1995.0,386,3.3911917098445596,0.9382716049382722,0.11234315728042019,0.5977979274611399,0,0,0,0,1,0,0,1,0,0,0,0,0,1,0,0,0,0
225,218,Disclosure (1994),1994.0,254,3.173228346456693,0.9259259259259238,0.07382550335570469,0.5433070866141733,0,0,0,0,0,0,0,1,0,0,0,0,0,0,0,1,0,0
226,219,Dream Man (1995),1995.0,1,2.0,0.9382716049382722,0.0,0.25,0,0,0,0,0,0,0,0,0,0,0,0,0,0,0,1,0,0
227,220,Drop Zone (1994),1994.0,129,2.6744186046511627,0.9259259259259238,0.037350452290633204,0.41860465116279066,1,0,0,0,0,0,0,0,0,0,0,0,0,0,0,0,0,0
228,221,Destiny Turns on the Radio (1995),1995.0,13,2.1538461538461537,0.9382716049382722,0.003501604902246863,0.28846153846153844,0,0,0,0,1,0,0,0,0,0,0,0,0,0,0,0,0,0
229,222,Death and the Maiden (1994),1994.0,108,3.5,0.9259259259259238,0.031222643711701192,0.625,0,0,0,0,0,0,0,1,0,0,0,0,0,0,0,1,0,0
230,223,Dolores Claiborne (1994),1994.0,349,3.4527220630372493,0.9259259259259238,0.10154654216515903,0.6131805157593123,0,0,0,0,0,0,0,1,0,0,0,0,0,0,0,1,0,0
231,224,Dumb & Dumber (1994),1994.0,660,3.1924242424242424,0.9259259259259238,0.1922964692150569,0.5481060606060606,0,0,0,0,1,0,0,0,0,0,0,0,0,0,0,0,0,0
232,225,Eat Drink Man Woman (1994),1994.0,346,4.07514450867052,0.9259259259259238,0.10067114093959731,0.76878612716763,0,0,0,0,1,0,0,1,0,0,0,0,0,0,0,0,0,0
233,226,Exotica (1994),1994.0,235,3.6127659574468085,0.9259259259259238,0.06828129559381382,0.6531914893617021,0,0,0,0,0,0,0,1,0,0,0,0,0,0,0,0,0,0
234,227,Exit to Eden (1994),1994.0,147,2.2244897959183674,0.9259259259259238,0.042602859644003496,0.30612244897959184,0,0,0,0,1,0,0,0,0,0,0,0,0,0,0,0,0,0
235,228,Ed Wood (1994),1994.0,927,3.696871628910464,0.9259259259259238,0.2702071782900496,0.674217907227616,0,0,0,0,1,0,0,1,0,0,0,0,0,0,0,0,0,0
236,229,French Kiss (1995),1995.0,326,3.303680981595092,0.9382716049382722,0.09483513276918587,0.575920245398773,0,0,0,0,1,0,0,0,0,0,0,0,0,1,0,0,0,0
237,230,Forget Paris (1995),1995.0,257,2.972762645914397,0.9382716049382722,0.07470090458126641,0.49319066147859925,0,0,0,0,1,0,0,0,0,0,0,0,0,1,0,0,0,0
238,231,Far From Home: The Adventures of Yellow Dog (1995),1995.0,32,2.8125,0.9382716049382722,0.00904581266413773,0.453125,0,1,0,1,0,0,0,0,0,0,0,0,0,0,0,0,0,0
239,232,"Goofy Movie, A (1995)",1995.0,168,2.875,0.9382716049382722,0.04873066822293551,0.46875,0,0,1,1,1,0,0,0,0,0,0,0,0,1,0,0,0,0
240,233,Hideaway (1995),1995.0,45,2.7111111111111112,0.9382716049382722,0.012839217974905164,0.4277777777777778,0,0,0,0,0,0,0,0,0,0,0,0,0,0,0,1,0,0
241,234,Fluke (1995),1995.0,29,3.310344827586207,0.9382716049382722,0.008170411438576013,0.5775862068965517,0,0,0,1,0,0,0,1,0,0,0,0,0,0,0,0,0,0
242,235,Farinelli: il castrato (1994),1994.0,80,3.5,0.9259259259259238,0.02305223227312518,0.625,0,0,0,0,0,0,0,1,0,0,0,1,0,0,0,0,0,0
243,236,Gordy (1995),1995.0,10,2.1,0.9382716049382722,0.0026262036766851473,0.275,0,0,0,0,1,0,0,0,0,0,0,0,0,0,0,0,0,0
244,237,Gumby: The Movie (1995),1995.0,10,1.9,0.9382716049382722,0.0026262036766851473,0.22499999999999998,0,0,1,1,0,0,0,0,0,0,0,0,0,0,0,0,0,0
245,238,"Glass Shield, The (1994)",1994.0,11,3.0,0.9259259259259238,0.002918004085205719,0.5,0,0,0,0,0,1,0,1,0,0,0,0,0,0,0,0,0,0
246,239,Hoop Dreams (1994),1994.0,716,4.18854748603352,0.9259259259259238,0.20863729209220894,0.79713687150838,0,0,0,0,0,0,1,0,0,0,0,0,0,0,0,0,0,0
247,240,Heavenly Creatures (1994),1994.0,477,3.8658280922431865,0.9259259259259238,0.13889699445579223,0.7164570230607966,0,0,0,0,0,0,0,1,1,0,0,0,0,1,0,1,0,0
248,241,Houseguest (1994),1994.0,138,2.9130434782608696,0.9259259259259238,0.03997665596731835,0.4782608695652174,0,0,0,0,1,0,0,0,0,0,0,0,0,0,0,0,0,0
249,242,Immortal Beloved (1994),1994.0,261,3.7586206896551726,0.9259259259259238,0.07586810621534869,0.6896551724137931,0,0,0,0,0,0,0,1,0,0,0,0,0,1,0,0,0,0
250,243,Heavyweights (1994),1994.0,30,2.6,0.9259259259259238,0.008462211847096586,0.4,0,0,0,1,1,0,0,0,0,0,0,0,0,0,0,0,0,0
251,244,"Hunted, The (1995)",1995.0,18,3.2777777777777777,0.9382716049382722,0.004960606944849723,0.5694444444444444,1,0,0,0,0,0,0,0,0,0,0,0,0,0,0,0,0,0
252,245,I.Q. (1994),1994.0,367,3.2697547683923704,0.9259259259259238,0.10679894951852932,0.5674386920980926,0,0,0,0,1,0,0,0,0,0,0,0,0,1,0,0,0,0
253,246,Interview with the Vampire (1994),1994.0,738,3.524390243902439,0.9259259259259238,0.21505690107966152,0.6310975609756098,0,0,0,0,0,0,0,1,0,0,1,0,0,0,0,0,0,0
254,247,Jefferson in Paris (1995),1995.0,38,3.0789473684210527,0.9382716049382722,0.01079661511526116,0.5197368421052632,0,0,0,0,0,0,0,1,0,0,0,0,0,0,0,0,0,0
255,248,"Jerky Boys, The (1994)",1994.0,66,2.0606060606060606,0.9259259259259238,0.018967026553837172,0.26515151515151514,0,0,0,0,1,0,0,0,0,0,0,0,0,0,0,0,0,0
256,249,Junior (1994),1994.0,218,2.6513761467889907,0.9259259259259238,0.0633206886489641,0.4128440366972477,0,0,0,0,1,0,0,0,0,0,0,0,0,0,1,0,0,0
257,250,Just Cause (1995),1995.0,114,3.2280701754385963,0.9382716049382722,0.032973446162824625,0.5570175438596491,0,0,0,0,0,0,0,0,0,0,0,0,1,0,0,1,0,0
258,251,"Kid in King Arthur's Court, A (1995)",1995.0,144,2.423611111111111,0.9382716049382722,0.04172745841844178,0.3559027777777778,0,1,0,1,1,0,0,0,1,0,0,0,0,1,0,0,0,0
259,252,Kiss of Death (1995),1995.0,102,2.843137254901961,0.9382716049382722,0.029471841260577763,0.4607843137254902,0,0,0,0,0,1,0,1,0,0,0,0,0,0,0,1,0,0
260,253,Star Wars: Episode IV - A New Hope (1977),1977.0,2991,4.453694416583082,0.7160493827160472,0.8724832214765099,0.8634236041457706,1,1,0,0,0,0,0,0,1,0,0,0,0,0,1,0,0,0
261,254,Little Women (1994),1994.0,285,3.6491228070175437,0.9259259259259238,0.08287131601984242,0.6622807017543859,0,0,0,0,0,0,0,1,0,0,0,0,0,0,0,0,0,0
262,255,"Little Princess, A (1995)",1995.0,172,3.872093023255814,0.9382716049382722,0.049897869857017794,0.7180232558139535,0,0,0,1,0,0,0,1,0,0,0,0,0,0,0,0,0,0
263,256,Ladybird Ladybird (1994),1994.0,28,3.857142857142857,0.9259259259259238,0.007878611030055441,0.7142857142857143,0,0,0,0,0,0,0,1,0,0,0,0,0,0,0,0,0,0
264,257,"Enfer, L' (1994)",1994.0,5,3.2,0.9259259259259238,0.0011672016340822876,0.55,0,0,0,0,0,0,0,1,0,0,0,0,0,0,0,0,0,0
265,258,Like Water for Chocolate (Como agua para chocolate) (1992),1992.0,772,3.9326424870466323,0.9012345679012341,0.22497811496936096,0.7331606217616581,0,0,0,0,0,0,0,1,0,0,0,0,0,1,0,0,0,0
266,259,Legends of the Fall (1994),1994.0,705,3.425531914893617,0.9259259259259238,0.20542748759848264,0.6063829787234043,0,0,0,0,0,0,0,1,0,0,0,0,0,1,0,0,1,1
267,260,Major Payne (1994),1994.0,140,2.7285714285714286,0.9259259259259238,0.0405602567843595,0.43214285714285716,0,0,0,0,1,0,0,0,0,0,0,0,0,0,0,0,0,0
268,261,Little Odessa (1994),1994.0,54,3.3703703703703702,0.9259259259259238,0.015465421651590311,0.5925925925925926,0,0,0,0,0,0,0,1,0,0,0,0,0,0,0,0,0,0
269,262,My Crazy Life (Mi vida loca) (1993),1993.0,55,3.5272727272727273,0.913580246913579,0.015757222060110883,0.6318181818181818,0,0,0,0,0,0,0,1,0,0,0,0,0,0,0,0,0,0
270,263,Love Affair (1994),1994.0,79,3.037974683544304,0.9259259259259238,0.022760431864604608,0.509493670886076,0,0,0,0,0,0,0,1,0,0,0,0,0,1,0,0,0,0
271,264,Losing Isaiah (1995),1995.0,63,3.142857142857143,0.9382716049382722,0.018091625328275455,0.5357142857142857,0,0,0,0,0,0,0,1,0,0,0,0,0,0,0,0,0,0
272,265,"Madness of King George, The (1994)",1994.0,383,3.7258485639686683,0.9259259259259238,0.11146775605485847,0.6814621409921671,0,0,0,0,0,0,0,1,0,0,0,0,0,0,0,0,0,0
273,266,Mary Shelley's Frankenstein (1994),1994.0,244,2.8975409836065573,0.9259259259259238,0.07090749927049897,0.47438524590163933,0,0,0,0,0,0,0,1,0,0,1,0,0,0,0,0,0,0
274,267,Man of the House (1995),1995.0,24,2.375,0.9382716049382722,0.006711409395973154,0.34375,0,0,0,0,1,0,0,0,0,0,0,0,0,0,0,0,0,0
275,268,Mixed Nuts (1994),1994.0,80,2.5375,0.9259259259259238,0.02305223227312518,0.384375,0,0,0,0,1,0,0,0,0,0,0,0,0,0,0,0,0,0
276,269,Milk Money (1994),1994.0,228,2.692982456140351,0.9259259259259238,0.06623869273416982,0.42324561403508776,0,0,0,0,1,0,0,0,0,0,0,0,0,1,0,0,0,0
277,270,Miracle on 34th Street (1994),1994.0,170,3.1823529411764704,0.9259259259259238,0.04931426903997665,0.5455882352941176,0,0,0,0,0,0,0,1,0,0,0,0,0,0,0,0,0,0
278,271,Miami Rhapsody (1995),1995.0,40,2.75,0.9382716049382722,0.011380215932302306,0.4375,0,0,0,0,1,0,0,0,0,0,0,0,0,0,0,0,0,0
279,272,My Family (1995),1995.0,46,3.717391304347826,0.9382716049382722,0.013131018383425737,0.6793478260869565,0,0,0,0,0,0,0,1,0,0,0,0,0,0,0,0,0,0
280,273,Murder in the First (1995),1995.0,212,3.5707547169811322,0.9382716049382722,0.06156988619784067,0.6426886792452831,0,0,0,0,0,0,0,1,0,0,0,0,0,0,0,1,0,0
281,274,Nobody's Fool (1994),1994.0,233,3.648068669527897,0.9259259259259238,0.06769769477677268,0.6620171673819742,0,0,0,0,0,0,0,1,0,0,0,0,0,0,0,0,0,0
282,275,Nell (1994),1994.0,215,3.2232558139534886,0.9259259259259238,0.062445287423402385,0.5558139534883721,0,0,0,0,0,0,0,1,0,0,0,0,0,0,0,0,0,0
283,276,New Jersey Drive (1995),1995.0,18,3.0,0.9382716049382722,0.004960606944849723,0.5,0,0,0,0,0,1,0,1,0,0,0,0,0,0,0,0,0,0
286,277,Nemesis 2: Nebula (1995),1995.0,1,3.0,0.9382716049382722,0.0,0.5,1,0,0,0,0,0,0,0,0,0,0,0,0,0,1,1,0,0
287,278,Nina Takes a Lover (1994),1994.0,21,2.9047619047619047,0.9259259259259238,0.005836008170411439,0.47619047619047616,0,0,0,0,1,0,0,0,0,0,0,0,0,1,0,0,0,0
288,279,Natural Born Killers (1994),1994.0,700,3.144285714285714,0.9259259259259238,0.20396848555587976,0.5360714285714285,1,0,0,0,0,0,0,0,0,0,0,0,0,0,0,1,0,0
289,280,Only You (1994),1994.0,158,3.3417721518987342,0.9259259259259238,0.04581266413772979,0.5854430379746836,0,0,0,0,1,0,0,0,0,0,0,0,0,1,0,0,0,0
290,281,Once Were Warriors (1994),1994.0,168,3.9166666666666665,0.9259259259259238,0.04873066822293551,0.7291666666666666,0,0,0,0,0,1,0,1,0,0,0,0,0,0,0,0,0,0
291,282,Poison Ivy II (1995),1995.0,48,2.2083333333333335,0.9382716049382722,0.01371461920046688,0.30208333333333337,0,0,0,0,0,0,0,0,0,0,0,0,0,0,0,1,0,0
292,283,Outbreak (1995),1995.0,733,3.2687585266030013,0.9382716049382722,0.21359789903705864,0.5671896316507503,1,0,0,0,0,0,0,1,0,0,0,0,0,0,0,1,0,0
293,284,"Professional, The (a.k.a. Leon: The Professional) (1994)",1994.0,923,4.106175514626218,0.9259259259259238,0.2690399766559673,0.7765438786565546,0,0,0,0,0,1,0,1,0,0,0,0,0,1,0,1,0,0
294,285,"Perez Family, The (1995)",1995.0,42,3.0952380952380953,0.9382716049382722,0.011963816749343449,0.5238095238095238,0,0,0,0,1,0,0,0,0,0,0,0,0,1,0,0,0,0
295,286,"Pyromaniac's Love Story, A (1995)",1995.0,29,2.7586206896551726,0.9382716049382722,0.008170411438576013,0.43965517241379315,0,0,0,0,1,0,0,0,0,0,0,0,0,1,0,0,0,0
296,287,Pulp Fiction (1994),1994.0,2171,4.278212805158913,0.9259259259259238,0.633206886489641,0.8195532012897282,0,0,0,0,0,1,0,1,0,0,0,0,0,0,0,0,0,0
297,288,Panther (1995),1995.0,28,3.107142857142857,0.9382716049382722,0.007878611030055441,0.5267857142857143,0,0,0,0,0,0,0,1,0,0,0,0,0,0,0,0,0,0
298,289,Pushing Hands (1992),1992.0,23,3.9130434782608696,0.9012345679012341,0.006419608987452583,0.7282608695652174,0,0,0,0,1,0,0,0,0,0,0,0,0,0,0,0,0,0
299,290,Priest (1994),1994.0,143,3.664335664335664,0.9259259259259238,0.04143565800992121,0.666083916083916,0,0,0,0,0,0,0,1,0,0,0,0,0,0,0,0,0,0
300,291,Quiz Show (1994),1994.0,705,3.7588652482269502,0.9259259259259238,0.20542748759848264,0.6897163120567376,0,0,0,0,0,0,0,1,0,0,0,0,0,0,0,0,0,0
301,292,Picture Bride (1995),1995.0,43,3.302325581395349,0.9382716049382722,0.01225561715786402,0.5755813953488372,0,0,0,0,0,0,0,1,0,0,0,0,0,1,0,0,0,0
302,293,Queen Margot (La Reine Margot) (1994),1994.0,86,3.813953488372093,0.9259259259259238,0.02480303472424861,0.7034883720930233,0,0,0,0,0,0,0,1,0,0,0,0,0,1,0,0,0,0
303,294,"Quick and the Dead, The (1995)",1995.0,418,2.9760765550239237,0.9382716049382722,0.12168077035307849,0.4940191387559809,1,1,0,0,0,0,0,0,0,0,0,0,0,0,0,0,0,1
304,295,Roommates (1995),1995.0,35,3.142857142857143,0.9382716049382722,0.009921213889699446,0.5357142857142857,0,0,0,0,1,0,0,1,0,0,0,0,0,0,0,0,0,0
305,296,Ready to Wear (Pret-A-Porter) (1994),1994.0,127,2.5039370078740157,0.9259259259259238,0.03676685147359206,0.37598425196850394,0,0,0,0,1,0,0,0,0,0,0,0,0,0,0,0,0,0
306,297,Three Colors: Red (1994),1994.0,334,4.227544910179641,0.9259259259259238,0.09716953603735044,0.8068862275449102,0,0,0,0,0,0,0,1,0,0,0,0,0,0,0,0,0,0
307,298,Three Colors: Blue (1993),1993.0,243,4.098765432098766,0.913580246913579,0.0706156988619784,0.7746913580246915,0,0,0,0,0,0,0,1,0,0,0,0,0,0,0,0,0,0
308,299,Three Colors: White (1994),1994.0,202,3.9653465346534653,0.9259259259259238,0.05865188211263495,0.7413366336633663,0,0,0,0,0,0,0,1,0,0,0,0,0,0,0,0,0,0
309,300,"Red Firecracker, Green Firecracker (1994)",1994.0,48,3.6875,0.9259259259259238,0.01371461920046688,0.671875,0,0,0,0,0,0,0,1,0,0,0,0,0,0,0,0,0,0
310,301,Rent-a-Kid (1995),1995.0,6,2.6666666666666665,0.9382716049382722,0.0014590020426028597,0.41666666666666663,0,0,0,0,1,0,0,0,0,0,0,0,0,0,0,0,0,0
311,302,Relative Fear (1994),1994.0,1,3.0,0.9259259259259238,0.0,0.5,0,0,0,0,0,0,0,0,0,0,1,0,0,0,0,1,0,0
312,303,Stuart Saves His Family (1995),1995.0,112,2.4375,0.9382716049382722,0.03238984534578348,0.359375,0,0,0,0,1,0,0,0,0,0,0,0,0,0,0,0,0,0
313,304,"Swan Princess, The (1994)",1994.0,54,2.888888888888889,0.9259259259259238,0.015465421651590311,0.4722222222222222,0,0,1,1,0,0,0,0,0,0,0,0,0,0,0,0,0,0
314,305,"Secret of Roan Inish, The (1994)",1994.0,300,3.85,0.9259259259259238,0.087248322147651,0.7125,0,0,0,0,0,0,0,1,0,0,0,0,0,0,0,0,0,0
315,306,"Specialist, The (1994)",1994.0,153,2.65359477124183,0.9259259259259238,0.04435366209512693,0.4133986928104575,1,0,0,0,0,0,0,0,0,0,0,0,0,0,0,0,0,0
316,307,Stargate (1994),1994.0,1116,3.490143369175627,0.9259259259259238,0.3253574555004377,0.6225358422939068,1,1,0,0,0,0,0,0,0,0,0,0,0,0,1,0,0,0
317,308,"Santa Clause, The (1994)",1994.0,641,3.1918876755070205,0.9259259259259238,0.18675226145316604,0.5479719188767551,0,0,0,1,1,0,0,0,1,0,0,0,0,0,0,0,0,0
318,309,"Shawshank Redemption, The (1994)",1994.0,2227,4.554557700942973,0.9259259259259238,0.6495477093667931,0.8886394252357432,0,0,0,0,0,0,0,1,0,0,0,0,0,0,0,0,0,0
319,310,Shallow Grave (1994),1994.0,273,3.8937728937728937,0.9259259259259238,0.07936971111759555,0.7234432234432234,0,0,0,0,0,0,0,0,0,0,0,0,0,0,0,1,0,0
320,311,Suture (1993),1993.0,32,3.40625,0.913580246913579,0.00904581266413773,0.6015625,0,0,0,0,0,0,0,0,0,1,0,0,0,0,0,1,0,0
321,312,Strawberry and Chocolate (Fresa y chocolate) (1993),1993.0,61,3.7540983606557377,0.913580246913579,0.017508024511234312,0.6885245901639344,0,0,0,0,0,0,0,1,0,0,0,0,0,0,0,0,0,0
322,313,Swimming with Sharks (1995),1995.0,209,3.712918660287081,0.9382716049382722,0.06069448497227896,0.6782296650717703,0,0,0,0,1,0,0,1,0,0,0,0,0,0,0,0,0,0
324,314,"Sum of Us, The (1994)",1994.0,33,3.9696969696969697,0.9259259259259238,0.009337613072658301,0.7424242424242424,0,0,0,0,1,0,0,0,0,0,0,0,0,0,0,0,0,0
325,315,National Lampoon's Senior Trip (1995),1995.0,49,2.4489795918367347,0.9382716049382722,0.014006419608987452,0.3622448979591837,0,0,0,0,1,0,0,0,0,0,0,0,0,0,0,0,0,0
326,316,To Live (Huozhe) (1994),1994.0,61,4.344262295081967,0.9259259259259238,0.017508024511234312,0.8360655737704918,0,0,0,0,0,0,0,1,0,0,0,0,0,0,0,0,0,0
327,317,Tank Girl (1995),1995.0,358,2.6145251396648046,0.9382716049382722,0.10417274584184417,0.40363128491620115,1,0,0,0,1,0,0,0,0,0,0,1,0,0,1,0,0,0
328,318,Tales From the Crypt Presents: Demon Knight (1995),1995.0,144,3.111111111111111,0.9382716049382722,0.04172745841844178,0.5277777777777778,0,0,0,0,0,0,0,0,0,0,1,0,0,0,0,0,0,0
329,319,Star Trek: Generations (1994),1994.0,990,3.3767676767676766,0.9259259259259238,0.2885906040268456,0.5941919191919192,1,1,0,0,0,0,0,0,0,0,0,0,0,0,1,0,0,0
330,320,Tales from the Hood (1995),1995.0,149,2.7315436241610738,0.9382716049382722,0.04318646046104464,0.43288590604026844,0,0,0,0,1,0,0,0,0,0,1,0,0,0,0,0,0,0
331,321,Tom & Viv (1994),1994.0,21,3.0952380952380953,0.9259259259259238,0.005836008170411439,0.5238095238095238,0,0,0,0,0,0,0,1,0,0,0,0,0,0,0,0,0,0
332,322,Village of the Damned (1995),1995.0,161,2.546583850931677,0.9382716049382722,0.0466880653632915,0.3866459627329193,0,0,0,0,0,0,0,0,0,0,1,0,0,0,1,0,0,0
333,323,Tommy Boy (1995),1995.0,410,3.502439024390244,0.9382716049382722,0.1193463670849139,0.625609756097561,0,0,0,0,1,0,0,0,0,0,0,0,0,0,0,0,0,0
334,324,Vanya on 42nd Street (1994),1994.0,114,3.8596491228070176,0.9259259259259238,0.032973446162824625,0.7149122807017544,0,0,0,0,0,0,0,1,0,0,0,0,0,0,0,0,0,0
335,325,"Underneath, The (1995)",1995.0,41,3.4878048780487805,0.9382716049382722,0.011672016340822877,0.6219512195121951,0,0,0,0,0,0,0,0,0,0,0,0,1,0,0,1,0,0
336,326,"Walking Dead, The (1995)",1995.0,19,2.6842105263157894,0.9382716049382722,0.005252407353370295,0.42105263157894735,0,0,0,0,0,0,0,1,0,0,0,0,0,0,0,0,1,0
337,327,What's Eating Gilbert Grape (1993),1993.0,693,3.8412698412698414,0.913580246913579,0.20192588269623576,0.7103174603174603,0,0,0,0,0,0,0,1,0,0,0,0,0,0,0,0,0,0
338,328,Virtuosity (1995),1995.0,221,2.8823529411764706,0.9382716049382722,0.06419608987452582,0.47058823529411764,0,0,0,0,0,0,0,0,0,0,0,0,0,0,1,1,0,0
339,329,While You Were Sleeping (1995),1995.0,673,3.49925705794948,0.9382716049382722,0.19608987452582433,0.62481426448737,0,0,0,0,1,0,0,0,0,0,0,0,0,1,0,0,0,0
340,330,"War, The (1994)",1994.0,84,3.2738095238095237,0.9259259259259238,0.024219433907207467,0.5684523809523809,0,1,0,0,0,0,0,1,0,0,0,0,0,0,0,0,0,0
341,331,Double Happiness (1994),1994.0,31,3.838709677419355,0.9259259259259238,0.008754012255617158,0.7096774193548387,0,0,0,0,0,0,0,1,0,0,0,0,0,0,0,0,0,0
342,332,Muriel's Wedding (1994),1994.0,518,3.6776061776061777,0.9259259259259238,0.1508608112051357,0.6694015444015444,0,0,0,0,1,0,0,0,0,0,0,0,0,1,0,0,0,0
343,333,"Baby-Sitters Club, The (1995)",1995.0,42,2.4285714285714284,0.9382716049382722,0.011963816749343449,0.3571428571428571,0,0,0,1,0,0,0,0,0,0,0,0,0,0,0,0,0,0
344,334,Ace Ventura: Pet Detective (1994),1994.0,766,3.1488250652741514,0.9259259259259238,0.22322731251823752,0.5372062663185379,0,0,0,0,1,0,0,0,0,0,0,0,0,0,0,0,0,0
345,335,"Adventures of Priscilla, Queen of the Desert, The (1994)",1994.0,469,3.8059701492537314,0.9259259259259238,0.13656259118762767,0.7014925373134329,0,0,0,0,1,0,0,1,0,0,0,0,0,0,0,0,0,0
346,336,Backbeat (1993),1993.0,120,3.525,0.913580246913579,0.03472424861394806,0.63125,0,0,0,0,0,0,0,1,0,0,0,1,0,0,0,0,0,0
347,337,Bitter Moon (1992),1992.0,46,3.1739130434782608,0.9012345679012341,0.013131018383425737,0.5434782608695652,0,0,0,0,0,0,0,1,0,0,0,0,0,0,0,0,0,0
348,338,Bullets Over Broadway (1994),1994.0,455,3.698901098901099,0.9259259259259238,0.13247738546833965,0.6747252747252748,0,0,0,0,1,0,0,0,0,0,0,0,0,0,0,0,0,0
349,339,Clear and Present Danger (1994),1994.0,1059,3.7261567516525025,0.9259259259259238,0.3087248322147651,0.6815391879131256,1,1,0,0,0,0,0,0,0,0,0,0,0,0,0,1,0,0
350,340,"Client, The (1994)",1994.0,515,3.392233009708738,0.9259259259259238,0.14998540997957396,0.5980582524271845,0,0,0,0,0,0,0,1,0,0,0,0,1,0,0,1,0,0
351,341,"Corrina, Corrina (1994)",1994.0,257,3.342412451361868,0.9259259259259238,0.07470090458126641,0.585603112840467,0,0,0,0,1,0,0,1,0,0,0,0,0,1,0,0,0,0
352,342,Crooklyn (1994),1994.0,119,3.134453781512605,0.9259259259259238,0.034432448205427485,0.5336134453781513,0,0,0,0,1,0,0,0,0,0,0,0,0,0,0,0,0,0
353,343,"Crow, The (1994)",1994.0,734,3.4455040871934606,0.9259259259259238,0.21388969944557923,0.6113760217983651,1,0,0,0,0,0,0,0,0,0,0,0,0,1,0,1,0,0
354,344,Cobb (1994),1994.0,67,3.1791044776119404,0.9259259259259238,0.019258826962357745,0.5447761194029851,0,0,0,0,0,0,0,1,0,0,0,0,0,0,0,0,0,0
355,345,"Flintstones, The (1994)",1994.0,267,2.352059925093633,0.9259259259259238,0.07761890866647213,0.33801498127340823,0,0,0,1,1,0,0,0,0,0,0,0,0,0,0,0,0,0
356,346,Forrest Gump (1994),1994.0,2194,4.087967183226983,0.9259259259259238,0.6399182958856141,0.7719917958067457,0,0,0,0,1,0,0,0,0,0,0,0,0,1,0,0,1,0
357,347,Four Weddings and a Funeral (1994),1994.0,1233,3.7437145174371453,0.9259259259259238,0.3594981032973446,0.6859286293592863,0,0,0,0,1,0,0,0,0,0,0,0,0,1,0,0,0,0
358,348,Higher Learning (1995),1995.0,141,3.1702127659574466,0.9382716049382722,0.04085205719288006,0.5425531914893617,0,0,0,0,0,0,0,1,0,0,0,0,0,0,0,0,0,0
359,349,I Like It Like That (1994),1994.0,19,3.210526315789474,0.9259259259259238,0.005252407353370295,0.5526315789473685,0,0,0,0,1,0,0,1,0,0,0,0,0,1,0,0,0,0
360,350,I Love Trouble (1994),1994.0,127,2.4960629921259843,0.9259259259259238,0.03676685147359206,0.37401574803149606,1,0,0,0,1,0,0,0,0,0,0,0,0,0,0,0,0,0
361,351,It Could Happen to You (1994),1994.0,268,3.421641791044776,0.9259259259259238,0.0779107090749927,0.605410447761194,0,0,0,0,0,0,0,1,0,0,0,0,0,1,0,0,0,0
362,352,"Jungle Book, The (1994)",1994.0,239,3.3640167364016738,0.9259259259259238,0.06944849722789612,0.5910041841004184,0,1,0,1,0,0,0,0,0,0,0,0,0,1,0,0,0,0
363,353,"Wonderful, Horrible Life of Leni Riefenstahl, The (Die Macht der Bilder) (1993)",1993.0,62,4.258064516129032,0.913580246913579,0.017799824919754886,0.814516129032258,0,0,0,0,0,0,1,0,0,0,0,0,0,0,0,0,0,0
364,354,"Lion King, The (1994)",1994.0,1121,3.8608385370205176,0.9259259259259238,0.32681645754304056,0.7152096342551294,0,0,1,1,0,0,0,0,0,0,0,1,0,0,0,0,0,0
365,355,Little Buddha (1993),1993.0,71,3.1690140845070425,0.913580246913579,0.02042602859644003,0.5422535211267606,0,0,0,0,0,0,0,1,0,0,0,0,0,0,0,0,0,0
366,356,Wes Craven's New Nightmare (1994),1994.0,251,2.8207171314741037,0.9259259259259238,0.07295010213014298,0.45517928286852594,0,0,0,0,0,0,0,0,0,0,1,0,0,0,0,0,0,0
367,357,"Mask, The (1994)",1994.0,1179,3.279050042408821,0.9259259259259238,0.34374088123723373,0.5697625106022053,0,0,0,0,1,1,0,0,1,0,0,0,0,0,0,0,0,0
368,358,Maverick (1994),1994.0,802,3.5236907730673317,0.9259259259259238,0.2337321272249781,0.6309226932668329,1,0,0,0,1,0,0,0,0,0,0,0,0,0,0,0,0,1
369,359,Mrs. Parker and the Vicious Circle (1994),1994.0,58,3.310344827586207,0.9259259259259238,0.016632623285672596,0.5775862068965517,0,0,0,0,0,0,0,1,0,0,0,0,0,0,0,0,0,0
370,360,Naked Gun 33 1/3: The Final Insult (1994),1994.0,412,2.8980582524271843,0.9259259259259238,0.11992996790195505,0.4745145631067961,0,0,0,0,1,0,0,0,0,0,0,0,0,0,0,0,0,0
371,361,"Paper, The (1994)",1994.0,212,3.1792452830188678,0.9259259259259238,0.06156988619784067,0.5448113207547169,0,0,0,0,1,0,0,1,0,0,0,0,0,0,0,0,0,0
372,362,Reality Bites (1994),1994.0,428,3.1542056074766354,0.9259259259259238,0.12459877443828421,0.5385514018691588,0,0,0,0,1,0,0,1,0,0,0,0,0,0,0,0,0,0
373,363,Red Rock West (1992),1992.0,258,3.856589147286822,0.9012345679012341,0.07499270498978698,0.7141472868217055,0,0,0,0,0,0,0,0,0,0,0,0,0,0,0,1,0,0
374,364,Richie Rich (1994),1994.0,183,2.1147540983606556,0.9259259259259238,0.05310767435074409,0.2786885245901639,0,0,0,1,1,0,0,0,0,0,0,0,0,0,0,0,0,0
375,365,Safe Passage (1994),1994.0,17,3.2941176470588234,0.9259259259259238,0.0046688065363291505,0.5735294117647058,0,0,0,0,0,0,0,1,0,0,0,0,0,0,0,0,0,0
376,366,"River Wild, The (1994)",1994.0,350,3.2457142857142856,0.9259259259259238,0.10183834257367959,0.5614285714285714,1,0,0,0,0,0,0,0,0,0,0,0,0,0,0,1,0,0
377,367,Speed (1994),1994.0,1650,3.5654545454545454,0.9259259259259238,0.4811788736504231,0.6413636363636364,1,0,0,0,0,0,0,0,0,0,0,0,0,1,0,1,0,0
378,368,Speechless (1994),1994.0,140,2.892857142857143,0.9259259259259238,0.0405602567843595,0.4732142857142857,0,0,0,0,1,0,0,0,0,0,0,0,0,1,0,0,0,0
379,369,Timecop (1994),1994.0,436,2.889908256880734,0.9259259259259238,0.1269331777064488,0.47247706422018354,1,0,0,0,0,0,0,0,0,0,0,0,0,0,1,0,0,0
380,370,True Lies (1994),1994.0,1400,3.6342857142857143,0.9259259259259238,0.4082287715202801,0.6585714285714286,1,1,0,0,1,0,0,0,0,0,0,0,0,1,0,0,0,0
381,371,When a Man Loves a Woman (1994),1994.0,211,3.2606635071090047,0.9259259259259238,0.0612780857893201,0.5651658767772512,0,0,0,0,0,0,0,1,0,0,0,0,0,0,0,0,0,0
382,372,Wolf (1994),1994.0,272,2.9338235294117645,0.9259259259259238,0.07907791070907498,0.4834558823529411,0,0,0,0,0,0,0,1,0,0,1,0,0,0,0,0,0,0
383,373,Wyatt Earp (1994),1994.0,270,3.2666666666666666,0.9259259259259238,0.07849430989203385,0.5666666666666667,0,0,0,0,0,0,0,0,0,0,0,0,0,0,0,0,0,1
384,374,Bad Company (1995),1995.0,40,2.9,0.9382716049382722,0.011380215932302306,0.475,1,0,0,0,0,0,0,0,0,0,0,0,0,0,0,0,0,0
385,375,"Man of No Importance, A (1994)",1994.0,10,3.4,0.9259259259259238,0.0026262036766851473,0.6,0,0,0,0,0,0,0,1,0,0,0,0,0,0,0,0,0,0
386,376,S.F.W. (1994),1994.0,30,2.6,0.9259259259259238,0.008462211847096586,0.4,0,0,0,0,0,0,0,1,0,0,0,0,0,0,0,0,0,0
387,377,"Low Down Dirty Shame, A (1994)",1994.0,102,2.7450980392156863,0.9259259259259238,0.029471841260577763,0.4362745098039216,1,0,0,0,1,0,0,0,0,0,0,0,0,0,0,0,0,0
388,378,Boys Life (1995),1995.0,97,3.6391752577319587,0.9382716049382722,0.028012839217974903,0.6597938144329897,0,0,0,0,0,0,0,1,0,0,0,0,0,0,0,0,0,0
389,379,"Colonel Chabert, Le (1994)",1994.0,20,3.7,0.9259259259259238,0.005544207761890867,0.675,0,0,0,0,0,0,0,1,0,0,0,0,0,1,0,0,1,0
390,380,Faster Pussycat! Kill! Kill! (1965),1965.0,59,3.542372881355932,0.567901234567902,0.01692442369419317,0.635593220338983,1,0,0,0,1,0,0,1,0,0,0,0,0,0,0,0,0,0
391,381,Jason's Lyric (1994),1994.0,40,3.275,0.9259259259259238,0.011380215932302306,0.56875,0,0,0,0,0,1,0,1,0,0,0,0,0,0,0,0,0,0
392,382,"Secret Adventures of Tom Thumb, The (1993)",1993.0,25,2.8,0.913580246913579,0.007003209804493726,0.44999999999999996,0,1,0,1,0,0,0,0,0,0,0,0,0,0,0,0,0,0
393,383,Street Fighter (1994),1994.0,105,1.8571428571428572,0.9259259259259238,0.030347242486139476,0.2142857142857143,1,0,0,0,0,0,0,0,0,0,0,0,0,0,0,0,0,0
394,384,Coldblooded (1995),1995.0,18,3.6666666666666665,0.9382716049382722,0.004960606944849723,0.6666666666666666,1,0,0,0,0,0,0,0,0,0,0,0,0,0,0,0,0,0
396,385,Fall Time (1995),1995.0,1,4.0,0.9382716049382722,0.0,0.75,0,0,0,0,0,0,0,1,0,0,0,0,0,0,0,0,0,0
397,386,"Fear, The (1995)",1995.0,12,2.4166666666666665,0.9382716049382722,0.003209804493726291,0.35416666666666663,0,0,0,0,0,0,0,0,0,0,1,0,0,0,0,0,0,0
398,387,Frank and Ollie (1995),1995.0,1,4.0,0.9382716049382722,0.0,0.75,0,0,0,0,0,0,1,0,0,0,0,0,0,0,0,0,0,0
401,388,Mirage (1995),1995.0,2,3.0,0.9382716049382722,0.0002918004085205719,0.5,1,0,0,0,0,0,0,0,0,0,0,0,0,0,0,1,0,0
402,389,Open Season (1996),1996.0,1,3.0,0.9506172839506171,0.0,0.5,0,0,0,0,1,0,0,0,0,0,0,0,0,0,0,0,0,0
404,390,Brother Minister: The Assassination of Malcolm X (1994),1994.0,4,3.75,0.9259259259259238,0.0008754012255617157,0.6875,0,0,0,0,0,0,1,0,0,0,0,0,0,0,0,0,0,0
405,391,Highlander III: The Sorcerer (1994),1994.0,203,2.123152709359606,0.9259259259259238,0.058943682521155526,0.28078817733990147,1,0,0,0,0,0,0,0,0,0,0,0,0,0,1,0,0,0
406,392,Federal Hill (1994),1994.0,8,3.625,0.9259259259259238,0.0020426028596440032,0.65625,0,0,0,0,0,0,0,1,0,0,0,0,0,0,0,0,0,0
407,393,In the Mouth of Madness (1995),1995.0,193,2.911917098445596,0.9382716049382722,0.056025678435949806,0.477979274611399,0,0,0,0,0,0,0,0,0,0,1,0,0,0,0,1,0,0
408,394,8 Seconds (1994),1994.0,72,3.3194444444444446,0.9259259259259238,0.020717829004960605,0.5798611111111112,0,0,0,0,0,0,0,1,0,0,0,0,0,0,0,0,0,0
409,395,Above the Rim (1994),1994.0,49,3.020408163265306,0.9259259259259238,0.014006419608987452,0.5051020408163265,0,0,0,0,0,0,0,1,0,0,0,0,0,0,0,0,0,0
410,396,Addams Family Values (1993),1993.0,463,2.9071274298056156,0.913580246913579,0.13481178873650423,0.4767818574514039,0,0,0,0,1,0,0,0,0,0,0,0,0,0,0,0,0,0
411,397,You So Crazy (1994),1994.0,13,2.6153846153846154,0.9259259259259238,0.003501604902246863,0.40384615384615385,0,0,0,0,1,0,0,0,0,0,0,0,0,0,0,0,0,0
412,398,"Age of Innocence, The (1993)",1993.0,295,3.559322033898305,0.913580246913579,0.08578932010504814,0.6398305084745762,0,0,0,0,0,0,0,1,0,0,0,0,0,0,0,0,0,0
413,399,Airheads (1994),1994.0,245,2.5306122448979593,0.9259259259259238,0.07119929967901954,0.38265306122448983,0,0,0,0,1,0,0,0,0,0,0,0,0,0,0,0,0,0
414,400,"Air Up There, The (1994)",1994.0,90,2.6555555555555554,0.9259259259259238,0.025970236358330897,0.41388888888888886,0,0,0,0,1,0,0,0,0,0,0,0,0,0,0,0,0,0
415,401,Another Stakeout (1993),1993.0,179,2.4804469273743015,0.913580246913579,0.0519404727166618,0.3701117318435754,0,0,0,0,1,0,0,0,0,0,0,0,0,0,0,1,0,0
416,402,Bad Girls (1994),1994.0,89,2.4269662921348316,0.9259259259259238,0.025678435949810327,0.3567415730337079,0,0,0,0,0,0,0,0,0,0,0,0,0,0,0,0,0,1
417,403,Barcelona (1994),1994.0,208,3.485576923076923,0.9259259259259238,0.060402684563758385,0.6213942307692307,0,0,0,0,1,0,0,0,0,0,0,0,0,1,0,0,0,0
418,404,Being Human (1993),1993.0,29,2.5172413793103448,0.913580246913579,0.008170411438576013,0.3793103448275862,0,0,0,0,0,0,0,1,0,0,0,0,0,0,0,0,0,0
419,405,"Beverly Hillbillies, The (1993)",1993.0,156,2.1923076923076925,0.913580246913579,0.04522906332068864,0.29807692307692313,0,0,0,0,1,0,0,0,0,0,0,0,0,0,0,0,0,0
420,406,Beverly Hills Cop III (1994),1994.0,352,2.5056818181818183,0.9259259259259238,0.10242194339072073,0.3764204545454546,1,0,0,0,1,0,0,0,0,0,0,0,0,0,0,0,0,0
421,407,Black Beauty (1994),1994.0,94,3.3617021276595747,0.9259259259259238,0.027137437992413187,0.5904255319148937,0,1,0,1,0,0,0,0,0,0,0,0,0,0,0,0,0,0
422,408,Blink (1994),1994.0,57,3.1228070175438596,0.9259259259259238,0.016340822877152026,0.5307017543859649,0,0,0,0,0,0,0,0,0,0,0,0,0,0,0,1,0,0
423,409,Blown Away (1994),1994.0,221,3.1085972850678734,0.9259259259259238,0.06419608987452582,0.5271493212669683,1,0,0,0,0,0,0,0,0,0,0,0,0,0,0,1,0,0
424,410,Blue Chips (1994),1994.0,75,2.6,0.9259259259259238,0.02159323023052232,0.4,0,0,0,0,0,0,0,1,0,0,0,0,0,0,0,0,0,0
425,411,Blue Sky (1994),1994.0,105,3.6095238095238096,0.9259259259259238,0.030347242486139476,0.6523809523809524,0,0,0,0,0,0,0,1,0,0,0,0,0,1,0,0,0,0
426,412,Body Snatchers (1993),1993.0,269,3.0817843866171004,0.913580246913579,0.07820250948351327,0.5204460966542751,0,0,0,0,0,0,0,0,0,0,1,0,0,0,1,1,0,0
427,413,Boxing Helena (1993),1993.0,166,2.3674698795180724,0.913580246913579,0.04814706740589436,0.3418674698795181,0,0,0,0,0,0,0,0,0,0,0,0,1,1,0,1,0,0
428,414,"Bronx Tale, A (1993)",1993.0,263,3.931558935361217,0.913580246913579,0.07645170703238983,0.7328897338403042,0,0,0,0,0,0,0,1,0,0,0,0,0,0,0,0,0,0
429,415,Cabin Boy (1994),1994.0,187,2.379679144385027,0.9259259259259238,0.05427487598482637,0.34491978609625673,0,0,0,0,1,0,0,0,0,0,0,0,0,0,0,0,0,0
430,416,Calendar Girl (1993),1993.0,24,2.4166666666666665,0.913580246913579,0.006711409395973154,0.35416666666666663,0,0,0,0,0,0,0,1,0,0,0,0,0,0,0,0,0,0
431,417,Carlito's Way (1993),1993.0,369,3.6910569105691056,0.913580246913579,0.10738255033557047,0.6727642276422764,0,0,0,0,0,1,0,1,0,0,0,0,0,0,0,0,0,0
432,418,City Slickers II: The Legend of Curly's Gold (1994),1994.0,392,2.579081632653061,0.9259259259259238,0.11409395973154361,0.39477040816326525,0,0,0,0,1,0,0,0,0,0,0,0,0,0,0,0,0,1
433,419,Clean Slate (1994),1994.0,48,2.7916666666666665,0.9259259259259238,0.01371461920046688,0.44791666666666663,0,0,0,0,1,0,0,0,0,0,0,0,0,0,0,0,0,0
434,420,Cliffhanger (1993),1993.0,686,3.0845481049562684,0.913580246913579,0.19988327983659177,0.5211370262390671,1,1,0,0,0,1,0,0,0,0,0,0,0,0,0,0,0,0
435,421,Coneheads (1993),1993.0,533,2.6060037523452158,0.913580246913579,0.15523781733294426,0.40150093808630394,0,0,0,0,1,0,0,0,0,0,0,0,0,0,1,0,0,0
436,422,Color of Night (1994),1994.0,141,2.652482269503546,0.9259259259259238,0.04085205719288006,0.41312056737588654,0,0,0,0,0,0,0,1,0,0,0,0,0,0,0,1,0,0
437,423,Cops and Robbersons (1994),1994.0,64,2.046875,0.9259259259259238,0.01838342573679603,0.26171875,0,0,0,0,1,0,0,0,0,0,0,0,0,0,0,0,0,0
438,424,"Cowboy Way, The (1994)",1994.0,152,2.625,0.9259259259259238,0.044061861686606356,0.40625,1,0,0,0,1,0,0,0,0,0,0,0,0,0,0,0,0,0
439,425,Dangerous Game (1993),1993.0,2,4.5,0.913580246913579,0.0002918004085205719,0.875,0,0,0,0,0,0,0,1,0,0,0,0,0,0,0,0,0,0
440,426,Dave (1993),1993.0,948,3.811181434599156,0.913580246913579,0.2763349868689816,0.702795358649789,0,0,0,0,1,0,0,0,0,0,0,0,0,1,0,0,0,0
441,427,Dazed and Confused (1993),1993.0,643,3.6936236391912907,0.913580246913579,0.18733586227020718,0.6734059097978227,0,0,0,0,1,0,0,0,0,0,0,0,0,0,0,0,0,0
442,428,Demolition Man (1993),1993.0,640,2.9921875,0.913580246913579,0.18646046104464548,0.498046875,1,0,0,0,0,0,0,0,0,0,0,0,0,0,1,0,0,0
443,429,"Endless Summer 2, The (1994)",1994.0,31,3.3870967741935485,0.9259259259259238,0.008754012255617158,0.5967741935483871,0,0,0,0,0,0,1,0,0,0,0,0,0,0,0,0,0,0
444,430,Even Cowgirls Get the Blues (1993),1993.0,81,2.2962962962962963,0.913580246913579,0.02334403268164575,0.32407407407407407,0,0,0,0,1,0,0,0,0,0,0,0,0,1,0,0,0,0
445,431,Fatal Instinct (1993),1993.0,100,2.61,0.913580246913579,0.028888240443536616,0.40249999999999997,0,0,0,0,1,0,0,0,0,0,0,0,0,0,0,0,0,0
446,432,Farewell My Concubine (1993),1993.0,254,4.082677165354331,0.913580246913579,0.07382550335570469,0.7706692913385826,0,0,0,0,0,0,0,1,0,0,0,0,0,1,0,0,0,0
447,433,"Favor, The (1994)",1994.0,31,2.4838709677419355,0.9259259259259238,0.008754012255617158,0.3709677419354839,0,0,0,0,1,0,0,0,0,0,0,0,0,1,0,0,0,0
448,434,Fearless (1993),1993.0,228,3.6008771929824563,0.913580246913579,0.06623869273416982,0.6502192982456141,0,0,0,0,0,0,0,1,0,0,0,0,0,0,0,0,0,0
449,435,Fear of a Black Hat (1993),1993.0,71,3.6619718309859155,0.913580246913579,0.02042602859644003,0.6654929577464789,0,0,0,0,1,0,0,0,0,0,0,0,0,0,0,0,0,0
450,436,With Honors (1994),1994.0,228,3.280701754385965,0.9259259259259238,0.06623869273416982,0.5701754385964912,0,0,0,0,1,0,0,1,0,0,0,0,0,0,0,0,0,0
451,437,Flesh and Bone (1993),1993.0,106,3.150943396226415,0.913580246913579,0.03063904289466005,0.5377358490566038,0,0,0,0,0,0,0,1,0,0,0,0,1,1,0,0,0,0
452,438,Widows' Peak (1994),1994.0,38,3.289473684210526,0.9259259259259238,0.01079661511526116,0.5723684210526315,0,0,0,0,0,0,0,1,0,0,0,0,0,0,0,0,0,0
453,439,For Love or Money (1993),1993.0,67,3.2238805970149254,0.913580246913579,0.019258826962357745,0.5559701492537313,0,0,0,0,1,0,0,0,0,0,0,0,0,0,0,0,0,0
454,440,"Firm, The (1993)",1993.0,824,3.5473300970873787,0.913580246913579,0.2401517362124307,0.6368325242718447,0,0,0,0,0,0,0,1,0,0,0,0,0,0,0,1,0,0
455,441,Free Willy (1993),1993.0,285,2.5894736842105264,0.913580246913579,0.08287131601984242,0.3973684210526316,0,1,0,1,0,0,0,1,0,0,0,0,0,0,0,0,0,0
456,442,Fresh (1994),1994.0,93,4.0,0.9259259259259238,0.026845637583892613,0.75,0,0,0,0,0,0,0,1,0,0,0,0,0,0,0,0,0,0
457,443,"Fugitive, The (1993)",1993.0,1995,4.103258145363409,0.913580246913579,0.5818500145900204,0.7758145363408522,1,0,0,0,0,0,0,0,0,0,0,0,0,0,0,1,0,0
458,444,Geronimo: An American Legend (1993),1993.0,87,3.2758620689655173,0.913580246913579,0.025094835132769184,0.5689655172413793,0,0,0,0,0,0,0,1,0,0,0,0,0,0,0,0,0,1
459,445,"Getaway, The (1994)",1994.0,143,2.832167832167832,0.9259259259259238,0.04143565800992121,0.458041958041958,1,0,0,0,0,0,0,0,0,0,0,0,0,0,0,0,0,0
460,446,Getting Even with Dad (1994),1994.0,38,2.263157894736842,0.9259259259259238,0.01079661511526116,0.3157894736842105,0,0,0,0,1,0,0,0,0,0,0,0,0,0,0,0,0,0
461,447,Go Fish (1994),1994.0,86,3.2790697674418605,0.9259259259259238,0.02480303472424861,0.5697674418604651,0,0,0,0,0,0,0,1,0,0,0,0,0,1,0,0,0,0
462,448,"Good Man in Africa, A (1994)",1994.0,28,2.642857142857143,0.9259259259259238,0.007878611030055441,0.4107142857142857,1,1,0,0,0,0,0,0,0,0,0,0,0,0,0,0,0,0
463,449,Guilty as Sin (1993),1993.0,47,2.74468085106383,0.913580246913579,0.013422818791946308,0.43617021276595747,0,0,0,0,0,1,0,1,0,0,0,0,0,0,0,1,0,0
464,450,Hard Target (1993),1993.0,216,2.7824074074074074,0.913580246913579,0.06273708783192296,0.44560185185185186,1,1,0,0,0,1,0,0,0,0,0,0,0,0,0,1,0,0
465,451,Heaven & Earth (1993),1993.0,105,3.3142857142857145,0.913580246913579,0.030347242486139476,0.5785714285714286,1,0,0,0,0,0,0,1,0,0,0,0,0,0,0,0,1,0
466,452,Hot Shots! Part Deux (1993),1993.0,573,2.7958115183246073,0.913580246913579,0.16690983367376713,0.4489528795811518,1,0,0,0,1,0,0,0,0,0,0,0,0,0,0,0,1,0
467,453,Live Nude Girls (1995),1995.0,54,3.2037037037037037,0.9382716049382722,0.015465421651590311,0.5509259259259259,0,0,0,0,1,0,0,0,0,0,0,0,0,0,0,0,0,0
468,454,"Englishman Who Went Up a Hill, But Came Down a Mountain, The (1995)",1995.0,350,3.2714285714285714,0.9382716049382722,0.10183834257367959,0.5678571428571428,0,0,0,0,1,0,0,0,0,0,0,0,0,1,0,0,0,0
469,455,"House of the Spirits, The (1993)",1993.0,69,2.9565217391304346,0.913580246913579,0.01984242777939889,0.48913043478260865,0,0,0,0,0,0,0,1,0,0,0,0,0,1,0,0,0,0
470,456,House Party 3 (1994),1994.0,38,1.736842105263158,0.9259259259259238,0.01079661511526116,0.1842105263157895,0,0,0,0,1,0,0,0,0,0,0,0,0,0,0,0,0,0
471,457,"Hudsucker Proxy, The (1994)",1994.0,599,3.631051752921536,0.9259259259259238,0.174496644295302,0.657762938230384,0,0,0,0,1,0,0,0,0,0,0,0,0,1,0,0,0,0
472,458,I'll Do Anything (1994),1994.0,44,2.7045454545454546,0.9259259259259238,0.012547417566384592,0.42613636363636365,0,0,0,0,1,0,0,1,0,0,0,0,0,0,0,0,0,0
473,459,In the Army Now (1994),1994.0,151,2.225165562913907,0.9259259259259238,0.04377006127808578,0.3062913907284768,0,0,0,0,1,0,0,0,0,0,0,0,0,0,0,0,1,0
474,460,In the Line of Fire (1993),1993.0,972,3.825102880658436,0.913580246913579,0.2833381966734753,0.706275720164609,1,0,0,0,0,0,0,0,0,0,0,0,0,0,0,1,0,0
475,461,In the Name of the Father (1993),1993.0,312,3.9006410256410255,0.913580246913579,0.09074992704989786,0.7251602564102564,0,0,0,0,0,0,0,1,0,0,0,0,0,0,0,0,0,0
476,462,"Inkwell, The (1994)",1994.0,35,2.6857142857142855,0.9259259259259238,0.009921213889699446,0.4214285714285714,0,0,0,0,1,0,0,1,0,0,0,0,0,0,0,0,0,0
477,463,What's Love Got to Do with It? (1993),1993.0,195,3.466666666666667,0.913580246913579,0.056609279252990946,0.6166666666666667,0,0,0,0,0,0,0,1,0,0,0,0,0,0,0,0,0,0
478,464,Jimmy Hollywood (1994),1994.0,24,2.4583333333333335,0.9259259259259238,0.006711409395973154,0.36458333333333337,0,0,0,0,1,0,0,0,0,0,0,0,0,0,0,0,0,0
479,465,Judgment Night (1993),1993.0,133,2.7969924812030076,0.913580246913579,0.03851765392471549,0.4492481203007519,1,0,0,0,0,0,0,0,0,0,0,0,0,0,0,0,0,0
480,466,Jurassic Park (1993),1993.0,2672,3.7638473053892216,0.913580246913579,0.7793988911584475,0.6909618263473054,1,1,0,0,0,0,0,0,0,0,0,0,0,0,1,0,0,0
481,467,Kalifornia (1993),1993.0,294,3.380952380952381,0.913580246913579,0.08549751969652757,0.5952380952380952,0,0,0,0,0,0,0,1,0,0,0,0,0,0,0,1,0,0
482,468,Killing Zoe (1994),1994.0,176,3.528409090909091,0.9259259259259238,0.05106507149110008,0.6321022727272727,0,0,0,0,0,0,0,0,0,0,0,0,0,0,0,1,0,0
483,469,King of the Hill (1993),1993.0,74,3.7432432432432434,0.913580246913579,0.021301429822001748,0.6858108108108109,0,0,0,0,0,0,0,1,0,0,0,0,0,0,0,0,0,0
484,470,Lassie (1994),1994.0,29,2.6551724137931036,0.9259259259259238,0.008170411438576013,0.4137931034482759,0,1,0,1,0,0,0,0,0,0,0,0,0,0,0,0,0,0
485,471,Last Action Hero (1993),1993.0,500,2.508,0.913580246913579,0.1456084038517654,0.377,1,0,0,0,1,0,0,0,0,0,0,0,0,0,0,0,0,0
486,472,Life with Mikey (1993),1993.0,64,2.8125,0.913580246913579,0.01838342573679603,0.453125,0,0,0,0,1,0,0,0,0,0,0,0,0,0,0,0,0,0
487,473,Lightning Jack (1994),1994.0,62,2.6129032258064515,0.9259259259259238,0.017799824919754886,0.4032258064516129,0,0,0,0,1,0,0,0,0,0,0,0,0,0,0,0,0,1
488,474,M. Butterfly (1993),1993.0,39,3.3846153846153846,0.913580246913579,0.011088415523781732,0.5961538461538461,0,0,0,0,0,0,0,1,0,0,0,0,0,0,0,0,0,0
489,475,Made in America (1993),1993.0,97,2.4742268041237114,0.913580246913579,0.028012839217974903,0.36855670103092786,0,0,0,0,1,0,0,0,0,0,0,0,0,0,0,0,0,0
490,476,Malice (1993),1993.0,185,3.324324324324324,0.913580246913579,0.05369127516778523,0.581081081081081,0,0,0,0,0,0,0,0,0,0,0,0,0,0,0,1,0,0
491,477,"Man Without a Face, The (1993)",1993.0,212,3.3160377358490565,0.913580246913579,0.06156988619784067,0.5790094339622641,0,0,0,0,0,0,0,1,0,0,0,0,0,0,0,0,0,0
492,478,Manhattan Murder Mystery (1993),1993.0,335,3.719402985074627,0.913580246913579,0.09746133644587102,0.6798507462686567,0,0,0,0,1,0,0,0,0,0,0,0,1,0,0,0,0,0
493,479,Menace II Society (1993),1993.0,298,3.6073825503355703,0.913580246913579,0.08666472133060986,0.6518456375838926,1,0,0,0,0,1,0,1,0,0,0,0,0,0,0,0,0,0
494,480,Executive Decision (1996),1996.0,416,3.3461538461538463,0.9506172839506171,0.12109716953603734,0.5865384615384616,1,0,0,0,0,0,0,0,0,0,0,0,0,0,0,1,0,0
495,481,In the Realm of the Senses (Ai no corrida) (1976),1976.0,42,3.380952380952381,0.7037037037037024,0.011963816749343449,0.5952380952380952,0,0,0,0,0,0,0,1,0,0,0,0,0,0,0,0,0,0
496,482,What Happened Was... (1994),1994.0,37,3.2162162162162162,0.9259259259259238,0.01050481470674059,0.5540540540540541,0,0,0,0,1,0,0,1,0,0,0,0,0,1,0,0,0,0
497,483,Much Ado About Nothing (1993),1993.0,667,4.0,0.913580246913579,0.1943390720747009,0.75,0,0,0,0,1,0,0,0,0,0,0,0,0,1,0,0,0,0
498,484,Mr. Jones (1993),1993.0,47,2.74468085106383,0.913580246913579,0.013422818791946308,0.43617021276595747,0,0,0,0,0,0,0,1,0,0,0,0,0,1,0,0,0,0
499,485,Mr. Wonderful (1993),1993.0,49,2.7551020408163267,0.913580246913579,0.014006419608987452,0.4387755102040817,0,0,0,0,1,0,0,0,0,0,0,0,0,1,0,0,0,0
500,486,Mrs. Doubtfire (1993),1993.0,838,3.420047732696897,0.913580246913579,0.2442369419317187,0.6050119331742243,0,0,0,0,1,0,0,0,0,0,0,0,0,0,0,0,0,0
501,487,Naked (1993),1993.0,94,3.606382978723404,0.913580246913579,0.027137437992413187,0.651595744680851,0,0,0,0,0,0,0,1,0,0,0,0,0,0,0,0,0,0
502,488,"Next Karate Kid, The (1994)",1994.0,155,1.935483870967742,0.9259259259259238,0.044937262912168076,0.2338709677419355,1,0,0,1,0,0,0,0,0,0,0,0,0,0,0,0,0,0
503,489,"New Age, The (1994)",1994.0,13,3.6923076923076925,0.9259259259259238,0.003501604902246863,0.6730769230769231,0,0,0,0,0,0,0,1,0,0,0,0,0,0,0,0,0,0
504,490,No Escape (1994),1994.0,178,2.955056179775281,0.9259259259259238,0.05164867230814123,0.4887640449438202,1,0,0,0,0,0,0,0,0,0,0,0,0,0,1,0,0,0
505,491,North (1994),1994.0,69,2.4927536231884058,0.9259259259259238,0.01984242777939889,0.37318840579710144,0,0,0,0,1,0,0,0,0,0,0,0,0,0,0,0,0,0
506,492,Orlando (1993),1993.0,114,3.491228070175439,0.913580246913579,0.032973446162824625,0.6228070175438597,0,0,0,0,0,0,0,1,0,0,0,0,0,0,0,0,0,0
507,493,"Perfect World, A (1993)",1993.0,308,3.522727272727273,0.913580246913579,0.08958272541581558,0.6306818181818182,1,0,0,0,0,0,0,1,0,0,0,0,0,0,0,0,0,0
508,494,Philadelphia (1993),1993.0,561,3.894830659536542,0.913580246913579,0.16340822877152028,0.7237076648841355,0,0,0,0,0,0,0,1,0,0,0,0,0,0,0,0,0,0
509,495,"Piano, The (1993)",1993.0,608,3.674342105263158,0.913580246913579,0.17712284797198716,0.6685855263157895,0,0,0,0,0,0,0,1,0,0,0,0,0,1,0,0,0,0
510,496,Poetic Justice (1993),1993.0,42,2.4047619047619047,0.913580246913579,0.011963816749343449,0.35119047619047616,0,0,0,0,0,0,0,1,0,0,0,0,0,0,0,0,0,0
511,497,"Program, The (1993)",1993.0,152,3.1052631578947367,0.913580246913579,0.044061861686606356,0.5263157894736842,1,0,0,0,0,0,0,1,0,0,0,0,0,0,0,0,0,0
512,498,Robert A. Heinlein's The Puppet Masters (1994),1994.0,179,2.8715083798882683,0.9259259259259238,0.0519404727166618,0.4678770949720671,0,0,0,0,0,0,0,0,0,0,1,0,0,0,1,0,0,0
513,499,Radioland Murders (1994),1994.0,67,3.1194029850746268,0.9259259259259238,0.019258826962357745,0.5298507462686567,0,0,0,0,1,0,0,0,0,0,0,0,1,1,0,0,0,0
514,500,"Ref, The (1994)",1994.0,346,3.531791907514451,0.9259259259259238,0.10067114093959731,0.6329479768786127,0,0,0,0,1,0,0,0,0,0,0,0,0,0,0,0,0,0
515,501,"Remains of the Day, The (1993)",1993.0,450,3.917777777777778,0.913580246913579,0.1310183834257368,0.7294444444444445,0,0,0,0,0,0,0,1,0,0,0,0,0,0,0,0,0,0
516,502,Renaissance Man (1994),1994.0,248,2.870967741935484,0.9259259259259238,0.07207470090458126,0.467741935483871,0,0,0,0,1,0,0,1,0,0,0,0,0,0,0,0,1,0
517,503,Rising Sun (1993),1993.0,382,3.175392670157068,0.913580246913579,0.11117595564633789,0.543848167539267,1,0,0,0,0,0,0,1,0,0,0,0,1,0,0,0,0,0
518,504,"Road to Wellville, The (1994)",1994.0,149,2.4563758389261743,0.9259259259259238,0.04318646046104464,0.36409395973154357,0,0,0,0,1,0,0,0,0,0,0,0,0,0,0,0,0,0
519,505,Robocop 3 (1993),1993.0,202,1.9405940594059405,0.913580246913579,0.05865188211263495,0.23514851485148514,0,0,0,0,0,0,0,0,0,0,0,0,0,0,1,1,0,0
520,506,Robin Hood: Men in Tights (1993),1993.0,374,2.93048128342246,0.913580246913579,0.10884155237817332,0.482620320855615,0,0,0,0,1,0,0,0,0,0,0,0,0,0,0,0,0,0
521,507,Romeo Is Bleeding (1993),1993.0,117,3.3675213675213675,0.913580246913579,0.03384884738838634,0.5918803418803419,0,0,0,0,0,1,0,0,0,0,0,0,0,0,0,1,0,0
522,508,Romper Stomper (1992),1992.0,83,3.566265060240964,0.9012345679012341,0.023927633498686894,0.641566265060241,1,0,0,0,0,0,0,1,0,0,0,0,0,0,0,0,0,0
523,509,Ruby in Paradise (1993),1993.0,117,3.658119658119658,0.913580246913579,0.03384884738838634,0.6645299145299145,0,0,0,0,0,0,0,1,0,0,0,0,0,0,0,0,0,0
524,510,Rudy (1993),1993.0,476,3.615546218487395,0.913580246913579,0.13860519404727167,0.6538865546218487,0,0,0,0,0,0,0,1,0,0,0,0,0,0,0,0,0,0
525,511,"Saint of Fort Washington, The (1993)",1993.0,21,3.1904761904761907,0.913580246913579,0.005836008170411439,0.5476190476190477,0,0,0,0,0,0,0,1,0,0,0,0,0,0,0,0,0,0
526,512,"Savage Nights (Nuits fauves, Les) (1992)",1992.0,8,2.5,0.9012345679012341,0.0020426028596440032,0.375,0,0,0,0,0,0,0,1,0,0,0,0,0,0,0,0,0,0
527,513,Schindler's List (1993),1993.0,2304,4.510416666666667,0.913580246913579,0.6720163408228771,0.8776041666666667,0,0,0,0,0,0,0,1,0,0,0,0,0,0,0,0,1,0
528,514,"Scout, The (1994)",1994.0,68,2.514705882352941,0.9259259259259238,0.019550627370878315,0.3786764705882353,0,0,0,0,0,0,0,1,0,0,0,0,0,0,0,0,0,0
529,515,Searching for Bobby Fischer (1993),1993.0,720,3.977777777777778,0.913580246913579,0.2098044937262912,0.7444444444444445,0,0,0,0,0,0,0,1,0,0,0,0,0,0,0,0,0,0
530,516,Second Best (1994),1994.0,2,3.5,0.9259259259259238,0.0002918004085205719,0.625,0,0,0,0,0,0,0,1,0,0,0,0,0,0,0,0,0,0
531,517,"Secret Garden, The (1993)",1993.0,338,3.769230769230769,0.913580246913579,0.09833673767143274,0.6923076923076923,0,0,0,1,0,0,0,1,0,0,0,0,0,0,0,0,0,0
532,518,Serial Mom (1994),1994.0,389,3.0488431876606685,0.9259259259259238,0.11321855850598189,0.5122107969151671,0,0,0,0,1,1,0,0,0,0,1,0,0,0,0,0,0,0
533,519,"Shadow, The (1994)",1994.0,203,2.7339901477832513,0.9259259259259238,0.058943682521155526,0.43349753694581283,1,0,0,0,0,0,0,0,0,0,0,0,0,0,0,0,0,0
534,520,Shadowlands (1993),1993.0,286,3.835664335664336,0.913580246913579,0.083163116428363,0.708916083916084,0,0,0,0,0,0,0,1,0,0,0,0,0,1,0,0,0,0
535,521,Short Cuts (1993),1993.0,301,3.8172757475083055,0.913580246913579,0.08754012255617157,0.7043189368770764,0,0,0,0,0,0,0,1,0,0,0,0,0,0,0,0,0,0
536,522,"Simple Twist of Fate, A (1994)",1994.0,55,3.1636363636363636,0.9259259259259238,0.015757222060110883,0.5409090909090909,0,0,0,0,0,0,0,1,0,0,0,0,0,0,0,0,0,0
537,523,Sirens (1994),1994.0,207,3.077294685990338,0.9259259259259238,0.06011088415523781,0.5193236714975845,0,0,0,0,1,0,0,1,0,0,0,0,0,0,0,0,0,0
538,524,Six Degrees of Separation (1993),1993.0,315,3.8222222222222224,0.913580246913579,0.09162532827545958,0.7055555555555556,0,0,0,0,0,0,0,1,0,0,0,0,0,0,0,0,0,0
539,525,Sleepless in Seattle (1993),1993.0,986,3.760649087221095,0.913580246913579,0.2874234023927633,0.6901622718052738,0,0,0,0,1,0,0,0,0,0,0,0,0,1,0,0,0,0
540,526,Sliver (1993),1993.0,169,2.2189349112426036,0.913580246913579,0.04902246863145608,0.3047337278106509,0,0,0,0,0,0,0,0,0,0,0,0,0,0,0,1,0,0
541,527,Blade Runner (1982),1982.0,1800,4.273333333333333,0.7777777777777786,0.5249489349285088,0.8183333333333334,0,0,0,0,0,0,0,0,0,1,0,0,0,0,1,0,0,0
542,528,Son in Law (1993),1993.0,206,2.674757281553398,0.913580246913579,0.05981908374671724,0.4186893203883495,0,0,0,0,1,0,0,0,0,0,0,0,0,0,0,0,0,0
543,529,So I Married an Axe Murderer (1993),1993.0,682,3.3841642228739004,0.913580246913579,0.19871607820250947,0.5960410557184751,0,0,0,0,1,0,0,0,0,0,0,0,0,1,0,1,0,0
544,530,Striking Distance (1993),1993.0,129,2.643410852713178,0.913580246913579,0.037350452290633204,0.4108527131782945,1,0,0,0,0,0,0,0,0,0,0,0,0,0,0,0,0,0
545,531,Harlem (1993),1993.0,1,2.0,0.913580246913579,0.0,0.25,0,0,0,0,0,0,0,1,0,0,0,0,0,0,0,0,0,0
546,532,Super Mario Bros. (1993),1993.0,350,1.8742857142857143,0.913580246913579,0.10183834257367959,0.21857142857142858,1,1,0,1,0,0,0,0,0,0,0,0,0,0,1,0,0,0
547,533,Surviving the Game (1994),1994.0,124,2.879032258064516,0.9259259259259238,0.035891450248030345,0.469758064516129,1,1,0,0,0,0,0,0,0,0,0,0,0,0,0,1,0,0
548,534,Terminal Velocity (1994),1994.0,137,2.5474452554744524,0.9259259259259238,0.03968485555879778,0.3868613138686131,1,0,0,0,0,0,0,0,0,0,0,0,0,0,0,0,0,0
549,535,Thirty-Two Short Films About Glenn Gould (1993),1993.0,157,3.821656050955414,0.913580246913579,0.045520863729209216,0.7054140127388535,0,0,0,0,0,0,1,0,0,0,0,0,0,0,0,0,0,0
550,536,Threesome (1994),1994.0,178,3.0168539325842696,0.9259259259259238,0.05164867230814123,0.5042134831460674,0,0,0,0,1,0,0,0,0,0,0,0,0,1,0,0,0,0
551,537,"Nightmare Before Christmas, The (1993)",1993.0,996,3.717871485943775,0.913580246913579,0.2903414064779691,0.6794678714859438,0,0,0,1,1,0,0,0,0,0,0,1,0,0,0,0,0,0
552,538,"Three Musketeers, The (1993)",1993.0,529,3.2400756143667295,0.913580246913579,0.154070615698862,0.5600189035916824,1,1,0,0,1,0,0,0,0,0,0,0,0,0,0,0,0,0
553,539,Tombstone (1993),1993.0,553,3.8734177215189876,0.913580246913579,0.1610738255033557,0.7183544303797469,0,0,0,0,0,0,0,0,0,0,0,0,0,0,0,0,0,1
554,540,Trial by Jury (1994),1994.0,26,2.6153846153846154,0.9259259259259238,0.007295010213014298,0.40384615384615385,0,0,0,0,0,0,0,0,0,0,0,0,0,0,0,1,0,0
555,541,True Romance (1993),1993.0,658,3.9285714285714284,0.913580246913579,0.19171286839801577,0.7321428571428571,1,0,0,0,0,1,0,0,0,0,0,0,0,1,0,0,0,0
556,542,"War Room, The (1993)",1993.0,132,4.2272727272727275,0.913580246913579,0.03822585351619492,0.8068181818181819,0,0,0,0,0,0,1,0,0,0,0,0,0,0,0,0,0,0
557,543,Mamma Roma (1962),1962.0,2,4.5,0.5308641975308639,0.0002918004085205719,0.875,0,0,0,0,0,0,0,1,0,0,0,0,0,0,0,0,0,0
558,544,"Pagemaster, The (1994)",1994.0,135,2.7037037037037037,0.9259259259259238,0.03910125474175664,0.42592592592592593,1,1,1,1,0,0,0,0,1,0,0,0,0,0,0,0,0,0
559,545,"Paris, France (1993)",1993.0,5,3.0,0.913580246913579,0.0011672016340822876,0.5,0,0,0,0,1,0,0,0,0,0,0,0,0,0,0,0,0,0
560,546,"Beans of Egypt, Maine, The (1994)",1994.0,8,3.625,0.9259259259259238,0.0020426028596440032,0.65625,0,0,0,0,0,0,0,1,0,0,0,0,0,0,0,0,0,0
561,547,Killer (Bulletproof Heart) (1994),1994.0,13,3.6153846153846154,0.9259259259259238,0.003501604902246863,0.6538461538461539,0,0,0,0,0,0,0,0,0,0,0,0,0,0,0,1,0,0
562,548,Welcome to the Dollhouse (1995),1995.0,478,3.799163179916318,0.9382716049382722,0.13918879486431282,0.6997907949790795,0,0,0,0,1,0,0,1,0,0,0,0,0,0,0,0,0,0
563,549,Germinal (1993),1993.0,17,3.235294117647059,0.913580246913579,0.0046688065363291505,0.5588235294117647,0,0,0,0,0,0,0,1,0,0,0,0,0,0,0,0,0,0
564,550,Chasers (1994),1994.0,45,2.2666666666666666,0.9259259259259238,0.012839217974905164,0.31666666666666665,0,0,0,0,1,0,0,0,0,0,0,0,0,0,0,0,0,0
565,551,Cronos (1992),1992.0,61,3.1311475409836067,0.9012345679012341,0.017508024511234312,0.5327868852459017,0,0,0,0,0,0,0,0,0,0,1,0,0,0,0,0,0,0
566,552,Naked in New York (1994),1994.0,13,2.923076923076923,0.9259259259259238,0.003501604902246863,0.4807692307692307,0,0,0,0,1,0,0,0,0,0,0,0,0,1,0,0,0,0
567,553,Kika (1993),1993.0,14,3.5714285714285716,0.913580246913579,0.0037934053107674345,0.6428571428571429,0,0,0,0,0,0,0,1,0,0,0,0,0,0,0,0,0,0
568,554,Bhaji on the Beach (1993),1993.0,35,3.857142857142857,0.913580246913579,0.009921213889699446,0.7142857142857143,0,0,0,0,1,0,0,1,0,0,0,0,0,0,0,0,0,0
569,555,Little Big League (1994),1994.0,100,2.93,0.9259259259259238,0.028888240443536616,0.48250000000000004,0,0,0,1,1,0,0,0,0,0,0,0,0,0,0,0,0,0
570,556,"Slingshot, The (Kådisbellan ) (1993)",1993.0,23,3.217391304347826,0.913580246913579,0.006419608987452583,0.5543478260869565,0,0,0,0,1,0,0,1,0,0,0,0,0,0,0,0,0,0
571,557,"Wedding Gift, The (1994)",1994.0,34,3.588235294117647,0.9259259259259238,0.009629413481178873,0.6470588235294118,0,0,0,0,0,0,0,1,0,0,0,0,0,0,0,0,0,0
572,558,Foreign Student (1994),1994.0,2,3.0,0.9259259259259238,0.0002918004085205719,0.5,0,0,0,0,0,0,0,1,0,0,0,0,0,0,0,0,0,0
573,559,"Ciao, Professore! (Io speriamo che me la cavo ) (1993)",1993.0,21,3.5238095238095237,0.913580246913579,0.005836008170411439,0.6309523809523809,0,0,0,0,0,0,0,1,0,0,0,0,0,0,0,0,0,0
574,560,Spanking the Monkey (1994),1994.0,175,3.4457142857142857,0.9259259259259238,0.05077327108257951,0.6114285714285714,0,0,0,0,1,0,0,1,0,0,0,0,0,0,0,0,0,0
575,561,"Little Rascals, The (1994)",1994.0,107,2.822429906542056,0.9259259259259238,0.030930843303180622,0.45560747663551404,0,0,0,1,1,0,0,0,0,0,0,0,0,0,0,0,0,0
576,562,Fausto (1993),1993.0,1,3.0,0.913580246913579,0.0,0.5,0,0,0,0,1,0,0,0,0,0,0,0,0,0,0,0,0,0
577,563,Andre (1994),1994.0,55,2.963636363636364,0.9259259259259238,0.015757222060110883,0.49090909090909096,0,1,0,1,0,0,0,0,0,0,0,0,0,0,0,0,0,0
578,564,"Hour of the Pig, The (1993)",1993.0,2,4.5,0.913580246913579,0.0002918004085205719,0.875,0,0,0,0,0,0,0,1,0,0,0,0,1,0,0,0,0,0
579,565,"Scorta, La (1993)",1993.0,1,2.0,0.913580246913579,0.0,0.25,0,0,0,0,0,0,0,0,0,0,0,0,0,0,0,1,0,0
580,566,Princess Caraboo (1994),1994.0,62,3.2419354838709675,0.9259259259259238,0.017799824919754886,0.5604838709677419,0,0,0,0,0,0,0,1,0,0,0,0,0,0,0,0,0,0
581,567,"Celluloid Closet, The (1995)",1995.0,141,4.049645390070922,0.9382716049382722,0.04085205719288006,0.7624113475177305,0,0,0,0,0,0,1,0,0,0,0,0,0,0,0,0,0,0
582,568,Metisse (Café au Lait) (1993),1993.0,2,3.0,0.913580246913579,0.0002918004085205719,0.5,0,0,0,0,1,0,0,0,0,0,0,0,0,0,0,0,0,0
583,569,Dear Diary (Caro Diario) (1994),1994.0,28,3.6785714285714284,0.9259259259259238,0.007878611030055441,0.6696428571428571,0,0,0,0,1,0,0,1,0,0,0,0,0,0,0,0,0,0
584,570,I Don't Want to Talk About It (De eso no se habla) (1993),1993.0,1,4.0,0.913580246913579,0.0,0.75,0,0,0,0,0,0,0,1,0,0,0,0,0,0,0,0,0,0
585,571,"Brady Bunch Movie, The (1995)",1995.0,418,2.9066985645933014,0.9382716049382722,0.12168077035307849,0.47667464114832536,0,0,0,0,1,0,0,0,0,0,0,0,0,0,0,0,0,0
586,572,Home Alone (1990),1990.0,675,3.1348148148148147,0.8765432098765409,0.19667347534286547,0.5337037037037037,0,0,0,1,1,0,0,0,0,0,0,0,0,0,0,0,0,0
587,573,Ghost (1990),1990.0,1124,3.49644128113879,0.8765432098765409,0.32769185876860224,0.6241103202846975,0,0,0,0,1,0,0,0,0,0,0,0,0,1,0,1,0,0
588,574,Aladdin (1992),1992.0,1351,3.788304959289415,0.9012345679012341,0.39393055150277206,0.6970762398223538,0,0,1,1,1,0,0,0,0,0,0,1,0,0,0,0,0,0
589,575,Terminator 2: Judgment Day (1991),1991.0,2649,4.058512646281616,0.8888888888888893,0.7726874817624744,0.764628161570404,1,0,0,0,0,0,0,0,0,0,0,0,0,0,1,1,0,0
590,576,Dances with Wolves (1990),1990.0,1451,3.9152308752584424,0.8765432098765409,0.4231105923548293,0.7288077188146106,0,1,0,0,0,0,0,1,0,0,0,0,0,0,0,0,0,1
591,577,Tough and Deadly (1995),1995.0,2,2.0,0.9382716049382722,0.0002918004085205719,0.25,1,0,0,0,0,0,0,1,0,0,0,0,0,0,0,1,0,0
592,578,Batman (1989),1989.0,1431,3.6009783368273935,0.864197530864196,0.4172745841844178,0.6502445842068484,1,1,0,0,0,1,0,1,0,0,0,0,0,0,0,0,0,0
593,579,"Silence of the Lambs, The (1991)",1991.0,2578,4.3518231186966645,0.8888888888888893,0.7519696527575138,0.8379557796741661,0,0,0,0,0,0,0,1,0,0,0,0,0,0,0,1,0,0
594,580,Snow White and the Seven Dwarfs (1937),1937.0,763,3.8453473132372213,0.22222222222222143,0.2223519112926758,0.7113368283093053,0,0,1,1,0,0,0,0,0,0,0,1,0,0,0,0,0,0
595,581,Beauty and the Beast (1991),1991.0,1060,3.8858490566037736,0.8888888888888893,0.30901663262328566,0.7214622641509434,0,0,1,1,0,0,0,0,0,0,0,1,0,0,0,0,0,0
596,582,Pinocchio (1940),1940.0,498,3.751004016064257,0.2592592592592595,0.14502480303472426,0.6877510040160643,0,0,1,1,0,0,0,0,0,0,0,0,0,0,0,0,0,0
597,583,Pretty Woman (1990),1990.0,1046,3.641491395793499,0.8765432098765409,0.30493142690399766,0.6603728489483748,0,0,0,0,1,0,0,0,0,0,0,0,0,1,0,0,0,0
598,584,Window to Paris (1994),1994.0,8,4.25,0.9259259259259238,0.0020426028596440032,0.8125,0,0,0,0,1,0,0,0,0,0,0,0,0,0,0,0,0,0
599,585,"Wild Bunch, The (1969)",1969.0,264,4.087121212121212,0.6172839506172814,0.07674350744091041,0.771780303030303,0,0,0,0,0,0,0,0,0,0,0,0,0,0,0,0,0,1
600,586,Love and a .45 (1994),1994.0,30,3.0,0.9259259259259238,0.008462211847096586,0.5,0,0,0,0,0,0,0,0,0,0,0,0,0,0,0,1,0,0
601,587,"Wooden Man's Bride, The (Wu Kui) (1994)",1994.0,1,3.0,0.9259259259259238,0.0,0.5,0,0,0,0,0,0,0,1,0,0,0,0,0,0,0,0,0,0
602,588,"Great Day in Harlem, A (1994)",1994.0,41,4.121951219512195,0.9259259259259238,0.011672016340822877,0.7804878048780488,0,0,0,0,0,0,1,0,0,0,0,0,0,0,0,0,0,0
603,589,"Bye Bye, Love (1995)",1995.0,58,3.0,0.9382716049382722,0.016632623285672596,0.5,0,0,0,0,1,0,0,0,0,0,0,0,0,0,0,0,0,0
605,590,One Fine Day (1996),1996.0,226,3.314159292035398,0.9506172839506171,0.06565509191712868,0.5785398230088495,0,0,0,0,0,0,0,1,0,0,0,0,0,1,0,0,0,0
606,591,Candyman: Farewell to the Flesh (1995),1995.0,93,2.225806451612903,0.9382716049382722,0.026845637583892613,0.30645161290322576,0,0,0,0,0,0,0,0,0,0,1,0,0,0,0,0,0,0
607,592,Century (1993),1993.0,2,2.0,0.913580246913579,0.0002918004085205719,0.25,0,0,0,0,0,0,0,1,0,0,0,0,0,0,0,0,0,0
608,593,Fargo (1996),1996.0,2513,4.254675686430561,0.9506172839506171,0.7330026262036766,0.8136689216076403,0,0,0,0,0,1,0,1,0,0,0,0,0,0,0,1,0,0
609,594,Homeward Bound II: Lost in San Francisco (1996),1996.0,67,2.7761194029850746,0.9506172839506171,0.019258826962357745,0.44402985074626866,0,1,0,1,0,0,0,0,0,0,0,0,0,0,0,0,0,0
610,595,Heavy Metal (1981),1981.0,618,3.546925566343042,0.7654320987654302,0.1800408520571929,0.6367313915857605,1,1,1,0,0,0,0,0,0,0,1,0,0,0,1,0,0,0
611,596,Hellraiser: Bloodline (1996),1996.0,216,2.4722222222222223,0.9506172839506171,0.06273708783192296,0.3680555555555556,1,0,0,0,0,0,0,0,0,0,1,0,0,0,1,0,0,0
612,597,"Pallbearer, The (1996)",1996.0,79,2.4050632911392404,0.9506172839506171,0.022760431864604608,0.3512658227848101,0,0,0,0,1,0,0,0,0,0,0,0,0,0,0,0,0,0
613,598,Jane Eyre (1996),1996.0,82,3.6341463414634148,0.9506172839506171,0.023635833090166324,0.6585365853658537,0,0,0,0,0,0,0,1,0,0,0,0,0,1,0,0,0,0
614,599,Loaded (1994),1994.0,9,2.6666666666666665,0.9259259259259238,0.0023344032681645753,0.41666666666666663,0,0,0,0,0,0,0,1,0,0,0,0,0,0,0,1,0,0
615,600,Bread and Chocolate (Pane e cioccolata) (1973),1973.0,67,4.044776119402985,0.6666666666666643,0.019258826962357745,0.7611940298507462,0,0,0,0,0,0,0,1,0,0,0,0,0,0,0,0,0,0
616,601,"Aristocats, The (1970)",1970.0,278,3.352517985611511,0.6296296296296298,0.08082871316019842,0.5881294964028777,0,0,1,1,0,0,0,0,0,0,0,0,0,0,0,0,0,0
617,602,"Flower of My Secret, The (La Flor de Mi Secreto) (1995)",1995.0,17,3.6470588235294117,0.9382716049382722,0.0046688065363291505,0.6617647058823529,0,0,0,0,0,0,0,1,0,0,0,0,0,0,0,0,0,0
618,603,Two Much (1996),1996.0,9,2.111111111111111,0.9506172839506171,0.0023344032681645753,0.2777777777777778,0,0,0,0,1,0,0,0,0,0,0,0,0,1,0,0,0,0
619,604,Ed (1996),1996.0,32,2.59375,0.9506172839506171,0.00904581266413773,0.3984375,0,0,0,0,1,0,0,0,0,0,0,0,0,0,0,0,0,0
621,605,My Favorite Season (1993),1993.0,42,3.7142857142857144,0.913580246913579,0.011963816749343449,0.6785714285714286,0,0,0,0,0,0,0,1,0,0,0,0,0,0,0,0,0,0
623,606,"Modern Affair, A (1995)",1995.0,3,3.0,0.9382716049382722,0.0005836008170411438,0.5,0,0,0,0,0,0,0,0,0,0,0,0,0,1,0,0,0,0
624,607,Condition Red (1995),1995.0,1,4.0,0.9382716049382722,0.0,0.75,1,0,0,0,0,0,0,1,0,0,0,0,0,0,0,1,0,0
626,608,"Thin Line Between Love and Hate, A (1996)",1996.0,19,2.263157894736842,0.9506172839506171,0.005252407353370295,0.3157894736842105,0,0,0,0,1,0,0,0,0,0,0,0,0,0,0,0,0,0
627,609,"Last Supper, The (1995)",1995.0,121,3.603305785123967,0.9382716049382722,0.035016049022468625,0.6508264462809917,0,0,0,0,0,0,0,1,0,0,0,0,0,0,0,1,0,0
628,610,Primal Fear (1996),1996.0,485,3.8969072164948453,0.9506172839506171,0.14123139772395682,0.7242268041237113,0,0,0,0,0,0,0,1,0,0,0,0,0,0,0,1,0,0
630,611,Carried Away (1996),1996.0,7,2.857142857142857,0.9506172839506171,0.0017508024511234312,0.4642857142857143,0,0,0,0,0,0,0,1,0,0,0,0,0,1,0,0,0,0
631,612,All Dogs Go to Heaven 2 (1996),1996.0,75,2.08,0.9506172839506171,0.02159323023052232,0.27,0,0,1,1,0,0,0,0,0,0,0,1,0,0,0,0,0,0
632,613,Land and Freedom (Tierra y libertad) (1995),1995.0,13,4.0,0.9382716049382722,0.003501604902246863,0.75,0,0,0,0,0,0,0,0,0,0,0,0,0,0,0,0,1,0
633,614,Denise Calls Up (1995),1995.0,20,3.6,0.9382716049382722,0.005544207761890867,0.65,0,0,0,0,1,0,0,0,0,0,0,0,0,0,0,0,0,0
634,615,Theodore Rex (1995),1995.0,3,1.6666666666666667,0.9382716049382722,0.0005836008170411438,0.16666666666666669,0,0,0,0,1,0,0,0,0,0,0,0,0,0,0,0,0,0
635,616,"Family Thing, A (1996)",1996.0,77,3.6233766233766236,0.9506172839506171,0.022176831047563465,0.6558441558441559,0,0,0,0,1,0,0,1,0,0,0,0,0,0,0,0,0,0
637,617,Sgt. Bilko (1996),1996.0,140,2.5428571428571427,0.9506172839506171,0.0405602567843595,0.3857142857142857,0,0,0,0,1,0,0,0,0,0,0,0,0,0,0,0,0,0
638,618,Jack and Sarah (1995),1995.0,19,3.210526315789474,0.9382716049382722,0.005252407353370295,0.5526315789473685,0,0,0,0,0,0,0,0,0,0,0,0,0,1,0,0,0,0
639,619,Girl 6 (1996),1996.0,78,2.6153846153846154,0.9506172839506171,0.022468631456084034,0.40384615384615385,0,0,0,0,1,0,0,0,0,0,0,0,0,0,0,0,0,0
640,620,Diabolique (1996),1996.0,71,2.676056338028169,0.9506172839506171,0.02042602859644003,0.41901408450704225,0,0,0,0,0,0,0,1,0,0,0,0,0,0,0,1,0,0
641,621,"Little Indian, Big City (Un indien dans la ville) (1994)",1994.0,1,1.0,0.9259259259259238,0.0,0.0,0,0,0,0,1,0,0,0,0,0,0,0,0,0,0,0,0,0
642,622,Roula (1995),1995.0,1,2.0,0.9382716049382722,0.0,0.25,0,0,0,0,0,0,0,1,0,0,0,0,0,0,0,0,0,0
643,623,Peanuts - Die Bank zahlt alles (1996),1996.0,3,2.0,0.9506172839506171,0.0005836008170411438,0.25,0,0,0,0,1,0,0,0,0,0,0,0,0,0,0,0,0,0
644,624,Happy Weekend (1996),1996.0,1,2.0,0.9506172839506171,0.0,0.25,0,0,0,0,1,0,0,0,0,0,0,0,0,0,0,0,0,0
645,625,Nelly & Monsieur Arnaud (1995),1995.0,20,3.6,0.9382716049382722,0.005544207761890867,0.65,0,0,0,0,0,0,0,1,0,0,0,0,0,0,0,0,0,0
647,626,Courage Under Fire (1996),1996.0,441,3.5532879818594103,0.9506172839506171,0.12839217974905165,0.6383219954648526,0,0,0,0,0,0,0,1,0,0,0,0,0,0,0,0,1,0
648,627,Mission: Impossible (1996),1996.0,1527,3.432874918140144,0.9506172839506171,0.44528742340239275,0.608218729535036,1,1,0,0,0,0,0,0,0,0,0,0,1,0,0,0,0,0
649,628,Cold Fever (Á köldum klaka) (1994),1994.0,16,4.1875,0.9259259259259238,0.004377006127808579,0.796875,0,0,0,0,1,0,0,1,0,0,0,0,0,0,0,0,0,0
650,629,Moll Flanders (1996),1996.0,89,3.4719101123595504,0.9506172839506171,0.025678435949810327,0.6179775280898876,0,0,0,0,0,0,0,1,0,0,0,0,0,0,0,0,0,0
651,630,"Superweib, Das (1996)",1996.0,1,2.0,0.9506172839506171,0.0,0.25,0,0,0,0,1,0,0,0,0,0,0,0,0,0,0,0,0,0
652,631,"301, 302 (1995)",1995.0,9,2.888888888888889,0.9382716049382722,0.0023344032681645753,0.4722222222222222,0,0,0,0,0,0,0,0,0,0,0,0,1,0,0,0,0,0
653,632,Dragonheart (1996),1996.0,612,3.2254901960784315,0.9506172839506171,0.17829004960606945,0.5563725490196079,1,1,0,0,0,0,0,0,1,0,0,0,0,0,0,0,0,0
655,633,Mutters Courage (1995),1995.0,1,1.0,0.9382716049382722,0.0,0.0,0,0,0,0,1,0,0,0,0,0,0,0,0,0,0,0,0,0
656,634,Eddie (1996),1996.0,39,2.5641025641025643,0.9506172839506171,0.011088415523781732,0.3910256410256411,0,0,0,0,1,0,0,0,0,0,0,0,0,0,0,0,0,0
657,635,Yankee Zulu (1994),1994.0,2,3.0,0.9259259259259238,0.0002918004085205719,0.5,0,0,0,0,1,0,0,1,0,0,0,0,0,0,0,0,0,0
658,636,Billy's Holiday (1995),1995.0,1,3.0,0.9382716049382722,0.0,0.5,0,0,0,0,0,0,0,1,0,0,0,0,0,0,0,0,0,0
659,637,Purple Noon (1960),1960.0,25,3.72,0.5061728395061706,0.007003209804493726,0.68,0,0,0,0,0,1,0,0,0,0,0,0,0,0,0,1,0,0
660,638,August (1996),1996.0,2,1.5,0.9506172839506171,0.0002918004085205719,0.125,0,0,0,0,0,0,0,1,0,0,0,0,0,0,0,0,0,0
661,639,James and the Giant Peach (1996),1996.0,525,3.4647619047619047,0.9506172839506171,0.1529034140647797,0.6161904761904762,0,0,1,1,0,0,0,0,0,0,0,1,0,0,0,0,0,0
662,640,Fear (1996),1996.0,128,2.984375,0.9506172839506171,0.03705865188211263,0.49609375,0,0,0,0,0,0,0,0,0,0,0,0,0,0,0,1,0,0
663,641,Kids in the Hall: Brain Candy (1996),1996.0,264,3.4166666666666665,0.9506172839506171,0.07674350744091041,0.6041666666666666,0,0,0,0,1,0,0,0,0,0,0,0,0,0,0,0,0,0
664,642,Faithful (1996),1996.0,8,3.0,0.9506172839506171,0.0020426028596440032,0.5,0,0,0,0,1,0,0,0,0,0,0,0,0,0,0,0,0,0
665,643,Underground (1995),1995.0,35,3.657142857142857,0.9382716049382722,0.009921213889699446,0.6642857142857143,0,0,0,0,0,0,0,0,0,0,0,0,0,0,0,0,1,0
666,644,All Things Fair (1996),1996.0,3,3.3333333333333335,0.9506172839506171,0.0005836008170411438,0.5833333333333334,0,0,0,0,0,0,0,1,0,0,0,0,0,0,0,0,0,0
667,645,Bloodsport 2 (1995),1995.0,47,2.0425531914893615,0.9382716049382722,0.013422818791946308,0.2606382978723404,1,0,0,0,0,0,0,0,0,0,0,0,0,0,0,0,0,0
668,646,Pather Panchali (1955),1955.0,47,4.404255319148936,0.44444444444444287,0.013422818791946308,0.8510638297872339,0,0,0,0,0,0,0,1,0,0,0,0,0,0,0,0,0,0
669,647,Aparajito (1956),1956.0,23,4.173913043478261,0.4567901234567877,0.006419608987452583,0.7934782608695652,0,0,0,0,0,0,0,1,0,0,0,0,0,0,0,0,0,0
670,648,"World of Apu, The (Apur Sansar) (1959)",1959.0,56,4.410714285714286,0.4938271604938258,0.016049022468631453,0.8526785714285714,0,0,0,0,0,0,0,1,0,0,0,0,0,0,0,0,0,0
671,649,Mystery Science Theater 3000: The Movie (1996),1996.0,456,3.6798245614035086,0.9506172839506171,0.13276918587686024,0.6699561403508771,0,0,0,0,1,0,0,0,0,0,0,0,0,0,1,0,0,0
672,650,Tarantella (1995),1995.0,2,2.0,0.9382716049382722,0.0002918004085205719,0.25,0,0,0,0,0,0,0,1,0,0,0,0,0,0,0,0,0,0
673,651,Space Jam (1996),1996.0,563,2.619893428063943,0.9506172839506171,0.16399182958856143,0.4049733570159858,0,1,1,1,1,0,0,0,1,0,0,0,0,0,0,0,0,0
674,652,Barbarella (1968),1968.0,386,3.0155440414507773,0.6049382716049365,0.11234315728042019,0.5038860103626943,0,1,0,0,0,0,0,0,0,0,0,0,0,0,1,0,0,0
678,653,Some Folks Call It a Sling Blade (1993),1993.0,306,4.245098039215686,0.913580246913579,0.08899912459877443,0.8112745098039216,0,0,0,0,0,0,0,1,0,0,0,0,0,0,0,1,0,0
679,654,"Run of the Country, The (1995)",1995.0,2,3.5,0.9382716049382722,0.0002918004085205719,0.625,0,0,0,0,0,0,0,1,0,0,0,0,0,0,0,0,0,0
680,655,Alphaville (1965),1965.0,64,3.359375,0.567901234567902,0.01838342573679603,0.58984375,0,0,0,0,0,0,0,0,0,0,0,0,0,0,1,0,0,0
681,656,Clean Slate (Coup de Torchon) (1981),1981.0,15,3.933333333333333,0.7654320987654302,0.004085205719288007,0.7333333333333333,0,0,0,0,0,1,0,0,0,0,0,0,0,0,0,0,0,0
682,657,Tigrero: A Film That Was Never Made (1994),1994.0,4,3.5,0.9259259259259238,0.0008754012255617157,0.625,0,0,0,0,0,0,1,1,0,0,0,0,0,0,0,0,0,0
684,658,Windows (1980),1980.0,1,1.0,0.7530864197530853,0.0,0.0,0,0,0,0,0,0,0,1,0,0,0,0,0,0,0,0,0,0
685,659,It's My Party (1995),1995.0,30,3.3,0.9382716049382722,0.008462211847096586,0.575,0,0,0,0,0,0,0,1,0,0,0,0,0,0,0,0,0,0
687,660,Country Life (1994),1994.0,3,3.0,0.9259259259259238,0.0005836008170411438,0.5,0,0,0,0,0,0,0,1,0,0,0,0,0,1,0,0,0,0
688,661,Operation Dumbo Drop (1995),1995.0,213,2.276995305164319,0.9382716049382722,0.061861686606361245,0.31924882629107976,1,1,0,0,1,0,0,0,0,0,0,0,0,0,0,0,1,0
690,662,"Promise, The (Versprechen, Das) (1994)",1994.0,2,2.0,0.9259259259259238,0.0002918004085205719,0.25,0,0,0,0,0,0,0,0,0,0,0,0,0,1,0,0,0,0
691,663,Mrs. Winterbourne (1996),1996.0,121,3.0991735537190084,0.9506172839506171,0.035016049022468625,0.5247933884297521,0,0,0,0,1,0,0,0,0,0,0,0,0,1,0,0,0,0
692,664,Solo (1996),1996.0,106,2.1132075471698113,0.9506172839506171,0.03063904289466005,0.2783018867924528,1,0,0,0,0,0,0,0,0,0,0,0,0,0,1,1,0,0
694,665,"Substitute, The (1996)",1996.0,141,2.645390070921986,0.9506172839506171,0.04085205719288006,0.4113475177304965,1,0,0,0,0,0,0,0,0,0,0,0,0,0,0,0,0,0
695,666,True Crime (1995),1995.0,135,3.1777777777777776,0.9382716049382722,0.03910125474175664,0.5444444444444444,0,0,0,0,0,0,0,0,0,0,0,0,1,0,0,1,0,0
696,667,Butterfly Kiss (1995),1995.0,4,3.25,0.9382716049382722,0.0008754012255617157,0.5625,0,0,0,0,0,0,0,0,0,0,0,0,0,0,0,1,0,0
697,668,Feeling Minnesota (1996),1996.0,85,2.552941176470588,0.9506172839506171,0.024511234315728037,0.388235294117647,0,0,0,0,0,0,0,1,0,0,0,0,0,1,0,0,0,0
698,669,Delta of Venus (1994),1994.0,5,2.2,0.9259259259259238,0.0011672016340822876,0.30000000000000004,0,0,0,0,0,0,0,1,0,0,0,0,0,0,0,0,0,0
700,670,Angus (1995),1995.0,145,3.3241379310344827,0.9382716049382722,0.04201925882696236,0.5810344827586207,0,0,0,0,1,0,0,0,0,0,0,0,0,0,0,0,0,0
701,671,Daens (1992),1992.0,1,4.0,0.9012345679012341,0.0,0.75,0,0,0,0,0,0,0,1,0,0,0,0,0,0,0,0,0,0
702,672,Faces (1968),1968.0,27,3.6666666666666665,0.6049382716049365,0.00758681062153487,0.6666666666666666,0,0,0,0,0,0,0,1,0,0,0,0,0,0,0,0,0,0
703,673,Boys (1996),1996.0,10,1.6,0.9506172839506171,0.0026262036766851473,0.15000000000000002,0,0,0,0,0,0,0,1,0,0,0,0,0,0,0,0,0,0
704,674,"Quest, The (1996)",1996.0,42,2.3095238095238093,0.9506172839506171,0.011963816749343449,0.32738095238095233,1,1,0,0,0,0,0,0,0,0,0,0,0,0,0,0,0,0
705,675,Cosi (1996),1996.0,36,3.8333333333333335,0.9506172839506171,0.010213014298220018,0.7083333333333334,0,0,0,0,1,0,0,0,0,0,0,0,0,0,0,0,0,0
706,676,Sunset Park (1996),1996.0,2,2.5,0.9506172839506171,0.0002918004085205719,0.375,0,0,0,0,0,0,0,1,0,0,0,0,0,0,0,0,0,0
707,677,Mulholland Falls (1996),1996.0,275,3.0872727272727274,0.9506172839506171,0.0799533119346367,0.5218181818181818,0,0,0,0,0,1,0,0,0,1,0,0,0,0,0,1,0,0
708,678,"Truth About Cats & Dogs, The (1996)",1996.0,679,3.434462444771723,0.9506172839506171,0.19784067697694777,0.6086156111929307,0,0,0,0,1,0,0,0,0,0,0,0,0,1,0,0,0,0
709,679,Oliver & Company (1988),1988.0,144,3.0416666666666665,0.8518518518518512,0.04172745841844178,0.5104166666666666,0,0,1,1,0,0,0,0,0,0,0,0,0,0,0,0,0,0
710,680,Celtic Pride (1996),1996.0,51,2.3333333333333335,0.9506172839506171,0.014590020426028597,0.33333333333333337,0,0,0,0,1,0,0,0,0,0,0,0,0,0,0,0,0,0
711,681,Flipper (1996),1996.0,62,2.5,0.9506172839506171,0.017799824919754886,0.375,0,1,0,1,0,0,0,0,0,0,0,0,0,0,0,0,0,0
712,682,Captives (1994),1994.0,2,3.5,0.9259259259259238,0.0002918004085205719,0.625,0,0,0,0,0,0,0,1,0,0,0,0,0,0,0,0,0,0
714,683,Dead Man (1995),1995.0,153,3.888888888888889,0.9382716049382722,0.04435366209512693,0.7222222222222222,0,0,0,0,0,0,0,0,0,0,0,0,0,0,0,0,0,1
715,684,"Horseman on the Roof, The (Hussard sur le toit, Le) (1995)",1995.0,52,3.6153846153846154,0.9382716049382722,0.014881820834549168,0.6538461538461539,0,0,0,0,0,0,0,1,0,0,0,0,0,0,0,0,0,0
716,685,Switchblade Sisters (1975),1975.0,28,2.6785714285714284,0.6913580246913575,0.007878611030055441,0.4196428571428571,0,0,0,0,0,1,0,0,0,0,0,0,0,0,0,0,0,0
717,686,Mouth to Mouth (Boca a boca) (1995),1995.0,1,4.0,0.9382716049382722,0.0,0.75,0,0,0,0,1,0,0,0,0,0,0,0,0,0,0,0,0,0
718,687,"Visitors, The (Les Visiteurs) (1993)",1993.0,33,3.484848484848485,0.913580246913579,0.009337613072658301,0.6212121212121212,0,0,0,0,1,0,0,0,0,0,0,0,0,0,1,0,0,0
719,688,Multiplicity (1996),1996.0,239,2.8619246861924688,0.9506172839506171,0.06944849722789612,0.4654811715481172,0,0,0,0,1,0,0,0,0,0,0,0,0,0,0,0,0,0
720,689,Wallace & Gromit: The Best of Aardman Animation (1996),1996.0,438,4.426940639269406,0.9506172839506171,0.12751677852348994,0.8567351598173516,0,0,1,0,0,0,0,0,0,0,0,0,0,0,0,0,0,0
722,690,"Haunted World of Edward D. Wood Jr., The (1995)",1995.0,27,3.814814814814815,0.9382716049382722,0.00758681062153487,0.7037037037037037,0,0,0,0,0,0,1,0,0,0,0,0,0,0,0,0,0,0
724,691,"Craft, The (1996)",1996.0,416,3.0865384615384617,0.9506172839506171,0.12109716953603734,0.5216346153846154,0,0,0,0,0,0,0,1,0,0,1,0,0,0,0,0,0,0
725,692,"Great White Hype, The (1996)",1996.0,91,2.791208791208791,0.9506172839506171,0.02626203676685147,0.44780219780219777,0,0,0,0,1,0,0,0,0,0,0,0,0,0,0,0,0,0
726,693,Last Dance (1996),1996.0,9,3.0,0.9506172839506171,0.0023344032681645753,0.5,0,0,0,0,0,0,0,1,0,0,0,0,0,0,0,0,0,0
728,694,Cold Comfort Farm (1995),1995.0,217,3.7649769585253456,0.9382716049382722,0.06302888824044353,0.6912442396313364,0,0,0,0,1,0,0,0,0,0,0,0,0,0,0,0,0,0
729,695,"Institute Benjamenta, or This Dream People Call Human Life (1995)",1995.0,3,3.6666666666666665,0.9382716049382722,0.0005836008170411438,0.6666666666666666,0,0,0,0,0,0,0,1,0,0,0,0,0,0,0,0,0,0
730,696,"Low Life, The (1994)",1994.0,1,1.0,0.9259259259259238,0.0,0.0,0,0,0,0,0,0,0,1,0,0,0,0,0,0,0,0,0,0
731,697,Heaven's Prisoners (1996),1996.0,47,2.851063829787234,0.9506172839506171,0.013422818791946308,0.4627659574468085,0,0,0,0,0,0,0,0,0,0,0,0,1,0,0,1,0,0
732,698,Original Gangstas (1996),1996.0,6,2.8333333333333335,0.9506172839506171,0.0014590020426028597,0.45833333333333337,0,0,0,0,0,1,0,0,0,0,0,0,0,0,0,0,0,0
733,699,"Rock, The (1996)",1996.0,1340,3.723134328358209,0.9506172839506171,0.3907207470090458,0.6807835820895523,1,1,0,0,0,0,0,0,0,0,0,0,0,0,0,1,0,0
734,700,Getting Away With Murder (1996),1996.0,3,3.0,0.9506172839506171,0.0005836008170411438,0.5,0,0,0,0,1,0,0,0,0,0,0,0,0,0,0,0,0,0
735,701,Cemetery Man (Dellamorte Dellamore) (1994),1994.0,101,3.3564356435643563,0.9259259259259238,0.02918004085205719,0.5891089108910891,0,0,0,0,1,0,0,0,0,0,1,0,0,0,0,0,0,0
736,702,Twister (1996),1996.0,1110,3.1738738738738737,0.9506172839506171,0.32360665304931424,0.5434684684684684,1,1,0,0,0,0,0,0,0,0,0,0,0,1,0,1,0,0
737,703,Barb Wire (1996),1996.0,300,2.03,0.9506172839506171,0.087248322147651,0.25749999999999995,1,0,0,0,0,0,0,0,0,0,0,0,0,0,1,0,0,0
741,704,Ghost in the Shell (Kokaku kidotai) (1995),1995.0,314,4.089171974522293,0.9382716049382722,0.091333527866939,0.7722929936305734,0,0,1,0,0,0,0,0,0,0,0,0,0,0,1,0,0,0
742,705,Thinner (1996),1996.0,174,2.528735632183908,0.9506172839506171,0.05048147067405894,0.382183908045977,0,0,0,0,0,0,0,0,0,0,1,0,0,0,0,1,0,0
743,706,Spy Hard (1996),1996.0,107,2.5700934579439254,0.9506172839506171,0.030930843303180622,0.39252336448598135,0,0,0,0,1,0,0,0,0,0,0,0,0,0,0,0,0,0
744,707,Brothers in Trouble (1995),1995.0,3,2.0,0.9382716049382722,0.0005836008170411438,0.25,0,0,0,0,0,0,0,1,0,0,0,0,0,0,0,0,0,0
745,708,"Close Shave, A (1995)",1995.0,657,4.52054794520548,0.9382716049382722,0.19142106798949518,0.8801369863013699,0,0,1,0,1,0,0,0,0,0,0,0,0,0,0,1,0,0
746,709,Force of Evil (1948),1948.0,31,4.0,0.3580246913580254,0.008754012255617158,0.75,0,0,0,0,0,0,0,0,0,1,0,0,0,0,0,0,0,0
747,710,"Stupids, The (1996)",1996.0,55,2.0,0.9506172839506171,0.015757222060110883,0.25,0,0,0,0,1,0,0,0,0,0,0,0,0,0,0,0,0,0
748,711,"Arrival, The (1996)",1996.0,417,3.1510791366906474,0.9506172839506171,0.12138896994455792,0.5377697841726619,1,0,0,0,0,0,0,0,0,0,0,0,0,0,1,1,0,0
749,712,"Man from Down Under, The (1943)",1943.0,4,2.75,0.29629629629629406,0.0008754012255617157,0.4375,0,0,0,0,0,0,0,1,0,0,0,0,0,0,0,0,0,0
750,713,Dr. Strangelove or: How I Learned to Stop Worrying and Love the Bomb (1963),1963.0,1367,4.4498902706656915,0.5432098765432087,0.39859935803910124,0.8624725676664229,0,0,0,0,0,0,0,0,0,0,0,0,0,0,1,0,1,0
751,714,Careful (1992),1992.0,15,3.533333333333333,0.9012345679012341,0.004085205719288007,0.6333333333333333,0,0,0,0,1,0,0,0,0,0,0,0,0,0,0,0,0,0
753,715,"Month by the Lake, A (1995)",1995.0,32,3.15625,0.9382716049382722,0.00904581266413773,0.5390625,0,0,0,0,1,0,0,1,0,0,0,0,0,0,0,0,0,0
754,716,Gold Diggers: The Secret of Bear Mountain (1995),1995.0,13,2.923076923076923,0.9382716049382722,0.003501604902246863,0.4807692307692307,0,1,0,1,0,0,0,0,0,0,0,0,0,0,0,0,0,0
755,717,Kim (1950),1950.0,9,3.7777777777777777,0.3827160493827151,0.0023344032681645753,0.6944444444444444,0,0,0,1,0,0,0,1,0,0,0,0,0,0,0,0,0,0
756,718,Carmen Miranda: Bananas Is My Business (1994),1994.0,4,3.0,0.9259259259259238,0.0008754012255617157,0.5,0,0,0,0,0,0,1,0,0,0,0,0,0,0,0,0,0,0
757,719,Ashes of Time (1994),1994.0,4,3.75,0.9259259259259238,0.0008754012255617157,0.6875,0,0,0,0,0,0,0,1,0,0,0,0,0,0,0,0,0,0
758,720,"Jar, The (Khomreh) (1992)",1992.0,1,4.0,0.9012345679012341,0.0,0.75,0,0,0,0,0,0,0,1,0,0,0,0,0,0,0,0,0,0
759,721,Maya Lin: A Strong Clear Vision (1994),1994.0,59,4.101694915254237,0.9259259259259238,0.01692442369419317,0.7754237288135593,0,0,0,0,0,0,1,0,0,0,0,0,0,0,0,0,0,0
760,722,Stalingrad (1993),1993.0,33,3.515151515151515,0.913580246913579,0.009337613072658301,0.6287878787878788,0,0,0,0,0,0,0,0,0,0,0,0,0,0,0,0,1,0
761,723,"Phantom, The (1996)",1996.0,123,2.7886178861788617,0.9506172839506171,0.03559964983950977,0.44715447154471544,0,1,0,0,0,0,0,0,0,0,0,0,0,0,0,0,0,0
762,724,Striptease (1996),1996.0,298,2.184563758389262,0.9506172839506171,0.08666472133060986,0.29614093959731547,0,0,0,0,1,1,0,0,0,0,0,0,0,0,0,0,0,0
763,725,"Last of the High Kings, The (a.k.a. Summer Fling) (1996)",1996.0,1,3.0,0.9506172839506171,0.0,0.5,0,0,0,0,0,0,0,1,0,0,0,0,0,0,0,0,0,0
764,726,Heavy (1995),1995.0,74,3.27027027027027,0.9382716049382722,0.021301429822001748,0.5675675675675675,0,0,0,0,0,0,0,1,0,0,0,0,0,1,0,0,0,0
765,727,Jack (1996),1996.0,171,2.6315789473684212,0.9506172839506171,0.04960606944849722,0.4078947368421053,0,0,0,0,1,0,0,1,0,0,0,0,0,0,0,0,0,0
766,728,I Shot Andy Warhol (1996),1996.0,100,3.57,0.9506172839506171,0.028888240443536616,0.6425,0,0,0,0,0,0,0,1,0,0,0,0,0,0,0,0,0,0
767,729,"Grass Harp, The (1995)",1995.0,24,3.2083333333333335,0.9382716049382722,0.006711409395973154,0.5520833333333334,0,0,0,0,0,0,0,1,0,0,0,0,0,0,0,0,0,0
769,730,Marlene Dietrich: Shadow and Light (1996),1996.0,12,3.25,0.9506172839506171,0.003209804493726291,0.5625,0,0,0,0,0,0,1,0,0,0,0,0,0,0,0,0,0,0
771,731,"Vie est belle, La (Life is Rosey) (1987)",1987.0,18,3.7777777777777777,0.8395061728395063,0.004960606944849723,0.6944444444444444,0,0,0,0,1,0,0,1,0,0,0,0,0,0,0,0,0,0
774,732,Wend Kuuni (God's Gift) (1982),1982.0,1,4.0,0.7777777777777786,0.0,0.75,0,0,0,0,0,0,0,1,0,0,0,0,0,0,0,0,0,0
775,733,Spirits of the Dead (Tre Passi nel Delirio) (1968),1968.0,9,3.2222222222222223,0.6049382716049365,0.0023344032681645753,0.5555555555555556,0,0,0,0,0,0,0,0,0,0,1,0,0,0,0,0,0,0
776,734,Babyfever (1994),1994.0,4,3.0,0.9259259259259238,0.0008754012255617157,0.5,0,0,0,0,1,0,0,1,0,0,0,0,0,0,0,0,0,0
778,735,Trainspotting (1996),1996.0,751,3.9600532623169107,0.9506172839506171,0.21885030639042893,0.7400133155792277,0,0,0,0,0,0,0,1,0,0,0,0,0,0,0,0,0,0
779,736,'Til There Was You (1997),1997.0,52,2.6923076923076925,0.9629629629629619,0.014881820834549168,0.42307692307692313,0,0,0,0,0,0,0,1,0,0,0,0,0,1,0,0,0,0
780,737,Independence Day (ID4) (1996),1996.0,1730,3.5104046242774567,0.9506172839506171,0.5045229063320688,0.6276011560693642,1,0,0,0,0,0,0,0,0,0,0,0,0,0,1,0,1,0
781,738,Stealing Beauty (1996),1996.0,103,3.378640776699029,0.9506172839506171,0.029763641669098333,0.5946601941747572,0,0,0,0,0,0,0,1,0,0,0,0,0,0,0,0,0,0
782,739,"Fan, The (1996)",1996.0,145,2.5517241379310347,0.9506172839506171,0.04201925882696236,0.3879310344827587,0,0,0,0,0,0,0,0,0,0,0,0,0,0,0,1,0,0
783,740,"Hunchback of Notre Dame, The (1996)",1996.0,390,3.223076923076923,0.9506172839506171,0.11351035891450247,0.5557692307692308,0,0,1,1,0,0,0,0,0,0,0,1,0,0,0,0,0,0
784,741,"Cable Guy, The (1996)",1996.0,385,2.72987012987013,0.9506172839506171,0.11205135687189961,0.43246753246753245,0,0,0,0,1,0,0,0,0,0,0,0,0,0,0,0,0,0
785,742,Kingpin (1996),1996.0,765,3.4784313725490197,0.9506172839506171,0.22293551210971696,0.6196078431372549,0,0,0,0,1,0,0,0,0,0,0,0,0,0,0,0,0,0
786,743,Eraser (1996),1996.0,460,3.123913043478261,0.9506172839506171,0.13393638751094253,0.5309782608695652,1,0,0,0,0,0,0,0,0,0,0,0,0,0,0,1,0,0
787,744,"Gate of Heavenly Peace, The (1995)",1995.0,3,5.0,0.9382716049382722,0.0005836008170411438,1.0,0,0,0,0,0,0,1,0,0,0,0,0,0,0,0,0,0,0
788,745,"Nutty Professor, The (1996)",1996.0,948,2.9957805907172994,0.9506172839506171,0.2763349868689816,0.49894514767932485,0,0,0,0,1,0,0,0,1,0,0,0,0,1,1,0,0,0
789,746,"I, Worst of All (Yo, la peor de todas) (1990)",1990.0,2,3.0,0.8765432098765409,0.0002918004085205719,0.5,0,0,0,0,0,0,0,1,0,0,0,0,0,0,0,0,0,0
790,747,An Unforgettable Summer (1994),1994.0,1,3.0,0.9259259259259238,0.0,0.5,0,0,0,0,0,0,0,1,0,0,0,0,0,0,0,0,0,0
791,748,"Last Klezmer: Leopold Kozlowski, His Life and Music, The (1995)",1995.0,2,3.5,0.9382716049382722,0.0002918004085205719,0.625,0,0,0,0,0,0,1,0,0,0,0,0,0,0,0,0,0,0
792,749,"Hungarian Fairy Tale, A (1987)",1987.0,1,4.0,0.8395061728395063,0.0,0.75,0,0,0,0,0,0,0,0,1,0,0,0,0,0,0,0,0,0
793,750,My Life and Times With Antonin Artaud (En compagnie d'Antonin Artaud) (1993),1993.0,10,2.6,0.913580246913579,0.0026262036766851473,0.4,0,0,0,0,0,0,0,1,0,0,0,0,0,0,0,0,0,0
796,751,"Very Natural Thing, A (1974)",1974.0,3,3.3333333333333335,0.6790123456790127,0.0005836008170411438,0.5833333333333334,0,0,0,0,0,0,0,1,0,0,0,0,0,0,0,0,0,0
798,752,Daylight (1996),1996.0,204,2.7058823529411766,0.9506172839506171,0.0592354829296761,0.42647058823529416,1,1,0,0,0,0,0,0,0,0,0,0,0,0,0,1,0,0
799,753,"Frighteners, The (1996)",1996.0,338,3.3491124260355027,0.9506172839506171,0.09833673767143274,0.5872781065088757,0,0,0,0,1,0,0,0,0,0,1,0,0,0,0,0,0,0
800,754,Lone Star (1996),1996.0,630,4.082539682539682,0.9506172839506171,0.18354245695943974,0.7706349206349206,0,0,0,0,0,0,0,1,0,0,0,0,1,0,0,0,0,0
801,755,Harriet the Spy (1996),1996.0,121,3.0991735537190084,0.9506172839506171,0.035016049022468625,0.5247933884297521,0,0,0,1,1,0,0,0,0,0,0,0,0,0,0,0,0,0
802,756,Phenomenon (1996),1996.0,427,3.496487119437939,0.9506172839506171,0.12430697402976364,0.6241217798594848,0,0,0,0,0,0,0,1,0,0,0,0,0,1,0,0,0,0
803,757,Walking and Talking (1996),1996.0,57,3.6842105263157894,0.9506172839506171,0.016340822877152026,0.6710526315789473,0,0,0,0,0,0,0,0,0,0,0,0,0,1,0,0,0,0
804,758,She's the One (1996),1996.0,233,2.9785407725321886,0.9506172839506171,0.06769769477677268,0.49463519313304716,0,0,0,0,1,0,0,0,0,0,0,0,0,1,0,0,0,0
805,759,"Time to Kill, A (1996)",1996.0,344,3.5901162790697674,0.9506172839506171,0.10008754012255616,0.6475290697674418,0,0,0,0,0,0,0,1,0,0,0,0,0,0,0,0,0,0
806,760,American Buffalo (1996),1996.0,60,3.1666666666666665,0.9506172839506171,0.017216224102713742,0.5416666666666666,0,0,0,0,0,0,0,1,0,0,0,0,0,0,0,0,0,0
807,761,"Rendezvous in Paris (Rendez-vous de Paris, Les) (1995)",1995.0,14,3.0,0.9382716049382722,0.0037934053107674345,0.5,0,0,0,0,1,0,0,0,0,0,0,0,0,1,0,0,0,0
808,762,Alaska (1996),1996.0,43,3.395348837209302,0.9506172839506171,0.01225561715786402,0.5988372093023255,0,1,0,1,0,0,0,0,0,0,0,0,0,0,0,0,0,0
809,763,Fled (1996),1996.0,105,2.5714285714285716,0.9506172839506171,0.030347242486139476,0.3928571428571429,1,1,0,0,0,0,0,0,0,0,0,0,0,0,0,0,0,0
810,764,Kazaam (1996),1996.0,120,1.4666666666666666,0.9506172839506171,0.03472424861394806,0.11666666666666664,0,0,0,1,1,0,0,0,1,0,0,0,0,0,0,0,0,0
811,765,"Bewegte Mann, Der (1994)",1994.0,9,3.888888888888889,0.9259259259259238,0.0023344032681645753,0.7222222222222222,0,0,0,0,1,0,0,0,0,0,0,0,0,0,0,0,0,0
813,766,Larger Than Life (1996),1996.0,47,2.5106382978723403,0.9506172839506171,0.013422818791946308,0.37765957446808507,0,0,0,0,1,0,0,0,0,0,0,0,0,0,0,0,0,0
814,767,"Boy Called Hate, A (1995)",1995.0,1,3.0,0.9382716049382722,0.0,0.5,0,0,0,0,0,0,0,1,0,0,0,0,0,0,0,0,0,0
815,768,Power 98 (1995),1995.0,6,2.0,0.9382716049382722,0.0014590020426028597,0.25,1,0,0,0,0,0,0,0,0,0,0,0,1,0,0,1,0,0
818,769,"Very Brady Sequel, A (1996)",1996.0,189,2.560846560846561,0.9506172839506171,0.05485847680186752,0.39021164021164023,0,0,0,0,1,0,0,0,0,0,0,0,0,0,0,0,0,0
820,770,"Death in the Garden (Mort en ce jardin, La) (1956)",1956.0,4,3.25,0.4567901234567877,0.0008754012255617157,0.5625,0,0,0,0,0,0,0,1,0,0,0,0,0,0,0,0,0,0
821,771,"Crude Oasis, The (1995)",1995.0,2,2.0,0.9382716049382722,0.0002918004085205719,0.25,0,0,0,0,0,0,0,0,0,0,0,0,0,1,0,0,0,0
823,772,"Collectionneuse, La (1967)",1967.0,4,3.25,0.5925925925925917,0.0008754012255617157,0.5625,0,0,0,0,0,0,0,1,0,0,0,0,0,0,0,0,0,0
824,773,Kaspar Hauser (1993),1993.0,28,3.9285714285714284,0.913580246913579,0.007878611030055441,0.7321428571428571,0,0,0,0,0,0,0,1,0,0,0,0,0,0,0,0,0,0
826,774,Diebinnen (1995),1995.0,1,1.0,0.9382716049382722,0.0,0.0,0,0,0,0,0,0,0,1,0,0,0,0,0,0,0,0,0,0
827,775,"Convent, The (Convento, O) (1995)",1995.0,2,3.0,0.9382716049382722,0.0002918004085205719,0.5,0,0,0,0,0,0,0,1,0,0,0,0,0,0,0,0,0,0
828,776,"Adventures of Pinocchio, The (1996)",1996.0,54,2.9074074074074074,0.9506172839506171,0.015465421651590311,0.47685185185185186,0,1,0,1,0,0,0,0,0,0,0,0,0,0,0,0,0,0
829,777,Joe's Apartment (1996),1996.0,131,2.2900763358778624,0.9506172839506171,0.037934053107674344,0.3225190839694656,0,0,0,0,1,0,0,0,0,0,0,1,0,0,0,0,0,0
830,778,"First Wives Club, The (1996)",1996.0,295,2.952542372881356,0.9506172839506171,0.08578932010504814,0.48813559322033895,0,0,0,0,1,0,0,0,0,0,0,0,0,0,0,0,0,0
831,779,Stonewall (1995),1995.0,20,3.85,0.9382716049382722,0.005544207761890867,0.7125,0,0,0,0,0,0,0,1,0,0,0,0,0,0,0,0,0,0
832,780,Ransom (1996),1996.0,564,3.478723404255319,0.9506172839506171,0.164283629997082,0.6196808510638298,0,0,0,0,0,0,0,1,0,0,0,0,0,0,0,1,0,0
833,781,High School High (1996),1996.0,78,2.1794871794871793,0.9506172839506171,0.022468631456084034,0.2948717948717948,0,0,0,0,1,0,0,0,0,0,0,0,0,0,0,0,0,0
834,782,Phat Beach (1996),1996.0,4,2.0,0.9506172839506171,0.0008754012255617157,0.25,0,0,0,0,1,0,0,0,0,0,0,0,0,0,0,0,0,0
835,783,Foxfire (1996),1996.0,103,3.1262135922330097,0.9506172839506171,0.029763641669098333,0.5315533980582524,0,0,0,0,0,0,0,1,0,0,0,0,0,0,0,0,0,0
836,784,Chain Reaction (1996),1996.0,237,2.654008438818565,0.9506172839506171,0.06886489641085497,0.4135021097046413,1,1,0,0,0,0,0,0,0,0,0,0,0,0,0,1,0,0
837,785,Matilda (1996),1996.0,218,3.477064220183486,0.9506172839506171,0.0633206886489641,0.6192660550458715,0,0,0,1,1,0,0,0,0,0,0,0,0,0,0,0,0,0
838,786,Emma (1996),1996.0,501,3.8802395209580838,0.9506172839506171,0.14590020426028597,0.7200598802395209,0,0,0,0,1,0,0,1,0,0,0,0,0,1,0,0,0,0
839,787,"Crow: City of Angels, The (1996)",1996.0,135,2.214814814814815,0.9506172839506171,0.03910125474175664,0.3037037037037037,1,0,0,0,0,0,0,0,0,0,0,0,0,0,0,1,0,0
840,788,House Arrest (1996),1996.0,50,2.56,0.9506172839506171,0.014298220017508023,0.39,0,0,0,0,1,0,0,0,0,0,0,0,0,0,0,0,0,0
841,789,Eyes Without a Face (1959),1959.0,25,3.4,0.4938271604938258,0.007003209804493726,0.6,0,0,0,0,0,0,0,0,0,0,1,0,0,0,0,0,0,0
842,790,Tales from the Crypt Presents: Bordello of Blood (1996),1996.0,151,2.589403973509934,0.9506172839506171,0.04377006127808578,0.3973509933774835,0,0,0,0,0,0,0,0,0,0,1,0,0,0,0,0,0,0
843,791,Lotto Land (1995),1995.0,1,1.0,0.9382716049382722,0.0,0.0,0,0,0,0,0,0,0,1,0,0,0,0,0,0,0,0,0,0
844,792,"Story of Xinghua, The (1993)",1993.0,7,3.5714285714285716,0.913580246913579,0.0017508024511234312,0.6428571428571429,0,0,0,0,0,0,0,1,0,0,0,0,0,0,0,0,0,0
846,793,Flirt (1995),1995.0,38,3.736842105263158,0.9382716049382722,0.01079661511526116,0.6842105263157895,0,0,0,0,0,0,0,1,0,0,0,0,0,0,0,0,0,0
847,794,"Big Squeeze, The (1996)",1996.0,7,1.8571428571428572,0.9506172839506171,0.0017508024511234312,0.2142857142857143,0,0,0,0,1,0,0,1,0,0,0,0,0,0,0,0,0,0
848,795,"Spitfire Grill, The (1996)",1996.0,156,3.4358974358974357,0.9506172839506171,0.04522906332068864,0.6089743589743589,0,0,0,0,0,0,0,1,0,0,0,0,0,0,0,0,0,0
849,796,Escape from L.A. (1996),1996.0,511,2.5107632093933465,0.9506172839506171,0.1488182083454917,0.37769080234833663,1,1,0,0,0,0,0,0,0,0,0,0,0,0,1,1,0,0
850,797,Cyclo (1995),1995.0,30,3.6666666666666665,0.9382716049382722,0.008462211847096586,0.6666666666666666,0,0,0,0,0,1,0,1,0,0,0,0,0,0,0,0,0,0
851,798,Basquiat (1996),1996.0,127,3.4960629921259843,0.9506172839506171,0.03676685147359206,0.6240157480314961,0,0,0,0,0,0,0,1,0,0,0,0,0,0,0,0,0,0
852,799,Tin Cup (1996),1996.0,615,3.221138211382114,0.9506172839506171,0.17916545083163116,0.5552845528455285,0,0,0,0,1,0,0,0,0,0,0,0,0,1,0,0,0,0
853,800,Dingo (1992),1992.0,3,4.0,0.9012345679012341,0.0005836008170411438,0.75,0,0,0,0,0,0,0,1,0,0,0,0,0,0,0,0,0,0
854,801,"Ballad of Narayama, The (Narayama Bushiko) (1958)",1958.0,8,3.625,0.48148148148148096,0.0020426028596440032,0.65625,0,0,0,0,0,0,0,1,0,0,0,0,0,0,0,0,0,0
858,802,"Godfather, The (1972)",1972.0,2223,4.524966261808367,0.6543209876543195,0.6483805077327107,0.8812415654520918,1,0,0,0,0,1,0,1,0,0,0,0,0,0,0,0,0,0
859,803,"Hippie Revolution, The (1996)",1996.0,1,2.0,0.9506172839506171,0.0,0.25,0,0,0,0,0,0,1,0,0,0,0,0,0,0,0,0,0,0
860,804,"Maybe, Maybe Not (Bewegte Mann, Der) (1994)",1994.0,10,3.6,0.9259259259259238,0.0026262036766851473,0.65,0,0,0,0,1,0,0,0,0,0,0,0,0,0,0,0,0,0
861,805,Supercop (1992),1992.0,273,3.5128205128205128,0.9012345679012341,0.07936971111759555,0.6282051282051282,1,0,0,0,0,0,0,0,0,0,0,0,0,0,0,1,0,0
862,806,Manny & Lo (1996),1996.0,31,3.6451612903225805,0.9506172839506171,0.008754012255617158,0.6612903225806451,0,0,0,0,0,0,0,1,0,0,0,0,0,0,0,0,0,0
863,807,Celestial Clockwork (1994),1994.0,10,3.5,0.9259259259259238,0.0026262036766851473,0.625,0,0,0,0,1,0,0,0,0,0,0,0,0,0,0,0,0,0
864,808,"Wife, The (1995)",1995.0,12,3.5833333333333335,0.9382716049382722,0.003209804493726291,0.6458333333333334,0,0,0,0,1,0,0,1,0,0,0,0,0,0,0,0,0,0
865,809,Small Faces (1995),1995.0,1,2.0,0.9382716049382722,0.0,0.25,0,0,0,0,0,0,0,1,0,0,0,0,0,0,0,0,0,0
866,810,Bound (1996),1996.0,572,3.8234265734265733,0.9506172839506171,0.16661803326524657,0.7058566433566433,0,0,0,0,0,1,0,1,0,0,0,0,0,1,0,1,0,0
867,811,Carpool (1996),1996.0,24,2.2083333333333335,0.9506172839506171,0.006711409395973154,0.30208333333333337,0,0,0,0,1,1,0,0,0,0,0,0,0,0,0,0,0,0
868,812,Death in Brunswick (1991),1991.0,1,3.0,0.8888888888888893,0.0,0.5,0,0,0,0,1,0,0,0,0,0,0,0,0,0,0,0,0,0
869,813,Kansas City (1996),1996.0,42,3.0952380952380953,0.9506172839506171,0.011963816749343449,0.5238095238095238,0,0,0,0,0,1,0,0,0,0,0,0,0,0,0,0,0,0
870,814,Gone Fishin' (1997),1997.0,49,2.183673469387755,0.9629629629629619,0.014006419608987452,0.29591836734693877,0,0,0,0,1,0,0,0,0,0,0,0,0,0,0,0,0,0
872,815,Aiqing wansui (1994),1994.0,1,3.0,0.9259259259259238,0.0,0.5,0,0,0,0,0,0,0,1,0,0,0,0,0,0,0,0,0,0
874,816,Killer: A Journal of Murder (1995),1995.0,8,3.125,0.9382716049382722,0.0020426028596440032,0.53125,0,0,0,0,0,1,0,1,0,0,0,0,0,0,0,0,0,0
875,817,Nothing to Lose (1994),1994.0,44,3.3863636363636362,0.9259259259259238,0.012547417566384592,0.5965909090909091,0,0,0,0,0,0,0,1,0,0,0,0,0,0,0,0,0,0
876,818,Police Story 4: Project S (Chao ji ji hua) (1993),1993.0,21,2.857142857142857,0.913580246913579,0.005836008170411439,0.4642857142857143,1,0,0,0,0,0,0,0,0,0,0,0,0,0,0,0,0,0
877,819,Girls Town (1996),1996.0,24,3.2916666666666665,0.9506172839506171,0.006711409395973154,0.5729166666666666,0,0,0,0,0,0,0,1,0,0,0,0,0,0,0,0,0,0
878,820,Bye-Bye (1995),1995.0,1,4.0,0.9382716049382722,0.0,0.75,0,0,0,0,0,0,0,1,0,0,0,0,0,0,0,0,0,0
879,821,"Relic, The (1997)",1997.0,237,2.827004219409283,0.9629629629629619,0.06886489641085497,0.4567510548523207,0,0,0,0,0,0,0,0,0,0,1,0,0,0,0,0,0,0
880,822,"Island of Dr. Moreau, The (1996)",1996.0,324,2.200617283950617,0.9506172839506171,0.09425153195214472,0.30015432098765427,0,0,0,0,0,0,0,0,0,0,0,0,0,0,1,1,0,0
881,823,First Kid (1996),1996.0,77,2.6233766233766236,0.9506172839506171,0.022176831047563465,0.4058441558441559,0,0,0,1,1,0,0,0,0,0,0,0,0,0,0,0,0,0
882,824,"Trigger Effect, The (1996)",1996.0,59,2.711864406779661,0.9506172839506171,0.01692442369419317,0.4279661016949152,0,0,0,0,0,0,0,1,0,0,0,0,0,0,0,1,0,0
884,825,Sweet Nothing (1995),1995.0,2,3.0,0.9382716049382722,0.0002918004085205719,0.5,0,0,0,0,0,0,0,1,0,0,0,0,0,0,0,0,0,0
885,826,Bogus (1996),1996.0,43,2.5813953488372094,0.9506172839506171,0.01225561715786402,0.39534883720930236,0,0,0,1,0,0,0,1,1,0,0,0,0,0,0,0,0,0
886,827,Bulletproof (1996),1996.0,104,2.9423076923076925,0.9506172839506171,0.030055442077618906,0.48557692307692313,1,0,0,0,0,0,0,0,0,0,0,0,0,0,0,0,0,0
887,828,Talk of Angels (1998),1998.0,2,2.5,0.9753086419753068,0.0002918004085205719,0.375,0,0,0,0,0,0,0,1,0,0,0,0,0,0,0,0,0,0
888,829,Land Before Time III: The Time of the Great Giving (1995),1995.0,48,2.2083333333333335,0.9382716049382722,0.01371461920046688,0.30208333333333337,0,0,1,1,0,0,0,0,0,0,0,0,0,0,0,0,0,0
889,830,1-900 (1994),1994.0,2,2.5,0.9259259259259238,0.0002918004085205719,0.375,0,0,0,0,0,0,0,0,0,0,0,0,0,1,0,0,0,0
891,831,Halloween: The Curse of Michael Myers (1995),1995.0,183,2.360655737704918,0.9382716049382722,0.05310767435074409,0.3401639344262295,0,0,0,0,0,0,0,0,0,0,1,0,0,0,0,1,0,0
892,832,Twelfth Night (1996),1996.0,152,3.861842105263158,0.9506172839506171,0.044061861686606356,0.7154605263157895,0,0,0,0,1,0,0,1,0,0,0,0,0,1,0,0,0,0
893,833,Mother Night (1996),1996.0,69,3.6956521739130435,0.9506172839506171,0.01984242777939889,0.6739130434782609,0,0,0,0,0,0,0,1,0,0,0,0,0,0,0,0,0,0
895,834,Venice/Venice (1992),1992.0,2,1.0,0.9012345679012341,0.0002918004085205719,0.0,0,0,0,0,0,0,0,1,0,0,0,0,0,0,0,0,0,0
896,835,Wild Reeds (1994),1994.0,51,3.4313725490196076,0.9259259259259238,0.014590020426028597,0.6078431372549019,0,0,0,0,0,0,0,1,0,0,0,0,0,0,0,0,0,0
897,836,For Whom the Bell Tolls (1943),1943.0,98,3.7551020408163267,0.29629629629629406,0.028304639626495473,0.6887755102040817,0,1,0,0,0,0,0,0,0,0,0,0,0,0,0,0,1,0
898,837,"Philadelphia Story, The (1940)",1940.0,582,4.3006872852233675,0.2592592592592595,0.16953603735045228,0.8251718213058419,0,0,0,0,1,0,0,0,0,0,0,0,0,1,0,0,0,0
899,838,Singin' in the Rain (1952),1952.0,751,4.2836218375499335,0.40740740740740833,0.21885030639042893,0.8209054593874834,0,0,0,0,0,0,0,0,0,0,0,1,0,1,0,0,0,0
900,839,"American in Paris, An (1951)",1951.0,343,3.8513119533527695,0.39506172839505993,0.09979573971403559,0.7128279883381924,0,0,0,0,0,0,0,0,0,0,0,1,0,1,0,0,0,0
901,840,Funny Face (1957),1957.0,174,3.6436781609195403,0.4691358024691361,0.05048147067405894,0.6609195402298851,0,0,0,0,1,0,0,0,0,0,0,1,0,0,0,0,0,0
902,841,Breakfast at Tiffany's (1961),1961.0,676,3.908284023668639,0.518518518518519,0.19696527575138606,0.7270710059171598,0,0,0,0,0,0,0,1,0,0,0,0,0,1,0,0,0,0
903,842,Vertigo (1958),1958.0,905,4.27292817679558,0.48148148148148096,0.263787569302597,0.8182320441988951,0,0,0,0,0,0,0,0,0,0,0,0,1,0,0,1,0,0
904,843,Rear Window (1954),1954.0,1050,4.476190476190476,0.432098765432098,0.30609862853807995,0.8690476190476191,0,0,0,0,0,0,0,0,0,0,0,0,1,0,0,1,0,0
905,844,It Happened One Night (1934),1934.0,374,4.280748663101604,0.18518518518518334,0.10884155237817332,0.820187165775401,0,0,0,0,1,0,0,0,0,0,0,0,0,0,0,0,0,0
906,845,Gaslight (1944),1944.0,187,4.096256684491979,0.30864197530864246,0.05427487598482637,0.7740641711229947,0,0,0,0,0,0,0,0,0,0,0,0,1,0,0,1,0,0
907,846,"Gay Divorcee, The (1934)",1934.0,105,3.9238095238095236,0.18518518518518334,0.030347242486139476,0.7309523809523809,0,0,0,0,1,0,0,0,0,0,0,1,0,1,0,0,0,0
908,847,North by Northwest (1959),1959.0,1315,4.38403041825095,0.4938271604938258,0.3834257367960315,0.8460076045627376,0,0,0,0,0,0,0,1,0,0,0,0,0,0,0,1,0,0
909,848,"Apartment, The (1960)",1960.0,417,4.127098321342926,0.5061728395061706,0.12138896994455792,0.7817745803357314,0,0,0,0,1,0,0,1,0,0,0,0,0,0,0,0,0,0
910,849,Some Like It Hot (1959),1959.0,832,4.300480769230769,0.4938271604938258,0.24248613948059528,0.8251201923076923,0,0,0,0,1,1,0,0,0,0,0,0,0,0,0,0,0,0
911,850,Charade (1963),1963.0,306,4.183006535947713,0.5432098765432087,0.08899912459877443,0.7957516339869282,0,0,0,0,1,0,0,0,0,0,0,0,1,1,0,1,0,0
912,851,Casablanca (1942),1942.0,1669,4.412822049131217,0.2839506172839492,0.48672308141231396,0.8532055122828042,0,0,0,0,0,0,0,1,0,0,0,0,0,1,0,0,1,0
913,852,"Maltese Falcon, The (1941)",1941.0,1043,4.395973154362416,0.27160493827160437,0.3040560256784359,0.848993288590604,0,0,0,0,0,0,0,0,0,1,0,0,1,0,0,0,0,0
914,853,My Fair Lady (1964),1964.0,636,4.154088050314465,0.5555555555555536,0.18529325941056318,0.7885220125786163,0,0,0,0,0,0,0,0,0,0,0,1,0,1,0,0,0,0
915,854,Sabrina (1954),1954.0,365,3.9643835616438357,0.432098765432098,0.10621534870148817,0.7410958904109589,0,0,0,0,1,0,0,0,0,0,0,0,0,1,0,0,0,0
916,855,Roman Holiday (1953),1953.0,425,4.216470588235294,0.4197530864197532,0.12372337321272249,0.8041176470588236,0,0,0,0,1,0,0,0,0,0,0,0,0,1,0,0,0,0
917,856,"Little Princess, The (1939)",1939.0,77,3.675324675324675,0.24691358024691112,0.022176831047563465,0.6688311688311688,0,0,0,1,0,0,0,1,0,0,0,0,0,0,0,0,0,0
918,857,Meet Me in St. Louis (1944),1944.0,189,3.7936507936507935,0.30864197530864246,0.05485847680186752,0.6984126984126984,0,0,0,0,0,0,0,0,0,0,0,1,0,0,0,0,0,0
919,858,"Wizard of Oz, The (1939)",1939.0,1718,4.247962747380675,0.24691358024691112,0.5010213014298219,0.8119906868451687,0,1,0,1,0,0,0,1,0,0,0,1,0,0,0,0,0,0
920,859,Gone with the Wind (1939),1939.0,1156,3.9974048442906573,0.24691358024691112,0.3370294718412606,0.7493512110726643,0,0,0,0,0,0,0,1,0,0,0,0,0,1,0,0,1,0
921,860,My Favorite Year (1982),1982.0,302,3.8940397350993377,0.7777777777777786,0.08783192296469214,0.7235099337748344,0,0,0,0,1,0,0,0,0,0,0,0,0,0,0,0,0,0
922,861,Sunset Blvd. (a.k.a. Sunset Boulevard) (1950),1950.0,470,4.491489361702127,0.3827160493827151,0.13685439159614823,0.8728723404255319,0,0,0,0,0,0,0,0,0,1,0,0,0,0,0,0,0,0
923,862,Citizen Kane (1941),1941.0,1116,4.388888888888889,0.27160493827160437,0.3253574555004377,0.8472222222222223,0,0,0,0,0,0,0,1,0,0,0,0,0,0,0,0,0,0
924,863,2001: A Space Odyssey (1968),1968.0,1716,4.068764568764569,0.6049382716049365,0.5004377006127808,0.7671911421911422,0,0,0,0,0,0,0,1,0,0,0,0,1,0,1,1,0,0
925,864,Golden Earrings (1947),1947.0,12,3.25,0.345679012345677,0.003209804493726291,0.5625,0,1,0,0,0,0,0,0,0,0,0,0,0,1,0,0,0,0
926,865,All About Eve (1950),1950.0,403,4.255583126550868,0.3827160493827151,0.1173037642252699,0.813895781637717,0,0,0,0,0,0,0,1,0,0,0,0,0,0,0,0,0,0
927,866,"Women, The (1939)",1939.0,84,3.9761904761904763,0.24691358024691112,0.024219433907207467,0.7440476190476191,0,0,0,0,1,0,0,0,0,0,0,0,0,0,0,0,0,0
928,867,Rebecca (1940),1940.0,386,4.204663212435233,0.2592592592592595,0.11234315728042019,0.8011658031088082,0,0,0,0,0,0,0,0,0,0,0,0,0,1,0,1,0,0
929,868,Foreign Correspondent (1940),1940.0,93,3.78494623655914,0.2592592592592595,0.026845637583892613,0.696236559139785,0,0,0,0,0,0,0,0,0,0,0,0,0,0,0,1,0,0
930,869,Notorious (1946),1946.0,445,4.29438202247191,0.33333333333333215,0.12955938138313394,0.8235955056179776,0,0,0,0,0,0,0,0,0,1,0,0,0,1,0,1,0,0
931,870,Spellbound (1945),1945.0,206,3.912621359223301,0.3209876543209873,0.05981908374671724,0.7281553398058253,0,0,0,0,0,0,0,0,0,0,0,0,1,1,0,1,0,0
932,871,"Affair to Remember, An (1957)",1957.0,189,3.9523809523809526,0.4691358024691361,0.05485847680186752,0.7380952380952381,0,0,0,0,0,0,0,0,0,0,0,0,0,1,0,0,0,0
933,872,To Catch a Thief (1955),1955.0,443,4.10158013544018,0.44444444444444287,0.1289757805660928,0.775395033860045,0,0,0,0,1,0,0,0,0,0,0,0,0,1,0,1,0,0
934,873,Father of the Bride (1950),1950.0,304,3.6578947368421053,0.3827160493827151,0.08841552378173329,0.6644736842105263,0,0,0,0,1,0,0,0,0,0,0,0,0,0,0,0,0,0
935,874,"Band Wagon, The (1953)",1953.0,71,3.6338028169014085,0.4197530864197532,0.02042602859644003,0.6584507042253521,0,0,0,0,1,0,0,0,0,0,0,1,0,0,0,0,0,0
936,875,Ninotchka (1939),1939.0,132,4.075757575757576,0.24691358024691112,0.03822585351619492,0.768939393939394,0,0,0,0,1,0,0,0,0,0,0,0,0,1,0,0,0,0
937,876,Love in the Afternoon (1957),1957.0,44,3.75,0.4691358024691361,0.012547417566384592,0.6875,0,0,0,0,1,0,0,0,0,0,0,0,0,1,0,0,0,0
938,877,Gigi (1958),1958.0,187,3.620320855614973,0.48148148148148096,0.05427487598482637,0.6550802139037433,0,0,0,0,0,0,0,0,0,0,0,1,0,0,0,0,0,0
939,878,"Reluctant Debutante, The (1958)",1958.0,11,3.1818181818181817,0.48148148148148096,0.002918004085205719,0.5454545454545454,0,0,0,0,1,0,0,1,0,0,0,0,0,0,0,0,0,0
940,879,"Adventures of Robin Hood, The (1938)",1938.0,378,3.9735449735449735,0.23456790123456628,0.11000875401225561,0.7433862433862434,1,1,0,0,0,0,0,0,0,0,0,0,0,0,0,0,0,0
941,880,"Mark of Zorro, The (1940)",1940.0,105,3.704761904761905,0.2592592592592595,0.030347242486139476,0.6761904761904762,0,1,0,0,0,0,0,0,0,0,0,0,0,0,0,0,0,0
942,881,Laura (1944),1944.0,292,4.2020547945205475,0.30864197530864246,0.08491391887948642,0.8005136986301369,0,0,0,0,0,1,0,0,0,1,0,0,1,0,0,0,0,0
943,882,"Ghost and Mrs. Muir, The (1947)",1947.0,171,3.982456140350877,0.345679012345677,0.04960606944849722,0.7456140350877193,0,0,0,0,0,0,0,1,0,0,0,0,0,1,0,0,0,0
944,883,Lost Horizon (1937),1937.0,97,3.7938144329896906,0.22222222222222143,0.028012839217974903,0.6984536082474226,0,0,0,0,0,0,0,1,0,0,0,0,0,0,0,0,0,0
945,884,Top Hat (1935),1935.0,251,4.147410358565737,0.19753086419753174,0.07295010213014298,0.7868525896414342,0,0,0,0,1,0,0,0,0,0,0,1,0,1,0,0,0,0
946,885,To Be or Not to Be (1942),1942.0,161,3.8509316770186337,0.2839506172839492,0.0466880653632915,0.7127329192546584,0,0,0,0,1,0,0,1,0,0,0,0,0,0,0,0,1,0
947,886,My Man Godfrey (1936),1936.0,188,4.1063829787234045,0.2098765432098766,0.05456667639334695,0.7765957446808511,0,0,0,0,1,0,0,0,0,0,0,0,0,0,0,0,0,0
948,887,Giant (1956),1956.0,130,3.753846153846154,0.4567901234567877,0.03764225269915378,0.6884615384615385,0,0,0,0,0,0,0,1,0,0,0,0,0,0,0,0,0,0
949,888,East of Eden (1955),1955.0,215,3.9767441860465116,0.44444444444444287,0.062445287423402385,0.7441860465116279,0,0,0,0,0,0,0,1,0,0,0,0,0,0,0,0,0,0
950,889,"Thin Man, The (1934)",1934.0,292,4.239726027397261,0.18518518518518334,0.08491391887948642,0.8099315068493151,0,0,0,0,0,0,0,0,0,0,0,0,1,0,0,0,0,0
951,890,His Girl Friday (1940),1940.0,397,4.249370277078086,0.2592592592592595,0.11555296177414648,0.8123425692695214,0,0,0,0,1,0,0,0,0,0,0,0,0,0,0,0,0,0
952,891,Around the World in 80 Days (1956),1956.0,269,3.6022304832713754,0.4567901234567877,0.07820250948351327,0.6505576208178439,0,1,0,0,1,0,0,0,0,0,0,0,0,0,0,0,0,0
953,892,It's a Wonderful Life (1946),1946.0,729,4.299039780521262,0.33333333333333215,0.21243069740297635,0.8247599451303156,0,0,0,0,0,0,0,1,0,0,0,0,0,0,0,0,0,0
954,893,Mr. Smith Goes to Washington (1939),1939.0,383,4.240208877284595,0.24691358024691112,0.11146775605485847,0.8100522193211488,0,0,0,0,0,0,0,1,0,0,0,0,0,0,0,0,0,0
955,894,Bringing Up Baby (1938),1938.0,413,4.169491525423729,0.23456790123456628,0.12022176831047562,0.7923728813559323,0,0,0,0,1,0,0,0,0,0,0,0,0,0,0,0,0,0
956,895,Penny Serenade (1941),1941.0,40,3.55,0.27160493827160437,0.011380215932302306,0.6375,0,0,0,0,0,0,0,1,0,0,0,0,0,1,0,0,0,0
957,896,"Scarlet Letter, The (1926)",1926.0,37,3.2432432432432434,0.08641975308641747,0.01050481470674059,0.5608108108108109,0,0,0,0,0,0,0,1,0,0,0,0,0,0,0,0,0,0
958,897,Lady of Burlesque (1943),1943.0,13,3.3846153846153846,0.29629629629629406,0.003501604902246863,0.5961538461538461,0,0,0,0,1,0,0,0,0,0,0,0,1,0,0,0,0,0
959,898,Of Human Bondage (1934),1934.0,58,3.7413793103448274,0.18518518518518334,0.016632623285672596,0.6853448275862069,0,0,0,0,0,0,0,1,0,0,0,0,0,0,0,0,0,0
960,899,Angel on My Shoulder (1946),1946.0,20,3.45,0.33333333333333215,0.005544207761890867,0.6125,0,0,0,0,0,1,0,1,0,0,0,0,0,0,0,0,0,0
961,900,Little Lord Fauntleroy (1936),1936.0,23,3.4782608695652173,0.2098765432098766,0.006419608987452583,0.6195652173913043,0,0,0,0,0,0,0,1,0,0,0,0,0,0,0,0,0,0
962,901,They Made Me a Criminal (1939),1939.0,11,3.5454545454545454,0.24691358024691112,0.002918004085205719,0.6363636363636364,0,0,0,0,0,1,0,1,0,0,0,0,0,0,0,0,0,0
963,902,"Inspector General, The (1949)",1949.0,54,3.574074074074074,0.37037037037037024,0.015465421651590311,0.6435185185185185,0,0,0,0,0,0,0,0,0,0,0,1,0,0,0,0,0,0
964,903,Angel and the Badman (1947),1947.0,51,3.392156862745098,0.345679012345677,0.014590020426028597,0.5980392156862745,0,0,0,0,0,0,0,0,0,0,0,0,0,0,0,0,0,1
965,904,"39 Steps, The (1935)",1935.0,253,4.075098814229249,0.19753086419753174,0.07353370294718412,0.7687747035573123,0,0,0,0,0,0,0,0,0,0,0,0,0,0,0,1,0,0
966,905,"Walk in the Sun, A (1945)",1945.0,6,4.0,0.3209876543209873,0.0014590020426028597,0.75,0,0,0,0,0,0,0,1,0,0,0,0,0,0,0,0,0,0
967,906,"Outlaw, The (1943)",1943.0,23,3.260869565217391,0.29629629629629406,0.006419608987452583,0.5652173913043478,0,0,0,0,0,0,0,0,0,0,0,0,0,0,0,0,0,1
968,907,Night of the Living Dead (1968),1968.0,715,3.6713286713286712,0.6049382716049365,0.20834549168368835,0.6678321678321678,0,0,0,0,0,0,0,0,0,0,1,0,0,0,1,0,0,0
969,908,"African Queen, The (1951)",1951.0,1057,4.251655629139073,0.39506172839505993,0.3081412313977239,0.8129139072847682,1,1,0,0,0,0,0,0,0,0,0,0,0,1,0,0,1,0
970,909,Beat the Devil (1954),1954.0,37,3.4054054054054053,0.432098765432098,0.01050481470674059,0.6013513513513513,0,0,0,0,1,0,0,1,0,0,0,0,0,0,0,0,0,0
971,910,Cat on a Hot Tin Roof (1958),1958.0,271,4.047970479704797,0.48148148148148096,0.07878611030055441,0.7619926199261993,0,0,0,0,0,0,0,1,0,0,0,0,0,0,0,0,0,0
972,911,"Last Time I Saw Paris, The (1954)",1954.0,6,3.1666666666666665,0.432098765432098,0.0014590020426028597,0.5416666666666666,0,0,0,0,0,0,0,1,0,0,0,0,0,0,0,0,0,0
973,912,Meet John Doe (1941),1941.0,82,3.9146341463414633,0.27160493827160437,0.023635833090166324,0.7286585365853658,0,0,0,0,0,0,0,1,0,0,0,0,0,0,0,0,0,0
974,913,Algiers (1938),1938.0,16,3.75,0.23456790123456628,0.004377006127808579,0.6875,0,0,0,0,0,0,0,1,0,0,0,0,0,1,0,0,0,0
975,914,Something to Sing About (1937),1937.0,2,1.5,0.22222222222222143,0.0002918004085205719,0.125,0,0,0,0,1,0,0,0,0,0,0,1,0,0,0,0,0,0
976,915,"Farewell to Arms, A (1932)",1932.0,56,3.5714285714285716,0.16049382716049365,0.016049022468631453,0.6428571428571429,0,0,0,0,0,0,0,0,0,0,0,0,0,1,0,0,1,0
977,916,Moonlight Murder (1936),1936.0,2,2.0,0.2098765432098766,0.0002918004085205719,0.25,0,0,0,0,0,0,0,0,0,0,0,0,1,0,0,0,0,0
978,917,"Blue Angel, The (Blaue Engel, Der) (1930)",1930.0,100,3.94,0.1358024691358004,0.028888240443536616,0.735,0,0,0,0,0,0,0,1,0,0,0,0,0,0,0,0,0,0
980,918,In the Line of Duty 2 (1987),1987.0,5,2.8,0.8395061728395063,0.0011672016340822876,0.44999999999999996,1,0,0,0,0,0,0,0,0,0,0,0,0,0,0,0,0,0
981,919,Dangerous Ground (1997),1997.0,4,2.75,0.9629629629629619,0.0008754012255617157,0.4375,0,0,0,0,0,0,0,1,0,0,0,0,0,0,0,0,0,0
982,920,Picnic (1955),1955.0,81,3.6790123456790123,0.44444444444444287,0.02334403268164575,0.6697530864197531,0,0,0,0,0,0,0,1,0,0,0,0,0,0,0,0,0,0
984,921,"Pompatus of Love, The (1996)",1996.0,33,2.6666666666666665,0.9506172839506171,0.009337613072658301,0.41666666666666663,0,0,0,0,1,0,0,1,0,0,0,0,0,0,0,0,0,0
985,922,Small Wonders (1996),1996.0,4,3.75,0.9506172839506171,0.0008754012255617157,0.6875,0,0,0,0,0,0,1,0,0,0,0,0,0,0,0,0,0,0
986,923,Fly Away Home (1996),1996.0,232,3.603448275862069,0.9506172839506171,0.0674058943682521,0.6508620689655172,0,1,0,1,0,0,0,0,0,0,0,0,0,0,0,0,0,0
987,924,Bliss (1997),1997.0,40,2.9,0.9629629629629619,0.011380215932302306,0.475,0,0,0,0,0,0,0,1,0,0,0,0,0,1,0,0,0,0
988,925,Grace of My Heart (1996),1996.0,69,3.3768115942028984,0.9506172839506171,0.01984242777939889,0.5942028985507246,0,0,0,0,1,0,0,1,0,0,0,0,0,0,0,0,0,0
989,926,Schlafes Bruder (Brother of Sleep) (1995),1995.0,1,5.0,0.9382716049382722,0.0,1.0,0,0,0,0,0,0,0,1,0,0,0,0,0,0,0,0,0,0
990,927,Maximum Risk (1996),1996.0,54,2.574074074074074,0.9506172839506171,0.015465421651590311,0.3935185185185185,1,1,0,0,0,0,0,0,0,0,0,0,0,0,0,1,0,0
991,928,Michael Collins (1996),1996.0,170,3.523529411764706,0.9506172839506171,0.04931426903997665,0.6308823529411764,0,0,0,0,0,0,0,1,0,0,0,0,0,0,0,0,1,0
992,929,"Rich Man's Wife, The (1996)",1996.0,20,2.6,0.9506172839506171,0.005544207761890867,0.4,0,0,0,0,0,0,0,0,0,0,0,0,0,0,0,1,0,0
993,930,Infinity (1996),1996.0,9,3.111111111111111,0.9506172839506171,0.0023344032681645753,0.5277777777777778,0,0,0,0,0,0,0,1,0,0,0,0,0,0,0,0,0,0
994,931,Big Night (1996),1996.0,450,4.095555555555555,0.9506172839506171,0.1310183834257368,0.7738888888888888,0,0,0,0,0,0,0,1,0,0,0,0,0,0,0,0,0,0
996,932,Last Man Standing (1996),1996.0,256,2.90625,0.9506172839506171,0.07440910417274584,0.4765625,1,0,0,0,0,0,0,1,0,0,0,0,0,0,0,0,0,1
997,933,Caught (1996),1996.0,28,3.357142857142857,0.9506172839506171,0.007878611030055441,0.5892857142857143,0,0,0,0,0,0,0,1,0,0,0,0,0,0,0,1,0,0
998,934,Set It Off (1996),1996.0,93,3.010752688172043,0.9506172839506171,0.026845637583892613,0.5026881720430108,1,0,0,0,0,1,0,0,0,0,0,0,0,0,0,0,0,0
999,935,2 Days in the Valley (1996),1996.0,286,3.2832167832167833,0.9506172839506171,0.083163116428363,0.5708041958041958,0,0,0,0,0,1,0,0,0,0,0,0,0,0,0,0,0,0
1000,936,Curdled (1996),1996.0,20,3.05,0.9506172839506171,0.005544207761890867,0.5125,0,0,0,0,0,1,0,0,0,0,0,0,0,0,0,0,0,0
1002,937,Ed's Next Move (1996),1996.0,8,4.25,0.9506172839506171,0.0020426028596440032,0.8125,0,0,0,0,1,0,0,0,0,0,0,0,0,0,0,0,0,0
1003,938,Extreme Measures (1996),1996.0,121,2.9421487603305785,0.9506172839506171,0.035016049022468625,0.4855371900826446,0,0,0,0,0,0,0,1,0,0,0,0,0,0,0,1,0,0
1004,939,"Glimmer Man, The (1996)",1996.0,101,2.6633663366336635,0.9506172839506171,0.02918004085205719,0.4158415841584159,1,0,0,0,0,0,0,0,0,0,0,0,0,0,0,1,0,0
1005,940,D3: The Mighty Ducks (1996),1996.0,142,2.3732394366197185,0.9506172839506171,0.04114385760140064,0.3433098591549296,0,0,0,1,1,0,0,0,0,0,0,0,0,0,0,0,0,0
1006,941,"Chamber, The (1996)",1996.0,78,3.08974358974359,0.9506172839506171,0.022468631456084034,0.5224358974358975,0,0,0,0,0,0,0,1,0,0,0,0,0,0,0,0,0,0
1007,942,"Apple Dumpling Gang, The (1975)",1975.0,232,2.978448275862069,0.6913580246913575,0.0674058943682521,0.49461206896551724,0,0,0,1,1,0,0,0,0,0,0,0,0,0,0,0,0,1
1008,943,"Davy Crockett, King of the Wild Frontier (1955)",1955.0,97,3.329896907216495,0.44444444444444287,0.028012839217974903,0.5824742268041238,0,0,0,0,0,0,0,0,0,0,0,0,0,0,0,0,0,1
1009,944,Escape to Witch Mountain (1975),1975.0,291,3.185567010309278,0.6913580246913575,0.08462211847096585,0.5463917525773195,0,1,0,1,0,0,0,0,1,0,0,0,0,0,0,0,0,0
1010,945,"Love Bug, The (1969)",1969.0,242,3.268595041322314,0.6172839506172814,0.07032389845345782,0.5671487603305785,0,0,0,1,1,0,0,0,0,0,0,0,0,0,0,0,0,0
1011,946,Herbie Rides Again (1974),1974.0,135,2.725925925925926,0.6790123456790127,0.03910125474175664,0.43148148148148147,0,1,0,1,1,0,0,0,0,0,0,0,0,0,0,0,0,0
1012,947,Old Yeller (1957),1957.0,301,3.7043189368770766,0.4691358024691361,0.08754012255617157,0.6760797342192691,0,0,0,1,0,0,0,1,0,0,0,0,0,0,0,0,0,0
1013,948,"Parent Trap, The (1961)",1961.0,258,3.565891472868217,0.518518518518519,0.07499270498978698,0.6414728682170543,0,0,0,1,0,0,0,1,0,0,0,0,0,0,0,0,0,0
1014,949,Pollyanna (1960),1960.0,136,3.4044117647058822,0.5061728395061706,0.039393055150277204,0.6011029411764706,0,0,0,1,1,0,0,1,0,0,0,0,0,0,0,0,0,0
1015,950,Homeward Bound: The Incredible Journey (1993),1993.0,234,3.3461538461538463,0.913580246913579,0.06798949518529325,0.5865384615384616,0,1,0,1,0,0,0,0,0,0,0,0,0,0,0,0,0,0
1016,951,"Shaggy Dog, The (1959)",1959.0,156,3.217948717948718,0.4938271604938258,0.04522906332068864,0.5544871794871795,0,0,0,1,1,0,0,0,0,0,0,0,0,0,0,0,0,0
1017,952,Swiss Family Robinson (1960),1960.0,276,3.5869565217391304,0.5061728395061706,0.08024511234315727,0.6467391304347826,0,1,0,1,0,0,0,0,0,0,0,0,0,0,0,0,0,0
1018,953,That Darn Cat! (1965),1965.0,123,3.252032520325203,0.567901234567902,0.03559964983950977,0.5630081300813008,0,0,0,1,1,0,0,0,0,0,0,0,1,0,0,0,0,0
1019,954,"20,000 Leagues Under the Sea (1954)",1954.0,575,3.7026086956521738,0.432098765432098,0.16749343449080828,0.6756521739130434,0,1,0,1,0,0,0,0,1,0,0,0,0,0,1,0,0,0
1020,955,Cool Runnings (1993),1993.0,392,3.239795918367347,0.913580246913579,0.11409395973154361,0.5599489795918368,0,0,0,0,1,0,0,0,0,0,0,0,0,0,0,0,0,0
1021,956,Angels in the Outfield (1994),1994.0,247,2.769230769230769,0.9259259259259238,0.07178290049606069,0.4423076923076923,0,0,0,1,1,0,0,0,0,0,0,0,0,0,0,0,0,0
1022,957,Cinderella (1950),1950.0,577,3.755632582322357,0.3827160493827151,0.16807703530784943,0.6889081455805892,0,0,1,1,0,0,0,0,0,0,0,1,0,0,0,0,0,0
1023,958,Winnie the Pooh and the Blustery Day (1968),1968.0,221,3.986425339366516,0.6049382716049365,0.06419608987452582,0.746606334841629,0,0,1,1,0,0,0,0,0,0,0,0,0,0,0,0,0,0
1024,959,"Three Caballeros, The (1945)",1945.0,126,3.246031746031746,0.3209876543209873,0.036475051065071484,0.5615079365079365,0,0,1,1,0,0,0,0,0,0,0,1,0,0,0,0,0,0
1025,960,"Sword in the Stone, The (1963)",1963.0,293,3.6109215017064846,0.5432098765432087,0.08520571928800699,0.6527303754266212,0,0,1,1,0,0,0,0,0,0,0,0,0,0,0,0,0,0
1026,961,So Dear to My Heart (1949),1949.0,8,3.625,0.37037037037037024,0.0020426028596440032,0.65625,0,0,0,1,0,0,0,1,0,0,0,0,0,0,0,0,0,0
1027,962,Robin Hood: Prince of Thieves (1991),1991.0,344,3.1627906976744184,0.8888888888888893,0.10008754012255616,0.5406976744186046,0,0,0,0,0,0,0,1,0,0,0,0,0,0,0,0,0,0
1028,963,Mary Poppins (1964),1964.0,1011,3.894164193867458,0.5555555555555536,0.29471841260577764,0.7235410484668645,0,0,0,1,1,0,0,0,0,0,0,1,0,0,0,0,0,0
1029,964,Dumbo (1941),1941.0,568,3.688380281690141,0.27160493827160437,0.16545083163116428,0.6720950704225352,0,0,1,1,0,0,0,0,0,0,0,1,0,0,0,0,0,0
1030,965,Pete's Dragon (1977),1977.0,323,3.0773993808049536,0.7160493827160472,0.09395973154362415,0.5193498452012384,0,1,1,1,0,0,0,0,0,0,0,1,0,0,0,0,0,0
1031,966,Bedknobs and Broomsticks (1971),1971.0,319,3.479623824451411,0.6419753086419746,0.09279252990954187,0.6199059561128527,0,1,0,1,0,0,0,0,0,0,0,1,0,0,0,0,0,0
1032,967,Alice in Wonderland (1951),1951.0,525,3.697142857142857,0.39506172839505993,0.1529034140647797,0.6742857142857143,0,0,1,1,0,0,0,0,0,0,0,1,0,0,0,0,0,0
1033,968,"Fox and the Hound, The (1981)",1981.0,287,3.4494773519163764,0.7654320987654302,0.08345491683688357,0.6123693379790941,0,0,1,1,0,0,0,0,0,0,0,0,0,0,0,0,0,0
1034,969,Freeway (1996),1996.0,169,3.6449704142011834,0.9506172839506171,0.04902246863145608,0.6612426035502958,0,0,0,0,0,1,0,0,0,0,0,0,0,0,0,0,0,0
1035,970,"Sound of Music, The (1965)",1965.0,882,3.931972789115646,0.567901234567902,0.25707615990662386,0.7329931972789115,0,0,0,0,0,0,0,0,0,0,0,1,0,0,0,0,0,0
1036,971,Die Hard (1988),1988.0,1666,4.121848739495798,0.8518518518518512,0.48584768018675223,0.7804621848739495,1,0,0,0,0,0,0,0,0,0,0,0,0,0,0,1,0,0
1037,972,"Lawnmower Man, The (1992)",1992.0,615,2.6601626016260163,0.9012345679012341,0.17916545083163116,0.41504065040650406,1,0,0,0,0,0,0,0,0,0,0,0,0,0,1,1,0,0
1038,973,Unhook the Stars (1996),1996.0,11,3.272727272727273,0.9506172839506171,0.002918004085205719,0.5681818181818182,0,0,0,0,0,0,0,1,0,0,0,0,0,0,0,0,0,0
1039,974,Synthetic Pleasures (1995),1995.0,3,3.6666666666666665,0.9382716049382722,0.0005836008170411438,0.6666666666666666,0,0,0,0,0,0,1,0,0,0,0,0,0,0,0,0,0,0
1040,975,"Secret Agent, The (1996)",1996.0,5,3.0,0.9506172839506171,0.0011672016340822876,0.5,0,0,0,0,0,0,0,1,0,0,0,0,0,0,0,0,0,0
1041,976,Secrets & Lies (1996),1996.0,474,4.037974683544304,0.9506172839506171,0.13802159323023053,0.759493670886076,0,0,0,0,0,0,0,1,0,0,0,0,0,0,0,0,0,0
1042,977,That Thing You Do! (1996),1996.0,528,3.481060606060606,0.9506172839506171,0.1537788152903414,0.6202651515151515,0,0,0,0,1,0,0,0,0,0,0,0,0,0,0,0,0,0
1043,978,To Gillian on Her 37th Birthday (1996),1996.0,108,2.8425925925925926,0.9506172839506171,0.031222643711701192,0.46064814814814814,0,0,0,0,0,0,0,1,0,0,0,0,0,1,0,0,0,0
1044,979,Surviving Picasso (1996),1996.0,35,3.2857142857142856,0.9506172839506171,0.009921213889699446,0.5714285714285714,0,0,0,0,0,0,0,1,0,0,0,0,0,0,0,0,0,0
1046,980,Beautiful Thing (1996),1996.0,90,4.066666666666666,0.9506172839506171,0.025970236358330897,0.7666666666666666,0,0,0,0,0,0,0,1,0,0,0,0,0,1,0,0,0,0
1047,981,"Long Kiss Goodnight, The (1996)",1996.0,434,3.4838709677419355,0.9506172839506171,0.12634957688940765,0.6209677419354839,1,0,0,0,0,0,0,0,0,0,0,0,0,0,0,1,0,0
1049,982,"Ghost and the Darkness, The (1996)",1996.0,451,3.328159645232816,0.9506172839506171,0.13131018383425738,0.582039911308204,1,1,0,0,0,0,0,0,0,0,0,0,0,0,0,0,0,0
1050,983,Looking for Richard (1996),1996.0,146,3.8219178082191783,0.9506172839506171,0.04231105923548292,0.7054794520547946,0,0,0,0,0,0,1,1,0,0,0,0,0,0,0,0,0,0
1051,984,Trees Lounge (1996),1996.0,98,3.4183673469387754,0.9506172839506171,0.028304639626495473,0.6045918367346939,0,0,0,0,0,0,0,1,0,0,0,0,0,0,0,0,0,0
1053,985,Normal Life (1996),1996.0,35,2.914285714285714,0.9506172839506171,0.009921213889699446,0.47857142857142854,0,0,0,0,0,1,0,1,0,0,0,0,0,0,0,0,0,0
1054,986,Get on the Bus (1996),1996.0,81,3.308641975308642,0.9506172839506171,0.02334403268164575,0.5771604938271605,0,0,0,0,0,0,0,1,0,0,0,0,0,0,0,0,0,0
1055,987,Shadow Conspiracy (1997),1997.0,19,2.736842105263158,0.9629629629629619,0.005252407353370295,0.4342105263157895,0,0,0,0,0,0,0,0,0,0,0,0,0,0,0,1,0,0
1056,988,Jude (1996),1996.0,50,3.54,0.9506172839506171,0.014298220017508023,0.635,0,0,0,0,0,0,0,1,0,0,0,0,0,0,0,0,0,0
1057,989,Everyone Says I Love You (1996),1996.0,274,3.5583941605839415,0.9506172839506171,0.07966151152611613,0.6395985401459854,0,0,0,0,1,0,0,0,0,0,0,1,0,1,0,0,0,0
1058,990,Bitter Sugar (Azucar Amargo) (1996),1996.0,11,3.272727272727273,0.9506172839506171,0.002918004085205719,0.5681818181818182,0,0,0,0,0,0,0,1,0,0,0,0,0,0,0,0,0,0
1059,991,William Shakespeare's Romeo and Juliet (1996),1996.0,479,3.4008350730688934,0.9506172839506171,0.13948059527283338,0.6002087682672234,0,0,0,0,0,0,0,1,0,0,0,0,0,1,0,0,0,0
1060,992,Swingers (1996),1996.0,786,3.94147582697201,0.9506172839506171,0.22906332068864896,0.7353689567430025,0,0,0,0,1,0,0,1,0,0,0,0,0,0,0,0,0,0
1061,993,Sleepers (1996),1996.0,374,3.550802139037433,0.9506172839506171,0.10884155237817332,0.6377005347593583,0,0,0,0,0,1,0,1,0,0,0,0,0,0,0,0,0,0
1062,994,"Sunchaser, The (1996)",1996.0,2,2.5,0.9506172839506171,0.0002918004085205719,0.375,0,0,0,0,0,0,0,1,0,0,0,0,0,0,0,0,0,0
1063,995,Johns (1996),1996.0,26,3.1538461538461537,0.9506172839506171,0.007295010213014298,0.5384615384615384,0,0,0,0,0,0,0,1,0,0,0,0,0,0,0,0,0,0
1064,996,Aladdin and the King of Thieves (1996),1996.0,209,2.8947368421052633,0.9506172839506171,0.06069448497227896,0.4736842105263158,0,0,1,1,1,0,0,0,0,0,0,0,0,0,0,0,0,0
1066,997,Shall We Dance? (1937),1937.0,175,4.1657142857142855,0.22222222222222143,0.05077327108257951,0.7914285714285714,0,0,0,0,1,0,0,0,0,0,0,1,0,1,0,0,0,0
1067,998,"Damsel in Distress, A (1937)",1937.0,23,3.782608695652174,0.22222222222222143,0.006419608987452583,0.6956521739130435,0,0,0,0,1,0,0,0,0,0,0,1,0,1,0,0,0,0
1068,999,Crossfire (1947),1947.0,35,3.6857142857142855,0.345679012345677,0.009921213889699446,0.6714285714285714,0,0,0,0,0,1,0,0,0,1,0,0,0,0,0,0,0,0
1069,1000,"Murder, My Sweet (1944)",1944.0,110,3.9272727272727272,0.30864197530864246,0.03180624452874234,0.7318181818181818,0,0,0,0,0,0,0,0,0,1,0,0,0,0,0,1,0,0
1070,1001,Macao (1952),1952.0,2,3.0,0.40740740740740833,0.0002918004085205719,0.5,0,1,0,0,0,0,0,0,0,0,0,0,0,0,0,0,0,0
1071,1002,For the Moment (1994),1994.0,5,3.4,0.9259259259259238,0.0011672016340822876,0.6,0,0,0,0,0,0,0,0,0,0,0,0,0,1,0,0,1,0
1073,1003,Willy Wonka and the Chocolate Factory (1971),1971.0,1313,3.8613861386138613,0.6419753086419746,0.38284213597899036,0.7153465346534653,0,1,0,1,1,0,0,0,1,0,0,0,0,0,0,0,0,0
1076,1004,"Innocents, The (1961)",1961.0,23,4.0,0.518518518518519,0.006419608987452583,0.75,0,0,0,0,0,0,0,0,0,0,0,0,0,0,0,1,0,0
1077,1005,Sleeper (1973),1973.0,744,3.9798387096774195,0.6666666666666643,0.21680770353078493,0.7449596774193549,0,0,0,0,1,0,0,0,0,0,0,0,0,0,1,0,0,0
1078,1006,Bananas (1971),1971.0,372,3.836021505376344,0.6419753086419746,0.10825795156113217,0.709005376344086,0,0,0,0,1,0,0,0,0,0,0,0,0,0,0,0,1,0
1079,1007,"Fish Called Wanda, A (1988)",1988.0,1326,3.971342383107089,0.8518518518518512,0.3866355412897578,0.7428355957767723,0,0,0,0,1,0,0,0,0,0,0,0,0,0,0,0,0,0
1080,1008,Monty Python's Life of Brian (1979),1979.0,926,4.018358531317495,0.7407407407407405,0.26991537788152903,0.7545896328293737,0,0,0,0,1,0,0,0,0,0,0,0,0,0,0,0,0,0
1081,1009,Victor/Victoria (1982),1982.0,434,3.6175115207373274,0.7777777777777786,0.12634957688940765,0.6543778801843319,0,0,0,0,1,0,0,0,0,0,0,1,0,0,0,0,0,0
1082,1010,"Candidate, The (1972)",1972.0,154,3.7012987012987013,0.6543209876543195,0.0446454625036475,0.6753246753246753,0,0,0,0,0,0,0,1,0,0,0,0,0,0,0,0,0,0
1083,1011,"Great Race, The (1965)",1965.0,164,3.5304878048780486,0.567901234567902,0.04756346658885322,0.6326219512195121,0,0,0,0,1,0,0,0,0,0,0,1,0,0,0,0,0,0
1084,1012,Bonnie and Clyde (1967),1967.0,686,4.096209912536443,0.5925925925925917,0.19988327983659177,0.7740524781341107,0,0,0,0,0,1,0,1,0,0,0,0,0,0,0,0,0,0
1085,1013,"Old Man and the Sea, The (1958)",1958.0,131,3.7786259541984735,0.48148148148148096,0.037934053107674344,0.6946564885496184,0,1,0,0,0,0,0,1,0,0,0,0,0,0,0,0,0,0
1086,1014,Dial M for Murder (1954),1954.0,379,4.079155672823219,0.432098765432098,0.11030055442077619,0.7697889182058046,0,0,0,0,0,0,0,0,0,0,0,0,1,0,0,1,0,0
1087,1015,Madame Butterfly (1995),1995.0,18,3.4444444444444446,0.9382716049382722,0.004960606944849723,0.6111111111111112,0,0,0,0,0,0,0,0,0,0,0,1,0,0,0,0,0,0
1088,1016,Dirty Dancing (1987),1987.0,687,3.3114992721979624,0.8395061728395063,0.20017508024511235,0.5778748180494906,0,0,0,0,0,0,0,0,0,0,0,1,0,1,0,0,0,0
1089,1017,Reservoir Dogs (1992),1992.0,1259,4.13582208101668,0.9012345679012341,0.3670849139188795,0.7839555202541699,0,0,0,0,0,1,0,0,0,0,0,0,0,0,0,1,0,0
1090,1018,Platoon (1986),1986.0,1143,4.090113735783027,0.827160493827158,0.33323606653049315,0.7725284339457568,0,0,0,0,0,0,0,1,0,0,0,0,0,0,0,0,1,0
1091,1019,Weekend at Bernie's (1989),1989.0,373,2.7935656836461127,0.864197530864196,0.10854975196965275,0.44839142091152817,0,0,0,0,1,0,0,0,0,0,0,0,0,0,0,0,0,0
1092,1020,Basic Instinct (1992),1992.0,751,3.5419440745672435,0.9012345679012341,0.21885030639042893,0.6354860186418109,0,0,0,0,0,0,0,0,0,0,0,0,1,0,0,1,0,0
1093,1021,"Doors, The (1991)",1991.0,680,3.4073529411764705,0.8888888888888893,0.19813247738546833,0.6018382352941176,0,0,0,0,0,0,0,1,0,0,0,1,0,0,0,0,0,0
1094,1022,"Crying Game, The (1992)",1992.0,1229,3.7314890154597236,0.9012345679012341,0.3583309016632623,0.6828722538649309,0,0,0,0,0,0,0,1,0,0,0,0,0,1,0,0,1,0
1095,1023,Glengarry Glen Ross (1992),1992.0,571,3.8844133099824867,0.9012345679012341,0.16632623285672601,0.7211033274956217,0,0,0,0,0,0,0,1,0,0,0,0,0,0,0,0,0,0
1096,1024,Sophie's Choice (1982),1982.0,344,3.9767441860465116,0.7777777777777786,0.10008754012255616,0.7441860465116279,0,0,0,0,0,0,0,1,0,0,0,0,0,0,0,0,0,0
1097,1025,E.T. the Extra-Terrestrial (1982),1982.0,2269,3.9651828999559275,0.7777777777777786,0.661803326524657,0.7412957249889819,0,0,0,1,0,0,0,1,1,0,0,0,0,0,1,0,0,0
1098,1026,"Search for One-eye Jimmy, The (1996)",1996.0,5,2.4,0.9506172839506171,0.0011672016340822876,0.35,0,0,0,0,1,0,0,0,0,0,0,0,0,0,0,0,0,0
1099,1027,"Christmas Carol, A (1938)",1938.0,194,3.9896907216494846,0.23456790123456628,0.05631747884447038,0.7474226804123711,0,0,0,0,0,0,0,1,0,0,0,0,0,0,0,0,0,0
1100,1028,Days of Thunder (1990),1990.0,420,2.807142857142857,0.8765432098765409,0.12226437117011962,0.45178571428571423,1,0,0,0,0,0,0,0,0,0,0,0,0,1,0,0,0,0
1101,1029,Top Gun (1986),1986.0,1010,3.6861386138613863,0.827160493827158,0.2944266121972571,0.6715346534653466,1,0,0,0,0,0,0,0,0,0,0,0,0,1,0,0,0,0
1102,1030,American Strays (1996),1996.0,4,2.0,0.9506172839506171,0.0008754012255617157,0.25,1,0,0,0,0,0,0,0,0,0,0,0,0,0,0,0,0,0
1103,1031,Rebel Without a Cause (1955),1955.0,402,3.9228855721393034,0.44444444444444287,0.11701196381674933,0.7307213930348259,0,0,0,0,0,0,0,1,0,0,0,0,0,0,0,0,0,0
1104,1032,"Streetcar Named Desire, A (1951)",1951.0,483,4.225672877846791,0.39506172839505993,0.14064779690691567,0.8064182194616978,0,0,0,0,0,0,0,1,0,0,0,0,0,0,0,0,0,0
1105,1033,Children of the Corn IV: The Gathering (1996),1996.0,42,1.7857142857142858,0.9506172839506171,0.011963816749343449,0.19642857142857145,0,0,0,0,0,0,0,0,0,0,1,0,0,0,0,0,0,0
1107,1034,Loser (1991),1991.0,3,2.0,0.8888888888888893,0.0005836008170411438,0.25,0,0,0,0,1,0,0,0,0,0,0,0,0,0,0,0,0,0
1111,1035,Microcosmos (Microcosmos: Le peuple de l'herbe) (1996),1996.0,94,4.095744680851064,0.9506172839506171,0.027137437992413187,0.7739361702127661,0,0,0,0,0,0,1,0,0,0,0,0,0,0,0,0,0,0
1112,1036,Palookaville (1996),1996.0,35,3.4285714285714284,0.9506172839506171,0.009921213889699446,0.6071428571428571,1,0,0,0,0,0,0,1,0,0,0,0,0,0,0,0,0,0
1113,1037,"Associate, The (1996)",1996.0,50,3.0,0.9506172839506171,0.014298220017508023,0.5,0,0,0,0,1,0,0,0,0,0,0,0,0,0,0,0,0,0
1114,1038,"Funeral, The (1996)",1996.0,31,2.870967741935484,0.9506172839506171,0.008754012255617158,0.467741935483871,0,0,0,0,0,0,0,1,0,0,0,0,0,0,0,0,0,0
1115,1039,Sleepover (1995),1995.0,1,1.0,0.9382716049382722,0.0,0.0,0,0,0,0,1,0,0,1,0,0,0,0,0,0,0,0,0,0
1116,1040,"Single Girl, A (La Fille Seule) (1995)",1995.0,17,3.411764705882353,0.9382716049382722,0.0046688065363291505,0.6029411764705882,0,0,0,0,0,0,0,1,0,0,0,0,0,0,0,0,0,0
1117,1041,"Eighth Day, The (Le Huitième jour ) (1996)",1996.0,12,4.25,0.9506172839506171,0.003209804493726291,0.8125,0,0,0,0,0,0,0,1,0,0,0,0,0,0,0,0,0,0
1118,1042,Tashunga (1995),1995.0,1,2.0,0.9382716049382722,0.0,0.25,0,1,0,0,0,0,0,0,0,0,0,0,0,0,0,0,0,1
1119,1043,Drunks (1997),1997.0,34,3.2058823529411766,0.9629629629629619,0.009629413481178873,0.5514705882352942,0,0,0,0,0,0,0,1,0,0,0,0,0,0,0,0,0,0
1120,1044,"People vs. Larry Flynt, The (1996)",1996.0,456,3.5833333333333335,0.9506172839506171,0.13276918587686024,0.6458333333333334,0,0,0,0,0,0,0,1,0,0,0,0,0,0,0,0,0,0
1121,1045,Glory Daze (1996),1996.0,13,3.076923076923077,0.9506172839506171,0.003501604902246863,0.5192307692307693,0,0,0,0,0,0,0,1,0,0,0,0,0,0,0,0,0,0
1123,1046,"Perfect Candidate, A (1996)",1996.0,33,3.727272727272727,0.9506172839506171,0.009337613072658301,0.6818181818181818,0,0,0,0,0,0,1,0,0,0,0,0,0,0,0,0,0,0
1124,1047,On Golden Pond (1981),1981.0,405,3.740740740740741,0.7654320987654302,0.11788736504231105,0.6851851851851852,0,0,0,0,0,0,0,1,0,0,0,0,0,0,0,0,0,0
1125,1048,"Return of the Pink Panther, The (1974)",1974.0,385,3.779220779220779,0.6790123456790127,0.11205135687189961,0.6948051948051948,0,0,0,0,1,0,0,0,0,0,0,0,0,0,0,0,0,0
1126,1049,Drop Dead Fred (1991),1991.0,317,2.3722397476340693,0.8888888888888893,0.09220892909250072,0.3430599369085173,0,0,0,0,1,0,0,0,1,0,0,0,0,0,0,0,0,0
1127,1050,"Abyss, The (1989)",1989.0,1715,3.6839650145772596,0.864197530864196,0.5001459002042602,0.6709912536443149,1,1,0,0,0,0,0,0,0,0,0,0,0,0,1,1,0,0
1128,1051,"Fog, The (1980)",1980.0,170,2.9235294117647057,0.7530864197530853,0.04931426903997665,0.4808823529411764,0,0,0,0,0,0,0,0,0,0,1,0,0,0,0,0,0,0
1129,1052,Escape from New York (1981),1981.0,884,3.4649321266968327,0.7654320987654302,0.25765976072366503,0.6162330316742082,1,1,0,0,0,0,0,0,0,0,0,0,0,0,1,1,0,0
1130,1053,"Howling, The (1980)",1980.0,231,3.25974025974026,0.7530864197530853,0.06711409395973154,0.564935064935065,0,0,0,0,0,0,0,0,0,0,1,0,0,0,0,0,0,0
1131,1054,Jean de Florette (1986),1986.0,216,4.324074074074074,0.827160493827158,0.06273708783192296,0.8310185185185186,0,0,0,0,0,0,0,1,0,0,0,0,0,0,0,0,0,0
1132,1055,Manon of the Spring (Manon des sources) (1986),1986.0,220,4.259090909090909,0.827160493827158,0.06390428946600525,0.8147727272727272,0,0,0,0,0,0,0,1,0,0,0,0,0,0,0,0,0,0
1133,1056,Talking About Sex (1994),1994.0,2,2.0,0.9259259259259238,0.0002918004085205719,0.25,0,0,0,0,1,0,0,1,0,0,0,0,0,0,0,0,0,0
1134,1057,Johnny 100 Pesos (1993),1993.0,2,3.0,0.913580246913579,0.0002918004085205719,0.5,1,0,0,0,0,0,0,1,0,0,0,0,0,0,0,0,0,0
1135,1058,Private Benjamin (1980),1980.0,407,3.189189189189189,0.7530864197530853,0.1184709658593522,0.5472972972972973,0,0,0,0,1,0,0,0,0,0,0,0,0,0,0,0,0,0
1136,1059,Monty Python and the Holy Grail (1974),1974.0,1599,4.335209505941213,0.6790123456790127,0.4662970528158739,0.8338023764853033,0,0,0,0,1,0,0,0,0,0,0,0,0,0,0,0,0,0
1138,1060,Dadetown (1995),1995.0,7,3.857142857142857,0.9382716049382722,0.0017508024511234312,0.7142857142857143,0,0,0,0,0,0,1,0,0,0,0,0,0,0,0,0,0,0
1139,1061,Everything Relative (1996),1996.0,2,4.0,0.9506172839506171,0.0002918004085205719,0.75,0,0,0,0,0,0,0,1,0,0,0,0,0,0,0,0,0,0
1142,1062,Get Over It (1996),1996.0,2,1.0,0.9506172839506171,0.0002918004085205719,0.0,0,0,0,0,0,0,0,1,0,0,0,0,0,0,0,0,0,0
1144,1063,"Line King: Al Hirschfeld, The (1996)",1996.0,16,3.75,0.9506172839506171,0.004377006127808579,0.6875,0,0,0,0,0,0,1,0,0,0,0,0,0,0,0,0,0,0
1145,1064,Snowriders (1996),1996.0,2,2.5,0.9506172839506171,0.0002918004085205719,0.375,0,0,0,0,0,0,1,0,0,0,0,0,0,0,0,0,0,0
1147,1065,When We Were Kings (1996),1996.0,277,4.32129963898917,0.9506172839506171,0.08053691275167785,0.8303249097472925,0,0,0,0,0,0,1,0,0,0,0,0,0,0,0,0,0,0
1148,1066,"Wrong Trousers, The (1993)",1993.0,882,4.507936507936508,0.913580246913579,0.25707615990662386,0.876984126984127,0,0,1,0,1,0,0,0,0,0,0,0,0,0,0,0,0,0
1149,1067,JLG/JLG - autoportrait de décembre (1994),1994.0,4,3.5,0.9259259259259238,0.0008754012255617157,0.625,0,0,0,0,0,0,1,1,0,0,0,0,0,0,0,0,0,0
1150,1068,"Return of Martin Guerre, The (Retour de Martin Guerre, Le) (1982)",1982.0,158,3.930379746835443,0.7777777777777786,0.04581266413772979,0.7325949367088608,0,0,0,0,0,0,0,1,0,0,0,0,0,0,0,0,0,0
1151,1069,Faust (1994),1994.0,31,3.4838709677419355,0.9259259259259238,0.008754012255617158,0.6209677419354839,0,0,1,0,1,0,0,0,0,0,0,0,0,0,0,1,0,0
1152,1070,He Walked by Night (1948),1948.0,29,3.4827586206896552,0.3580246913580254,0.008170411438576013,0.6206896551724138,0,0,0,0,0,1,0,0,0,1,0,0,0,0,0,1,0,0
1153,1071,Raw Deal (1948),1948.0,14,3.4285714285714284,0.3580246913580254,0.0037934053107674345,0.6071428571428571,0,0,0,0,0,0,0,0,0,1,0,0,0,0,0,0,0,0
1154,1072,T-Men (1947),1947.0,15,3.7333333333333334,0.345679012345677,0.004085205719288007,0.6833333333333333,0,0,0,0,0,0,0,0,0,1,0,0,0,0,0,0,0,0
1160,1073,Six of a Kind (1934),1934.0,6,2.1666666666666665,0.18518518518518334,0.0014590020426028597,0.29166666666666663,0,0,0,0,1,0,0,0,0,0,0,0,0,0,0,0,0,0
1161,1074,"Tin Drum, The (Blechtrommel, Die) (1979)",1979.0,94,3.9468085106382977,0.7407407407407405,0.027137437992413187,0.7367021276595744,0,0,0,0,0,0,0,1,0,0,0,0,0,0,0,0,0,0
1162,1075,"Ruling Class, The (1972)",1972.0,96,3.90625,0.6543209876543195,0.02772103880945433,0.7265625,0,0,0,0,1,0,0,0,0,0,0,0,0,0,0,0,0,0
1163,1076,Mina Tannenbaum (1994),1994.0,19,2.9473684210526314,0.9259259259259238,0.005252407353370295,0.48684210526315785,0,0,0,0,0,0,0,1,0,0,0,0,0,0,0,0,0,0
1164,1077,Two or Three Things I Know About Her (1966),1966.0,5,3.6,0.5802469135802468,0.0011672016340822876,0.65,0,0,0,0,0,0,0,1,0,0,0,0,0,0,0,0,0,0
1165,1078,"Bloody Child, The (1996)",1996.0,1,1.0,0.9506172839506171,0.0,0.0,0,0,0,0,0,0,0,1,0,0,0,0,0,0,0,1,0,0
1167,1079,Dear God (1996),1996.0,94,2.893617021276596,0.9506172839506171,0.027137437992413187,0.473404255319149,0,0,0,0,1,0,0,0,0,0,0,0,0,0,0,0,0,0
1168,1080,Bad Moon (1996),1996.0,18,2.0555555555555554,0.9506172839506171,0.004960606944849723,0.26388888888888884,0,0,0,0,0,0,0,0,0,0,1,0,0,0,0,0,0,0
1169,1081,American Dream (1990),1990.0,36,3.7222222222222223,0.8765432098765409,0.010213014298220018,0.6805555555555556,0,0,0,0,0,0,1,0,0,0,0,0,0,0,0,0,0,0
1170,1082,Best of the Best 3: No Turning Back (1995),1995.0,17,1.6470588235294117,0.9382716049382722,0.0046688065363291505,0.16176470588235292,1,0,0,0,0,0,0,0,0,0,0,0,0,0,0,0,0,0
1171,1083,Bob Roberts (1992),1992.0,415,3.7349397590361444,0.9012345679012341,0.12080536912751677,0.6837349397590361,0,0,0,0,1,0,0,0,0,0,0,0,0,0,0,0,0,0
1172,1084,Cinema Paradiso (1988),1988.0,615,4.287804878048781,0.8518518518518512,0.17916545083163116,0.8219512195121952,0,0,0,0,1,0,0,1,0,0,0,0,0,1,0,0,0,0
1173,1085,"Cook the Thief His Wife & Her Lover, The (1989)",1989.0,198,3.3484848484848486,0.864197530864196,0.057484680478552666,0.5871212121212122,0,0,0,0,0,0,0,1,0,0,0,0,0,0,0,0,0,0
1174,1086,Grosse Fatigue (1994),1994.0,5,3.8,0.9259259259259238,0.0011672016340822876,0.7,0,0,0,0,1,0,0,0,0,0,0,0,0,0,0,0,0,0
1175,1087,Delicatessen (1991),1991.0,368,4.002717391304348,0.8888888888888893,0.1070907499270499,0.7506793478260869,0,0,0,0,1,0,0,0,0,0,0,0,0,0,1,0,0,0
1176,1088,"Double Life of Veronique, The (La Double Vie de Véronique) (1991)",1991.0,129,3.937984496124031,0.8888888888888893,0.037350452290633204,0.7344961240310077,0,0,0,0,0,0,0,1,0,0,0,0,0,0,0,0,0,0
1177,1089,Enchanted April (1991),1991.0,147,3.993197278911565,0.8888888888888893,0.042602859644003496,0.7482993197278912,0,0,0,0,0,0,0,1,0,0,0,0,0,0,0,0,0,0
1178,1090,Paths of Glory (1957),1957.0,230,4.473913043478261,0.4691358024691361,0.06682229355121097,0.8684782608695651,0,0,0,0,0,0,0,1,0,0,0,0,0,0,0,0,1,0
1179,1091,"Grifters, The (1990)",1990.0,885,3.7887005649717516,0.8765432098765409,0.2579515611321856,0.6971751412429379,0,0,0,0,0,1,0,1,0,1,0,0,0,0,0,0,0,0
1180,1092,Hear My Song (1991),1991.0,50,3.84,0.8888888888888893,0.014298220017508023,0.71,0,0,0,0,1,0,0,0,0,0,0,0,0,0,0,0,0,0
1181,1093,"Shooter, The (1995)",1995.0,10,2.9,0.9382716049382722,0.0026262036766851473,0.475,1,0,0,0,0,0,0,0,0,0,0,0,0,0,0,0,0,0
1183,1094,"English Patient, The (1996)",1996.0,989,3.609706774519717,0.9506172839506171,0.28829880361832505,0.6524266936299292,0,0,0,0,0,0,0,1,0,0,0,0,0,1,0,0,1,0
1184,1095,Mediterraneo (1991),1991.0,91,3.802197802197802,0.8888888888888893,0.02626203676685147,0.7005494505494505,0,0,0,0,1,0,0,0,0,0,0,0,0,0,0,0,1,0
1185,1096,My Left Foot (1989),1989.0,453,3.958057395143488,0.864197530864196,0.1318937846512985,0.739514348785872,0,0,0,0,0,0,0,1,0,0,0,0,0,0,0,0,0,0
1186,1097,"Sex, Lies, and Videotape (1989)",1989.0,562,3.613879003558719,0.864197530864196,0.16370002918004084,0.6534697508896797,0,0,0,0,0,0,0,1,0,0,0,0,0,0,0,0,0,0
1187,1098,Passion Fish (1992),1992.0,147,3.6598639455782314,0.9012345679012341,0.042602859644003496,0.6649659863945578,0,0,0,0,0,0,0,1,0,0,0,0,0,0,0,0,0,0
1188,1099,Strictly Ballroom (1992),1992.0,676,3.951183431952663,0.9012345679012341,0.19696527575138606,0.7377958579881657,0,0,0,0,1,0,0,0,0,0,0,0,0,1,0,0,0,0
1189,1100,"Thin Blue Line, The (1988)",1988.0,269,4.25278810408922,0.8518518518518512,0.07820250948351327,0.8131970260223049,0,0,0,0,0,0,1,0,0,0,0,0,0,0,0,0,0,0
1190,1101,Tie Me Up! Tie Me Down! (1990),1990.0,132,3.507575757575758,0.8765432098765409,0.03822585351619492,0.6268939393939394,0,0,0,0,0,0,0,1,0,0,0,0,0,0,0,0,0,0
1191,1102,Madonna: Truth or Dare (1991),1991.0,209,3.062200956937799,0.8888888888888893,0.06069448497227896,0.5155502392344498,0,0,0,0,0,0,1,0,0,0,0,0,0,0,0,0,0,0
1192,1103,Paris Is Burning (1990),1990.0,105,4.0285714285714285,0.8765432098765409,0.030347242486139476,0.7571428571428571,0,0,0,0,0,0,1,0,0,0,0,0,0,0,0,0,0,0
1193,1104,One Flew Over the Cuckoo's Nest (1975),1975.0,1725,4.390724637681159,0.6913580246913575,0.5030639042894659,0.8476811594202898,0,0,0,0,0,0,0,1,0,0,0,0,0,0,0,0,0,0
1194,1105,Up in Smoke (1978),1978.0,212,3.4764150943396226,0.7283950617283956,0.06156988619784067,0.6191037735849056,0,0,0,0,1,0,0,0,0,0,0,0,0,0,0,0,0,0
1196,1106,Star Wars: Episode V - The Empire Strikes Back (1980),1980.0,2990,4.292976588628763,0.7530864197530853,0.8721914210679894,0.8232441471571907,1,1,0,0,0,0,0,1,0,0,0,0,0,0,1,0,1,0
1197,1107,"Princess Bride, The (1987)",1987.0,2318,4.3037100949094045,0.8395061728395063,0.676101546542165,0.8259275237273511,1,1,0,0,1,0,0,0,0,0,0,0,0,1,0,0,0,0
1198,1108,Raiders of the Lost Ark (1981),1981.0,2514,4.477724741447892,0.7654320987654302,0.7332944266121971,0.869431185361973,1,1,0,0,0,0,0,0,0,0,0,0,0,0,0,0,0,0
1199,1109,Brazil (1985),1985.0,913,4.097480832420591,0.8148148148148131,0.2661219725707616,0.7743702081051478,0,0,0,0,0,0,0,0,0,0,0,0,0,0,1,0,0,0
1200,1110,Aliens (1986),1986.0,1820,4.125824175824176,0.827160493827158,0.5307849430989202,0.7814560439560441,1,0,0,0,0,0,0,0,0,0,0,0,0,0,1,1,1,0
1201,1111,"Good, The Bad and The Ugly, The (1966)",1966.0,822,4.133819951338199,0.5802469135802468,0.23956813539538954,0.7834549878345498,1,0,0,0,0,0,0,0,0,0,0,0,0,0,0,0,0,1
1202,1112,Withnail and I (1987),1987.0,72,3.611111111111111,0.8395061728395063,0.020717829004960605,0.6527777777777778,0,0,0,0,1,0,0,0,0,0,0,0,0,0,0,0,0,0
1203,1113,12 Angry Men (1957),1957.0,616,4.295454545454546,0.4691358024691361,0.17945725124015174,0.8238636363636365,0,0,0,0,0,0,0,1,0,0,0,0,0,0,0,0,0,0
1204,1114,Lawrence of Arabia (1962),1962.0,831,4.401925391095066,0.5308641975308639,0.2421943390720747,0.8504813477737665,0,1,0,0,0,0,0,0,0,0,0,0,0,0,0,0,1,0
1205,1115,"Transformers: The Movie, The (1986)",1986.0,231,3.380952380952381,0.827160493827158,0.06711409395973154,0.5952380952380952,1,0,1,1,0,0,0,0,0,0,0,0,0,0,1,1,1,0
1206,1116,"Clockwork Orange, A (1971)",1971.0,1229,4.0781122864117165,0.6419753086419746,0.3583309016632623,0.7695280716029291,0,0,0,0,0,0,0,0,0,0,0,0,0,0,1,0,0,0
1207,1117,To Kill a Mockingbird (1962),1962.0,928,4.425646551724138,0.5308641975308639,0.27049897869857015,0.8564116379310345,0,0,0,0,0,0,0,1,0,0,0,0,0,0,0,0,0,0
1208,1118,Apocalypse Now (1979),1979.0,1176,4.243197278911564,0.7407407407407405,0.342865480011672,0.8107993197278911,0,0,0,0,0,0,0,1,0,0,0,0,0,0,0,0,1,0
1209,1119,Once Upon a Time in the West (1969),1969.0,173,4.023121387283237,0.6172839506172814,0.05018967026553837,0.7557803468208093,0,0,0,0,0,0,0,0,0,0,0,0,0,0,0,0,0,1
1210,1120,Star Wars: Episode VI - Return of the Jedi (1983),1983.0,2883,4.022892819979188,0.7901234567901234,0.8409687773562882,0.7557232049947971,1,1,0,0,0,0,0,0,0,0,0,0,0,1,1,0,1,0
1211,1121,Wings of Desire (Der Himmel über Berlin) (1987),1987.0,242,4.1115702479338845,0.8395061728395063,0.07032389845345782,0.7778925619834711,0,0,0,0,1,0,0,1,0,0,0,0,0,1,0,0,0,0
1212,1122,"Third Man, The (1949)",1949.0,480,4.452083333333333,0.37037037037037024,0.13977239568135397,0.8630208333333333,0,0,0,0,0,0,0,0,0,0,0,0,1,0,0,1,0,0
1213,1123,GoodFellas (1990),1990.0,1657,4.275196137598069,0.8765432098765409,0.4832214765100671,0.8187990343995173,0,0,0,0,0,1,0,1,0,0,0,0,0,0,0,0,0,0
1214,1124,Alien (1979),1979.0,2024,4.159584980237154,0.7407407407407405,0.5903122264371169,0.7898962450592886,1,0,0,0,0,0,0,0,0,0,1,0,0,0,1,1,0,0
1215,1125,Army of Darkness (1993),1993.0,945,3.804232804232804,0.913580246913579,0.2754595856434199,0.701058201058201,1,1,0,0,1,0,0,0,0,0,1,0,0,0,1,0,0,0
1216,1126,"Big Blue, The (Le Grand Bleu) (1988)",1988.0,87,3.6551724137931036,0.8518518518518512,0.025094835132769184,0.6637931034482759,0,1,0,0,0,0,0,0,0,0,0,0,0,1,0,0,0,0
1217,1127,Ran (1985),1985.0,357,4.26890756302521,0.8148148148148131,0.1038809454333236,0.8172268907563025,0,0,0,0,0,0,0,1,0,0,0,0,0,0,0,0,1,0
1218,1128,"Killer, The (Die xue shuang xiong) (1989)",1989.0,244,4.19672131147541,0.864197530864196,0.07090749927049897,0.7991803278688525,1,0,0,0,0,0,0,0,0,0,0,0,0,0,0,1,0,0
1219,1129,Psycho (1960),1960.0,1263,4.218527315914489,0.5061728395061706,0.3682521155529618,0.8046318289786223,0,0,0,0,0,0,0,0,0,0,1,0,0,0,0,1,0,0
1220,1130,"Blues Brothers, The (1980)",1980.0,1341,3.9395973154362416,0.7530864197530853,0.39101254741756636,0.7348993288590604,1,0,0,0,1,0,0,0,0,0,0,1,0,0,0,0,0,0
1221,1131,"Godfather: Part II, The (1974)",1974.0,1692,4.357565011820331,0.6790123456790127,0.4934344908082871,0.8393912529550827,1,0,0,0,0,1,0,1,0,0,0,0,0,0,0,0,0,0
1222,1132,Full Metal Jacket (1987),1987.0,1254,4.110845295055821,0.8395061728395063,0.36562591187627663,0.7777113237639552,1,0,0,0,0,0,0,1,0,0,0,0,0,0,0,0,1,0
1223,1133,"Grand Day Out, A (1992)",1992.0,473,4.361522198731501,0.9012345679012341,0.13772979282170994,0.8403805496828753,0,0,1,0,1,0,0,0,0,0,0,0,0,0,0,0,0,0
1224,1134,Henry V (1989),1989.0,426,4.286384976525822,0.864197530864196,0.12401517362124306,0.8215962441314555,0,0,0,0,0,0,0,1,0,0,0,0,0,0,0,0,1,0
1225,1135,Amadeus (1984),1984.0,1382,4.251808972503618,0.8024691358024683,0.4029763641669098,0.8129522431259044,0,0,0,0,0,0,0,1,0,0,0,0,0,0,0,0,0,0
1226,1136,"Quiet Man, The (1952)",1952.0,226,4.053097345132743,0.40740740740740833,0.06565509191712868,0.7632743362831858,0,0,0,0,1,0,0,0,0,0,0,0,0,1,0,0,0,0
1227,1137,Once Upon a Time in America (1984),1984.0,241,3.863070539419087,0.8024691358024683,0.07003209804493726,0.7157676348547718,0,0,0,0,0,1,0,1,0,0,0,0,0,0,0,1,0,0
1228,1138,Raging Bull (1980),1980.0,677,4.1875923190546525,0.7530864197530853,0.19725707615990662,0.7968980797636631,0,0,0,0,0,0,0,1,0,0,0,0,0,0,0,0,0,0
1230,1139,Annie Hall (1977),1977.0,1334,4.14167916041979,0.7160493827160472,0.3889699445579224,0.7854197901049476,0,0,0,0,1,0,0,0,0,0,0,0,0,1,0,0,0,0
1231,1140,"Right Stuff, The (1983)",1983.0,750,4.08,0.7901234567901234,0.21855850598190837,0.77,0,0,0,0,0,0,0,1,0,0,0,0,0,0,0,0,0,0
1232,1141,Stalker (1979),1979.0,52,3.6346153846153846,0.7407407407407405,0.014881820834549168,0.6586538461538461,0,0,0,0,0,0,0,0,0,0,0,0,1,0,1,0,0,0
1233,1142,"Boat, The (Das Boot) (1981)",1981.0,1001,4.302697302697303,0.7654320987654302,0.29180040852057193,0.8256743256743257,1,0,0,0,0,0,0,1,0,0,0,0,0,0,0,0,1,0
1234,1143,"Sting, The (1973)",1973.0,1049,4.320305052430887,0.6666666666666643,0.3058068281295594,0.8300762631077216,0,0,0,0,1,1,0,0,0,0,0,0,0,0,0,0,0,0
1235,1144,Harold and Maude (1971),1971.0,697,4.164992826398852,0.6419753086419746,0.20309308433031806,0.7912482065997131,0,0,0,0,1,0,0,0,0,0,0,0,0,0,0,0,0,0
1236,1145,Trust (1990),1990.0,90,4.188888888888889,0.8765432098765409,0.025970236358330897,0.7972222222222223,0,0,0,0,1,0,0,1,0,0,0,0,0,0,0,0,0,0
1237,1146,"Seventh Seal, The (Sjunde inseglet, Det) (1957)",1957.0,299,4.230769230769231,0.4691358024691361,0.08695652173913043,0.8076923076923077,0,0,0,0,0,0,0,1,0,0,0,0,0,0,0,0,0,0
1238,1147,Local Hero (1983),1983.0,351,4.0,0.7901234567901234,0.10213014298220016,0.75,0,0,0,0,1,0,0,0,0,0,0,0,0,0,0,0,0,0
1240,1148,"Terminator, The (1984)",1984.0,2098,4.152049571020019,0.8024691358024683,0.6119054566676393,0.7880123927550047,1,0,0,0,0,0,0,0,0,0,0,0,0,0,1,1,0,0
1241,1149,Braindead (1992),1992.0,70,3.357142857142857,0.9012345679012341,0.020134228187919462,0.5892857142857143,0,0,0,0,1,0,0,0,0,0,1,0,0,0,0,0,0,0
1242,1150,Glory (1989),1989.0,1112,4.193345323741007,0.864197530864196,0.3241902538663554,0.7983363309352518,1,0,0,0,0,0,0,1,0,0,0,0,0,0,0,0,1,0
1243,1151,Rosencrantz and Guildenstern Are Dead (1990),1990.0,325,3.9846153846153847,0.8765432098765409,0.0945433323606653,0.7461538461538462,0,0,0,0,1,0,0,1,0,0,0,0,0,0,0,0,0,0
1244,1152,Manhattan (1979),1979.0,718,4.082172701949861,0.7407407407407405,0.20922089290925008,0.7705431754874652,0,0,0,0,1,0,0,1,0,0,0,0,0,1,0,0,0,0
1245,1153,Miller's Crossing (1990),1990.0,358,4.005586592178771,0.8765432098765409,0.10417274584184417,0.7513966480446927,0,0,0,0,0,0,0,1,0,0,0,0,0,0,0,0,0,0
1246,1154,Dead Poets Society (1989),1989.0,855,4.005847953216374,0.864197530864196,0.24919754887656842,0.7514619883040936,0,0,0,0,0,0,0,1,0,0,0,0,0,0,0,0,0,0
1247,1155,"Graduate, The (1967)",1967.0,1261,4.245836637589215,0.5925925925925917,0.3676685147359206,0.8114591593973037,0,0,0,0,0,0,0,1,0,0,0,0,0,1,0,0,0,0
1248,1156,Touch of Evil (1958),1958.0,514,4.215953307392996,0.48148148148148096,0.1496936095710534,0.8039883268482491,0,0,0,0,0,1,0,0,0,1,0,0,0,0,0,1,0,0
1249,1157,Nikita (La Femme Nikita) (1990),1990.0,733,4.005457025920873,0.8765432098765409,0.21359789903705864,0.7513642564802183,0,0,0,0,0,0,0,0,0,0,0,0,0,0,0,1,0,0
1250,1158,"Bridge on the River Kwai, The (1957)",1957.0,938,4.386993603411514,0.4691358024691361,0.2734169827837759,0.8467484008528785,0,0,0,0,0,0,0,1,0,0,0,0,0,0,0,0,1,0
1251,1159,8 1/2 (1963),1963.0,228,4.105263157894737,0.5432098765432087,0.06623869273416982,0.7763157894736843,0,0,0,0,0,0,0,1,0,0,0,0,0,0,0,0,0,0
1252,1160,Chinatown (1974),1974.0,1185,4.339240506329114,0.6790123456790127,0.34549168368835714,0.8348101265822785,0,0,0,0,0,0,0,0,0,1,0,0,1,0,0,1,0,0
1253,1161,"Day the Earth Stood Still, The (1951)",1951.0,559,4.141323792486583,0.39506172839505993,0.16282462795447913,0.7853309481216457,0,0,0,0,0,0,0,1,0,0,0,0,0,0,1,0,0,0
1254,1162,"Treasure of the Sierra Madre, The (1948)",1948.0,453,4.289183222958058,0.3580246913580254,0.1318937846512985,0.8222958057395144,0,1,0,0,0,0,0,0,0,0,0,0,0,0,0,0,0,0
1255,1163,Bad Taste (1987),1987.0,54,3.4074074074074074,0.8395061728395063,0.015465421651590311,0.6018518518518519,0,0,0,0,1,0,0,0,0,0,1,0,0,0,0,0,0,0
1256,1164,Duck Soup (1933),1933.0,594,4.21043771043771,0.1728395061728385,0.17303764225269916,0.8026094276094276,0,0,0,0,1,0,0,0,0,0,0,0,0,0,0,0,1,0
1257,1165,Better Off Dead... (1985),1985.0,472,3.9216101694915255,0.8148148148148131,0.13743799241318938,0.7304025423728814,0,0,0,0,1,0,0,0,0,0,0,0,0,0,0,0,0,0
1258,1166,"Shining, The (1980)",1980.0,1087,4.104875804967802,0.7530864197530853,0.3168952436533411,0.7762189512419504,0,0,0,0,0,0,0,0,0,0,1,0,0,0,0,0,0,0
1259,1167,Stand by Me (1986),1986.0,1785,4.0969187675070025,0.827160493827158,0.5205719288007002,0.7742296918767506,0,1,0,0,1,0,0,1,0,0,0,0,0,0,0,0,0,0
1260,1168,M (1931),1931.0,308,4.3019480519480515,0.1481481481481488,0.08958272541581558,0.8254870129870129,0,0,0,0,0,1,0,0,0,1,0,0,0,0,0,1,0,0
1261,1169,Evil Dead II (Dead By Dawn) (1987),1987.0,548,3.826642335766423,0.8395061728395063,0.15961482346075284,0.7066605839416058,1,1,0,0,1,0,0,0,0,0,1,0,0,0,0,0,0,0
1262,1170,"Great Escape, The (1963)",1963.0,696,4.376436781609195,0.5432098765432087,0.2028012839217975,0.8441091954022988,0,1,0,0,0,0,0,0,0,0,0,0,0,0,0,0,1,0
1263,1171,"Deer Hunter, The (1978)",1978.0,700,4.11,0.7283950617283956,0.20396848555587976,0.7775000000000001,0,0,0,0,0,0,0,1,0,0,0,0,0,0,0,0,1,0
1264,1172,Diva (1981),1981.0,257,4.054474708171206,0.7654320987654302,0.07470090458126641,0.7636186770428015,1,0,0,0,0,0,0,1,0,0,0,0,1,1,0,1,0,0
1265,1173,Groundhog Day (1993),1993.0,2278,3.953028972783143,0.913580246913579,0.6644295302013422,0.7382572431957858,0,0,0,0,1,0,0,0,0,0,0,0,0,1,0,0,0,0
1266,1174,Unforgiven (1992),1992.0,997,4.0902708124373115,0.9012345679012341,0.29063320688648964,0.7725677031093279,0,0,0,0,0,0,0,0,0,0,0,0,0,0,0,0,0,1
1267,1175,"Manchurian Candidate, The (1962)",1962.0,765,4.333333333333333,0.5308641975308639,0.22293551210971696,0.8333333333333333,0,0,0,0,0,0,0,0,0,1,0,0,0,0,0,1,0,0
1268,1176,Pump Up the Volume (1990),1990.0,317,3.4858044164037856,0.8765432098765409,0.09220892909250072,0.6214511041009464,0,0,0,0,0,0,0,1,0,0,0,0,0,0,0,0,0,0
1269,1177,Arsenic and Old Lace (1944),1944.0,672,4.168154761904762,0.30864197530864246,0.19579807411730377,0.7920386904761905,0,0,0,0,1,0,0,0,0,0,0,0,1,0,0,1,0,0
1270,1178,Back to the Future (1985),1985.0,2583,3.9903213317847466,0.8148148148148131,0.7534286548001167,0.7475803329461866,0,0,0,0,1,0,0,0,0,0,0,0,0,0,1,0,0,0
1271,1179,Fried Green Tomatoes (1991),1991.0,593,3.806070826306914,0.8888888888888893,0.17274584184417857,0.7015177065767285,0,0,0,0,0,0,0,1,0,0,0,0,0,0,0,0,0,0
1272,1180,Patton (1970),1970.0,645,4.266666666666667,0.6296296296296298,0.18791946308724833,0.8166666666666667,0,0,0,0,0,0,0,1,0,0,0,0,0,0,0,0,1,0
1273,1181,Down by Law (1986),1986.0,146,3.9657534246575343,0.827160493827158,0.04231105923548292,0.7414383561643836,0,0,0,0,1,0,0,1,0,0,0,0,0,0,0,0,0,0
1274,1182,Akira (1988),1988.0,452,3.933628318584071,0.8518518518518512,0.13160198424277794,0.7334070796460177,0,1,1,0,0,0,0,0,0,0,0,0,0,0,1,1,0,0
1275,1183,Highlander (1986),1986.0,741,3.8461538461538463,0.827160493827158,0.21593230230522323,0.7115384615384616,1,1,0,0,0,0,0,0,0,0,0,0,0,0,0,0,0,0
1276,1184,Cool Hand Luke (1967),1967.0,930,4.253763440860215,0.5925925925925917,0.2710825795156113,0.8134408602150538,0,0,0,0,1,0,0,1,0,0,0,0,0,0,0,0,0,0
1277,1185,Cyrano de Bergerac (1990),1990.0,363,3.884297520661157,0.8765432098765409,0.10563174788444703,0.7210743801652892,1,0,0,0,0,0,0,1,0,0,0,0,0,1,0,0,0,0
1278,1186,Young Frankenstein (1974),1974.0,1193,4.250628667225482,0.6790123456790127,0.34782608695652173,0.8126571668063705,0,0,0,0,1,0,0,0,0,0,1,0,0,0,0,0,0,0
1279,1187,Night on Earth (1991),1991.0,194,3.747422680412371,0.8888888888888893,0.05631747884447038,0.6868556701030928,0,0,0,0,1,0,0,1,0,0,0,0,0,0,0,0,0,0
1280,1188,Raise the Red Lantern (1991),1991.0,277,4.1732851985559565,0.8888888888888893,0.08053691275167785,0.7933212996389891,0,0,0,0,0,0,0,1,0,0,0,0,0,0,0,0,0,0
1281,1189,"Great Dictator, The (1940)",1940.0,216,4.032407407407407,0.2592592592592595,0.06273708783192296,0.7581018518518519,0,0,0,0,1,0,0,0,0,0,0,0,0,0,0,0,0,0
1282,1190,Fantasia (1940),1940.0,943,3.904559915164369,0.2592592592592595,0.27487598482637876,0.7261399787910923,0,0,1,1,0,0,0,0,0,0,0,1,0,0,0,0,0,0
1283,1191,High Noon (1952),1952.0,403,4.1786600496277915,0.40740740740740833,0.1173037642252699,0.7946650124069479,0,0,0,0,0,0,0,0,0,0,0,0,0,0,0,0,0,1
1284,1192,"Big Sleep, The (1946)",1946.0,541,4.312384473197782,0.33333333333333215,0.15757222060110884,0.8280961182994455,0,0,0,0,0,0,0,0,0,1,0,0,1,0,0,0,0,0
1285,1193,Heathers (1989),1989.0,803,3.8156911581569117,0.864197530864196,0.2340239276334987,0.7039227895392279,0,0,0,0,1,0,0,0,0,0,0,0,0,0,0,0,0,0
1286,1194,Somewhere in Time (1980),1980.0,285,3.585964912280702,0.7530864197530853,0.08287131601984242,0.6464912280701754,0,0,0,0,0,0,0,1,0,0,0,0,0,1,0,0,0,0
1287,1195,Ben-Hur (1959),1959.0,704,4.110795454545454,0.4938271604938258,0.20513568718996206,0.7776988636363635,1,1,0,0,0,0,0,1,0,0,0,0,0,0,0,0,0,0
1288,1196,This Is Spinal Tap (1984),1984.0,1118,4.179785330948121,0.8024691358024683,0.32594105631747883,0.7949463327370303,0,0,0,0,1,0,0,1,0,0,0,1,0,0,0,0,0,0
1289,1197,Koyaanisqatsi (1983),1983.0,182,3.9725274725274726,0.7901234567901234,0.052815873942223514,0.7431318681318682,0,0,0,0,0,0,1,0,0,0,0,0,0,0,0,0,1,0
1290,1198,Some Kind of Wonderful (1987),1987.0,230,3.591304347826087,0.8395061728395063,0.06682229355121097,0.6478260869565218,0,0,0,0,0,0,0,1,0,0,0,0,0,1,0,0,0,0
1291,1199,Indiana Jones and the Last Crusade (1989),1989.0,1628,4.133292383292384,0.864197530864196,0.4747592646629705,0.7833230958230959,1,1,0,0,0,0,0,0,0,0,0,0,0,0,0,0,0,0
1292,1200,Being There (1979),1979.0,591,4.013536379018612,0.7407407407407405,0.17216224102713742,0.7533840947546531,0,0,0,0,1,0,0,0,0,0,0,0,0,0,0,0,0,0
1293,1201,Gandhi (1982),1982.0,671,4.141579731743666,0.7777777777777786,0.19550627370878318,0.7853949329359164,0,0,0,0,0,0,0,1,0,0,0,0,0,0,0,0,0,0
1294,1202,M*A*S*H (1970),1970.0,1099,4.124658780709736,0.6296296296296298,0.320396848555588,0.781164695177434,0,0,0,0,1,0,0,0,0,0,0,0,0,0,0,0,1,0
1295,1203,"Unbearable Lightness of Being, The (1988)",1988.0,266,3.5676691729323307,0.8518518518518512,0.07732710825795155,0.6419172932330827,0,0,0,0,0,0,0,1,0,0,0,0,0,0,0,0,0,0
1296,1204,"Room with a View, A (1986)",1986.0,560,3.9964285714285714,0.827160493827158,0.16311642836299972,0.7491071428571429,0,0,0,0,0,0,0,1,0,0,0,0,0,1,0,0,0,0
1297,1205,Real Genius (1985),1985.0,442,3.7081447963800906,0.8148148148148131,0.12868398015757224,0.6770361990950227,0,0,0,0,1,0,0,0,0,0,0,0,0,0,0,0,0,0
1298,1206,Pink Floyd - The Wall (1982),1982.0,387,3.640826873385013,0.7777777777777786,0.11263495768894076,0.6602067183462532,0,0,0,0,0,0,0,1,0,0,0,1,0,0,0,0,1,0
1299,1207,"Killing Fields, The (1984)",1984.0,732,4.248633879781421,0.8024691358024683,0.21330609862853808,0.8121584699453552,0,0,0,0,0,0,0,1,0,0,0,0,0,0,0,0,1,0
1300,1208,My Life as a Dog (Mitt liv som hund) (1985),1985.0,330,4.1454545454545455,0.8148148148148131,0.09600233440326815,0.7863636363636364,0,0,0,0,0,0,0,1,0,0,0,0,0,0,0,0,0,0
1301,1209,Forbidden Planet (1956),1956.0,373,3.9758713136729225,0.4567901234567877,0.10854975196965275,0.7439678284182306,0,0,0,0,0,0,0,0,0,0,0,0,0,0,1,0,0,0
1302,1210,Field of Dreams (1989),1989.0,768,3.9114583333333335,0.864197530864196,0.22381091333527867,0.7278645833333334,0,0,0,0,0,0,0,1,0,0,0,0,0,0,0,0,0,0
1303,1211,"Man Who Would Be King, The (1975)",1975.0,310,4.129032258064516,0.6913580246913575,0.09016632623285672,0.782258064516129,0,1,0,0,0,0,0,0,0,0,0,0,0,0,0,0,0,0
1304,1212,Butch Cassidy and the Sundance Kid (1969),1969.0,1419,4.215644820295983,0.6172839506172814,0.413772979282171,0.8039112050739958,1,0,0,0,1,0,0,0,0,0,0,0,0,0,0,0,0,1
1305,1213,"Paris, Texas (1984)",1984.0,121,3.793388429752066,0.8024691358024683,0.035016049022468625,0.6983471074380165,0,0,0,0,0,0,0,1,0,0,0,0,0,0,0,0,0,0
1306,1214,Until the End of the World (Bis ans Ende der Welt) (1991),1991.0,136,3.6029411764705883,0.8888888888888893,0.039393055150277204,0.6507352941176471,0,0,0,0,0,0,0,1,0,0,0,0,0,0,1,0,0,0
1307,1215,When Harry Met Sally... (1989),1989.0,1568,4.073341836734694,0.864197530864196,0.4572512401517362,0.7683354591836735,0,0,0,0,1,0,0,0,0,0,0,0,0,1,0,0,0,0
1310,1216,Hype! (1996),1996.0,43,3.558139534883721,0.9506172839506171,0.01225561715786402,0.6395348837209303,0,0,0,0,0,0,1,0,0,0,0,0,0,0,0,0,0,0
1311,1217,Santa with Muscles (1996),1996.0,7,1.0,0.9506172839506171,0.0017508024511234312,0.0,0,0,0,0,1,0,0,0,0,0,0,0,0,0,0,0,0,0
1312,1218,Female Perversions (1996),1996.0,29,3.2413793103448274,0.9506172839506171,0.008170411438576013,0.5603448275862069,0,0,0,0,0,0,0,1,0,0,0,0,0,0,0,0,0,0
1313,1219,Mad Dog Time (1996),1996.0,13,2.1538461538461537,0.9506172839506171,0.003501604902246863,0.28846153846153844,0,0,0,0,0,1,0,0,0,0,0,0,0,0,0,0,0,0
1315,1220,Paris Was a Woman (1995),1995.0,3,2.3333333333333335,0.9382716049382722,0.0005836008170411438,0.33333333333333337,0,0,0,0,0,0,1,0,0,0,0,0,0,0,0,0,0,0
1316,1221,Anna (1996),1996.0,1,4.0,0.9506172839506171,0.0,0.75,0,0,0,0,0,0,0,1,0,0,0,0,0,0,0,0,0,0
1317,1222,I'm Not Rappaport (1996),1996.0,40,3.175,0.9506172839506171,0.011380215932302306,0.54375,0,0,0,0,1,0,0,0,0,0,0,0,0,0,0,0,0,0
1320,1223,Alien³ (1992),1992.0,925,3.037837837837838,0.9012345679012341,0.26962357747300847,0.5094594594594595,1,0,0,0,0,0,0,0,0,0,1,0,0,0,1,1,0,0
1321,1224,"American Werewolf in London, An (1981)",1981.0,549,3.7522768670309654,0.7654320987654302,0.15990662386927343,0.6880692167577414,0,0,0,0,0,0,0,0,0,0,1,0,0,0,0,0,0,0
1322,1225,Amityville 1992: It's About Time (1992),1992.0,32,1.71875,0.9012345679012341,0.00904581266413773,0.1796875,0,0,0,0,0,0,0,0,0,0,1,0,0,0,0,0,0,0
1323,1226,Amityville 3-D (1983),1983.0,43,1.372093023255814,0.7901234567901234,0.01225561715786402,0.09302325581395349,0,0,0,0,0,0,0,0,0,0,1,0,0,0,0,0,0,0
1324,1227,Amityville: Dollhouse (1996),1996.0,22,1.6818181818181819,0.9506172839506171,0.00612780857893201,0.17045454545454547,0,0,0,0,0,0,0,0,0,0,1,0,0,0,0,0,0,0
1325,1228,Amityville: A New Generation (1993),1993.0,23,1.6521739130434783,0.913580246913579,0.006419608987452583,0.16304347826086957,0,0,0,0,0,0,0,0,0,0,1,0,0,0,0,0,0,0
1326,1229,Amityville II: The Possession (1982),1982.0,56,2.107142857142857,0.7777777777777786,0.016049022468631453,0.2767857142857143,0,0,0,0,0,0,0,0,0,0,1,0,0,0,0,0,0,0
1327,1230,"Amityville Horror, The (1979)",1979.0,355,2.9380281690140846,0.7407407407407405,0.10329734461628245,0.48450704225352115,0,0,0,0,0,0,0,0,0,0,1,0,0,0,0,0,0,0
1328,1231,"Amityville Curse, The (1990)",1990.0,25,1.84,0.8765432098765409,0.007003209804493726,0.21000000000000002,0,0,0,0,0,0,0,0,0,0,1,0,0,0,0,0,0,0
1329,1232,Blood For Dracula (Andy Warhol's Dracula) (1974),1974.0,36,2.6666666666666665,0.6790123456790127,0.010213014298220018,0.41666666666666663,0,0,0,0,0,0,0,0,0,0,1,0,0,0,0,0,0,0
1330,1233,April Fool's Day (1986),1986.0,116,3.0,0.827160493827158,0.033557046979865765,0.5,0,0,0,0,1,0,0,0,0,0,1,0,0,0,0,0,0,0
1331,1234,Audrey Rose (1977),1977.0,50,3.18,0.7160493827160472,0.014298220017508023,0.545,0,0,0,0,0,0,0,0,0,0,1,0,0,0,0,0,0,0
1332,1235,"Believers, The (1987)",1987.0,102,2.911764705882353,0.8395061728395063,0.029471841260577763,0.4779411764705882,0,0,0,0,0,0,0,0,0,0,1,0,0,0,0,1,0,0
1333,1236,"Birds, The (1963)",1963.0,733,3.882673942701228,0.5432098765432087,0.21359789903705864,0.720668485675307,0,0,0,0,0,0,0,0,0,0,1,0,0,0,0,0,0,0
1334,1237,"Blob, The (1958)",1958.0,338,3.136094674556213,0.48148148148148096,0.09833673767143274,0.5340236686390533,0,0,0,0,0,0,0,0,0,0,1,0,0,0,1,0,0,0
1335,1238,Blood Beach (1981),1981.0,21,1.7142857142857142,0.7654320987654302,0.005836008170411439,0.17857142857142855,1,0,0,0,0,0,0,0,0,0,1,0,0,0,0,0,0,0
1336,1239,Body Parts (1991),1991.0,55,2.2363636363636363,0.8888888888888893,0.015757222060110883,0.3090909090909091,0,0,0,0,0,0,0,0,0,0,1,0,0,0,0,0,0,0
1337,1240,"Body Snatcher, The (1945)",1945.0,64,3.5625,0.3209876543209873,0.01838342573679603,0.640625,0,0,0,0,0,0,0,0,0,0,1,0,0,0,0,0,0,0
1339,1241,Bram Stoker's Dracula (1992),1992.0,672,3.34375,0.9012345679012341,0.19579807411730377,0.5859375,0,0,0,0,0,0,0,0,0,0,1,0,0,1,0,0,0,0
1340,1242,Bride of Frankenstein (1935),1935.0,216,3.912037037037037,0.19753086419753174,0.06273708783192296,0.7280092592592593,0,0,0,0,0,0,0,0,0,0,1,0,0,0,0,0,0,0
1341,1243,Burnt Offerings (1976),1976.0,53,2.849056603773585,0.7037037037037024,0.01517362124306974,0.46226415094339623,0,0,0,0,0,0,0,0,0,0,1,0,0,0,0,0,0,0
1342,1244,Candyman (1992),1992.0,262,2.904580152671756,0.9012345679012341,0.07615990662386926,0.47614503816793896,0,0,0,0,0,0,0,0,0,0,1,0,0,0,0,0,0,0
1343,1245,Cape Fear (1991),1991.0,687,3.671033478893741,0.8888888888888893,0.20017508024511235,0.6677583697234353,0,0,0,0,0,0,0,0,0,0,0,0,0,0,0,1,0,0
1344,1246,Cape Fear (1962),1962.0,361,3.9224376731301938,0.5308641975308639,0.10504814706740588,0.7306094182825484,0,0,0,0,0,0,0,0,0,1,0,0,0,0,0,1,0,0
1345,1247,Carrie (1976),1976.0,567,3.6049382716049383,0.7037037037037024,0.16515903122264372,0.6512345679012346,0,0,0,0,0,0,0,0,0,0,1,0,0,0,0,0,0,0
1346,1248,Cat People (1982),1982.0,174,3.1839080459770117,0.7777777777777786,0.05048147067405894,0.5459770114942529,0,0,0,0,0,0,0,0,0,0,1,0,0,0,0,0,0,0
1347,1249,"Nightmare on Elm Street, A (1984)",1984.0,451,3.4855875831485585,0.8024691358024683,0.13131018383425738,0.6213968957871396,0,0,0,0,0,0,0,0,0,0,1,0,0,0,0,0,0,0
1348,1250,"Nosferatu (Nosferatu, eine Symphonie des Grauens) (1922)",1922.0,238,3.991596638655462,0.03703703703703454,0.06915669681937554,0.7478991596638656,0,0,0,0,0,0,0,0,0,0,1,0,0,0,0,0,0,0
1349,1251,Nosferatu a Venezia (1986),1986.0,14,3.0714285714285716,0.827160493827158,0.0037934053107674345,0.5178571428571429,0,0,0,0,0,0,0,0,0,0,1,0,0,0,0,0,0,0
1350,1252,"Omen, The (1976)",1976.0,409,3.6234718826405867,0.7037037037037024,0.11905456667639333,0.6558679706601467,0,0,0,0,0,0,0,0,0,0,1,0,0,0,0,0,0,0
1351,1253,Blood & Wine (1997),1997.0,35,3.4,0.9629629629629619,0.009921213889699446,0.6,0,0,0,0,0,0,0,1,0,0,0,0,0,0,0,0,0,0
1352,1254,Albino Alligator (1996),1996.0,94,2.851063829787234,0.9506172839506171,0.027137437992413187,0.4627659574468085,0,0,0,0,0,1,0,0,0,0,0,0,0,0,0,1,0,0
1353,1255,"Mirror Has Two Faces, The (1996)",1996.0,188,3.0851063829787235,0.9506172839506171,0.05456667639334695,0.5212765957446809,0,0,0,0,1,0,0,0,0,0,0,0,0,1,0,0,0,0
1354,1256,Breaking the Waves (1996),1996.0,267,3.8239700374531833,0.9506172839506171,0.07761890866647213,0.7059925093632958,0,0,0,0,0,0,0,1,0,0,0,0,0,0,0,0,0,0
1355,1257,Nightwatch (1997),1997.0,77,2.961038961038961,0.9629629629629619,0.022176831047563465,0.4902597402597403,0,0,0,0,0,0,0,0,0,0,1,0,0,0,0,1,0,0
1356,1258,Star Trek: First Contact (1996),1996.0,1310,3.7091603053435116,0.9506172839506171,0.3819667347534286,0.6772900763358779,1,1,0,0,0,0,0,0,0,0,0,0,0,0,1,0,0,0
1357,1259,Shine (1996),1996.0,548,3.8065693430656933,0.9506172839506171,0.15961482346075284,0.7016423357664233,0,0,0,0,0,0,0,1,0,0,0,0,0,1,0,0,0,0
1358,1260,Sling Blade (1996),1996.0,1177,4.208156329651657,0.9506172839506171,0.34315728042019256,0.8020390824129142,0,0,0,0,0,0,0,1,0,0,0,0,0,0,0,1,0,0
1359,1261,Jingle All the Way (1996),1996.0,222,2.4774774774774775,0.9506172839506171,0.06448789028304638,0.36936936936936937,0,1,0,1,1,0,0,0,0,0,0,0,0,0,0,0,0,0
1360,1262,Identification of a Woman (Identificazione di una donna) (1982),1982.0,2,3.5,0.7777777777777786,0.0002918004085205719,0.625,0,0,0,0,0,0,0,1,0,0,0,0,0,0,0,0,0,0
1361,1263,Paradise Lost: The Child Murders at Robin Hood Hills (1996),1996.0,159,4.213836477987422,0.9506172839506171,0.04610446454625036,0.8034591194968554,0,0,0,0,0,0,1,0,0,0,0,0,0,0,0,0,0,0
1362,1264,"Garden of Finzi-Contini, The (Giardino dei Finzi-Contini, Il) (1970)",1970.0,100,4.03,0.6296296296296298,0.028888240443536616,0.7575000000000001,0,0,0,0,0,0,0,1,0,0,0,0,0,0,0,0,0,0
1363,1265,"Preacher's Wife, The (1996)",1996.0,112,2.9732142857142856,0.9506172839506171,0.03238984534578348,0.4933035714285714,0,0,0,0,0,0,0,1,0,0,0,0,0,0,0,0,0,0
1364,1266,Zero Kelvin (Kjærlighetens kjøtere) (1995),1995.0,2,3.5,0.9382716049382722,0.0002918004085205719,0.625,1,0,0,0,0,0,0,0,0,0,0,0,0,0,0,0,0,0
1365,1267,Ridicule (1996),1996.0,58,3.8448275862068964,0.9506172839506171,0.016632623285672596,0.7112068965517241,0,0,0,0,0,0,0,1,0,0,0,0,0,0,0,0,0,0
1366,1268,"Crucible, The (1996)",1996.0,108,3.185185185185185,0.9506172839506171,0.031222643711701192,0.5462962962962963,0,0,0,0,0,0,0,1,0,0,0,0,0,0,0,0,0,0
1367,1269,101 Dalmatians (1996),1996.0,364,3.0467032967032965,0.9506172839506171,0.1059235482929676,0.5116758241758241,0,0,0,1,1,0,0,0,0,0,0,0,0,0,0,0,0,0
1369,1270,I Can't Sleep (J'ai pas sommeil) (1994),1994.0,5,3.8,0.9259259259259238,0.0011672016340822876,0.7,0,0,0,0,0,0,0,1,0,0,0,0,0,0,0,1,0,0
1370,1271,Die Hard 2 (1990),1990.0,1135,3.541850220264317,0.8765432098765409,0.33090166326232856,0.6354625550660793,1,0,0,0,0,0,0,0,0,0,0,0,0,0,0,1,0,0
1371,1272,Star Trek: The Motion Picture (1979),1979.0,792,3.1363636363636362,0.7407407407407405,0.2308141231397724,0.5340909090909091,1,1,0,0,0,0,0,0,0,0,0,0,0,0,1,0,0,0
1372,1273,Star Trek VI: The Undiscovered Country (1991),1991.0,1001,3.4095904095904097,0.8888888888888893,0.29180040852057193,0.6023976023976024,1,1,0,0,0,0,0,0,0,0,0,0,0,0,1,0,0,0
1373,1274,Star Trek V: The Final Frontier (1989),1989.0,613,2.7487765089722673,0.864197530864196,0.17858185001459,0.43719412724306683,1,1,0,0,0,0,0,0,0,0,0,0,0,0,1,0,0,0
1374,1275,Star Trek: The Wrath of Khan (1982),1982.0,1448,3.880524861878453,0.7777777777777786,0.42223519112926755,0.7201312154696132,1,1,0,0,0,0,0,0,0,0,0,0,0,0,1,0,0,0
1375,1276,Star Trek III: The Search for Spock (1984),1984.0,927,3.353829557713053,0.8024691358024683,0.2702071782900496,0.5884573894282632,1,1,0,0,0,0,0,0,0,0,0,0,0,0,1,0,0,0
1376,1277,Star Trek IV: The Voyage Home (1986),1986.0,1126,3.6563055062166963,0.827160493827158,0.3282754595856434,0.6640763765541741,1,1,0,0,0,0,0,0,0,0,0,0,0,0,1,0,0,0
1377,1278,Batman Returns (1992),1992.0,1031,2.9767216294859358,0.9012345679012341,0.3005544207761891,0.49418040737148394,1,1,0,0,1,1,0,0,0,0,0,0,0,0,0,0,0,0
1378,1279,Young Guns (1988),1988.0,562,3.4181494661921707,0.8518518518518512,0.16370002918004084,0.6045373665480427,1,0,0,0,1,0,0,0,0,0,0,0,0,0,0,0,0,1
1379,1280,Young Guns II (1990),1990.0,369,2.907859078590786,0.8765432098765409,0.10738255033557047,0.4769647696476965,1,0,0,0,1,0,0,0,0,0,0,0,0,0,0,0,0,1
1380,1281,Grease (1978),1978.0,817,3.5777233782129745,0.7283950617283956,0.2381091333527867,0.6444308445532436,0,0,0,0,1,0,0,0,0,0,0,1,0,1,0,0,0,0
1381,1282,Grease 2 (1982),1982.0,303,1.9636963696369636,0.7777777777777786,0.08812372337321271,0.2409240924092409,0,0,0,0,1,0,0,0,0,0,0,1,0,1,0,0,0,0
1382,1283,Marked for Death (1990),1990.0,127,2.779527559055118,0.8765432098765409,0.03676685147359206,0.4448818897637795,1,0,0,0,0,0,0,1,0,0,0,0,0,0,0,0,0,0
1383,1284,Adrenalin: Fear the Rush (1996),1996.0,11,1.5454545454545454,0.9506172839506171,0.002918004085205719,0.13636363636363635,1,0,0,0,0,0,0,0,0,0,0,0,0,0,1,0,0,0
1384,1285,"Substance of Fire, The (1996)",1996.0,6,3.8333333333333335,0.9506172839506171,0.0014590020426028597,0.7083333333333334,0,0,0,0,0,0,0,1,0,0,0,0,0,0,0,0,0,0
1385,1286,Under Siege (1992),1992.0,461,3.2689804772234274,0.9012345679012341,0.1342281879194631,0.5672451193058569,1,0,0,0,0,0,0,0,0,0,0,0,0,0,0,0,0,0
1386,1287,Terror in a Texas Town (1958),1958.0,1,1.0,0.48148148148148096,0.0,0.0,0,0,0,0,0,0,0,0,0,0,0,0,0,0,0,0,0,1
1387,1288,Jaws (1975),1975.0,1697,4.089569829110195,0.6913580246913575,0.49489349285088996,0.7723924572775487,1,0,0,0,0,0,0,0,0,0,1,0,0,0,0,0,0,0
1388,1289,Jaws 2 (1978),1978.0,370,2.5891891891891894,0.7283950617283956,0.10767435074409103,0.39729729729729735,1,0,0,0,0,0,0,0,0,0,1,0,0,0,0,0,0,0
1389,1290,Jaws 3-D (1983),1983.0,210,1.8523809523809525,0.7901234567901234,0.060986285380799525,0.21309523809523812,1,0,0,0,0,0,0,0,0,0,1,0,0,0,0,0,0,0
1390,1291,My Fellow Americans (1996),1996.0,121,3.1983471074380163,0.9506172839506171,0.035016049022468625,0.5495867768595041,0,0,0,0,1,0,0,0,0,0,0,0,0,0,0,0,0,0
1391,1292,Mars Attacks! (1996),1996.0,1074,2.9003724394785846,0.9506172839506171,0.31310183834257366,0.47509310986964615,1,0,0,0,1,0,0,0,0,0,0,0,0,0,1,0,1,0
1392,1293,Citizen Ruth (1996),1996.0,219,3.73972602739726,0.9506172839506171,0.06361248905748468,0.684931506849315,0,0,0,0,1,0,0,1,0,0,0,0,0,0,0,0,0,0
1393,1294,Jerry Maguire (1996),1996.0,1353,3.7590539541759056,0.9506172839506171,0.39451415231981324,0.6897634885439764,0,0,0,0,0,0,0,1,0,0,0,0,0,1,0,0,0,0
1394,1295,Raising Arizona (1987),1987.0,1434,4.02092050209205,0.8395061728395063,0.41814998540997955,0.7552301255230125,0,0,0,0,1,0,0,0,0,0,0,0,0,0,0,0,0,0
1395,1296,Tin Men (1987),1987.0,295,3.3254237288135595,0.8395061728395063,0.08578932010504814,0.5813559322033899,0,0,0,0,1,0,0,1,0,0,0,0,0,0,0,0,0,0
1396,1297,Sneakers (1992),1992.0,1091,3.7277726856095326,0.9012345679012341,0.3180624452874234,0.6819431714023831,0,0,0,0,0,1,0,1,0,0,0,0,0,0,1,0,0,0
1397,1298,Bastard Out of Carolina (1996),1996.0,63,3.6507936507936507,0.9506172839506171,0.018091625328275455,0.6626984126984127,0,0,0,0,0,0,0,1,0,0,0,0,0,0,0,0,0,0
1398,1299,In Love and War (1996),1996.0,63,3.1904761904761907,0.9506172839506171,0.018091625328275455,0.5476190476190477,0,0,0,0,0,0,0,0,0,0,0,0,0,1,0,0,1,0
1399,1300,Marvin's Room (1996),1996.0,104,3.201923076923077,0.9506172839506171,0.030055442077618906,0.5504807692307693,0,0,0,0,0,0,0,1,0,0,0,0,0,0,0,0,0,0
1401,1301,Ghosts of Mississippi (1996),1996.0,162,3.506172839506173,0.9506172839506171,0.046979865771812075,0.6265432098765432,0,0,0,0,0,0,0,1,0,0,0,0,0,0,0,0,0,0
1404,1302,Night Falls on Manhattan (1997),1997.0,76,3.1447368421052633,0.9629629629629619,0.02188503063904289,0.5361842105263158,0,0,0,0,0,1,0,1,0,0,0,0,0,0,0,0,0,0
1405,1303,Beavis and Butt-head Do America (1996),1996.0,475,3.04,0.9506172839506171,0.1383133936387511,0.51,0,0,1,0,1,0,0,0,0,0,0,0,0,0,0,0,0,0
1406,1304,"Cérémonie, La (1995)",1995.0,24,3.4583333333333335,0.9382716049382722,0.006711409395973154,0.6145833333333334,0,0,0,0,0,0,0,1,0,0,0,0,0,0,0,0,0,0
1407,1305,Scream (1996),1996.0,886,3.5756207674943568,0.9506172839506171,0.25824336154070615,0.6439051918735892,0,0,0,0,0,0,0,0,0,0,1,0,0,0,0,1,0,0
1408,1306,"Last of the Mohicans, The (1992)",1992.0,975,3.8133333333333335,0.9012345679012341,0.28421359789903705,0.7033333333333334,1,0,0,0,0,0,0,0,0,0,0,0,0,1,0,0,1,0
1409,1307,Michael (1996),1996.0,392,3.0535714285714284,0.9506172839506171,0.11409395973154361,0.5133928571428571,0,0,0,0,1,0,0,0,0,0,0,0,0,1,0,0,0,0
1410,1308,"Evening Star, The (1996)",1996.0,90,2.8666666666666667,0.9506172839506171,0.025970236358330897,0.4666666666666667,0,0,0,0,1,0,0,1,0,0,0,0,0,0,0,0,0,0
1411,1309,Hamlet (1996),1996.0,382,3.9581151832460733,0.9506172839506171,0.11117595564633789,0.7395287958115183,0,0,0,0,0,0,0,1,0,0,0,0,0,0,0,0,0,0
1412,1310,Some Mother's Son (1996),1996.0,20,3.9,0.9506172839506171,0.005544207761890867,0.725,0,0,0,0,0,0,0,1,0,0,0,0,0,0,0,0,0,0
1413,1311,"Whole Wide World, The (1996)",1996.0,50,3.38,0.9506172839506171,0.014298220017508023,0.595,0,0,0,0,0,0,0,1,0,0,0,0,0,0,0,0,0,0
1414,1312,Mother (1996),1996.0,168,3.5952380952380953,0.9506172839506171,0.04873066822293551,0.6488095238095238,0,0,0,0,1,0,0,0,0,0,0,0,0,0,0,0,0,0
1415,1313,"Thieves (Voleurs, Les) (1996)",1996.0,36,3.5555555555555554,0.9506172839506171,0.010213014298220018,0.6388888888888888,0,0,0,0,0,1,0,1,0,0,0,0,0,1,0,0,0,0
1416,1314,Evita (1996),1996.0,282,3.25531914893617,0.9506172839506171,0.0819959147942807,0.5638297872340425,0,0,0,0,0,0,0,1,0,0,0,1,0,0,0,0,0,0
1417,1315,"Portrait of a Lady, The (1996)",1996.0,43,2.7674418604651163,0.9506172839506171,0.01225561715786402,0.4418604651162791,0,0,0,0,0,0,0,1,0,0,0,0,0,0,0,0,0,0
1419,1316,Walkabout (1971),1971.0,136,3.963235294117647,0.6419753086419746,0.039393055150277204,0.7408088235294118,0,0,0,0,0,0,0,1,0,0,0,0,0,0,0,0,0,0
1420,1317,Message to Love: The Isle of Wight Festival (1996),1996.0,7,4.0,0.9506172839506171,0.0017508024511234312,0.75,0,0,0,0,0,0,1,0,0,0,0,0,0,0,0,0,0,0
1421,1318,Grateful Dead (1995),1995.0,22,3.0454545454545454,0.9382716049382722,0.00612780857893201,0.5113636363636364,0,0,0,0,0,0,1,0,0,0,0,0,0,0,0,0,0,0
1422,1319,Murder at 1600 (1997),1997.0,281,3.0249110320284696,0.9629629629629619,0.08170411438576013,0.5062277580071174,0,0,0,0,0,0,0,0,0,0,0,0,1,0,0,1,0,0
1423,1320,Hearts and Minds (1996),1996.0,14,4.357142857142857,0.9506172839506171,0.0037934053107674345,0.8392857142857142,0,0,0,0,0,0,0,1,0,0,0,0,0,0,0,0,0,0
1425,1321,Fierce Creatures (1997),1997.0,168,3.2916666666666665,0.9629629629629619,0.04873066822293551,0.5729166666666666,0,0,0,0,1,0,0,0,0,0,0,0,0,0,0,0,0,0
1426,1322,Zeus and Roxanne (1997),1997.0,23,2.5217391304347827,0.9629629629629619,0.006419608987452583,0.3804347826086957,0,0,0,1,0,0,0,0,0,0,0,0,0,0,0,0,0,0
1427,1323,Turbulence (1997),1997.0,51,2.2941176470588234,0.9629629629629619,0.014590020426028597,0.32352941176470584,0,0,0,0,0,0,0,0,0,0,0,0,0,0,0,1,0,0
1428,1324,Angel Baby (1995),1995.0,52,3.25,0.9382716049382722,0.014881820834549168,0.5625,0,0,0,0,0,0,0,1,0,0,0,0,0,0,0,0,0,0
1429,1325,Jackie Chan's First Strike (1996),1996.0,297,3.3063973063973062,0.9506172839506171,0.08637292092208929,0.5765993265993266,1,0,0,0,0,0,0,0,0,0,0,0,0,0,0,0,0,0
1430,1326,Underworld (1997),1997.0,1,1.0,0.9629629629629619,0.0,0.0,0,0,0,0,0,0,0,0,0,0,0,0,0,0,0,1,0,0
1431,1327,Beverly Hills Ninja (1997),1997.0,232,2.5474137931034484,0.9629629629629619,0.0674058943682521,0.3868534482758621,1,0,0,0,1,0,0,0,0,0,0,0,0,0,0,0,0,0
1432,1328,Metro (1997),1997.0,100,2.77,0.9629629629629619,0.028888240443536616,0.4425,1,0,0,0,0,0,0,0,0,0,0,0,0,0,0,0,0,0
1433,1329,"Machine, The (1994)",1994.0,5,1.8,0.9259259259259238,0.0011672016340822876,0.2,0,0,0,0,1,0,0,0,0,0,1,0,0,0,0,0,0,0
1434,1330,"Stranger, The (1994)",1994.0,2,4.0,0.9259259259259238,0.0002918004085205719,0.75,1,0,0,0,0,0,0,0,0,0,0,0,0,0,0,0,0,0
1436,1331,Falling in Love Again (1980),1980.0,9,2.888888888888889,0.7530864197530853,0.0023344032681645753,0.4722222222222222,0,0,0,0,1,0,0,0,0,0,0,0,0,0,0,0,0,0
1437,1332,"Cement Garden, The (1993)",1993.0,21,3.0952380952380953,0.913580246913579,0.005836008170411439,0.5238095238095238,0,0,0,0,0,0,0,1,0,0,0,0,0,0,0,0,0,0
1438,1333,Dante's Peak (1997),1997.0,321,2.8161993769470404,0.9629629629629619,0.093376130726583,0.4540498442367601,1,0,0,0,0,0,0,0,0,0,0,0,0,0,0,1,0,0
1439,1334,Meet Wally Sparks (1997),1997.0,46,2.347826086956522,0.9629629629629619,0.013131018383425737,0.3369565217391305,0,0,0,0,1,0,0,0,0,0,0,0,0,0,0,0,0,0
1440,1335,Amos & Andrew (1993),1993.0,81,2.765432098765432,0.913580246913579,0.02334403268164575,0.441358024691358,0,0,0,0,1,0,0,0,0,0,0,0,0,0,0,0,0,0
1441,1336,Benny & Joon (1993),1993.0,481,3.444906444906445,0.913580246913579,0.14006419608987453,0.6112266112266113,0,0,0,0,1,0,0,0,0,0,0,0,0,1,0,0,0,0
1442,1337,Prefontaine (1997),1997.0,71,3.0985915492957745,0.9629629629629619,0.02042602859644003,0.5246478873239436,0,0,0,0,0,0,0,1,0,0,0,0,0,0,0,0,0,0
1444,1338,Guantanamera (1994),1994.0,8,3.375,0.9259259259259238,0.0020426028596440032,0.59375,0,0,0,0,1,0,0,0,0,0,0,0,0,0,0,0,0,0
1445,1339,McHale's Navy (1997),1997.0,156,2.173076923076923,0.9629629629629619,0.04522906332068864,0.2932692307692307,0,0,0,0,1,0,0,0,0,0,0,0,0,0,0,0,1,0
1446,1340,Kolya (1996),1996.0,189,4.052910052910053,0.9506172839506171,0.05485847680186752,0.7632275132275133,0,0,0,0,1,0,0,0,0,0,0,0,0,0,0,0,0,0
1447,1341,Gridlock'd (1997),1997.0,49,3.36734693877551,0.9629629629629619,0.014006419608987452,0.5918367346938775,0,0,0,0,0,1,0,0,0,0,0,0,0,0,0,0,0,0
1449,1342,Waiting for Guffman (1996),1996.0,462,4.147186147186147,0.9506172839506171,0.13451998832798368,0.7867965367965368,0,0,0,0,1,0,0,0,0,0,0,0,0,0,0,0,0,0
1450,1343,Prisoner of the Mountains (Kavkazsky Plennik) (1996),1996.0,14,3.7857142857142856,0.9506172839506171,0.0037934053107674345,0.6964285714285714,0,0,0,0,0,0,0,0,0,0,0,0,0,0,0,0,1,0
1453,1344,"Beautician and the Beast, The (1997)",1997.0,148,2.4324324324324325,0.9629629629629619,0.04289466005252407,0.3581081081081081,0,0,0,0,1,0,0,0,0,0,0,0,0,1,0,0,0,0
1454,1345,SubUrbia (1997),1997.0,82,3.158536585365854,0.9629629629629619,0.023635833090166324,0.5396341463414634,0,0,0,0,1,0,0,0,0,0,0,0,0,0,0,0,0,0
1455,1346,Hotel de Love (1996),1996.0,22,2.772727272727273,0.9506172839506171,0.00612780857893201,0.44318181818181823,0,0,0,0,1,0,0,0,0,0,0,0,0,1,0,0,0,0
1456,1347,"Pest, The (1997)",1997.0,64,2.359375,0.9629629629629619,0.01838342573679603,0.33984375,0,0,0,0,1,0,0,0,0,0,0,0,0,0,0,0,0,0
1457,1348,Fools Rush In (1997),1997.0,266,3.1090225563909772,0.9629629629629619,0.07732710825795155,0.5272556390977443,0,0,0,0,1,0,0,0,0,0,0,0,0,1,0,0,0,0
1458,1349,Touch (1997),1997.0,24,2.8333333333333335,0.9629629629629619,0.006711409395973154,0.45833333333333337,0,0,0,0,0,0,0,0,0,0,0,0,0,1,0,0,0,0
1459,1350,Absolute Power (1997),1997.0,380,3.357894736842105,0.9629629629629619,0.11059235482929675,0.5894736842105263,0,0,0,0,0,0,0,0,0,0,0,0,1,0,0,1,0,0
1460,1351,That Darn Cat! (1997),1997.0,94,2.6808510638297873,0.9629629629629619,0.027137437992413187,0.42021276595744683,0,0,0,1,1,0,0,0,0,0,0,0,1,0,0,0,0,0
1461,1352,Vegas Vacation (1997),1997.0,216,2.574074074074074,0.9629629629629619,0.06273708783192296,0.3935185185185185,0,0,0,0,1,0,0,0,0,0,0,0,0,0,0,0,0,0
1463,1353,That Old Feeling (1997),1997.0,34,3.0294117647058822,0.9629629629629619,0.009629413481178873,0.5073529411764706,0,0,0,0,1,0,0,0,0,0,0,0,0,1,0,0,0,0
1464,1354,Lost Highway (1997),1997.0,145,3.3517241379310345,0.9629629629629619,0.04201925882696236,0.5879310344827586,0,0,0,0,0,0,0,0,0,0,0,0,1,0,0,0,0,0
1465,1355,Rosewood (1997),1997.0,126,3.492063492063492,0.9629629629629619,0.036475051065071484,0.623015873015873,0,0,0,0,0,0,0,1,0,0,0,0,0,0,0,0,0,0
1466,1356,Donnie Brasco (1997),1997.0,719,3.7955493741307373,0.9629629629629619,0.20951269331777064,0.6988873435326843,0,0,0,0,0,1,0,1,0,0,0,0,0,0,0,0,0,0
1468,1357,Booty Call (1997),1997.0,144,2.5625,0.9629629629629619,0.04172745841844178,0.390625,0,0,0,0,1,0,0,0,0,0,0,0,0,1,0,0,0,0
1470,1358,Rhyme & Reason (1997),1997.0,1,4.0,0.9629629629629619,0.0,0.75,0,0,0,0,0,0,1,0,0,0,0,0,0,0,0,0,0,0
1471,1359,Boys Life 2 (1997),1997.0,5,3.4,0.9629629629629619,0.0011672016340822876,0.6,0,0,0,0,0,0,0,1,0,0,0,0,0,0,0,0,0,0
1472,1360,City of Industry (1997),1997.0,48,3.25,0.9629629629629619,0.01371461920046688,0.5625,0,0,0,0,0,1,0,0,0,0,0,0,0,0,0,1,0,0
1473,1361,Best Men (1997),1997.0,40,2.825,0.9629629629629619,0.011380215932302306,0.45625000000000004,1,0,0,0,1,1,0,1,0,0,0,0,0,0,0,0,0,0
1474,1362,Jungle2Jungle (a.k.a. Jungle 2 Jungle) (1997),1997.0,146,2.335616438356164,0.9629629629629619,0.04231105923548292,0.33390410958904104,0,0,0,1,1,0,0,0,0,0,0,0,0,0,0,0,0,0
1475,1363,Kama Sutra: A Tale of Love (1996),1996.0,81,3.1481481481481484,0.9506172839506171,0.02334403268164575,0.5370370370370371,0,0,0,0,0,0,0,0,0,0,0,0,0,1,0,0,0,0
1476,1364,Private Parts (1997),1997.0,499,3.4869739478957915,0.9629629629629619,0.14531660344324482,0.6217434869739479,0,0,0,0,1,0,0,1,0,0,0,0,0,0,0,0,0,0
1477,1365,Love Jones (1997),1997.0,27,3.4444444444444446,0.9629629629629619,0.00758681062153487,0.6111111111111112,0,0,0,0,0,0,0,0,0,0,0,0,0,1,0,0,0,0
1479,1366,"Saint, The (1997)",1997.0,563,3.197158081705151,0.9629629629629619,0.16399182958856143,0.5492895204262878,1,0,0,0,0,0,0,0,0,0,0,0,0,1,0,1,0,0
1480,1367,Smilla's Sense of Snow (1997),1997.0,265,3.279245283018868,0.9629629629629619,0.07703530784943098,0.569811320754717,1,0,0,0,0,0,0,1,0,0,0,0,0,0,0,1,0,0
1482,1368,"Van, The (1996)",1996.0,63,3.3333333333333335,0.9506172839506171,0.018091625328275455,0.5833333333333334,0,0,0,0,1,0,0,1,0,0,0,0,0,0,0,0,0,0
1483,1369,Crash (1996),1996.0,141,2.7588652482269502,0.9506172839506171,0.04085205719288006,0.43971631205673756,0,0,0,0,0,0,0,1,0,0,0,0,0,0,0,1,0,0
1484,1370,"Daytrippers, The (1996)",1996.0,124,3.7016129032258065,0.9506172839506171,0.035891450248030345,0.6754032258064516,0,0,0,0,0,0,0,0,0,0,0,0,1,0,0,0,0,0
1485,1371,Liar Liar (1997),1997.0,666,3.5,0.9629629629629619,0.19404727166618033,0.625,0,0,0,0,1,0,0,0,0,0,0,0,0,0,0,0,0,0
1486,1372,"Quiet Room, The (1996)",1996.0,7,3.142857142857143,0.9506172839506171,0.0017508024511234312,0.5357142857142857,0,0,0,0,0,0,0,1,0,0,0,0,0,0,0,0,0,0
1487,1373,Selena (1997),1997.0,162,3.067901234567901,0.9629629629629619,0.046979865771812075,0.5169753086419753,0,0,0,0,0,0,0,1,0,0,0,1,0,0,0,0,0,0
1488,1374,"Devil's Own, The (1997)",1997.0,288,2.857638888888889,0.9629629629629619,0.08374671724540414,0.4644097222222222,1,0,0,0,0,0,0,1,0,0,0,0,0,0,0,1,1,0
1489,1375,Cats Don't Dance (1997),1997.0,37,2.5675675675675675,0.9629629629629619,0.01050481470674059,0.3918918918918919,0,0,1,1,0,0,0,0,0,0,0,1,0,0,0,0,0,0
1490,1376,B*A*P*S (1997),1997.0,26,1.8076923076923077,0.9629629629629619,0.007295010213014298,0.20192307692307693,0,0,0,0,1,0,0,0,0,0,0,0,0,0,0,0,0,0
1493,1377,Love and Other Catastrophes (1996),1996.0,17,3.2941176470588234,0.9506172839506171,0.0046688065363291505,0.5735294117647058,0,0,0,0,0,0,0,0,0,0,0,0,0,1,0,0,0,0
1494,1378,"Sixth Man, The (1997)",1997.0,19,2.473684210526316,0.9629629629629619,0.005252407353370295,0.368421052631579,0,0,0,0,1,0,0,0,0,0,0,0,0,0,0,0,0,0
1495,1379,Turbo: A Power Rangers Movie (1997),1997.0,44,1.3181818181818181,0.9629629629629619,0.012547417566384592,0.07954545454545453,1,1,0,1,0,0,0,0,0,0,0,0,0,0,0,0,0,0
1496,1380,Anna Karenina (1997),1997.0,25,3.16,0.9629629629629619,0.007003209804493726,0.54,0,0,0,0,0,0,0,1,0,0,0,0,0,1,0,0,0,0
1497,1381,Double Team (1997),1997.0,48,2.0833333333333335,0.9629629629629619,0.01371461920046688,0.27083333333333337,1,0,0,0,0,0,0,0,0,0,0,0,0,0,0,0,0,0
1498,1382,Inventing the Abbotts (1997),1997.0,131,3.1374045801526718,0.9629629629629619,0.037934053107674344,0.5343511450381679,0,0,0,0,0,0,0,1,0,0,0,0,0,1,0,0,0,0
1499,1383,Anaconda (1997),1997.0,399,2.200501253132832,0.9629629629629619,0.11613656259118761,0.300125313283208,1,1,0,0,0,0,0,0,0,0,0,0,0,0,0,1,0,0
1500,1384,Grosse Pointe Blank (1997),1997.0,1136,3.813380281690141,0.9629629629629619,0.3311934636708491,0.7033450704225352,0,0,0,0,1,1,0,0,0,0,0,0,0,0,0,0,0,0
1501,1385,Keys to Tulsa (1997),1997.0,18,2.611111111111111,0.9629629629629619,0.004960606944849723,0.4027777777777778,0,0,0,0,0,1,0,0,0,0,0,0,0,0,0,0,0,0
1502,1386,Kissed (1996),1996.0,13,3.076923076923077,0.9506172839506171,0.003501604902246863,0.5192307692307693,0,0,0,0,0,0,0,0,0,0,0,0,0,1,0,0,0,0
1503,1387,8 Heads in a Duffel Bag (1997),1997.0,145,2.317241379310345,0.9629629629629619,0.04201925882696236,0.32931034482758625,0,0,0,0,1,0,0,0,0,0,0,0,0,0,0,0,0,0
1504,1388,Hollow Reed (1996),1996.0,16,3.5,0.9506172839506171,0.004377006127808579,0.625,0,0,0,0,0,0,0,1,0,0,0,0,0,0,0,0,0,0
1507,1389,Paradise Road (1997),1997.0,42,3.3333333333333335,0.9629629629629619,0.011963816749343449,0.5833333333333334,0,0,0,0,0,0,0,1,0,0,0,0,0,0,0,0,1,0
1508,1390,Traveller (1997),1997.0,36,3.3055555555555554,0.9629629629629619,0.010213014298220018,0.5763888888888888,0,0,0,0,0,0,0,1,0,0,0,0,0,0,0,0,0,0
1509,1391,All Over Me (1997),1997.0,21,3.6666666666666665,0.9629629629629619,0.005836008170411439,0.6666666666666666,0,0,0,0,0,0,0,1,0,0,0,0,0,0,0,0,0,0
1510,1392,"Brother's Kiss, A (1997)",1997.0,2,2.5,0.9629629629629619,0.0002918004085205719,0.375,0,0,0,0,0,0,0,1,0,0,0,0,0,0,0,0,0,0
1511,1393,A Chef in Love (1996),1996.0,24,3.5833333333333335,0.9506172839506171,0.006711409395973154,0.6458333333333334,0,0,0,0,1,0,0,0,0,0,0,0,0,0,0,0,0,0
1513,1394,Romy and Michele's High School Reunion (1997),1997.0,755,3.0463576158940397,0.9629629629629619,0.22001750802451123,0.5115894039735099,0,0,0,0,1,0,0,0,0,0,0,0,0,0,0,0,0,0
1514,1395,Temptress Moon (Feng Yue) (1996),1996.0,7,2.7142857142857144,0.9506172839506171,0.0017508024511234312,0.4285714285714286,0,0,0,0,0,0,0,0,0,0,0,0,0,1,0,0,0,0
1515,1396,Volcano (1997),1997.0,181,2.5580110497237567,0.9629629629629619,0.05252407353370294,0.3895027624309392,0,0,0,0,0,0,0,1,0,0,0,0,0,0,0,1,0,0
1516,1397,Children of the Revolution (1996),1996.0,52,3.6538461538461537,0.9506172839506171,0.014881820834549168,0.6634615384615384,0,0,0,0,1,0,0,0,0,0,0,0,0,0,0,0,0,0
1517,1398,Austin Powers: International Man of Mystery (1997),1997.0,1205,3.7103734439834026,0.9629629629629619,0.3513276918587686,0.6775933609958507,0,0,0,0,1,0,0,0,0,0,0,0,0,0,0,0,0,0
1518,1399,Breakdown (1997),1997.0,354,3.42090395480226,0.9629629629629619,0.10300554420776188,0.605225988700565,1,0,0,0,0,0,0,0,0,0,0,0,0,0,0,1,0,0
1519,1400,Broken English (1996),1996.0,6,3.3333333333333335,0.9506172839506171,0.0014590020426028597,0.5833333333333334,0,0,0,0,0,0,0,1,0,0,0,0,0,0,0,0,0,0
1520,1401,Commandments (1997),1997.0,15,2.466666666666667,0.9629629629629619,0.004085205719288007,0.3666666666666667,0,0,0,0,0,0,0,0,0,0,0,0,0,1,0,0,0,0
1522,1402,Ripe (1996),1996.0,7,2.4285714285714284,0.9506172839506171,0.0017508024511234312,0.3571428571428571,0,0,0,0,0,0,0,1,0,0,0,0,0,0,0,0,0,0
1523,1403,"Truth or Consequences, N.M. (1997)",1997.0,57,2.6315789473684212,0.9629629629629619,0.016340822877152026,0.4078947368421053,1,0,0,0,0,1,0,0,0,0,0,0,0,1,0,0,0,0
1525,1404,Warriors of Virtue (1997),1997.0,44,2.090909090909091,0.9629629629629619,0.012547417566384592,0.2727272727272727,1,1,0,1,0,0,0,0,1,0,0,0,0,0,0,0,0,0
1526,1405,Fathers' Day (1997),1997.0,88,2.465909090909091,0.9629629629629619,0.025386635541289754,0.3664772727272727,0,0,0,0,1,0,0,0,0,0,0,0,0,0,0,0,0,0
1527,1406,"Fifth Element, The (1997)",1997.0,1377,3.6405228758169934,0.9629629629629619,0.40151736212430694,0.6601307189542484,1,0,0,0,0,0,0,0,0,0,0,0,0,0,1,0,0,0
1528,1407,Intimate Relations (1996),1996.0,2,2.0,0.9506172839506171,0.0002918004085205719,0.25,0,0,0,0,1,0,0,0,0,0,0,0,0,0,0,0,0,0
1529,1408,Nowhere (1997),1997.0,31,3.225806451612903,0.9629629629629619,0.008754012255617158,0.5564516129032258,0,0,0,0,0,0,0,1,0,0,0,0,0,0,0,0,0,0
1531,1409,Losing Chase (1996),1996.0,11,3.6363636363636362,0.9506172839506171,0.002918004085205719,0.6590909090909091,0,0,0,0,0,0,0,1,0,0,0,0,0,0,0,0,0,0
1532,1410,Sprung (1997),1997.0,6,2.6666666666666665,0.9629629629629619,0.0014590020426028597,0.41666666666666663,0,0,0,0,1,0,0,0,0,0,0,0,0,0,0,0,0,0
1533,1411,"Promise, The (La Promesse) (1996)",1996.0,24,3.875,0.9506172839506171,0.006711409395973154,0.71875,0,0,0,0,0,0,0,1,0,0,0,0,0,0,0,0,0,0
1534,1412,"Bonheur, Le (1965)",1965.0,6,3.6666666666666665,0.567901234567902,0.0014590020426028597,0.6666666666666666,0,0,0,0,0,0,0,1,0,0,0,0,0,0,0,0,0,0
1535,1413,Love! Valour! Compassion! (1997),1997.0,103,3.4854368932038833,0.9629629629629619,0.029763641669098333,0.6213592233009708,0,0,0,0,0,0,0,1,0,0,0,0,0,1,0,0,0,0
1537,1414,Shall We Dance? (Shall We Dansu?) (1996),1996.0,350,4.137142857142857,0.9506172839506171,0.10183834257367959,0.7842857142857143,0,0,0,0,1,0,0,0,0,0,0,0,0,0,0,0,0,0
1538,1415,"Second Jungle Book: Mowgli & Baloo, The (1997)",1997.0,6,1.6666666666666667,0.9629629629629619,0.0014590020426028597,0.16666666666666669,0,1,0,1,0,0,0,0,0,0,0,0,0,0,0,0,0,0
1539,1416,Twin Town (1997),1997.0,11,2.8181818181818183,0.9629629629629619,0.002918004085205719,0.4545454545454546,0,0,0,0,1,1,0,0,0,0,0,0,0,0,0,0,0,0
1541,1417,Addicted to Love (1997),1997.0,240,3.1,0.9629629629629619,0.06974029763641669,0.525,0,0,0,0,1,0,0,0,0,0,0,0,0,1,0,0,0,0
1542,1418,Brassed Off (1996),1996.0,238,3.542016806722689,0.9506172839506171,0.06915669681937554,0.6355042016806722,0,0,0,0,1,0,0,1,0,0,0,0,0,1,0,0,0,0
1543,1419,"Designated Mourner, The (1997)",1997.0,7,3.2857142857142856,0.9629629629629619,0.0017508024511234312,0.5714285714285714,0,0,0,0,0,0,0,1,0,0,0,0,0,0,0,0,0,0
1544,1420,"Lost World: Jurassic Park, The (1997)",1997.0,1255,3.036653386454183,0.9629629629629619,0.3659177122847972,0.5091633466135458,1,1,0,0,0,0,0,0,0,0,0,0,0,0,1,1,0,0
1545,1421,Ponette (1996),1996.0,73,4.068493150684931,0.9506172839506171,0.021009629413481175,0.7671232876712328,0,0,0,0,0,0,0,1,0,0,0,0,0,0,0,0,0,0
1546,1422,Schizopolis (1996),1996.0,49,3.816326530612245,0.9506172839506171,0.014006419608987452,0.7040816326530612,0,0,0,0,1,0,0,0,0,0,0,0,0,0,0,0,0,0
1547,1423,Shiloh (1997),1997.0,37,3.324324324324324,0.9629629629629619,0.01050481470674059,0.581081081081081,0,0,0,1,0,0,0,1,0,0,0,0,0,0,0,0,0,0
1548,1424,"War at Home, The (1996)",1996.0,2,2.5,0.9506172839506171,0.0002918004085205719,0.375,0,0,0,0,0,0,0,1,0,0,0,0,0,0,0,0,0,0
1549,1425,Rough Magic (1995),1995.0,19,2.6842105263157894,0.9382716049382722,0.005252407353370295,0.42105263157894735,0,0,0,0,0,0,0,1,0,0,0,0,0,1,0,0,0,0
1550,1426,Trial and Error (1997),1997.0,71,2.704225352112676,0.9629629629629619,0.02042602859644003,0.426056338028169,0,0,0,0,1,0,0,0,0,0,0,0,0,1,0,0,0,0
1551,1427,Buddy (1997),1997.0,36,2.8333333333333335,0.9629629629629619,0.010213014298220018,0.45833333333333337,0,1,0,1,0,0,0,1,0,0,0,0,0,0,0,0,0,0
1552,1428,Con Air (1997),1997.0,954,3.2662473794549265,0.9629629629629619,0.278085789320105,0.5665618448637316,1,1,0,0,0,0,0,0,0,0,0,0,0,0,0,1,0,0
1553,1429,Late Bloomers (1996),1996.0,4,2.75,0.9506172839506171,0.0008754012255617157,0.4375,0,0,0,0,1,0,0,0,0,0,0,0,0,0,0,0,0,0
1554,1430,"Pillow Book, The (1995)",1995.0,138,3.4782608695652173,0.9382716049382722,0.03997665596731835,0.6195652173913043,0,0,0,0,0,0,0,1,0,0,0,0,0,1,0,0,0,0
1555,1431,"To Have, or Not (1995)",1995.0,2,3.0,0.9382716049382722,0.0002918004085205719,0.5,0,0,0,0,0,0,0,1,0,0,0,0,0,0,0,0,0,0
1556,1432,Speed 2: Cruise Control (1997),1997.0,367,1.8719346049046321,0.9629629629629619,0.10679894951852932,0.21798365122615804,1,0,0,0,0,0,0,0,0,0,0,0,0,1,0,1,0,0
1558,1433,Sudden Manhattan (1996),1996.0,2,1.5,0.9506172839506171,0.0002918004085205719,0.125,0,0,0,0,1,0,0,0,0,0,0,0,0,0,0,0,0,0
1561,1434,Wedding Bell Blues (1996),1996.0,4,3.25,0.9506172839506171,0.0008754012255617157,0.5625,0,0,0,0,1,0,0,0,0,0,0,0,0,0,0,0,0,0
1562,1435,Batman & Robin (1997),1997.0,606,2.257425742574257,0.9629629629629619,0.176539247154946,0.3143564356435643,1,1,0,0,0,1,0,0,0,0,0,0,0,0,0,0,0,0
1563,1436,Dream With the Fishes (1997),1997.0,40,3.6,0.9629629629629619,0.011380215932302306,0.65,0,0,0,0,0,0,0,1,0,0,0,0,0,0,0,0,0,0
1564,1437,Roseanna's Grave (For Roseanna) (1997),1997.0,36,3.8333333333333335,0.9629629629629619,0.010213014298220018,0.7083333333333334,0,0,0,0,1,0,0,0,0,0,0,0,0,1,0,0,0,0
1565,1438,Head Above Water (1996),1996.0,17,3.0,0.9506172839506171,0.0046688065363291505,0.5,0,0,0,0,1,0,0,0,0,0,0,0,0,0,0,1,0,0
1566,1439,Hercules (1997),1997.0,469,3.279317697228145,0.9629629629629619,0.13656259118762767,0.5698294243070362,0,1,1,1,1,0,0,0,0,0,0,1,0,0,0,0,0,0
1567,1440,"Last Time I Committed Suicide, The (1997)",1997.0,9,3.4444444444444446,0.9629629629629619,0.0023344032681645753,0.6111111111111112,0,0,0,0,0,0,0,1,0,0,0,0,0,0,0,0,0,0
1569,1441,My Best Friend's Wedding (1997),1997.0,820,3.428048780487805,0.9629629629629619,0.2389845345783484,0.6070121951219513,0,0,0,0,1,0,0,0,0,0,0,0,0,1,0,0,0,0
1570,1442,Tetsuo II: Body Hammer (1992),1992.0,23,3.3043478260869565,0.9012345679012341,0.006419608987452583,0.5760869565217391,0,0,0,0,0,0,0,0,0,0,0,0,0,0,1,0,0,0
1571,1443,When the Cats Away (Chacun cherche son chat) (1996),1996.0,45,3.9555555555555557,0.9506172839506171,0.012839217974905164,0.7388888888888889,0,0,0,0,1,0,0,0,0,0,0,0,0,1,0,0,0,0
1572,1444,Contempt (Le Mépris) (1963),1963.0,26,3.730769230769231,0.5432098765432087,0.007295010213014298,0.6826923076923077,0,0,0,0,0,0,0,1,0,0,0,0,0,0,0,0,0,0
1573,1445,Face/Off (1997),1997.0,1421,3.4011259676284307,0.9629629629629619,0.4143565800992121,0.6002814919071077,1,0,0,0,0,0,0,0,0,0,0,0,0,0,1,1,0,0
1574,1446,Fall (1997),1997.0,15,2.8666666666666667,0.9629629629629619,0.004085205719288007,0.4666666666666667,0,0,0,0,0,0,0,0,0,0,0,0,0,1,0,0,0,0
1575,1447,Gabbeh (1996),1996.0,14,3.142857142857143,0.9506172839506171,0.0037934053107674345,0.5357142857142857,0,0,0,0,0,0,0,1,0,0,0,0,0,0,0,0,0,0
1579,1448,For Ever Mozart (1996),1996.0,1,3.0,0.9506172839506171,0.0,0.5,0,0,0,0,0,0,0,1,0,0,0,0,0,0,0,0,0,0
1580,1449,Men in Black (1997),1997.0,2538,3.739952718676123,0.9629629629629619,0.7402976364166909,0.6849881796690307,1,1,0,0,1,0,0,0,0,0,0,0,0,0,1,0,0,0
1581,1450,Out to Sea (1997),1997.0,59,2.847457627118644,0.9629629629629619,0.01692442369419317,0.461864406779661,0,0,0,0,1,0,0,0,0,0,0,0,0,0,0,0,0,0
1582,1451,Wild America (1997),1997.0,60,3.1666666666666665,0.9629629629629619,0.017216224102713742,0.5416666666666666,0,1,0,1,0,0,0,0,0,0,0,0,0,0,0,0,0,0
1583,1452,"Simple Wish, A (1997)",1997.0,27,2.7777777777777777,0.9629629629629619,0.00758681062153487,0.4444444444444444,0,0,0,1,0,0,0,0,1,0,0,0,0,0,0,0,0,0
1584,1453,Contact (1997),1997.0,1382,3.768451519536903,0.9629629629629619,0.4029763641669098,0.6921128798842258,0,0,0,0,0,0,0,1,0,0,0,0,0,0,1,0,0,0
1585,1454,Love Serenade (1996),1996.0,28,3.2142857142857144,0.9506172839506171,0.007878611030055441,0.5535714285714286,0,0,0,0,1,0,0,0,0,0,0,0,0,0,0,0,0,0
1586,1455,G.I. Jane (1997),1997.0,557,3.0520646319569122,0.9629629629629619,0.162241027137438,0.5130161579892281,1,0,0,0,0,0,0,1,0,0,0,0,0,0,0,0,1,0
1587,1456,Conan the Barbarian (1982),1982.0,572,3.4213286713286712,0.7777777777777786,0.16661803326524657,0.6053321678321678,1,1,0,0,0,0,0,0,0,0,0,0,0,0,0,0,0,0
1588,1457,George of the Jungle (1997),1997.0,289,3.083044982698962,0.9629629629629619,0.08403851765392471,0.5207612456747405,0,0,0,1,1,0,0,0,0,0,0,0,0,0,0,0,0,0
1589,1458,Cop Land (1997),1997.0,492,3.3597560975609757,0.9629629629629619,0.14327400058360082,0.5899390243902439,0,0,0,0,0,1,0,1,0,0,0,0,1,0,0,0,0,0
1590,1459,Event Horizon (1997),1997.0,498,2.5180722891566263,0.9629629629629619,0.14502480303472426,0.37951807228915657,1,0,0,0,0,0,0,0,0,0,0,0,1,0,1,1,0,0
1591,1460,Spawn (1997),1997.0,475,2.6210526315789475,0.9629629629629619,0.1383133936387511,0.4052631578947369,1,1,0,0,0,0,0,0,0,0,0,0,0,0,1,1,0,0
1592,1461,Air Bud (1997),1997.0,112,2.4910714285714284,0.9629629629629619,0.03238984534578348,0.3727678571428571,0,0,0,1,1,0,0,0,0,0,0,0,0,0,0,0,0,0
1593,1462,Picture Perfect (1997),1997.0,162,2.8641975308641974,0.9629629629629619,0.046979865771812075,0.46604938271604934,0,0,0,0,1,0,0,0,0,0,0,0,0,1,0,0,0,0
1594,1463,In the Company of Men (1997),1997.0,307,3.778501628664495,0.9629629629629619,0.089290925007295,0.6946254071661238,0,0,0,0,0,0,0,1,0,0,0,0,0,0,0,0,0,0
1595,1464,Free Willy 3: The Rescue (1997),1997.0,65,1.7384615384615385,0.9629629629629619,0.018675226145316602,0.18461538461538463,0,1,0,1,0,0,0,1,0,0,0,0,0,0,0,0,0,0
1596,1465,Career Girls (1997),1997.0,32,3.46875,0.9629629629629619,0.00904581266413773,0.6171875,0,0,0,0,0,0,0,1,0,0,0,0,0,0,0,0,0,0
1597,1466,Conspiracy Theory (1997),1997.0,811,3.405672009864365,0.9629629629629619,0.23635833090166325,0.6014180024660912,1,0,0,0,0,0,0,0,0,0,0,0,1,1,0,1,0,0
1598,1467,Desperate Measures (1998),1998.0,111,2.7117117117117115,0.9753086419753068,0.032098044937262905,0.4279279279279279,0,0,0,0,0,1,0,1,0,0,0,0,0,0,0,1,0,0
1599,1468,Steel (1997),1997.0,67,1.6417910447761195,0.9629629629629619,0.019258826962357745,0.16044776119402987,1,0,0,0,0,0,0,0,0,0,0,0,0,0,0,0,0,0
1600,1469,She's So Lovely (1997),1997.0,84,2.869047619047619,0.9629629629629619,0.024219433907207467,0.46726190476190477,0,0,0,0,0,0,0,1,0,0,0,0,0,1,0,0,0,0
1601,1470,Hoodlum (1997),1997.0,75,2.72,0.9629629629629619,0.02159323023052232,0.43000000000000005,0,0,0,0,0,1,0,1,0,1,0,0,0,0,0,0,0,0
1602,1471,Leave It to Beaver (1997),1997.0,43,2.116279069767442,0.9629629629629619,0.01225561715786402,0.2790697674418605,0,0,0,0,1,0,0,0,0,0,0,0,0,0,0,0,0,0
1603,1472,Mimic (1997),1997.0,348,2.925287356321839,0.9629629629629619,0.10125474175663846,0.4813218390804598,0,0,0,0,0,0,0,0,0,0,0,0,0,0,1,1,0,0
1604,1473,Money Talks (1997),1997.0,65,2.753846153846154,0.9629629629629619,0.018675226145316602,0.43846153846153846,1,0,0,0,1,0,0,0,0,0,0,0,0,0,0,0,0,0
1605,1474,Excess Baggage (1997),1997.0,88,2.659090909090909,0.9629629629629619,0.025386635541289754,0.4147727272727273,0,1,0,0,0,0,0,0,0,0,0,0,0,1,0,0,0,0
1606,1475,Kull the Conqueror (1997),1997.0,109,2.3394495412844036,0.9629629629629619,0.031514444120221766,0.3348623853211009,1,1,0,0,0,0,0,0,0,0,0,0,0,0,0,0,0,0
1608,1476,Air Force One (1997),1997.0,1076,3.5882899628252787,0.9629629629629619,0.31368543915961483,0.6470724907063197,1,0,0,0,0,0,0,0,0,0,0,0,0,0,0,1,0,0
1609,1477,187 (1997),1997.0,55,2.7454545454545456,0.9629629629629619,0.015757222060110883,0.4363636363636364,0,0,0,0,0,0,0,1,0,0,0,0,0,0,0,0,0,0
1610,1478,"Hunt for Red October, The (1990)",1990.0,1652,4.052058111380146,0.8765432098765409,0.48176247446746423,0.7630145278450364,1,0,0,0,0,0,0,0,0,0,0,0,0,0,0,1,0,0
1611,1479,My Own Private Idaho (1991),1991.0,236,3.3516949152542375,0.8888888888888893,0.0685730960023344,0.5879237288135594,0,0,0,0,0,0,0,1,0,0,0,0,0,0,0,0,0,0
1612,1480,"Kiss Me, Guido (1997)",1997.0,55,3.327272727272727,0.9629629629629619,0.015757222060110883,0.5818181818181818,0,0,0,0,1,0,0,0,0,0,0,0,0,0,0,0,0,0
1613,1481,Star Maps (1997),1997.0,30,2.9,0.9629629629629619,0.008462211847096586,0.475,0,0,0,0,0,0,0,1,0,0,0,0,0,0,0,0,0,0
1614,1482,In & Out (1997),1997.0,428,3.2803738317757007,0.9629629629629619,0.12459877443828421,0.5700934579439252,0,0,0,0,1,0,0,0,0,0,0,0,0,0,0,0,0,0
1615,1483,"Edge, The (1997)",1997.0,227,3.6211453744493394,0.9629629629629619,0.06594689232564925,0.6552863436123348,0,1,0,0,0,0,0,0,0,0,0,0,0,0,0,1,0,0
1616,1484,"Peacemaker, The (1997)",1997.0,395,3.0936708860759494,0.9629629629629619,0.11496936095710533,0.5234177215189874,1,0,0,0,0,0,0,0,0,0,0,0,0,0,0,1,1,0
1617,1485,L.A. Confidential (1997),1997.0,2288,4.219405594405594,0.9629629629629619,0.6673475342865479,0.8048513986013985,0,0,0,0,0,1,0,0,0,1,0,0,1,0,0,1,0,0
1619,1486,Seven Years in Tibet (1997),1997.0,362,3.4281767955801103,0.9629629629629619,0.10533994747592645,0.6070441988950276,0,0,0,0,0,0,0,1,0,0,0,0,0,0,0,0,1,0
1620,1487,Kiss the Girls (1997),1997.0,395,3.3367088607594937,0.9629629629629619,0.11496936095710533,0.5841772151898734,0,0,0,0,0,1,0,1,0,0,0,0,0,0,0,1,0,0
1621,1488,Soul Food (1997),1997.0,85,3.2823529411764705,0.9629629629629619,0.024511234315728037,0.5705882352941176,0,0,0,0,0,0,0,1,0,0,0,0,0,0,0,0,0,0
1622,1489,Kicked in the Head (1997),1997.0,5,2.4,0.9629629629629619,0.0011672016340822876,0.35,0,0,0,0,1,0,0,1,0,0,0,0,0,0,0,0,0,0
1623,1490,Wishmaster (1997),1997.0,128,2.2109375,0.9629629629629619,0.03705865188211263,0.302734375,0,0,0,0,0,0,0,0,0,0,1,0,0,0,0,0,0,0
1624,1491,"Thousand Acres, A (1997)",1997.0,50,2.72,0.9629629629629619,0.014298220017508023,0.43000000000000005,0,0,0,0,0,0,0,1,0,0,0,0,0,0,0,0,0,0
1625,1492,"Game, The (1997)",1997.0,882,3.9138321995464853,0.9629629629629619,0.25707615990662386,0.7284580498866213,0,0,0,0,0,0,0,0,0,0,0,0,1,0,0,1,0,0
1626,1493,Fire Down Below (1997),1997.0,81,2.5185185185185186,0.9629629629629619,0.02334403268164575,0.37962962962962965,1,0,0,0,0,0,0,1,0,0,0,0,0,0,0,1,0,0
1627,1494,U Turn (1997),1997.0,250,3.076,0.9629629629629619,0.07265830172162241,0.519,1,0,0,0,0,1,0,0,0,0,0,0,1,0,0,0,0,0
1629,1495,"MatchMaker, The (1997)",1997.0,109,3.018348623853211,0.9629629629629619,0.031514444120221766,0.5045871559633027,0,0,0,0,1,0,0,0,0,0,0,0,0,1,0,0,0,0
1630,1496,"Lay of the Land, The (1997)",1997.0,1,2.0,0.9629629629629619,0.0,0.25,0,0,0,0,1,0,0,1,0,0,0,0,0,0,0,0,0,0
1631,1497,"Assignment, The (1997)",1997.0,49,3.5918367346938775,0.9629629629629619,0.014006419608987452,0.6479591836734694,0,0,0,0,0,0,0,0,0,0,0,0,0,0,0,1,0,0
1632,1498,"Smile Like Yours, A (1997)",1997.0,20,2.45,0.9629629629629619,0.005544207761890867,0.36250000000000004,0,0,0,0,1,0,0,0,0,0,0,0,0,1,0,0,0,0
1633,1499,Ulee's Gold (1997),1997.0,266,3.661654135338346,0.9629629629629619,0.07732710825795155,0.6654135338345865,0,0,0,0,0,0,0,1,0,0,0,0,0,0,0,0,0,0
1635,1500,"Ice Storm, The (1997)",1997.0,507,3.8007889546351086,0.9629629629629619,0.1476510067114094,0.7001972386587771,0,0,0,0,0,0,0,1,0,0,0,0,0,0,0,0,0,0
1636,1501,Stag (1997),1997.0,5,2.4,0.9629629629629619,0.0011672016340822876,0.35,1,0,0,0,0,0,0,0,0,0,0,0,0,0,0,1,0,0
1639,1502,Chasing Amy (1997),1997.0,966,3.7784679089026914,0.9629629629629619,0.2815873942223519,0.6946169772256728,0,0,0,0,0,0,0,1,0,0,0,0,0,1,0,0,0,0
1640,1503,How to Be a Player (1997),1997.0,84,2.5357142857142856,0.9629629629629619,0.024219433907207467,0.3839285714285714,0,0,0,0,1,0,0,0,0,0,0,0,0,0,0,0,0,0
1641,1504,"Full Monty, The (1997)",1997.0,1199,3.872393661384487,0.9629629629629619,0.34957688940764514,0.7180984153461217,0,0,0,0,1,0,0,0,0,0,0,0,0,0,0,0,0,0
1642,1505,Indian Summer (a.k.a. Alive & Kicking) (1996),1996.0,74,3.054054054054054,0.9506172839506171,0.021301429822001748,0.5135135135135135,0,0,0,0,1,0,0,1,0,0,0,0,0,0,0,0,0,0
1643,1506,"Mrs. Brown (Her Majesty, Mrs. Brown) (1997)",1997.0,265,3.8754716981132074,0.9629629629629619,0.07703530784943098,0.7188679245283018,0,0,0,0,0,0,0,1,0,0,0,0,0,1,0,0,0,0
1644,1507,I Know What You Did Last Summer (1997),1997.0,475,2.6315789473684212,0.9629629629629619,0.1383133936387511,0.4078947368421053,0,0,0,0,0,0,0,0,0,0,1,0,1,0,0,1,0,0
1645,1508,"Devil's Advocate, The (1997)",1997.0,826,3.4358353510895885,0.9629629629629619,0.24073533702947184,0.6089588377723971,0,0,0,0,0,1,0,0,0,0,1,0,1,0,0,1,0,0
1646,1509,Rocket Man (1997),1997.0,88,2.8181818181818183,0.9629629629629619,0.025386635541289754,0.4545454545454546,0,0,0,0,1,0,0,0,0,0,0,0,0,0,0,0,0,0
1647,1510,Playing God (1997),1997.0,90,2.8777777777777778,0.9629629629629619,0.025970236358330897,0.46944444444444444,0,0,0,0,0,1,0,0,0,0,0,0,0,0,0,1,0,0
1648,1511,"House of Yes, The (1997)",1997.0,194,3.4742268041237114,0.9629629629629619,0.05631747884447038,0.6185567010309279,0,0,0,0,1,0,0,1,0,0,0,0,0,0,0,1,0,0
1649,1512,"Fast, Cheap & Out of Control (1997)",1997.0,189,3.8518518518518516,0.9629629629629619,0.05485847680186752,0.7129629629629629,0,0,0,0,0,0,1,0,0,0,0,0,0,0,0,0,0,0
1650,1513,Washington Square (1997),1997.0,50,3.34,0.9629629629629619,0.014298220017508023,0.585,0,0,0,0,0,0,0,1,0,0,0,0,0,0,0,0,0,0
1651,1514,Telling Lies in America (1997),1997.0,17,2.8823529411764706,0.9629629629629619,0.0046688065363291505,0.47058823529411764,0,0,0,0,0,0,0,1,0,0,0,0,0,0,0,0,0,0
1652,1515,Year of the Horse (1997),1997.0,4,3.25,0.9629629629629619,0.0008754012255617157,0.5625,0,0,0,0,0,0,1,0,0,0,0,0,0,0,0,0,0,0
1653,1516,Gattaca (1997),1997.0,1077,3.711234911792015,0.9629629629629619,0.3139772395681354,0.6778087279480037,0,0,0,0,0,0,0,1,0,0,0,0,0,0,1,1,0,0
1654,1517,FairyTale: A True Story (1997),1997.0,87,3.310344827586207,0.9629629629629619,0.025094835132769184,0.5775862068965517,0,0,0,1,0,0,0,1,1,0,0,0,0,0,0,0,0,0
1655,1518,Phantoms (1998),1998.0,77,2.4285714285714284,0.9753086419753068,0.022176831047563465,0.3571428571428571,0,0,0,0,0,0,0,0,0,0,1,0,0,0,0,0,0,0
1656,1519,Swept from the Sea (1997),1997.0,14,3.2142857142857144,0.9629629629629619,0.0037934053107674345,0.5535714285714286,0,0,0,0,0,0,0,0,0,0,0,0,0,1,0,0,0,0
1657,1520,Wonderland (1997),1997.0,20,3.5,0.9629629629629619,0.005544207761890867,0.625,0,0,0,0,0,0,1,0,0,0,0,0,0,0,0,0,0,0
1658,1521,"Life Less Ordinary, A (1997)",1997.0,116,3.1724137931034484,0.9629629629629619,0.033557046979865765,0.5431034482758621,0,0,0,0,0,0,0,0,0,0,0,0,0,1,0,1,0,0
1659,1522,Hurricane Streets (1998),1998.0,7,2.857142857142857,0.9753086419753068,0.0017508024511234312,0.4642857142857143,0,0,0,0,0,0,0,1,0,0,0,0,0,0,0,0,0,0
1660,1523,Eve's Bayou (1997),1997.0,179,3.569832402234637,0.9629629629629619,0.0519404727166618,0.6424581005586593,0,0,0,0,0,0,0,1,0,0,0,0,0,0,0,0,0,0
1661,1524,Switchback (1997),1997.0,88,3.1931818181818183,0.9629629629629619,0.025386635541289754,0.5482954545454546,0,0,0,0,0,0,0,0,0,0,0,0,0,0,0,1,0,0
1662,1525,Gang Related (1997),1997.0,20,2.65,0.9629629629629619,0.005544207761890867,0.4125,0,0,0,0,0,1,0,0,0,0,0,0,0,0,0,0,0,0
1663,1526,Stripes (1981),1981.0,740,3.8391891891891894,0.7654320987654302,0.21564050189670264,0.7097972972972973,0,0,0,0,1,0,0,0,0,0,0,0,0,0,0,0,0,0
1664,1527,Nénette et Boni (1996),1996.0,5,4.2,0.9506172839506171,0.0011672016340822876,0.8,0,0,0,0,0,0,0,1,0,0,0,0,0,0,0,0,0,0
1665,1528,Bean (1997),1997.0,200,2.685,0.9629629629629619,0.058068281295593806,0.42125,0,0,0,0,1,0,0,0,0,0,0,0,0,0,0,0,0,0
1666,1529,Hugo Pool (1997),1997.0,20,2.6,0.9629629629629619,0.005544207761890867,0.4,0,0,0,0,0,0,0,0,0,0,0,0,0,1,0,0,0,0
1667,1530,Mad City (1997),1997.0,113,2.7787610619469025,0.9629629629629619,0.03268164575430405,0.44469026548672563,1,0,0,0,0,0,0,1,0,0,0,0,0,0,0,0,0,0
1668,1531,One Night Stand (1997),1997.0,39,2.5384615384615383,0.9629629629629619,0.011088415523781732,0.3846153846153846,0,0,0,0,0,0,0,1,0,0,0,0,0,0,0,0,0,0
1669,1532,"Tango Lesson, The (1997)",1997.0,37,3.4594594594594597,0.9629629629629619,0.01050481470674059,0.6148648648648649,0,0,0,0,0,0,0,0,0,0,0,0,0,1,0,0,0,0
1670,1533,Welcome To Sarajevo (1997),1997.0,82,3.5,0.9629629629629619,0.023635833090166324,0.625,0,0,0,0,0,0,0,1,0,0,0,0,0,0,0,0,1,0
1671,1534,Deceiver (1997),1997.0,22,3.1818181818181817,0.9629629629629619,0.00612780857893201,0.5454545454545454,0,0,0,0,0,1,0,0,0,0,0,0,0,0,0,0,0,0
1672,1535,"Rainmaker, The (1997)",1997.0,321,3.5700934579439254,0.9629629629629619,0.093376130726583,0.6425233644859814,0,0,0,0,0,0,0,1,0,0,0,0,0,0,0,0,0,0
1673,1536,Boogie Nights (1997),1997.0,1128,3.769503546099291,0.9629629629629619,0.32885906040268453,0.6923758865248227,0,0,0,0,0,0,0,1,0,0,0,0,0,0,0,0,0,0
1674,1537,Witness (1985),1985.0,1046,3.9961759082217974,0.8148148148148131,0.30493142690399766,0.7490439770554493,0,0,0,0,0,0,0,1,0,0,0,0,0,1,0,1,0,0
1675,1538,Incognito (1997),1997.0,11,3.090909090909091,0.9629629629629619,0.002918004085205719,0.5227272727272727,0,0,0,0,0,1,0,0,0,0,0,0,0,0,0,1,0,0
1676,1539,Starship Troopers (1997),1997.0,1163,3.1332760103181427,0.9629629629629619,0.33907207470090456,0.5333190025795357,1,1,0,0,0,0,0,0,0,0,0,0,0,0,1,0,1,0
1677,1540,Critical Care (1997),1997.0,37,2.7567567567567566,0.9629629629629619,0.01050481470674059,0.43918918918918914,0,0,0,0,1,0,0,0,0,0,0,0,0,0,0,0,0,0
1678,1541,"Joy Luck Club, The (1993)",1993.0,474,3.829113924050633,0.913580246913579,0.13802159323023053,0.7072784810126582,0,0,0,0,0,0,0,1,0,0,0,0,0,0,0,0,0,0
1679,1542,Chairman of the Board (1998),1998.0,24,1.9583333333333333,0.9753086419753068,0.006711409395973154,0.23958333333333331,0,0,0,0,1,0,0,0,0,0,0,0,0,0,0,0,0,0
1680,1543,Sliding Doors (1998),1998.0,464,3.790948275862069,0.9753086419753068,0.1351035891450248,0.6977370689655172,0,0,0,0,0,0,0,1,0,0,0,0,0,1,0,0,0,0
1681,1544,Mortal Kombat: Annihilation (1997),1997.0,134,2.1791044776119404,0.9629629629629619,0.038809454333236064,0.2947761194029851,1,1,0,0,0,0,0,0,0,0,0,0,0,0,0,0,0,0
1682,1545,"Truman Show, The (1998)",1998.0,1005,3.861691542288557,0.9753086419753068,0.2929676101546542,0.7154228855721393,0,0,0,0,0,0,0,1,0,0,0,0,0,0,0,0,0,0
1683,1546,"Wings of the Dove, The (1997)",1997.0,218,3.761467889908257,0.9629629629629619,0.0633206886489641,0.6903669724770642,0,0,0,0,0,0,0,1,0,0,0,0,0,1,0,1,0,0
1684,1547,Mrs. Dalloway (1997),1997.0,58,3.7241379310344827,0.9629629629629619,0.016632623285672596,0.6810344827586207,0,0,0,0,0,0,0,0,0,0,0,0,0,1,0,0,0,0
1685,1548,"I Love You, I Love You Not (1996)",1996.0,6,3.5,0.9506172839506171,0.0014590020426028597,0.625,0,0,0,0,0,0,0,0,0,0,0,0,0,1,0,0,0,0
1686,1549,Red Corner (1997),1997.0,109,3.1559633027522938,0.9629629629629619,0.031514444120221766,0.5389908256880734,0,0,0,0,0,1,0,0,0,0,0,0,0,0,0,1,0,0
1687,1550,"Jackal, The (1997)",1997.0,337,3.077151335311573,0.9629629629629619,0.09804493726291216,0.5192878338278932,1,0,0,0,0,0,0,0,0,0,0,0,0,0,0,1,0,0
1688,1551,Anastasia (1997),1997.0,304,3.5032894736842106,0.9629629629629619,0.08841552378173329,0.6258223684210527,0,0,1,1,0,0,0,0,0,0,0,1,0,0,0,0,0,0
1689,1552,"Man Who Knew Too Little, The (1997)",1997.0,252,3.1547619047619047,0.9629629629629619,0.07324190253866354,0.5386904761904762,0,0,0,0,1,0,0,0,0,0,0,0,1,0,0,0,0,0
1690,1553,Alien: Resurrection (1997),1997.0,779,2.958921694480103,0.9629629629629619,0.22702071782900496,0.4897304236200257,1,0,0,0,0,0,0,0,0,0,1,0,0,0,1,0,0,0
1692,1554,Alien Escape (1995),1995.0,20,2.55,0.9382716049382722,0.005544207761890867,0.38749999999999996,0,0,0,0,0,0,0,0,0,0,1,0,0,0,1,0,0,0
1693,1555,Amistad (1997),1997.0,351,3.717948717948718,0.9629629629629619,0.10213014298220016,0.6794871794871795,0,0,0,0,0,0,0,1,0,0,0,0,0,0,0,0,0,0
1694,1556,"Apostle, The (1997)",1997.0,471,3.7261146496815285,0.9629629629629619,0.13714619200466882,0.6815286624203821,0,0,0,0,0,0,0,1,0,0,0,0,0,0,0,0,0,0
1695,1557,Artemisia (1997),1997.0,32,3.6875,0.9629629629629619,0.00904581266413773,0.671875,0,0,0,0,0,0,0,1,0,0,0,0,0,0,0,0,0,0
1696,1558,Bent (1997),1997.0,28,3.5714285714285716,0.9629629629629619,0.007878611030055441,0.6428571428571429,0,0,0,0,0,0,0,1,0,0,0,0,0,0,0,0,1,0
1699,1559,"Butcher Boy, The (1998)",1998.0,155,3.503225806451613,0.9753086419753068,0.044937262912168076,0.6258064516129033,0,0,0,0,0,0,0,1,0,0,0,0,0,0,0,0,0,0
1701,1560,Deconstructing Harry (1997),1997.0,284,3.415492957746479,0.9629629629629619,0.08257951561132185,0.6038732394366197,0,0,0,0,1,0,0,1,0,0,0,0,0,0,0,0,0,0
1702,1561,Flubber (1997),1997.0,302,2.552980132450331,0.9629629629629619,0.08783192296469214,0.38824503311258274,0,0,0,1,1,0,0,0,1,0,0,0,0,0,0,0,0,0
1703,1562,For Richer or Poorer (1997),1997.0,62,2.935483870967742,0.9629629629629619,0.017799824919754886,0.4838709677419355,0,0,0,0,1,0,0,0,0,0,0,0,0,0,0,0,0,0
1704,1563,Good Will Hunting (1997),1997.0,1548,4.176356589147287,0.9629629629629619,0.45141523198132477,0.7940891472868217,0,0,0,0,0,0,0,1,0,0,0,0,0,0,0,0,0,0
1707,1564,Home Alone 3 (1997),1997.0,154,1.8766233766233766,0.9629629629629619,0.0446454625036475,0.21915584415584416,0,0,0,1,1,0,0,0,0,0,0,0,0,0,0,0,0,0
1709,1565,Legal Deceit (1997),1997.0,1,2.0,0.9629629629629619,0.0,0.25,0,0,0,0,0,0,0,0,0,0,0,0,0,0,0,1,0,0
1711,1566,Midnight in the Garden of Good and Evil (1997),1997.0,628,3.2531847133757963,0.9629629629629619,0.1829588561423986,0.5632961783439491,0,0,0,0,1,1,0,1,0,0,0,0,1,0,0,0,0,0
1713,1567,Mouse Hunt (1997),1997.0,231,3.0432900432900434,0.9629629629629619,0.06711409395973154,0.5108225108225108,0,0,0,1,1,0,0,0,0,0,0,0,0,0,0,0,0,0
1714,1568,Never Met Picasso (1996),1996.0,1,2.0,0.9506172839506171,0.0,0.25,0,0,0,0,0,0,0,0,0,0,0,0,0,1,0,0,0,0
1715,1569,Office Killer (1997),1997.0,13,3.0,0.9629629629629619,0.003501604902246863,0.5,0,0,0,0,0,0,0,0,0,0,0,0,0,0,0,1,0,0
1717,1570,Scream 2 (1997),1997.0,455,2.975824175824176,0.9629629629629619,0.13247738546833965,0.493956043956044,0,0,0,0,0,0,0,0,0,0,1,0,0,0,0,1,0,0
1718,1571,Stranger in the House (1997),1997.0,7,2.5714285714285716,0.9629629629629619,0.0017508024511234312,0.3928571428571429,0,0,0,0,0,0,0,0,0,0,0,0,0,0,0,1,0,0
1719,1572,"Sweet Hereafter, The (1997)",1997.0,381,4.044619422572178,0.9629629629629619,0.11088415523781732,0.7611548556430445,0,0,0,0,0,0,0,1,0,0,0,0,0,0,0,0,0,0
1720,1573,Time Tracers (1995),1995.0,7,1.2857142857142858,0.9382716049382722,0.0017508024511234312,0.07142857142857145,1,1,0,0,0,0,0,0,0,0,0,0,0,0,1,0,0,0
1721,1574,Titanic (1997),1997.0,1546,3.5834411384217333,0.9629629629629619,0.4508316311642836,0.6458602846054333,0,0,0,0,0,0,0,1,0,0,0,0,0,1,0,0,0,0
1722,1575,Tomorrow Never Dies (1997),1997.0,862,3.4419953596287702,0.9629629629629619,0.25124015173621245,0.6104988399071926,1,0,0,0,0,0,0,0,0,0,0,0,0,1,0,1,0,0
1724,1576,Full Speed (1996),1996.0,1,3.0,0.9506172839506171,0.0,0.5,0,0,0,0,0,0,0,1,0,0,0,0,0,0,0,0,0,0
1725,1577,"Education of Little Tree, The (1997)",1997.0,23,3.739130434782609,0.9629629629629619,0.006419608987452583,0.6847826086956522,0,0,0,0,0,0,0,1,0,0,0,0,0,0,0,0,0,0
1726,1578,"Postman, The (1997)",1997.0,137,2.7737226277372264,0.9629629629629619,0.03968485555879778,0.4434306569343066,0,0,0,0,0,0,0,1,0,0,0,0,0,0,0,0,0,0
1727,1579,"Horse Whisperer, The (1998)",1998.0,210,3.2285714285714286,0.9753086419753068,0.060986285380799525,0.5571428571428572,0,0,0,0,0,0,0,1,0,0,0,0,0,0,0,0,0,0
1728,1580,"Winter Guest, The (1997)",1997.0,22,3.3181818181818183,0.9629629629629619,0.00612780857893201,0.5795454545454546,0,0,0,0,0,0,0,1,0,0,0,0,0,0,0,0,0,0
1729,1581,Jackie Brown (1997),1997.0,724,3.6892265193370166,0.9629629629629619,0.2109716953603735,0.6723066298342542,0,0,0,0,0,1,0,1,0,0,0,0,0,0,0,0,0,0
1730,1582,Kundun (1997),1997.0,176,3.727272727272727,0.9629629629629619,0.05106507149110008,0.6818181818181818,0,0,0,0,0,0,0,1,0,0,0,0,0,0,0,0,0,0
1731,1583,Mr. Magoo (1997),1997.0,64,1.875,0.9629629629629619,0.01838342573679603,0.21875,0,0,0,0,1,0,0,0,0,0,0,0,0,0,0,0,0,0
1732,1584,"Big Lebowski, The (1998)",1998.0,1097,3.7383773928896993,0.9753086419753068,0.3198132477385468,0.6845943482224248,0,0,0,0,1,1,0,0,0,0,0,0,1,0,0,1,0,0
1733,1585,Afterglow (1997),1997.0,82,3.1097560975609757,0.9629629629629619,0.023635833090166324,0.5274390243902439,0,0,0,0,0,0,0,1,0,0,0,0,0,1,0,0,0,0
1734,1586,My Life in Pink (Ma vie en rose) (1997),1997.0,201,3.825870646766169,0.9629629629629619,0.05836008170411438,0.7064676616915423,0,0,0,0,1,0,0,1,0,0,0,0,0,0,0,0,0,0
1735,1587,Great Expectations (1998),1998.0,263,3.2015209125475286,0.9753086419753068,0.07645170703238983,0.5503802281368821,0,0,0,0,0,0,0,1,0,0,0,0,0,1,0,0,0,0
1739,1588,3 Ninjas: High Noon On Mega Mountain (1998),1998.0,47,1.3617021276595744,0.9753086419753068,0.013422818791946308,0.09042553191489361,1,0,0,1,0,0,0,0,0,0,0,0,0,0,0,0,0,0
1741,1589,"Midaq Alley (Callejón de los milagros, El) (1995)",1995.0,5,4.0,0.9382716049382722,0.0011672016340822876,0.75,0,0,0,0,0,0,0,1,0,0,0,0,0,0,0,0,0,0
1743,1590,Arguing the World (1996),1996.0,11,3.909090909090909,0.9506172839506171,0.002918004085205719,0.7272727272727273,0,0,0,0,0,0,1,0,0,0,0,0,0,0,0,0,0,0
1744,1591,Firestorm (1998),1998.0,77,2.675324675324675,0.9753086419753068,0.022176831047563465,0.4188311688311688,1,1,0,0,0,0,0,0,0,0,0,0,0,0,0,1,0,0
1746,1592,Senseless (1998),1998.0,55,2.7636363636363637,0.9753086419753068,0.015757222060110883,0.4409090909090909,0,0,0,0,1,0,0,0,0,0,0,0,0,0,0,0,0,0
1747,1593,Wag the Dog (1997),1997.0,907,3.4895259095920617,0.9629629629629619,0.2643711701196382,0.6223814773980154,0,0,0,0,1,0,0,1,0,0,0,0,0,0,0,0,0,0
1748,1594,Dark City (1998),1998.0,874,3.822654462242563,0.9753086419753068,0.25474175663845927,0.7056636155606407,0,0,0,0,0,0,0,0,0,1,0,0,0,0,1,1,0,0
1749,1595,"Leading Man, The (1996)",1996.0,10,3.4,0.9506172839506171,0.0026262036766851473,0.6,0,0,0,0,0,0,0,0,0,0,0,0,0,1,0,0,0,0
1750,1596,Star Kid (1997),1997.0,63,2.1904761904761907,0.9629629629629619,0.018091625328275455,0.29761904761904767,0,1,0,1,0,0,0,0,1,0,0,0,0,0,1,0,0,0
1752,1597,Hard Rain (1998),1998.0,206,2.6553398058252426,0.9753086419753068,0.05981908374671724,0.41383495145631066,1,0,0,0,0,0,0,0,0,0,0,0,0,0,0,1,0,0
1753,1598,Half Baked (1998),1998.0,198,3.202020202020202,0.9753086419753068,0.057484680478552666,0.5505050505050505,0,0,0,0,1,0,0,0,0,0,0,0,0,0,0,0,0,0
1754,1599,Fallen (1998),1998.0,388,3.38659793814433,0.9753086419753068,0.11292675809746133,0.5966494845360825,1,0,0,0,0,0,0,0,0,0,0,0,1,0,0,1,0,0
1755,1600,Shooting Fish (1997),1997.0,30,3.533333333333333,0.9629629629629619,0.008462211847096586,0.6333333333333333,0,0,0,0,0,0,0,0,0,0,0,0,0,1,0,0,0,0
1756,1601,"Prophecy II, The (1998)",1998.0,51,2.549019607843137,0.9753086419753068,0.014590020426028597,0.38725490196078427,0,0,0,0,0,0,0,0,0,0,1,0,0,0,0,0,0,0
1758,1602,Dangerous Beauty (1998),1998.0,100,3.65,0.9753086419753068,0.028888240443536616,0.6625,0,0,0,0,0,0,0,1,0,0,0,0,0,0,0,0,0,0
1759,1603,Four Days in September (1997),1997.0,51,3.980392156862745,0.9629629629629619,0.014590020426028597,0.7450980392156863,0,0,0,0,0,0,0,1,0,0,0,0,0,0,0,0,0,0
1760,1604,Spice World (1997),1997.0,190,1.8736842105263158,0.9629629629629619,0.055150277210388086,0.21842105263157896,0,0,0,0,1,0,0,0,0,0,0,1,0,0,0,0,0,0
1762,1605,Deep Rising (1998),1998.0,227,2.73568281938326,0.9753086419753068,0.06594689232564925,0.433920704845815,1,0,0,0,0,0,0,0,0,0,1,0,0,0,1,0,0,0
1764,1606,Tainted (1998),1998.0,1,3.0,0.9753086419753068,0.0,0.5,0,0,0,0,1,0,0,0,0,0,0,0,0,0,0,1,0,0
1767,1607,Music From Another Room (1998),1998.0,26,3.0,0.9753086419753068,0.007295010213014298,0.5,0,0,0,0,0,0,0,1,0,0,0,0,0,1,0,0,0,0
1769,1608,"Replacement Killers, The (1998)",1998.0,319,3.1379310344827585,0.9753086419753068,0.09279252990954187,0.5344827586206896,1,0,0,0,0,0,0,0,0,0,0,0,0,0,0,1,0,0
1770,1609,B. Monkey (1998),1998.0,19,3.473684210526316,0.9753086419753068,0.005252407353370295,0.618421052631579,0,0,0,0,0,0,0,0,0,0,0,0,0,1,0,1,0,0
1771,1610,Night Flier (1997),1997.0,47,2.6382978723404253,0.9629629629629619,0.013422818791946308,0.40957446808510634,0,0,0,0,0,0,0,0,0,0,1,0,0,0,0,0,0,0
1772,1611,Blues Brothers 2000 (1998),1998.0,230,2.4304347826086956,0.9753086419753068,0.06682229355121097,0.3576086956521739,1,0,0,0,1,0,0,0,0,0,0,1,0,0,0,0,0,0
1773,1612,Tokyo Fist (1995),1995.0,2,2.5,0.9382716049382722,0.0002918004085205719,0.375,1,0,0,0,0,0,0,1,0,0,0,0,0,0,0,0,0,0
1777,1613,"Wedding Singer, The (1998)",1998.0,909,3.4895489548954894,0.9753086419753068,0.2649547709366793,0.6223872387238724,0,0,0,0,1,0,0,0,0,0,0,0,0,1,0,0,0,0
1779,1614,Sphere (1998),1998.0,541,2.6635859519408505,0.9753086419753068,0.15757222060110884,0.4158964879852126,0,1,0,0,0,0,0,0,0,0,0,0,0,0,1,1,0,0
1780,1615,Ayn Rand: A Sense of Life (1997),1997.0,8,4.125,0.9629629629629619,0.0020426028596440032,0.78125,0,0,0,0,0,0,1,0,0,0,0,0,0,0,0,0,0,0
1782,1616,Little City (1998),1998.0,8,2.5,0.9753086419753068,0.0020426028596440032,0.375,0,0,0,0,1,0,0,0,0,0,0,0,0,1,0,0,0,0
1783,1617,Palmetto (1998),1998.0,220,2.9272727272727272,0.9753086419753068,0.06390428946600525,0.4818181818181818,0,0,0,0,0,0,0,0,0,1,0,0,1,0,0,1,0,0
1784,1618,As Good As It Gets (1997),1997.0,1424,3.9501404494382024,0.9629629629629619,0.41523198132477385,0.7375351123595506,0,0,0,0,1,0,0,1,0,0,0,0,0,0,0,0,0,0
1785,1619,King of New York (1990),1990.0,180,3.388888888888889,0.8765432098765409,0.05223227312518237,0.5972222222222222,1,0,0,0,0,1,0,0,0,0,0,0,0,0,0,0,0,0
1787,1620,"Paralyzing Fear: The Story of Polio in America, A (1998)",1998.0,2,3.5,0.9753086419753068,0.0002918004085205719,0.625,0,0,0,0,0,0,1,0,0,0,0,0,0,0,0,0,0,0
1788,1621,Men With Guns (1997),1997.0,91,3.956043956043956,0.9629629629629619,0.02626203676685147,0.739010989010989,1,0,0,0,0,0,0,1,0,0,0,0,0,0,0,0,0,0
1791,1622,Twilight (1998),1998.0,53,2.9622641509433962,0.9753086419753068,0.01517362124306974,0.49056603773584906,0,0,0,0,0,1,0,1,0,0,0,0,0,0,0,0,0,0
1792,1623,U.S. Marshalls (1998),1998.0,448,3.171875,0.9753086419753068,0.13043478260869565,0.54296875,1,0,0,0,0,0,0,0,0,0,0,0,0,0,0,1,0,0
1793,1624,Welcome to Woop-Woop (1997),1997.0,13,2.3846153846153846,0.9629629629629619,0.003501604902246863,0.34615384615384615,0,0,0,0,1,0,0,0,0,0,0,0,0,0,0,0,0,0
1794,1625,Love and Death on Long Island (1997),1997.0,151,3.4304635761589406,0.9629629629629619,0.04377006127808578,0.6076158940397351,0,0,0,0,1,0,0,1,0,0,0,0,0,0,0,0,0,0
1795,1626,"Callejón de los milagros, El (1995)",1995.0,2,4.5,0.9382716049382722,0.0002918004085205719,0.875,0,0,0,0,0,0,0,1,0,0,0,0,0,0,0,0,0,0
1796,1627,In God's Hands (1998),1998.0,5,2.4,0.9753086419753068,0.0011672016340822876,0.35,1,0,0,0,0,0,0,1,0,0,0,0,0,0,0,0,0,0
1797,1628,Everest (1998),1998.0,167,4.005988023952096,0.9753086419753068,0.048438867814414935,0.7514970059880239,0,0,0,0,0,0,1,0,0,0,0,0,0,0,0,0,0,0
1798,1629,Hush (1998),1998.0,42,2.5714285714285716,0.9753086419753068,0.011963816749343449,0.3928571428571429,0,0,0,0,0,0,0,0,0,0,0,0,0,0,0,1,0,0
1799,1630,Suicide Kings (1997),1997.0,213,3.4131455399061035,0.9629629629629619,0.061861686606361245,0.6032863849765259,0,0,0,0,0,1,0,1,0,0,0,0,0,0,0,0,0,0
1801,1631,"Man in the Iron Mask, The (1998)",1998.0,391,3.0434782608695654,0.9753086419753068,0.11380215932302304,0.5108695652173914,1,0,0,0,0,0,0,1,0,0,0,0,0,1,0,0,0,0
1804,1632,"Newton Boys, The (1998)",1998.0,119,3.033613445378151,0.9753086419753068,0.034432448205427485,0.5084033613445378,0,0,0,0,0,1,0,1,0,0,0,0,0,0,0,0,0,0
1805,1633,Wild Things (1998),1998.0,626,3.4456869009584663,0.9753086419753068,0.18237525532535745,0.6114217252396166,0,0,0,0,0,1,0,1,0,0,0,0,1,0,0,1,0,0
1806,1634,Paulie (1998),1998.0,168,2.892857142857143,0.9753086419753068,0.04873066822293551,0.4732142857142857,0,1,0,1,1,0,0,0,0,0,0,0,0,0,0,0,0,0
1807,1635,"Cool Dry Place, A (1998)",1998.0,17,3.411764705882353,0.9753086419753068,0.0046688065363291505,0.6029411764705882,0,0,0,0,0,0,0,1,0,0,0,0,0,0,0,0,0,0
1809,1636,Hana-bi (1997),1997.0,36,3.8055555555555554,0.9629629629629619,0.010213014298220018,0.7013888888888888,0,0,0,0,1,1,0,1,0,0,0,0,0,0,0,0,0,0
1810,1637,Primary Colors (1998),1998.0,353,3.558073654390935,0.9753086419753068,0.10271374379924131,0.6395184135977338,0,0,0,0,0,0,0,1,0,0,0,0,0,0,0,0,0,0
1811,1638,"Niagara, Niagara (1997)",1997.0,13,3.6923076923076925,0.9629629629629619,0.003501604902246863,0.6730769230769231,0,0,0,0,0,0,0,1,0,0,0,0,0,0,0,0,0,0
1812,1639,Wide Awake (1998),1998.0,44,3.477272727272727,0.9753086419753068,0.012547417566384592,0.6193181818181818,0,0,0,1,1,0,0,1,0,0,0,0,0,0,0,0,0,0
1814,1640,"Price Above Rubies, A (1998)",1998.0,25,3.36,0.9753086419753068,0.007003209804493726,0.59,0,0,0,0,0,0,0,1,0,0,0,0,0,0,0,0,0,0
1815,1641,Eden (1997),1997.0,1,2.0,0.9629629629629619,0.0,0.25,0,0,0,0,0,0,0,1,0,0,0,0,0,0,0,0,0,0
1816,1642,Two Girls and a Guy (1997),1997.0,101,2.9603960396039604,0.9629629629629619,0.02918004085205719,0.4900990099009901,0,0,0,0,1,0,0,1,0,0,0,0,0,0,0,0,0,0
1817,1643,No Looking Back (1998),1998.0,12,3.0,0.9753086419753068,0.003209804493726291,0.5,0,0,0,0,1,0,0,1,0,0,0,0,0,1,0,0,0,0
1820,1644,"Proposition, The (1998)",1998.0,1,2.0,0.9753086419753068,0.0,0.25,0,0,0,0,0,0,0,1,0,0,0,0,0,0,0,0,0,0
1821,1645,"Object of My Affection, The (1998)",1998.0,211,3.1943127962085307,0.9753086419753068,0.0612780857893201,0.5485781990521327,0,0,0,0,1,0,0,0,0,0,0,0,0,1,0,0,0,0
1822,1646,Meet the Deedles (1998),1998.0,21,2.0476190476190474,0.9753086419753068,0.005836008170411439,0.26190476190476186,0,0,0,1,1,0,0,0,0,0,0,0,0,0,0,0,0,0
1824,1647,Homegrown (1998),1998.0,104,3.3653846153846154,0.9753086419753068,0.030055442077618906,0.5913461538461539,0,0,0,0,1,0,0,0,0,0,0,0,0,0,0,1,0,0
1825,1648,"Player's Club, The (1998)",1998.0,33,2.6666666666666665,0.9753086419753068,0.009337613072658301,0.41666666666666663,1,0,0,0,0,0,0,1,0,0,0,0,0,0,0,0,0,0
1826,1649,Barney's Great Adventure (1998),1998.0,40,1.55,0.9753086419753068,0.011380215932302306,0.1375,0,1,0,1,0,0,0,0,0,0,0,0,0,0,0,0,0,0
1827,1650,"Big One, The (1997)",1997.0,102,4.0,0.9629629629629619,0.029471841260577763,0.75,0,0,0,0,1,0,1,0,0,0,0,0,0,0,0,0,0,0
1829,1651,Chinese Box (1997),1997.0,37,3.0,0.9629629629629619,0.01050481470674059,0.5,0,0,0,0,0,0,0,1,0,0,0,0,0,1,0,0,0,0
1830,1652,Follow the Bitch (1998),1998.0,1,5.0,0.9753086419753068,0.0,1.0,0,0,0,0,1,0,0,0,0,0,0,0,0,0,0,0,0,0
1831,1653,Lost in Space (1998),1998.0,667,2.5847076461769114,0.9753086419753068,0.1943390720747009,0.39617691154422785,1,0,0,0,0,0,0,0,0,0,0,0,0,0,1,1,0,0
1832,1654,Heaven's Burning (1997),1997.0,1,4.0,0.9629629629629619,0.0,0.75,1,0,0,0,0,0,0,1,0,0,0,0,0,0,0,0,0,0
1833,1655,Mercury Rising (1998),1998.0,264,3.003787878787879,0.9753086419753068,0.07674350744091041,0.5009469696969697,1,0,0,0,0,0,0,1,0,0,0,0,0,0,0,1,0,0
1834,1656,"Spanish Prisoner, The (1997)",1997.0,493,3.9391480730223125,0.9629629629629619,0.14356580099212138,0.7347870182555781,0,0,0,0,0,0,0,1,0,0,0,0,0,0,0,1,0,0
1835,1657,City of Angels (1998),1998.0,366,3.289617486338798,0.9753086419753068,0.10650714911000875,0.5724043715846995,0,0,0,0,0,0,0,0,0,0,0,0,0,1,0,0,0,0
1836,1658,"Last Days of Disco, The (1998)",1998.0,135,3.311111111111111,0.9753086419753068,0.03910125474175664,0.5777777777777777,0,0,0,0,0,0,0,1,0,0,0,0,0,0,0,0,0,0
1837,1659,"Odd Couple II, The (1998)",1998.0,64,2.6875,0.9753086419753068,0.01838342573679603,0.421875,0,0,0,0,1,0,0,0,0,0,0,0,0,0,0,0,0,0
1839,1660,My Giant (1998),1998.0,69,2.260869565217391,0.9753086419753068,0.01984242777939889,0.3152173913043478,0,0,0,0,1,0,0,0,0,0,0,0,0,0,0,0,0,0
1840,1661,He Got Game (1998),1998.0,160,3.38125,0.9753086419753068,0.046396264954770935,0.5953125,0,0,0,0,0,0,0,1,0,0,0,0,0,0,0,0,0,0
1841,1662,"Gingerbread Man, The (1998)",1998.0,95,2.9473684210526314,0.9753086419753068,0.027429238400933757,0.48684210526315785,0,0,0,0,0,0,0,1,0,0,0,0,0,0,0,1,0,0
1842,1663,Illtown (1996),1996.0,2,4.0,0.9506172839506171,0.0002918004085205719,0.75,0,0,0,0,0,1,0,1,0,0,0,0,0,0,0,0,0,0
1843,1664,Slappy and the Stinkers (1998),1998.0,1,3.0,0.9753086419753068,0.0,0.5,0,0,0,1,1,0,0,0,0,0,0,0,0,0,0,0,0,0
1844,1665,Live Flesh (1997),1997.0,29,3.8620689655172415,0.9629629629629619,0.008170411438576013,0.7155172413793104,0,0,0,0,0,0,0,1,0,0,0,0,0,0,0,0,0,0
1845,1666,Zero Effect (1998),1998.0,301,3.750830564784053,0.9753086419753068,0.08754012255617157,0.6877076411960132,0,0,0,0,1,0,0,0,0,0,0,0,0,0,0,1,0,0
1846,1667,Nil By Mouth (1997),1997.0,20,3.25,0.9629629629629619,0.005544207761890867,0.5625,0,0,0,0,0,0,0,1,0,0,0,0,0,0,0,0,0,0
1848,1668,"Borrowers, The (1997)",1997.0,177,3.0451977401129944,0.9629629629629619,0.051356871899620654,0.5112994350282486,0,1,0,1,1,0,0,0,1,0,0,0,0,0,0,0,0,0
1849,1669,Prince Valiant (1997),1997.0,7,2.5714285714285716,0.9629629629629619,0.0017508024511234312,0.3928571428571429,0,1,0,0,0,0,0,0,0,0,0,0,0,0,0,0,0,0
1850,1670,"I Love You, Don't Touch Me! (1998)",1998.0,13,2.8461538461538463,0.9753086419753068,0.003501604902246863,0.46153846153846156,0,0,0,0,0,0,0,1,0,0,0,0,0,1,0,0,0,0
1851,1671,Leather Jacket Love Story (1997),1997.0,2,4.0,0.9629629629629619,0.0002918004085205719,0.75,0,0,0,0,0,0,0,1,0,0,0,0,0,1,0,0,0,0
1852,1672,Love Walked In (1998),1998.0,1,2.0,0.9753086419753068,0.0,0.25,0,0,0,0,0,0,0,1,0,0,0,0,0,0,0,1,0,0
1853,1673,"Alan Smithee Film: Burn Hollywood Burn, An (1997)",1997.0,17,2.0,0.9629629629629619,0.0046688065363291505,0.25,0,0,0,0,1,0,0,0,0,0,0,0,0,0,0,0,0,0
1854,1674,Kissing a Fool (1998),1998.0,48,3.0208333333333335,0.9753086419753068,0.01371461920046688,0.5052083333333334,0,0,0,0,1,0,0,0,0,0,0,0,0,1,0,0,0,0
1855,1675,Krippendorf's Tribe (1998),1998.0,108,2.3981481481481484,0.9753086419753068,0.031222643711701192,0.3495370370370371,0,0,0,0,1,0,0,0,0,0,0,0,0,0,0,0,0,0
1856,1676,Kurt & Courtney (1998),1998.0,72,3.0555555555555554,0.9753086419753068,0.020717829004960605,0.5138888888888888,0,0,0,0,0,0,1,0,0,0,0,1,0,0,0,0,0,0
1857,1677,"Real Blonde, The (1997)",1997.0,24,3.0833333333333335,0.9629629629629619,0.006711409395973154,0.5208333333333334,0,0,0,0,1,0,0,0,0,0,0,0,0,0,0,0,0,0
1858,1678,Mr. Nice Guy (1997),1997.0,172,3.2674418604651163,0.9629629629629619,0.049897869857017794,0.5668604651162791,1,0,0,0,1,0,0,0,0,0,0,0,0,0,0,0,0,0
1859,1679,Taste of Cherry (1997),1997.0,32,3.53125,0.9629629629629619,0.00904581266413773,0.6328125,0,0,0,0,0,0,0,1,0,0,0,0,0,0,0,0,0,0
1860,1680,Character (Karakter) (1997),1997.0,44,3.772727272727273,0.9629629629629619,0.012547417566384592,0.6931818181818182,0,0,0,0,0,0,0,1,0,0,0,0,0,0,0,0,0,0
1861,1681,Junk Mail (1997),1997.0,3,3.3333333333333335,0.9629629629629619,0.0005836008170411438,0.5833333333333334,0,0,0,0,1,0,0,0,0,0,0,0,0,0,0,1,0,0
1862,1682,Species II (1998),1998.0,198,2.0505050505050506,0.9753086419753068,0.057484680478552666,0.26262626262626265,0,0,0,0,0,0,0,0,0,0,1,0,0,0,1,0,0,0
1863,1683,Major League: Back to the Minors (1998),1998.0,142,2.2183098591549295,0.9753086419753068,0.04114385760140064,0.3045774647887324,0,0,0,0,1,0,0,0,0,0,0,0,0,0,0,0,0,0
1864,1684,Sour Grapes (1998),1998.0,11,2.727272727272727,0.9753086419753068,0.002918004085205719,0.43181818181818177,0,0,0,0,1,0,0,0,0,0,0,0,0,0,0,0,0,0
1865,1685,Wild Man Blues (1998),1998.0,54,3.5555555555555554,0.9753086419753068,0.015465421651590311,0.6388888888888888,0,0,0,0,0,0,1,0,0,0,0,0,0,0,0,0,0,0
1866,1686,"Big Hit, The (1998)",1998.0,189,3.0899470899470898,0.9753086419753068,0.05485847680186752,0.5224867724867724,1,0,0,0,1,0,0,0,0,0,0,0,0,0,0,0,0,0
1867,1687,Tarzan and the Lost City (1998),1998.0,38,2.4210526315789473,0.9753086419753068,0.01079661511526116,0.35526315789473684,1,1,0,0,0,0,0,0,0,0,0,0,0,0,0,0,0,0
1868,1688,"Truce, The (1996)",1996.0,2,2.0,0.9506172839506171,0.0002918004085205719,0.25,0,0,0,0,0,0,0,1,0,0,0,0,0,0,0,0,1,0
1869,1689,Black Dog (1998),1998.0,51,2.3137254901960786,0.9753086419753068,0.014590020426028597,0.32843137254901966,1,0,0,0,0,0,0,0,0,0,0,0,0,0,0,1,0,0
1870,1690,"Dancer, Texas Pop. 81 (1998)",1998.0,72,3.513888888888889,0.9753086419753068,0.020717829004960605,0.6284722222222222,0,0,0,0,1,0,0,1,0,0,0,0,0,0,0,0,0,0
1871,1691,"Friend of the Deceased, A (1997)",1997.0,4,4.0,0.9629629629629619,0.0008754012255617157,0.75,0,0,0,0,1,0,0,1,0,0,0,0,0,0,0,0,0,0
1872,1692,Go Now (1995),1995.0,10,3.2,0.9382716049382722,0.0026262036766851473,0.55,0,0,0,0,0,0,0,1,0,0,0,0,0,0,0,0,0,0
1873,1693,"Misérables, Les (1998)",1998.0,259,3.7606177606177607,0.9753086419753068,0.07528450539830756,0.6901544401544402,0,0,0,0,0,0,0,1,0,0,0,0,0,0,0,0,0,0
1874,1694,Still Breathing (1997),1997.0,27,3.3703703703703702,0.9629629629629619,0.00758681062153487,0.5925925925925926,0,0,0,0,1,0,0,0,0,0,0,0,0,1,0,0,0,0
1875,1695,Clockwatchers (1997),1997.0,164,3.402439024390244,0.9629629629629619,0.04756346658885322,0.600609756097561,0,0,0,0,1,0,0,0,0,0,0,0,0,0,0,0,0,0
1876,1696,Deep Impact (1998),1998.0,895,3.166480446927374,0.9753086419753068,0.2608695652173913,0.5416201117318435,1,0,0,0,0,0,0,1,0,0,0,0,0,0,1,1,0,0
1877,1697,Little Men (1998),1998.0,4,2.5,0.9753086419753068,0.0008754012255617157,0.375,0,0,0,0,0,0,0,1,0,0,0,0,0,0,0,0,0,0
1878,1698,Woo (1998),1998.0,11,2.0,0.9753086419753068,0.002918004085205719,0.25,0,0,0,0,1,0,0,0,0,0,0,0,0,1,0,0,0,0
1879,1699,"Hanging Garden, The (1997)",1997.0,22,3.909090909090909,0.9629629629629619,0.00612780857893201,0.7272727272727273,0,0,0,0,0,0,0,1,0,0,0,0,0,0,0,0,0,0
1880,1700,Lawn Dogs (1997),1997.0,26,3.423076923076923,0.9629629629629619,0.007295010213014298,0.6057692307692307,0,0,0,0,0,0,0,1,0,0,0,0,0,0,0,0,0,0
1881,1701,Quest for Camelot (1998),1998.0,68,2.7794117647058822,0.9753086419753068,0.019550627370878315,0.44485294117647056,0,1,1,1,0,0,0,0,1,0,0,0,0,0,0,0,0,0
1882,1702,Godzilla (1998),1998.0,499,2.3246492985971945,0.9753086419753068,0.14531660344324482,0.3311623246492986,1,0,0,0,0,0,0,0,0,0,0,0,0,0,1,0,0,0
1883,1703,Bulworth (1998),1998.0,664,3.4352409638554215,0.9753086419753068,0.19346367084913918,0.6088102409638554,0,0,0,0,1,0,0,0,0,0,0,0,0,0,0,0,0,0
1884,1704,Fear and Loathing in Las Vegas (1998),1998.0,298,3.3456375838926173,0.9753086419753068,0.08666472133060986,0.5864093959731543,0,0,0,0,1,0,0,1,0,0,0,0,0,0,0,0,0,0
1885,1705,"Opposite of Sex, The (1998)",1998.0,608,3.692434210526316,0.9753086419753068,0.17712284797198716,0.673108552631579,0,0,0,0,1,0,0,1,0,0,0,0,0,0,0,0,0,0
1886,1706,I Got the Hook Up (1998),1998.0,4,2.75,0.9753086419753068,0.0008754012255617157,0.4375,0,0,0,0,1,0,0,0,0,0,0,0,0,0,0,0,0,0
1887,1707,Almost Heroes (1998),1998.0,60,2.4833333333333334,0.9753086419753068,0.017216224102713742,0.37083333333333335,0,1,0,0,1,0,0,0,0,0,0,0,0,0,0,0,0,0
1888,1708,Hope Floats (1998),1998.0,387,2.994832041343669,0.9753086419753068,0.11263495768894076,0.4987080103359173,0,0,0,0,1,0,0,1,0,0,0,0,0,1,0,0,0,0
1889,1709,Insomnia (1997),1997.0,49,3.877551020408163,0.9629629629629619,0.014006419608987452,0.7193877551020408,0,0,0,0,0,0,0,0,0,0,0,0,0,0,0,1,0,0
1890,1710,Little Boy Blue (1997),1997.0,7,2.4285714285714284,0.9629629629629619,0.0017508024511234312,0.3571428571428571,0,0,0,0,0,0,0,1,0,0,0,0,0,0,0,0,0,0
1891,1711,"Ugly, The (1997)",1997.0,9,1.8888888888888888,0.9629629629629619,0.0023344032681645753,0.2222222222222222,0,0,0,0,0,0,0,0,0,0,1,0,0,0,0,1,0,0
1892,1712,"Perfect Murder, A (1998)",1998.0,401,3.371571072319202,0.9753086419753068,0.11672016340822876,0.5928927680798005,0,0,0,0,0,0,0,0,0,0,0,0,1,0,0,1,0,0
1893,1713,Beyond Silence (1996),1996.0,21,3.761904761904762,0.9506172839506171,0.005836008170411439,0.6904761904761905,0,0,0,0,0,0,0,1,0,0,0,0,0,0,0,0,0,0
1894,1714,Six Days Seven Nights (1998),1998.0,471,2.910828025477707,0.9753086419753068,0.13714619200466882,0.47770700636942676,0,1,0,0,1,0,0,0,0,0,0,0,0,1,0,0,0,0
1895,1715,Can't Hardly Wait (1998),1998.0,306,3.238562091503268,0.9753086419753068,0.08899912459877443,0.559640522875817,0,0,0,0,1,0,0,1,0,0,0,0,0,1,0,0,0,0
1896,1716,Cousin Bette (1998),1998.0,47,3.106382978723404,0.9753086419753068,0.013422818791946308,0.526595744680851,0,0,0,0,1,0,0,0,0,0,0,0,0,0,0,0,0,0
1897,1717,High Art (1998),1998.0,133,3.5037593984962405,0.9753086419753068,0.03851765392471549,0.6259398496240601,0,0,0,0,0,0,0,1,0,0,0,0,0,1,0,0,0,0
1898,1718,"Land Girls, The (1998)",1998.0,14,3.642857142857143,0.9753086419753068,0.0037934053107674345,0.6607142857142857,0,0,0,0,0,0,0,1,0,0,0,0,0,0,0,0,1,0
1899,1719,Passion in the Desert (1998),1998.0,10,3.2,0.9753086419753068,0.0026262036766851473,0.55,0,1,0,0,0,0,0,1,0,0,0,0,0,0,0,0,0,0
1900,1720,"Children of Heaven, The (Bacheha-Ye Aseman) (1997)",1997.0,61,4.163934426229508,0.9629629629629619,0.017508024511234312,0.790983606557377,0,0,0,0,0,0,0,1,0,0,0,0,0,0,0,0,0,0
1901,1721,Dear Jesse (1997),1997.0,5,4.0,0.9629629629629619,0.0011672016340822876,0.75,0,0,0,0,0,0,1,0,0,0,0,0,0,0,0,0,0,0
1902,1722,Dream for an Insomniac (1996),1996.0,30,3.1,0.9506172839506171,0.008462211847096586,0.525,0,0,0,0,0,0,0,1,0,0,0,0,0,1,0,0,0,0
1903,1723,Hav Plenty (1997),1997.0,6,3.3333333333333335,0.9629629629629619,0.0014590020426028597,0.5833333333333334,0,0,0,0,1,0,0,0,0,0,0,0,0,0,0,0,0,0
1904,1724,Henry Fool (1997),1997.0,113,3.4867256637168142,0.9629629629629619,0.03268164575430405,0.6216814159292036,0,0,0,0,1,0,0,1,0,0,0,0,0,0,0,0,0,0
1905,1725,Marie Baie Des Anges (1997),1997.0,2,1.5,0.9629629629629619,0.0002918004085205719,0.125,0,0,0,0,0,0,0,1,0,0,0,0,0,0,0,0,0,0
1906,1726,Mr. Jealousy (1997),1997.0,32,3.21875,0.9629629629629619,0.00904581266413773,0.5546875,0,0,0,0,1,0,0,0,0,0,0,0,0,1,0,0,0,0
1907,1727,Mulan (1998),1998.0,490,3.742857142857143,0.9753086419753068,0.14269039976655967,0.6857142857142857,0,0,1,1,0,0,0,0,0,0,0,0,0,0,0,0,0,0
1908,1728,Resurrection Man (1998),1998.0,1,3.0,0.9753086419753068,0.0,0.5,0,0,0,0,0,0,0,1,0,0,0,0,0,0,0,1,0,0
1909,1729,"X-Files: Fight the Future, The (1998)",1998.0,996,3.4929718875502007,0.9753086419753068,0.2903414064779691,0.6232429718875502,0,0,0,0,0,0,0,0,0,0,0,0,1,0,1,1,0,0
1910,1730,I Went Down (1997),1997.0,41,3.7560975609756095,0.9629629629629619,0.011672016340822877,0.6890243902439024,1,0,0,0,1,1,0,0,0,0,0,0,0,0,0,0,0,0
1911,1731,Doctor Dolittle (1998),1998.0,527,2.9297912713472485,0.9753086419753068,0.15348701488182084,0.4824478178368121,0,0,0,0,1,0,0,0,0,0,0,0,0,0,0,0,0,0
1912,1732,Out of Sight (1998),1998.0,908,3.797356828193833,0.9753086419753068,0.26466297052815874,0.6993392070484582,1,0,0,0,0,1,0,0,0,0,0,0,0,1,0,0,0,0
1913,1733,Picnic at Hanging Rock (1975),1975.0,167,3.8263473053892216,0.6913580246913575,0.048438867814414935,0.7065868263473054,0,0,0,0,0,0,0,1,0,0,0,0,1,0,0,0,0,0
1914,1734,Smoke Signals (1998),1998.0,372,3.8091397849462365,0.9753086419753068,0.10825795156113217,0.7022849462365591,0,0,0,0,1,0,0,1,0,0,0,0,0,0,0,0,0,0
1915,1735,Voyage to the Beginning of the World (1997),1997.0,1,4.0,0.9629629629629619,0.0,0.75,0,0,0,0,0,0,0,1,0,0,0,0,0,0,0,0,0,0
1916,1736,Buffalo 66 (1998),1998.0,354,3.505649717514124,0.9753086419753068,0.10300554420776188,0.626412429378531,1,0,0,0,1,0,0,1,0,0,0,0,0,0,0,0,0,0
1917,1737,Armageddon (1998),1998.0,1110,3.191891891891892,0.9753086419753068,0.32360665304931424,0.547972972972973,1,1,0,0,0,0,0,0,0,0,0,0,0,0,1,1,0,0
1918,1738,Lethal Weapon 4 (1998),1998.0,669,3.14050822122571,0.9753086419753068,0.19492267289174206,0.5351270553064275,1,0,0,0,1,1,0,1,0,0,0,0,0,0,0,0,0,0
1919,1739,Madeline (1998),1998.0,116,3.1724137931034484,0.9753086419753068,0.033557046979865765,0.5431034482758621,0,0,0,1,1,0,0,0,0,0,0,0,0,0,0,0,0,0
1920,1740,Small Soldiers (1998),1998.0,364,2.8104395604395602,0.9753086419753068,0.1059235482929676,0.45260989010989006,0,0,1,1,0,0,0,0,1,0,0,0,0,0,0,0,1,0
1921,1741,Pi (1998),1998.0,613,3.7911908646003263,0.9753086419753068,0.17858185001459,0.6977977161500816,0,0,0,0,0,0,0,0,0,0,0,0,0,0,1,1,0,0
1922,1742,Whatever (1998),1998.0,52,3.423076923076923,0.9753086419753068,0.014881820834549168,0.6057692307692307,0,0,0,0,0,0,0,1,0,0,0,0,0,0,0,0,0,0
1923,1743,There's Something About Mary (1998),1998.0,1371,3.9044493070751276,0.9753086419753068,0.39976655967318353,0.7261123267687819,0,0,0,0,1,0,0,0,0,0,0,0,0,0,0,0,0,0
1924,1744,Plan 9 from Outer Space (1958),1958.0,249,2.6345381526104417,0.48148148148148096,0.07236650131310184,0.4086345381526104,0,0,0,0,0,0,0,0,0,0,1,0,0,0,1,0,0,0
1925,1745,Wings (1927),1927.0,45,3.888888888888889,0.09876543209876587,0.012839217974905164,0.7222222222222222,0,0,0,0,0,0,0,1,0,0,0,0,0,1,0,0,1,0
1926,1746,"Broadway Melody, The (1929)",1929.0,32,3.1875,0.12345679012345556,0.00904581266413773,0.546875,0,0,0,0,0,0,0,0,0,0,0,1,0,0,0,0,0,0
1927,1747,All Quiet on the Western Front (1930),1930.0,268,4.1940298507462686,0.1358024691358004,0.0779107090749927,0.7985074626865671,0,0,0,0,0,0,0,0,0,0,0,0,0,0,0,0,1,0
1928,1748,Cimarron (1931),1931.0,29,3.3793103448275863,0.1481481481481488,0.008170411438576013,0.5948275862068966,0,0,0,0,0,0,0,0,0,0,0,0,0,0,0,0,0,1
1929,1749,Grand Hotel (1932),1932.0,84,3.7857142857142856,0.16049382716049365,0.024219433907207467,0.6964285714285714,0,0,0,0,0,0,0,1,0,0,0,0,0,0,0,0,0,0
1930,1750,Cavalcade (1933),1933.0,5,3.0,0.1728395061728385,0.0011672016340822876,0.5,0,0,0,0,0,0,0,1,0,0,0,0,0,0,0,0,0,0
1931,1751,Mutiny on the Bounty (1935),1935.0,225,4.0311111111111115,0.19753086419753174,0.0653632915086081,0.7577777777777779,0,1,0,0,0,0,0,0,0,0,0,0,0,0,0,0,0,0
1932,1752,"Great Ziegfeld, The (1936)",1936.0,36,3.2777777777777777,0.2098765432098766,0.010213014298220018,0.5694444444444444,0,0,0,0,0,0,0,0,0,0,0,1,0,0,0,0,0,0
1933,1753,"Life of Émile Zola, The (1937)",1937.0,21,3.380952380952381,0.22222222222222143,0.005836008170411439,0.5952380952380952,0,0,0,0,0,0,0,1,0,0,0,0,0,0,0,0,0,0
1934,1754,You Can't Take It With You (1938),1938.0,77,4.012987012987013,0.23456790123456628,0.022176831047563465,0.7532467532467533,0,0,0,0,1,0,0,0,0,0,0,0,0,0,0,0,0,0
1935,1755,How Green Was My Valley (1941),1941.0,107,4.02803738317757,0.27160493827160437,0.030930843303180622,0.7570093457943925,0,0,0,0,0,0,0,1,0,0,0,0,0,0,0,0,0,0
1936,1756,Mrs. Miniver (1942),1942.0,82,3.8780487804878048,0.2839506172839492,0.023635833090166324,0.7195121951219512,0,0,0,0,0,0,0,1,0,0,0,0,0,0,0,0,1,0
1937,1757,Going My Way (1944),1944.0,63,3.7301587301587302,0.30864197530864246,0.018091625328275455,0.6825396825396826,0,0,0,0,1,0,0,0,0,0,0,0,0,0,0,0,0,0
1938,1758,"Lost Weekend, The (1945)",1945.0,122,3.9098360655737703,0.3209876543209873,0.0353078494309892,0.7274590163934426,0,0,0,0,0,0,0,1,0,0,0,0,0,0,0,0,0,0
1939,1759,"Best Years of Our Lives, The (1946)",1946.0,236,4.122881355932203,0.33333333333333215,0.0685730960023344,0.7807203389830508,0,0,0,0,0,0,0,1,0,0,0,0,0,0,0,0,1,0
1940,1760,Gentleman's Agreement (1947),1947.0,91,3.89010989010989,0.345679012345677,0.02626203676685147,0.7225274725274725,0,0,0,0,0,0,0,1,0,0,0,0,0,0,0,0,0,0
1941,1761,Hamlet (1948),1948.0,113,3.8053097345132745,0.3580246913580254,0.03268164575430405,0.7013274336283186,0,0,0,0,0,0,0,1,0,0,0,0,0,0,0,0,0,0
1942,1762,All the King's Men (1949),1949.0,119,4.033613445378151,0.37037037037037024,0.034432448205427485,0.7584033613445378,0,0,0,0,0,0,0,1,0,0,0,0,0,0,0,0,0,0
1943,1763,"Greatest Show on Earth, The (1952)",1952.0,61,3.278688524590164,0.40740740740740833,0.017508024511234312,0.569672131147541,0,0,0,0,0,0,0,1,0,0,0,0,0,0,0,0,0,0
1944,1764,From Here to Eternity (1953),1953.0,364,4.096153846153846,0.4197530864197532,0.1059235482929676,0.7740384615384615,0,0,0,0,0,0,0,1,0,0,0,0,0,1,0,0,1,0
1945,1765,On the Waterfront (1954),1954.0,519,4.269749518304431,0.432098765432098,0.15115261161365626,0.8174373795761078,0,0,0,0,0,1,0,1,0,0,0,0,0,0,0,0,0,0
1946,1766,Marty (1955),1955.0,205,3.975609756097561,0.44444444444444287,0.059527283338196665,0.7439024390243902,0,0,0,0,0,0,0,1,0,0,0,0,0,1,0,0,0,0
1947,1767,West Side Story (1961),1961.0,761,4.057818659658344,0.518518518518519,0.22176831047563467,0.764454664914586,0,0,0,0,0,0,0,0,0,0,0,1,0,1,0,0,0,0
1948,1768,Tom Jones (1963),1963.0,198,3.8585858585858586,0.5432098765432087,0.057484680478552666,0.7146464646464646,0,0,0,0,1,0,0,0,0,0,0,0,0,0,0,0,0,0
1949,1769,"Man for All Seasons, A (1966)",1966.0,219,4.232876712328767,0.5802469135802468,0.06361248905748468,0.8082191780821917,0,0,0,0,0,0,0,1,0,0,0,0,0,0,0,0,0,0
1950,1770,In the Heat of the Night (1967),1967.0,348,4.129310344827586,0.5925925925925917,0.10125474175663846,0.7823275862068966,0,0,0,0,0,0,0,1,0,0,0,0,1,0,0,0,0,0
1951,1771,Oliver! (1968),1968.0,213,3.6948356807511735,0.6049382716049365,0.061861686606361245,0.6737089201877934,0,0,0,0,0,0,0,0,0,0,0,1,0,0,0,0,0,0
1952,1772,Midnight Cowboy (1969),1969.0,663,4.113122171945701,0.6172839506172814,0.19317187044061862,0.7782805429864252,0,0,0,0,0,0,0,1,0,0,0,0,0,0,0,0,0,0
1953,1773,"French Connection, The (1971)",1971.0,861,4.098722415795587,0.6419753086419746,0.25094835132769183,0.7746806039488967,1,0,0,0,0,1,0,1,0,0,0,0,0,0,0,1,0,0
1954,1774,Rocky (1976),1976.0,1129,3.9433126660761735,0.7037037037037024,0.32915086081120515,0.7358281665190434,1,0,0,0,0,0,0,1,0,0,0,0,0,0,0,0,0,0
1955,1775,Kramer Vs. Kramer (1979),1979.0,452,3.7964601769911503,0.7407407407407405,0.13160198424277794,0.6991150442477876,0,0,0,0,0,0,0,1,0,0,0,0,0,0,0,0,0,0
1956,1776,Ordinary People (1980),1980.0,507,3.990138067061144,0.7530864197530853,0.1476510067114094,0.747534516765286,0,0,0,0,0,0,0,1,0,0,0,0,0,0,0,0,0,0
1957,1777,Chariots of Fire (1981),1981.0,634,3.7965299684542586,0.7654320987654302,0.18470965859352204,0.6991324921135647,0,0,0,0,0,0,0,1,0,0,0,0,0,0,0,0,0,0
1958,1778,Terms of Endearment (1983),1983.0,530,3.607547169811321,0.7901234567901234,0.15436241610738255,0.6518867924528302,0,0,0,0,1,0,0,1,0,0,0,0,0,0,0,0,0,0
1959,1779,Out of Africa (1985),1985.0,626,3.6533546325878596,0.8148148148148131,0.18237525532535745,0.6633386581469649,0,0,0,0,0,0,0,1,0,0,0,0,0,1,0,0,0,0
1960,1780,"Last Emperor, The (1987)",1987.0,636,3.9764150943396226,0.8395061728395063,0.18529325941056318,0.7441037735849056,0,0,0,0,0,0,0,1,0,0,0,0,0,0,0,0,1,0
1961,1781,Rain Man (1988),1988.0,1330,4.053383458646617,0.8518518518518512,0.3878027429238401,0.7633458646616542,0,0,0,0,0,0,0,1,0,0,0,0,0,0,0,0,0,0
1962,1782,Driving Miss Daisy (1989),1989.0,652,3.8773006134969323,0.864197530864196,0.18996206594689233,0.7193251533742331,0,0,0,0,0,0,0,1,0,0,0,0,0,0,0,0,0,0
1963,1783,Take the Money and Run (1969),1969.0,252,4.051587301587301,0.6172839506172814,0.07324190253866354,0.7628968253968254,0,0,0,0,1,0,0,0,0,0,0,0,0,0,0,0,0,0
1964,1784,Klute (1971),1971.0,302,3.80794701986755,0.6419753086419746,0.08783192296469214,0.7019867549668874,0,0,0,0,0,0,0,1,0,0,0,0,1,0,0,0,0,0
1965,1785,Repo Man (1984),1984.0,751,3.6830892143808254,0.8024691358024683,0.21885030639042893,0.6707723035952063,0,0,0,0,1,0,0,0,0,0,0,0,0,0,1,0,0,0
1966,1786,Metropolitan (1990),1990.0,198,3.6464646464646466,0.8765432098765409,0.057484680478552666,0.6616161616161617,0,0,0,0,1,0,0,0,0,0,0,0,0,0,0,0,0,0
1967,1787,Labyrinth (1986),1986.0,554,3.637184115523466,0.827160493827158,0.16136562591187628,0.6592960288808665,0,1,0,1,0,0,0,0,1,0,0,0,0,0,0,0,0,0
1968,1788,"Breakfast Club, The (1985)",1985.0,1539,3.8797920727745288,0.8148148148148131,0.4487890283046396,0.7199480181936322,0,0,0,0,1,0,0,1,0,0,0,0,0,0,0,0,0,0
1969,1789,"Nightmare on Elm Street Part 2: Freddy's Revenge, A (1985)",1985.0,274,2.321167883211679,0.8148148148148131,0.07966151152611613,0.3302919708029197,0,0,0,0,0,0,0,0,0,0,1,0,0,0,0,0,0,0
1970,1790,"Nightmare on Elm Street 3: Dream Warriors, A (1987)",1987.0,268,2.6417910447761193,0.8395061728395063,0.0779107090749927,0.4104477611940298,0,0,0,0,0,0,0,0,0,0,1,0,0,0,0,0,0,0
1971,1791,"Nightmare on Elm Street 4: The Dream Master, A (1988)",1988.0,242,2.239669421487603,0.8518518518518512,0.07032389845345782,0.3099173553719008,0,0,0,0,0,0,0,0,0,0,1,0,0,0,0,0,0,0
1972,1792,"Nightmare on Elm Street 5: The Dream Child, A (1989)",1989.0,200,1.995,0.864197530864196,0.058068281295593806,0.24875000000000003,0,0,0,0,0,0,0,0,0,0,1,0,0,0,0,0,0,0
1973,1793,Freddy's Dead: The Final Nightmare (1991),1991.0,215,2.181395348837209,0.8888888888888893,0.062445287423402385,0.2953488372093023,0,0,0,0,0,0,0,0,0,0,1,0,0,0,0,0,0,0
1974,1794,Friday the 13th (1980),1980.0,317,3.0410094637223977,0.7530864197530853,0.09220892909250072,0.5102523659305994,0,0,0,0,0,0,0,0,0,0,1,0,0,0,0,0,0,0
1975,1795,Friday the 13th Part 2 (1981),1981.0,171,2.426900584795322,0.7654320987654302,0.04960606944849722,0.35672514619883045,0,0,0,0,0,0,0,0,0,0,1,0,0,0,0,0,0,0
1976,1796,Friday the 13th Part 3: 3D (1982),1982.0,199,1.979899497487437,0.7777777777777786,0.05777648088707324,0.24497487437185927,0,0,0,0,0,0,0,0,0,0,1,0,0,0,0,0,0,0
1977,1797,Friday the 13th: The Final Chapter (1984),1984.0,169,2.1775147928994083,0.8024691358024683,0.04902246863145608,0.2943786982248521,0,0,0,0,0,0,0,0,0,0,1,0,0,0,0,0,0,0
1978,1798,Friday the 13th Part V: A New Beginning (1985),1985.0,114,2.0789473684210527,0.8148148148148131,0.032973446162824625,0.26973684210526316,0,0,0,0,0,0,0,0,0,0,1,0,0,0,0,0,0,0
1979,1799,Friday the 13th Part VI: Jason Lives (1986),1986.0,112,2.1785714285714284,0.827160493827158,0.03238984534578348,0.2946428571428571,0,0,0,0,0,0,0,0,0,0,1,0,0,0,0,0,0,0
1980,1800,Friday the 13th Part VII: The New Blood (1988),1988.0,91,2.1538461538461537,0.8518518518518512,0.02626203676685147,0.28846153846153844,0,0,0,0,0,0,0,0,0,0,1,0,0,0,0,0,0,0
1981,1801,Friday the 13th Part VIII: Jason Takes Manhattan (1989),1989.0,99,1.8383838383838385,0.864197530864196,0.028596440035016046,0.2095959595959596,0,0,0,0,0,0,0,0,0,0,1,0,0,0,0,0,0,0
1982,1802,Halloween (1978),1978.0,506,3.7134387351778657,0.7283950617283956,0.14735920630288882,0.6783596837944664,0,0,0,0,0,0,0,0,0,0,1,0,0,0,0,0,0,0
1983,1803,Halloween II (1981),1981.0,195,2.753846153846154,0.7654320987654302,0.056609279252990946,0.43846153846153846,0,0,0,0,0,0,0,0,0,0,1,0,0,0,0,0,0,0
1984,1804,Halloween III: Season of the Witch (1983),1983.0,105,2.0952380952380953,0.7901234567901234,0.030347242486139476,0.27380952380952384,0,0,0,0,0,0,0,0,0,0,1,0,0,0,0,0,0,0
1985,1805,Halloween 4: The Return of Michael Myers (1988),1988.0,129,2.4108527131782944,0.8518518518518512,0.037350452290633204,0.3527131782945736,0,0,0,0,0,0,0,0,0,0,1,0,0,0,0,0,0,0
1986,1806,Halloween 5: The Revenge of Michael Myers (1989),1989.0,127,2.125984251968504,0.864197530864196,0.03676685147359206,0.28149606299212604,0,0,0,0,0,0,0,0,0,0,1,0,0,0,0,0,0,0
1987,1807,Prom Night (1980),1980.0,91,2.32967032967033,0.7530864197530853,0.02626203676685147,0.33241758241758246,0,0,0,0,0,0,0,0,0,0,1,0,0,0,0,0,0,0
1988,1808,Hello Mary Lou: Prom Night II (1987),1987.0,51,2.0980392156862746,0.8395061728395063,0.014590020426028597,0.27450980392156865,0,0,0,0,0,0,0,0,0,0,1,0,0,0,0,0,0,0
1989,1809,Prom Night III: The Last Kiss (1989),1989.0,15,1.4666666666666666,0.864197530864196,0.004085205719288007,0.11666666666666664,0,0,0,0,0,0,0,0,0,0,1,0,0,0,0,0,0,0
1990,1810,Prom Night IV: Deliver Us From Evil (1992),1992.0,16,1.6875,0.9012345679012341,0.004377006127808579,0.171875,0,0,0,0,0,0,0,0,0,0,1,0,0,0,0,0,0,0
1991,1811,Child's Play (1988),1988.0,239,2.702928870292887,0.8518518518518512,0.06944849722789612,0.42573221757322177,0,0,0,0,0,0,0,0,0,0,1,0,0,0,0,0,0,0
1992,1812,Child's Play 2 (1990),1990.0,133,2.112781954887218,0.8765432098765409,0.03851765392471549,0.27819548872180455,0,0,0,0,0,0,0,0,0,0,1,0,0,0,0,0,0,0
1993,1813,Child's Play 3 (1992),1992.0,97,1.8969072164948453,0.9012345679012341,0.028012839217974903,0.22422680412371132,0,0,0,0,0,0,0,0,0,0,1,0,0,0,0,0,0,0
1994,1814,Poltergeist (1982),1982.0,795,3.6842767295597483,0.7777777777777786,0.2316895243653341,0.6710691823899371,0,0,0,0,0,0,0,0,0,0,1,0,0,0,0,1,0,0
1995,1815,Poltergeist II: The Other Side (1986),1986.0,182,2.423076923076923,0.827160493827158,0.052815873942223514,0.3557692307692307,0,0,0,0,0,0,0,0,0,0,1,0,0,0,0,1,0,0
1996,1816,Poltergeist III (1988),1988.0,112,1.8303571428571428,0.8518518518518512,0.03238984534578348,0.2075892857142857,0,0,0,0,0,0,0,0,0,0,1,0,0,0,0,1,0,0
1997,1817,"Exorcist, The (1973)",1973.0,885,3.9559322033898305,0.6666666666666643,0.2579515611321856,0.7389830508474576,0,0,0,0,0,0,0,0,0,0,1,0,0,0,0,0,0,0
1998,1818,Exorcist II: The Heretic (1977),1977.0,113,1.7699115044247788,0.7160493827160472,0.03268164575430405,0.1924778761061947,0,0,0,0,0,0,0,0,0,0,1,0,0,0,0,0,0,0
1999,1819,"Exorcist III, The (1990)",1990.0,127,2.748031496062992,0.8765432098765409,0.03676685147359206,0.43700787401574803,0,0,0,0,0,0,0,0,0,0,1,0,0,0,0,0,0,0
2000,1820,Lethal Weapon (1987),1987.0,1627,3.8869084204056548,0.8395061728395063,0.4744674642544499,0.7217271051014137,1,0,0,0,1,1,0,1,0,0,0,0,0,0,0,0,0,0
2001,1821,Lethal Weapon 2 (1989),1989.0,1011,3.5450049455984174,0.864197530864196,0.29471841260577764,0.6362512363996043,1,0,0,0,1,1,0,1,0,0,0,0,0,0,0,0,0,0
2002,1822,Lethal Weapon 3 (1992),1992.0,802,3.254364089775561,0.9012345679012341,0.2337321272249781,0.5635910224438903,1,0,0,0,1,1,0,1,0,0,0,0,0,0,0,0,0,0
2003,1823,Gremlins (1984),1984.0,776,3.268041237113402,0.8024691358024683,0.22614531660344325,0.5670103092783505,0,0,0,0,1,0,0,0,0,0,1,0,0,0,0,0,0,0
2004,1824,Gremlins 2: The New Batch (1990),1990.0,372,2.513440860215054,0.8765432098765409,0.10825795156113217,0.3783602150537635,0,0,0,0,1,0,0,0,0,0,1,0,0,0,0,0,0,0
2005,1825,"Goonies, The (1985)",1985.0,716,3.4972067039106145,0.8148148148148131,0.20863729209220894,0.6243016759776536,0,1,0,1,0,0,0,0,1,0,0,0,0,0,0,0,0,0
2006,1826,"Mask of Zorro, The (1998)",1998.0,983,3.5615462868769074,0.9753086419753068,0.28654800116720164,0.6403865717192269,1,1,0,0,0,0,0,0,0,0,0,0,0,1,0,0,0,0
2007,1827,Polish Wedding (1998),1998.0,65,2.6769230769230767,0.9753086419753068,0.018675226145316602,0.4192307692307692,0,0,0,0,1,0,0,0,0,0,0,0,0,0,0,0,0,0
2008,1828,"This World, Then the Fireworks (1996)",1996.0,15,2.533333333333333,0.9506172839506171,0.004085205719288007,0.3833333333333333,0,0,0,0,0,1,0,1,0,1,0,0,0,0,0,0,0,0
2009,1829,Soylent Green (1973),1973.0,422,3.518957345971564,0.6666666666666643,0.12284797198716077,0.629739336492891,0,0,0,0,0,0,0,0,0,0,0,0,0,0,1,1,0,0
2010,1830,Metropolis (1926),1926.0,388,4.082474226804123,0.08641975308641747,0.11292675809746133,0.7706185567010309,0,0,0,0,0,0,0,0,0,0,0,0,0,0,1,0,0,0
2011,1831,Back to the Future Part II (1989),1989.0,1158,3.3436960276338517,0.864197530864196,0.3376130726583017,0.5859240069084629,0,0,0,0,1,0,0,0,0,0,0,0,0,0,1,0,0,0
2012,1832,Back to the Future Part III (1990),1990.0,1148,3.2421602787456445,0.8765432098765409,0.334695068573096,0.5605400696864111,0,0,0,0,1,0,0,0,0,0,0,0,0,0,1,0,0,1
2013,1833,"Poseidon Adventure, The (1972)",1972.0,622,3.454983922829582,0.6543209876543195,0.18120805369127516,0.6137459807073955,1,1,0,0,0,0,0,0,0,0,0,0,0,0,0,0,0,0
2014,1834,Freaky Friday (1977),1977.0,180,3.1777777777777776,0.7160493827160472,0.05223227312518237,0.5444444444444444,0,0,0,1,1,0,0,0,0,0,0,0,0,0,0,0,0,0
2015,1835,"Absent Minded Professor, The (1961)",1961.0,380,3.4526315789473685,0.518518518518519,0.11059235482929675,0.6131578947368421,0,0,0,1,1,0,0,0,1,0,0,0,0,0,0,0,0,0
2016,1836,"Apple Dumpling Gang Rides Again, The (1979)",1979.0,109,2.6605504587155964,0.7407407407407405,0.031514444120221766,0.4151376146788991,0,0,0,1,1,0,0,0,0,0,0,0,0,0,0,0,0,1
2017,1837,Babes in Toyland (1961),1961.0,162,2.9876543209876543,0.518518518518519,0.046979865771812075,0.49691358024691357,0,0,0,1,0,0,0,0,1,0,0,1,0,0,0,0,0,0
2018,1838,Bambi (1942),1942.0,589,3.738539898132428,0.2839506172839492,0.1715786402100963,0.684634974533107,0,0,1,1,0,0,0,0,0,0,0,0,0,0,0,0,0,0
2019,1839,Seven Samurai (The Magnificent Seven) (Shichinin no samurai) (1954),1954.0,628,4.560509554140127,0.432098765432098,0.1829588561423986,0.8901273885350318,1,0,0,0,0,0,0,1,0,0,0,0,0,0,0,0,0,0
2020,1840,Dangerous Liaisons (1988),1988.0,773,3.9715394566623545,0.8518518518518512,0.22526991537788152,0.7428848641655886,0,0,0,0,0,0,0,1,0,0,0,0,0,1,0,0,0,0
2021,1841,Dune (1984),1984.0,789,3.356147021546261,0.8024691358024683,0.22993872191421066,0.5890367553865653,0,0,0,0,0,0,0,0,1,0,0,0,0,0,1,0,0,0
2022,1842,"Last Temptation of Christ, The (1988)",1988.0,254,3.531496062992126,0.8518518518518512,0.07382550335570469,0.6328740157480315,0,0,0,0,0,0,0,1,0,0,0,0,0,0,0,0,0,0
2023,1843,"Godfather: Part III, The (1990)",1990.0,774,3.3449612403100777,0.8765432098765409,0.2255617157864021,0.5862403100775194,1,0,0,0,0,1,0,1,0,0,0,0,0,0,0,0,0,0
2024,1844,"Rapture, The (1991)",1991.0,148,3.3175675675675675,0.8888888888888893,0.04289466005252407,0.5793918918918919,0,0,0,0,0,0,0,1,0,0,0,0,1,0,0,0,0,0
2025,1845,Lolita (1997),1997.0,221,3.3438914027149322,0.9629629629629619,0.06419608987452582,0.5859728506787331,0,0,0,0,0,0,0,1,0,0,0,0,0,1,0,0,0,0
2026,1846,Disturbing Behavior (1998),1998.0,161,2.68944099378882,0.9753086419753068,0.0466880653632915,0.422360248447205,0,0,0,0,0,0,0,0,0,0,1,0,0,0,0,1,0,0
2027,1847,Mafia! (1998),1998.0,129,2.449612403100775,0.9753086419753068,0.037350452290633204,0.3624031007751938,0,0,0,0,1,1,0,0,0,0,0,0,0,0,0,0,0,0
2028,1848,Saving Private Ryan (1998),1998.0,2653,4.337353938937053,0.9753086419753068,0.7738546833965566,0.8343384847342632,1,0,0,0,0,0,0,1,0,0,0,0,0,0,0,0,1,0
2029,1849,Billy's Hollywood Screen Kiss (1997),1997.0,76,3.6710526315789473,0.9629629629629619,0.02188503063904289,0.6677631578947368,0,0,0,0,1,0,0,0,0,0,0,0,0,1,0,0,0,0
2031,1850,"$1,000,000 Duck (1971)",1971.0,37,3.027027027027027,0.6419753086419746,0.01050481470674059,0.5067567567567568,0,0,0,1,1,0,0,0,0,0,0,0,0,0,0,0,0,0
2032,1851,"Barefoot Executive, The (1971)",1971.0,40,2.925,0.6419753086419746,0.011380215932302306,0.48124999999999996,0,0,0,1,1,0,0,0,0,0,0,0,0,0,0,0,0,0
2033,1852,"Black Cauldron, The (1985)",1985.0,200,3.165,0.8148148148148131,0.058068281295593806,0.54125,0,0,1,1,0,0,0,0,0,0,0,0,0,0,0,0,0,0
2034,1853,"Black Hole, The (1979)",1979.0,295,2.772881355932203,0.7407407407407405,0.08578932010504814,0.4432203389830508,0,0,0,0,0,0,0,0,0,0,0,0,0,0,1,0,0,0
2035,1854,Blackbeard's Ghost (1968),1968.0,57,3.1052631578947367,0.6049382716049365,0.016340822877152026,0.5263157894736842,0,0,0,1,1,0,0,0,0,0,0,0,0,0,0,0,0,0
2036,1855,Blank Check (1994),1994.0,96,2.21875,0.9259259259259238,0.02772103880945433,0.3046875,0,0,0,1,1,0,0,0,0,0,0,0,0,0,0,0,0,0
2037,1856,Candleshoe (1977),1977.0,54,3.537037037037037,0.7160493827160472,0.015465421651590311,0.6342592592592593,0,1,0,1,1,0,0,0,0,0,0,0,0,0,0,0,0,0
2038,1857,"Cat from Outer Space, The (1978)",1978.0,198,2.904040404040404,0.7283950617283956,0.057484680478552666,0.476010101010101,0,0,0,1,1,0,0,0,0,0,0,0,0,0,1,0,0,0
2039,1858,Cheetah (1989),1989.0,1,1.0,0.864197530864196,0.0,0.0,0,1,0,1,0,0,0,0,0,0,0,0,0,0,0,0,0,0
2040,1859,"Computer Wore Tennis Shoes, The (1970)",1970.0,128,2.9453125,0.6296296296296298,0.03705865188211263,0.486328125,0,0,0,1,1,0,0,0,0,0,0,0,0,0,0,0,0,0
2041,1860,Condorman (1981),1981.0,145,2.668965517241379,0.7654320987654302,0.04201925882696236,0.4172413793103448,1,1,0,1,1,0,0,0,0,0,0,0,0,0,0,0,0,0
2042,1861,D2: The Mighty Ducks (1994),1994.0,193,2.6321243523316062,0.9259259259259238,0.056025678435949806,0.40803108808290156,0,0,0,1,1,0,0,0,0,0,0,0,0,0,0,0,0,0
2043,1862,Darby O'Gill and the Little People (1959),1959.0,158,3.2721518987341773,0.4938271604938258,0.04581266413772979,0.5680379746835443,0,1,0,1,0,0,0,0,1,0,0,0,0,0,0,0,0,0
2044,1863,"Devil and Max Devlin, The (1981)",1981.0,52,2.5384615384615383,0.7654320987654302,0.014881820834549168,0.3846153846153846,0,0,0,0,1,0,0,0,0,0,0,0,0,0,0,0,0,0
2045,1864,"Far Off Place, A (1993)",1993.0,55,3.4545454545454546,0.913580246913579,0.015757222060110883,0.6136363636363636,0,1,0,1,0,0,0,1,0,0,0,0,0,1,0,0,0,0
2046,1865,Flight of the Navigator (1986),1986.0,536,3.466417910447761,0.827160493827158,0.156113218558506,0.6166044776119403,0,1,0,1,0,0,0,0,0,0,0,0,0,0,1,0,0,0
2047,1866,"Gnome-Mobile, The (1967)",1967.0,22,3.1818181818181817,0.5925925925925917,0.00612780857893201,0.5454545454545454,0,0,0,1,0,0,0,0,0,0,0,0,0,0,0,0,0,0
2048,1867,"Great Mouse Detective, The (1986)",1986.0,131,3.49618320610687,0.827160493827158,0.037934053107674344,0.6240458015267175,0,0,1,1,0,0,0,0,0,0,0,0,0,0,0,0,0,0
2049,1868,"Happiest Millionaire, The (1967)",1967.0,37,3.324324324324324,0.5925925925925917,0.01050481470674059,0.581081081081081,0,0,0,0,1,0,0,0,0,0,0,1,0,0,0,0,0,0
2050,1869,Herbie Goes Bananas (1980),1980.0,104,2.5384615384615383,0.7530864197530853,0.030055442077618906,0.3846153846153846,0,1,0,1,1,0,0,0,0,0,0,0,0,0,0,0,0,0
2051,1870,Herbie Goes to Monte Carlo (1977),1977.0,101,2.5544554455445545,0.7160493827160472,0.02918004085205719,0.3886138613861386,0,1,0,1,1,0,0,0,0,0,0,0,0,0,0,0,0,0
2052,1871,Hocus Pocus (1993),1993.0,183,2.8688524590163933,0.913580246913579,0.05310767435074409,0.4672131147540983,0,0,0,1,1,0,0,0,0,0,0,0,0,0,0,0,0,0
2053,1872,"Honey, I Blew Up the Kid (1992)",1992.0,381,2.257217847769029,0.9012345679012341,0.11088415523781732,0.31430446194225725,0,0,0,1,1,0,0,0,0,0,0,0,0,0,1,0,0,0
2054,1873,"Honey, I Shrunk the Kids (1989)",1989.0,1045,2.9330143540669855,0.864197530864196,0.3046396264954771,0.4832535885167464,0,1,0,1,1,0,0,0,1,0,0,0,0,0,1,0,0,0
2055,1874,Hot Lead and Cold Feet (1978),1978.0,42,2.8333333333333335,0.7283950617283956,0.011963816749343449,0.45833333333333337,0,0,0,0,1,0,0,0,0,0,0,0,0,0,0,0,0,1
2056,1875,In Search of the Castaways (1962),1962.0,18,3.5,0.5308641975308639,0.004960606944849723,0.625,0,1,0,1,0,0,0,0,0,0,0,0,0,0,0,0,0,0
2057,1876,"Incredible Journey, The (1963)",1963.0,91,3.340659340659341,0.5432098765432087,0.02626203676685147,0.5851648351648352,0,1,0,1,0,0,0,0,0,0,0,0,0,0,0,0,0,0
2058,1877,"Negotiator, The (1998)",1998.0,799,3.6082603254067585,0.9753086419753068,0.2328567259994164,0.6520650813516896,1,0,0,0,0,0,0,0,0,0,0,0,0,0,0,1,0,0
2059,1878,"Parent Trap, The (1998)",1998.0,268,3.283582089552239,0.9753086419753068,0.0779107090749927,0.5708955223880597,0,0,0,1,0,0,0,1,0,0,0,0,0,0,0,0,0,0
2060,1879,BASEketball (1998),1998.0,183,2.9945355191256833,0.9753086419753068,0.05310767435074409,0.4986338797814208,0,0,0,0,1,0,0,0,0,0,0,0,0,0,0,0,0,0
2061,1880,Full Tilt Boogie (1997),1997.0,7,3.5714285714285716,0.9629629629629619,0.0017508024511234312,0.6428571428571429,0,0,0,0,0,0,1,0,0,0,0,0,0,0,0,0,0,0
2062,1881,"Governess, The (1998)",1998.0,70,3.2,0.9753086419753068,0.020134228187919462,0.55,0,0,0,0,0,0,0,1,0,0,0,0,0,1,0,0,0,0
2063,1882,Seventh Heaven (Le Septième ciel) (1997),1997.0,8,2.5,0.9629629629629619,0.0020426028596440032,0.375,0,0,0,0,0,0,0,1,0,0,0,0,0,1,0,0,0,0
2064,1883,Roger & Me (1989),1989.0,798,4.0739348370927315,0.864197530864196,0.2325649255908958,0.7684837092731829,0,0,0,0,1,0,1,0,0,0,0,0,0,0,0,0,0,0
2065,1884,"Purple Rose of Cairo, The (1985)",1985.0,479,3.5991649269311066,0.8148148148148131,0.13948059527283338,0.6497912317327766,0,0,0,0,1,0,0,1,0,0,0,0,0,1,0,0,0,0
2066,1885,Out of the Past (1947),1947.0,106,4.150943396226415,0.345679012345677,0.03063904289466005,0.7877358490566038,0,0,0,0,0,0,0,0,0,1,0,0,0,0,0,0,0,0
2067,1886,Doctor Zhivago (1965),1965.0,564,4.065602836879433,0.567901234567902,0.164283629997082,0.7664007092198581,0,0,0,0,0,0,0,1,0,0,0,0,0,1,0,0,1,0
2068,1887,Fanny and Alexander (1982),1982.0,128,3.8828125,0.7777777777777786,0.03705865188211263,0.720703125,0,0,0,0,0,0,0,1,0,0,0,0,0,0,0,0,0,0
2069,1888,"Trip to Bountiful, The (1985)",1985.0,140,3.7857142857142856,0.8148148148148131,0.0405602567843595,0.6964285714285714,0,0,0,0,0,0,0,1,0,0,0,0,0,0,0,0,0,0
2070,1889,Tender Mercies (1983),1983.0,264,3.9053030303030303,0.7901234567901234,0.07674350744091041,0.7263257575757576,0,0,0,0,0,0,0,1,0,0,0,0,0,0,0,0,0,0
2071,1890,And the Band Played On (1993),1993.0,171,3.9298245614035086,0.913580246913579,0.04960606944849722,0.7324561403508771,0,0,0,0,0,0,0,1,0,0,0,0,0,0,0,0,0,0
2072,1891,"'burbs, The (1989)",1989.0,303,2.910891089108911,0.864197530864196,0.08812372337321271,0.4777227722772277,0,0,0,0,1,0,0,0,0,0,0,0,0,0,0,0,0,0
2073,1892,Fandango (1985),1985.0,66,3.6666666666666665,0.8148148148148131,0.018967026553837172,0.6666666666666666,0,0,0,0,1,0,0,0,0,0,0,0,0,0,0,0,0,0
2074,1893,"Night Porter, The (Il Portiere di notte) (1974)",1974.0,21,3.5238095238095237,0.6790123456790127,0.005836008170411439,0.6309523809523809,0,0,0,0,0,0,0,1,0,0,0,0,0,0,0,0,0,0
2075,1894,Mephisto (1981),1981.0,81,3.740740740740741,0.7654320987654302,0.02334403268164575,0.6851851851851852,0,0,0,0,0,0,0,1,0,0,0,0,0,0,0,0,1,0
2076,1895,Blue Velvet (1986),1986.0,654,3.7629969418960245,0.827160493827158,0.19054566676393347,0.6907492354740061,0,0,0,0,0,0,0,1,0,0,0,0,1,0,0,0,0,0
2077,1896,"Journey of Natty Gann, The (1985)",1985.0,154,3.4935064935064934,0.8148148148148131,0.0446454625036475,0.6233766233766234,0,1,0,1,0,0,0,0,0,0,0,0,0,0,0,0,0,0
2078,1897,"Jungle Book, The (1967)",1967.0,664,3.816265060240964,0.5925925925925917,0.19346367084913918,0.704066265060241,0,0,1,1,1,0,0,0,0,0,0,1,0,0,0,0,0,0
2079,1898,Kidnapped (1960),1960.0,14,3.5714285714285716,0.5061728395061706,0.0037934053107674345,0.6428571428571429,0,0,0,1,0,0,0,1,0,0,0,0,0,0,0,0,0,0
2080,1899,Lady and the Tramp (1955),1955.0,864,3.8043981481481484,0.44444444444444287,0.25182375255325357,0.7010995370370371,0,0,1,1,1,0,0,0,0,0,0,1,0,1,0,0,0,0
2081,1900,"Little Mermaid, The (1989)",1989.0,1035,3.756521739130435,0.864197530864196,0.30172162241027134,0.6891304347826087,0,0,1,1,1,0,0,0,0,0,0,1,0,1,0,0,0,0
2082,1901,"Mighty Ducks, The (1992)",1992.0,361,2.886426592797784,0.9012345679012341,0.10504814706740588,0.471606648199446,0,0,0,1,1,0,0,0,0,0,0,0,0,0,0,0,0,0
2083,1902,"Muppet Christmas Carol, The (1992)",1992.0,262,3.6068702290076335,0.9012345679012341,0.07615990662386926,0.6517175572519084,0,0,0,1,0,0,0,0,0,0,0,1,0,0,0,0,0,0
2084,1903,Newsies (1992),1992.0,93,3.129032258064516,0.9012345679012341,0.026845637583892613,0.532258064516129,0,0,0,1,0,0,0,0,0,0,0,1,0,0,0,0,0,0
2085,1904,101 Dalmatians (1961),1961.0,565,3.5964601769911506,0.518518518518519,0.16457543040560257,0.6491150442477877,0,0,1,1,0,0,0,0,0,0,0,0,0,0,0,0,0,0
2086,1905,One Magic Christmas (1985),1985.0,29,3.5517241379310347,0.8148148148148131,0.008170411438576013,0.6379310344827587,0,0,0,0,0,0,0,1,1,0,0,0,0,0,0,0,0,0
2087,1906,Peter Pan (1953),1953.0,594,3.65993265993266,0.4197530864197532,0.17303764225269916,0.664983164983165,0,0,1,1,0,0,0,0,1,0,0,1,0,0,0,0,0,0
2088,1907,Popeye (1980),1980.0,471,2.59447983014862,0.7530864197530853,0.13714619200466882,0.39861995753715496,0,1,0,0,1,0,0,0,0,0,0,1,0,0,0,0,0,0
2089,1908,"Rescuers Down Under, The (1990)",1990.0,239,3.196652719665272,0.8765432098765409,0.06944849722789612,0.549163179916318,0,0,1,1,0,0,0,0,0,0,0,0,0,0,0,0,0,0
2090,1909,"Rescuers, The (1977)",1977.0,249,3.4738955823293174,0.7160493827160472,0.07236650131310184,0.6184738955823293,0,0,1,1,0,0,0,0,0,0,0,0,0,0,0,0,0,0
2091,1910,Return from Witch Mountain (1978),1978.0,186,2.849462365591398,0.7283950617283956,0.0539830755763058,0.4623655913978495,0,0,0,1,0,0,0,0,0,0,0,0,0,0,1,0,0,0
2092,1911,"Return of Jafar, The (1993)",1993.0,163,2.4355828220858897,0.913580246913579,0.04727166618033265,0.35889570552147243,0,0,1,1,0,0,0,0,0,0,0,1,0,0,0,0,0,0
2093,1912,Return to Oz (1985),1985.0,276,2.851449275362319,0.8148148148148131,0.08024511234315727,0.4628623188405797,0,1,0,1,0,0,0,0,1,0,0,0,0,0,1,0,0,0
2094,1913,"Rocketeer, The (1991)",1991.0,736,3.108695652173913,0.8888888888888893,0.21447330026262038,0.5271739130434783,1,1,0,0,0,0,0,0,0,0,0,0,0,0,1,0,0,0
2095,1914,"Shaggy D.A., The (1976)",1976.0,113,2.9734513274336285,0.7037037037037024,0.03268164575430405,0.4933628318584071,0,0,0,1,1,0,0,0,0,0,0,0,0,0,0,0,0,0
2096,1915,Sleeping Beauty (1959),1959.0,511,3.710371819960861,0.4938271604938258,0.1488182083454917,0.6775929549902152,0,0,1,1,0,0,0,0,0,0,0,1,0,0,0,0,0,0
2097,1916,Something Wicked This Way Comes (1983),1983.0,213,3.488262910798122,0.7901234567901234,0.061861686606361245,0.6220657276995305,0,0,0,1,0,0,0,0,0,0,1,0,0,0,0,0,0,0
2098,1917,Son of Flubber (1963),1963.0,76,3.1447368421052633,0.5432098765432087,0.02188503063904289,0.5361842105263158,0,0,0,1,1,0,0,0,0,0,0,0,0,0,0,0,0,0
2099,1918,Song of the South (1946),1946.0,221,3.6018099547511313,0.33333333333333215,0.06419608987452582,0.6504524886877828,0,1,1,1,0,0,0,0,0,0,0,1,0,0,0,0,0,0
2100,1919,Splash (1984),1984.0,1163,3.4307824591573515,0.8024691358024683,0.33907207470090456,0.6076956147893379,0,0,0,0,1,0,0,0,1,0,0,0,0,1,0,0,0,0
2101,1920,Squanto: A Warrior's Tale (1994),1994.0,15,3.533333333333333,0.9259259259259238,0.004085205719288007,0.6333333333333333,0,1,0,0,0,0,0,1,0,0,0,0,0,0,0,0,0,0
2102,1921,Steamboat Willie (1940),1940.0,197,3.3857868020304567,0.2592592592592595,0.05719288007003209,0.5964467005076142,0,0,1,1,1,0,0,0,0,0,0,1,0,0,0,0,0,0
2103,1922,Tall Tale (1994),1994.0,37,3.081081081081081,0.9259259259259238,0.01050481470674059,0.5202702702702703,0,1,0,1,0,0,0,0,0,0,0,0,0,0,0,0,0,0
2104,1923,Tex (1982),1982.0,53,3.339622641509434,0.7777777777777786,0.01517362124306974,0.5849056603773585,0,0,0,0,0,0,0,1,0,0,0,0,0,0,0,0,0,0
2105,1924,Tron (1982),1982.0,970,3.3556701030927836,0.7777777777777786,0.2827545958564342,0.5889175257731959,1,1,0,0,0,0,0,0,1,0,0,0,0,0,1,0,0,0
2106,1925,Swing Kids (1993),1993.0,185,3.2972972972972974,0.913580246913579,0.05369127516778523,0.5743243243243243,0,0,0,0,0,0,0,1,0,0,0,0,0,0,0,0,1,0
2107,1926,Halloween: H20 (1998),1998.0,199,2.6884422110552766,0.9753086419753068,0.05777648088707324,0.42211055276381915,0,0,0,0,0,0,0,0,0,0,1,0,0,0,0,1,0,0
2108,1927,L.A. Story (1991),1991.0,825,3.7066666666666666,0.8888888888888893,0.24044353662095128,0.6766666666666666,0,0,0,0,1,0,0,0,0,0,0,0,0,1,0,0,0,0
2109,1928,"Jerk, The (1979)",1979.0,573,3.743455497382199,0.7407407407407405,0.16690983367376713,0.6858638743455497,0,0,0,0,1,0,0,0,0,0,0,0,0,0,0,0,0,0
2110,1929,Dead Men Don't Wear Plaid (1982),1982.0,367,3.2643051771117166,0.7777777777777786,0.10679894951852932,0.5660762942779292,0,0,0,0,1,1,0,0,0,0,0,0,0,0,0,1,0,0
2111,1930,"Man with Two Brains, The (1983)",1983.0,312,3.2275641025641026,0.7901234567901234,0.09074992704989786,0.5568910256410257,0,0,0,0,1,0,0,0,0,0,0,0,0,0,0,0,0,0
2112,1931,Grand Canyon (1991),1991.0,346,3.4884393063583814,0.8888888888888893,0.10067114093959731,0.6221098265895953,0,0,0,0,0,1,0,1,0,0,0,0,0,0,0,0,0,0
2113,1932,Graveyard Shift (1990),1990.0,79,2.151898734177215,0.8765432098765409,0.022760431864604608,0.2879746835443038,0,0,0,0,0,0,0,0,0,0,1,0,0,0,0,1,0,0
2114,1933,"Outsiders, The (1983)",1983.0,256,3.6875,0.7901234567901234,0.07440910417274584,0.671875,0,0,0,0,0,0,0,1,0,0,0,0,0,0,0,0,0,0
2115,1934,Indiana Jones and the Temple of Doom (1984),1984.0,1127,3.676131322094055,0.8024691358024683,0.328567259994164,0.6690328305235137,1,1,0,0,0,0,0,0,0,0,0,0,0,0,0,0,0,0
2116,1935,"Lord of the Rings, The (1978)",1978.0,438,3.3333333333333335,0.7283950617283956,0.12751677852348994,0.5833333333333334,0,1,1,1,0,0,0,0,0,0,0,0,0,0,1,0,0,0
2117,1936,Nineteen Eighty-Four (1984),1984.0,278,3.7194244604316546,0.8024691358024683,0.08082871316019842,0.6798561151079137,0,0,0,0,0,0,0,1,0,0,0,0,0,0,1,0,0,0
2118,1937,"Dead Zone, The (1983)",1983.0,363,3.7024793388429753,0.7901234567901234,0.10563174788444703,0.6756198347107438,0,0,0,0,0,0,0,0,0,0,1,0,0,0,0,1,0,0
2119,1938,Maximum Overdrive (1986),1986.0,147,2.272108843537415,0.827160493827158,0.042602859644003496,0.3180272108843537,0,0,0,0,0,0,0,0,0,0,1,0,0,0,0,0,0,0
2120,1939,Needful Things (1993),1993.0,242,2.9421487603305785,0.913580246913579,0.07032389845345782,0.4855371900826446,0,0,0,0,0,0,0,1,0,0,1,0,0,0,0,0,0,0
2121,1940,Cujo (1983),1983.0,245,2.730612244897959,0.7901234567901234,0.07119929967901954,0.43265306122448977,0,0,0,0,0,0,0,0,0,0,1,0,0,0,0,1,0,0
2122,1941,Children of the Corn (1984),1984.0,233,2.4463519313304722,0.8024691358024683,0.06769769477677268,0.36158798283261806,0,0,0,0,0,0,0,0,0,0,1,0,0,0,0,1,0,0
2123,1942,All Dogs Go to Heaven (1989),1989.0,215,2.869767441860465,0.864197530864196,0.062445287423402385,0.46744186046511627,0,0,1,1,0,0,0,0,0,0,0,0,0,0,0,0,0,0
2124,1943,"Addams Family, The (1991)",1991.0,714,3.169467787114846,0.8888888888888893,0.2080536912751678,0.5423669467787114,0,0,0,0,1,0,0,0,0,0,0,0,0,0,0,0,0,0
2125,1944,Ever After: A Cinderella Story (1998),1998.0,416,3.7139423076923075,0.9753086419753068,0.12109716953603734,0.6784855769230769,0,0,0,0,0,0,0,1,0,0,0,0,0,1,0,0,0,0
2126,1945,Snake Eyes (1998),1998.0,495,2.7454545454545456,0.9753086419753068,0.14414940180916253,0.4363636363636364,1,0,0,0,0,1,0,0,0,0,0,0,1,0,0,1,0,0
2127,1946,"First Love, Last Rites (1997)",1997.0,4,3.5,0.9629629629629619,0.0008754012255617157,0.625,0,0,0,0,0,0,0,1,0,0,0,0,0,1,0,0,0,0
2128,1947,Safe Men (1998),1998.0,25,3.32,0.9753086419753068,0.007003209804493726,0.58,0,0,0,0,1,0,0,0,0,0,0,0,0,0,0,0,0,0
2129,1948,"Saltmen of Tibet, The (1997)",1997.0,8,3.75,0.9629629629629619,0.0020426028596440032,0.6875,0,0,0,0,0,0,1,0,0,0,0,0,0,0,0,0,0,0
2130,1949,Atlantic City (1980),1980.0,304,3.8322368421052633,0.7530864197530853,0.08841552378173329,0.7080592105263158,0,0,0,0,0,1,0,1,0,0,0,0,0,1,0,0,0,0
2131,1950,Autumn Sonata (Höstsonaten ) (1978),1978.0,30,3.7333333333333334,0.7283950617283956,0.008462211847096586,0.6833333333333333,0,0,0,0,0,0,0,1,0,0,0,0,0,0,0,0,0,0
2132,1951,Who's Afraid of Virginia Woolf? (1966),1966.0,297,4.074074074074074,0.5802469135802468,0.08637292092208929,0.7685185185185186,0,0,0,0,0,0,0,1,0,0,0,0,0,0,0,0,0,0
2133,1952,Adventures in Babysitting (1987),1987.0,541,3.2754158964879854,0.8395061728395063,0.15757222060110884,0.5688539741219963,0,1,0,0,1,0,0,0,0,0,0,0,0,0,0,0,0,0
2134,1953,Weird Science (1985),1985.0,510,3.4235294117647057,0.8148148148148131,0.1485264079369711,0.6058823529411764,0,0,0,0,1,0,0,0,0,0,0,0,0,0,0,0,0,0
2135,1954,Doctor Dolittle (1967),1967.0,238,3.2016806722689077,0.5925925925925917,0.06915669681937554,0.5504201680672269,0,1,0,0,0,0,0,0,0,0,0,1,0,0,0,0,0,0
2136,1955,"Nutty Professor, The (1963)",1963.0,222,3.1486486486486487,0.5432098765432087,0.06448789028304638,0.5371621621621622,0,0,0,0,1,0,0,0,0,0,0,0,0,0,0,0,0,0
2137,1956,Charlotte's Web (1973),1973.0,497,3.8229376257545273,0.6666666666666643,0.14473300262620367,0.7057344064386318,0,0,1,1,0,0,0,0,0,0,0,0,0,0,0,0,0,0
2138,1957,Watership Down (1978),1978.0,305,3.8426229508196723,0.7283950617283956,0.08870732419025386,0.7106557377049181,0,0,1,1,0,0,0,1,1,0,0,0,0,0,0,0,0,0
2139,1958,"Secret of NIMH, The (1982)",1982.0,369,3.850948509485095,0.7777777777777786,0.10738255033557047,0.7127371273712737,0,0,1,1,0,0,0,0,0,0,0,0,0,0,0,0,0,0
2140,1959,"Dark Crystal, The (1982)",1982.0,710,3.652112676056338,0.7777777777777786,0.2068864896410855,0.6630281690140845,0,0,0,1,0,0,0,0,1,0,0,0,0,0,1,0,0,0
2141,1960,"American Tail, An (1986)",1986.0,404,3.4282178217821784,0.827160493827158,0.11759556463379048,0.6070544554455446,0,0,1,1,1,0,0,0,0,0,0,0,0,0,0,0,0,0
2142,1961,"American Tail: Fievel Goes West, An (1991)",1991.0,201,2.8308457711442787,0.8888888888888893,0.05836008170411438,0.4577114427860697,0,0,1,1,1,0,0,0,0,0,0,0,0,0,0,0,0,0
2143,1962,Legend (1985),1985.0,355,3.2704225352112677,0.8148148148148131,0.10329734461628245,0.5676056338028169,0,1,0,0,0,0,0,0,1,0,0,0,0,1,0,0,0,0
2144,1963,Sixteen Candles (1984),1984.0,719,3.710709318497914,0.8024691358024683,0.20951269331777064,0.6776773296244785,0,0,0,0,1,0,0,0,0,0,0,0,0,0,0,0,0,0
2145,1964,Pretty in Pink (1986),1986.0,693,3.3665223665223665,0.827160493827158,0.20192588269623576,0.5916305916305916,0,0,0,0,1,0,0,1,0,0,0,0,0,1,0,0,0,0
2146,1965,St. Elmo's Fire (1985),1985.0,352,3.1107954545454546,0.8148148148148131,0.10242194339072073,0.5276988636363636,0,0,0,0,0,0,0,1,0,0,0,0,0,1,0,0,0,0
2147,1966,"Clan of the Cave Bear, The (1986)",1986.0,231,2.54978354978355,0.827160493827158,0.06711409395973154,0.3874458874458875,0,0,0,0,0,0,0,1,0,0,0,0,0,0,0,0,0,0
2148,1967,House (1986),1986.0,166,2.8855421686746987,0.827160493827158,0.04814706740589436,0.4713855421686747,0,0,0,0,1,0,0,0,0,0,1,0,0,0,0,0,0,0
2149,1968,House II: The Second Story (1987),1987.0,103,2.2524271844660193,0.8395061728395063,0.029763641669098333,0.3131067961165048,0,0,0,0,1,0,0,0,0,0,1,0,0,0,0,0,0,0
2150,1969,"Gods Must Be Crazy, The (1980)",1980.0,695,3.726618705035971,0.7530864197530853,0.2025094835132769,0.6816546762589928,0,0,0,0,1,0,0,0,0,0,0,0,0,0,0,0,0,0
2151,1970,"Gods Must Be Crazy II, The (1989)",1989.0,128,3.171875,0.864197530864196,0.03705865188211263,0.54296875,0,0,0,0,1,0,0,0,0,0,0,0,0,0,0,0,0,0
2152,1971,Air Bud: Golden Receiver (1998),1998.0,69,2.1159420289855073,0.9753086419753068,0.01984242777939889,0.27898550724637683,0,0,0,1,1,0,0,0,0,0,0,0,0,0,0,0,0,0
2153,1972,"Avengers, The (1998)",1998.0,288,1.9965277777777777,0.9753086419753068,0.08374671724540414,0.24913194444444442,1,1,0,0,0,0,0,0,0,0,0,0,0,0,0,0,0,0
2154,1973,How Stella Got Her Groove Back (1998),1998.0,140,2.7857142857142856,0.9753086419753068,0.0405602567843595,0.4464285714285714,0,0,0,0,0,0,0,1,0,0,0,0,0,1,0,0,0,0
2155,1974,"Slums of Beverly Hills, The (1998)",1998.0,267,3.3146067415730336,0.9753086419753068,0.07761890866647213,0.5786516853932584,0,0,0,0,1,0,0,0,0,0,0,0,0,0,0,0,0,0
2156,1975,"Best Man, The (Il Testimone dello sposo) (1997)",1997.0,9,3.7777777777777777,0.9629629629629619,0.0023344032681645753,0.6944444444444444,0,0,0,0,1,0,0,1,0,0,0,0,0,0,0,0,0,0
2157,1976,"Chambermaid on the Titanic, The (1998)",1998.0,20,3.25,0.9753086419753068,0.005544207761890867,0.5625,0,0,0,0,0,0,0,0,0,0,0,0,0,1,0,0,0,0
2158,1977,"Henry: Portrait of a Serial Killer, Part 2 (1996)",1996.0,20,2.6,0.9506172839506171,0.005544207761890867,0.4,0,0,0,0,0,1,0,0,0,0,1,0,0,0,0,0,0,0
2159,1978,Henry: Portrait of a Serial Killer (1990),1990.0,219,3.4794520547945207,0.8765432098765409,0.06361248905748468,0.6198630136986302,0,0,0,0,0,1,0,0,0,0,1,0,0,0,0,0,0,0
2160,1979,Rosemary's Baby (1968),1968.0,712,3.818820224719101,0.6049382716049365,0.20747009045812664,0.7047050561797753,0,0,0,0,0,0,0,0,0,0,1,0,0,0,0,1,0,0
2161,1980,"NeverEnding Story, The (1984)",1984.0,699,3.6051502145922747,0.8024691358024683,0.2036766851473592,0.6512875536480687,0,1,0,1,0,0,0,0,1,0,0,0,0,0,0,0,0,0
2162,1981,"NeverEnding Story II: The Next Chapter, The (1990)",1990.0,177,2.4124293785310735,0.8765432098765409,0.051356871899620654,0.3531073446327684,0,1,0,1,0,0,0,0,1,0,0,0,0,0,0,0,0,0
2163,1982,Attack of the Killer Tomatoes! (1980),1980.0,206,2.6067961165048543,0.7530864197530853,0.05981908374671724,0.4016990291262136,0,0,0,0,1,0,0,0,0,0,1,0,0,0,0,0,0,0
2164,1983,Surf Nazis Must Die (1987),1987.0,20,2.05,0.8395061728395063,0.005544207761890867,0.26249999999999996,0,0,0,0,0,0,0,1,0,0,0,0,0,0,0,0,0,0
2165,1984,Your Friends and Neighbors (1998),1998.0,109,3.376146788990826,0.9753086419753068,0.031514444120221766,0.5940366972477065,0,0,0,0,0,0,0,1,0,0,0,0,0,0,0,0,0,0
2166,1985,Return to Paradise (1998),1998.0,144,3.5208333333333335,0.9753086419753068,0.04172745841844178,0.6302083333333334,0,0,0,0,0,0,0,1,0,0,0,0,0,1,0,0,0,0
2167,1986,Blade (1998),1998.0,809,3.477132262051916,0.9753086419753068,0.2357747300846221,0.619283065512979,1,1,0,0,0,0,0,0,0,0,1,0,0,0,0,0,0,0
2168,1987,Dance with Me (1998),1998.0,79,3.0759493670886076,0.9753086419753068,0.022760431864604608,0.5189873417721519,0,0,0,0,0,0,0,1,0,0,0,0,0,1,0,0,0,0
2169,1988,Dead Man on Campus (1998),1998.0,130,2.6769230769230767,0.9753086419753068,0.03764225269915378,0.4192307692307692,0,0,0,0,1,0,0,0,0,0,0,0,0,0,0,0,0,0
2170,1989,Wrongfully Accused (1998),1998.0,123,2.5528455284552845,0.9753086419753068,0.03559964983950977,0.3882113821138211,1,0,0,0,1,0,0,0,0,0,0,0,0,0,0,0,0,0
2171,1990,"Next Stop, Wonderland (1998)",1998.0,196,3.688775510204082,0.9753086419753068,0.05690107966151152,0.6721938775510204,0,0,0,0,1,0,0,1,0,0,0,0,0,1,0,0,0,0
2172,1991,"Strike! (a.k.a. All I Wanna Do, The Hairy Bird) (1998)",1998.0,4,3.25,0.9753086419753068,0.0008754012255617157,0.5625,0,0,0,0,1,0,0,0,0,0,0,0,0,0,0,0,0,0
2173,1992,"Navigator: A Mediaeval Odyssey, The (1988)",1988.0,110,3.5636363636363635,0.8518518518518512,0.03180624452874234,0.6409090909090909,0,1,0,0,0,0,0,0,1,0,0,0,0,0,1,0,0,0
2174,1993,Beetlejuice (1988),1988.0,1495,3.5678929765886287,0.8518518518518512,0.43594981032973446,0.6419732441471572,0,0,0,0,1,0,0,0,1,0,0,0,0,0,0,0,0,0
2175,1994,Déjà Vu (1997),1997.0,18,3.8333333333333335,0.9629629629629619,0.004960606944849723,0.7083333333333334,0,0,0,0,0,0,0,1,0,0,0,0,0,1,0,0,0,0
2176,1995,Rope (1948),1948.0,191,3.8952879581151834,0.3580246913580254,0.05544207761890866,0.7238219895287958,0,0,0,0,0,0,0,0,0,0,0,0,0,0,0,1,0,0
2177,1996,Family Plot (1976),1976.0,83,3.216867469879518,0.7037037037037024,0.023927633498686894,0.5542168674698795,0,0,0,0,1,0,0,0,0,0,0,0,0,0,0,1,0,0
2178,1997,Frenzy (1972),1972.0,95,3.663157894736842,0.6543209876543195,0.027429238400933757,0.6657894736842105,0,0,0,0,0,0,0,0,0,0,0,0,0,0,0,1,0,0
2179,1998,Topaz (1969),1969.0,39,3.1538461538461537,0.6172839506172814,0.011088415523781732,0.5384615384615384,0,0,0,0,0,0,0,0,0,0,0,0,0,0,0,1,0,0
2180,1999,Torn Curtain (1966),1966.0,58,3.3275862068965516,0.5802469135802468,0.016632623285672596,0.5818965517241379,0,0,0,0,0,0,0,0,0,0,0,0,0,0,0,1,0,0
2181,2000,Marnie (1964),1964.0,118,3.5677966101694913,0.5555555555555536,0.03414064779690691,0.6419491525423728,0,0,0,0,0,0,0,0,0,0,0,0,0,0,0,1,0,0
2182,2001,"Wrong Man, The (1956)",1956.0,98,3.5816326530612246,0.4567901234567877,0.028304639626495473,0.6454081632653061,0,0,0,0,0,0,0,1,0,1,0,0,0,0,0,1,0,0
2183,2002,"Man Who Knew Too Much, The (1956)",1956.0,179,3.9329608938547485,0.4567901234567877,0.0519404727166618,0.7332402234636871,0,0,0,0,0,0,0,0,0,0,0,0,0,0,0,1,0,0
2184,2003,"Trouble with Harry, The (1955)",1955.0,147,3.598639455782313,0.44444444444444287,0.042602859644003496,0.6496598639455783,0,0,0,0,0,0,0,0,0,0,0,0,1,0,0,1,0,0
2185,2004,I Confess (1953),1953.0,17,3.588235294117647,0.4197530864197532,0.0046688065363291505,0.6470588235294118,0,0,0,0,0,0,0,0,0,0,0,0,0,0,0,1,0,0
2186,2005,Strangers on a Train (1951),1951.0,482,4.304979253112033,0.39506172839505993,0.1403559964983951,0.8262448132780082,0,0,0,0,0,0,0,0,0,1,0,0,0,0,0,1,0,0
2187,2006,Stage Fright (1950),1950.0,26,3.576923076923077,0.3827160493827151,0.007295010213014298,0.6442307692307693,0,0,0,0,0,0,0,0,0,0,0,0,1,0,0,1,0,0
2188,2007,54 (1998),1998.0,259,2.7644787644787643,0.9753086419753068,0.07528450539830756,0.44111969111969107,0,0,0,0,0,0,0,1,0,0,0,0,0,0,0,0,0,0
2189,2008,I Married A Strange Person (1997),1997.0,21,3.7142857142857144,0.9629629629629619,0.005836008170411439,0.6785714285714286,0,0,1,0,0,0,0,0,0,0,0,0,0,0,0,0,0,0
2190,2009,Why Do Fools Fall In Love? (1998),1998.0,52,2.8461538461538463,0.9753086419753068,0.014881820834549168,0.46153846153846156,0,0,0,0,0,0,0,1,0,0,0,0,0,0,0,0,0,0
2191,2010,"Merry War, A (1997)",1997.0,10,2.8,0.9629629629629619,0.0026262036766851473,0.44999999999999996,0,0,0,0,1,0,0,0,0,0,0,0,0,0,0,0,0,0
2192,2011,See the Sea (Regarde la mer) (1997),1997.0,7,3.2857142857142856,0.9629629629629619,0.0017508024511234312,0.5714285714285714,0,0,0,0,0,0,0,1,0,0,0,0,0,0,0,0,0,0
2193,2012,Willow (1988),1988.0,802,3.4962593516209477,0.8518518518518512,0.2337321272249781,0.6240648379052369,1,1,0,0,0,0,0,0,1,0,0,0,0,0,0,0,0,0
2194,2013,"Untouchables, The (1987)",1987.0,1127,4.007985803016859,0.8395061728395063,0.328567259994164,0.7519964507542147,1,0,0,0,0,1,0,1,0,0,0,0,0,0,0,0,0,0
2195,2014,Dirty Work (1998),1998.0,135,3.0074074074074075,0.9753086419753068,0.03910125474175664,0.5018518518518519,0,0,0,0,1,0,0,0,0,0,0,0,0,0,0,0,0,0
2196,2015,Knock Off (1998),1998.0,27,2.4444444444444446,0.9753086419753068,0.00758681062153487,0.36111111111111116,1,0,0,0,0,0,0,0,0,0,0,0,0,0,0,0,0,0
2197,2016,Firelight (1997),1997.0,11,4.181818181818182,0.9629629629629619,0.002918004085205719,0.7954545454545454,0,0,0,0,0,0,0,1,0,0,0,0,0,0,0,0,0,0
2198,2017,Modulations (1998),1998.0,2,4.0,0.9753086419753068,0.0002918004085205719,0.75,0,0,0,0,0,0,1,0,0,0,0,0,0,0,0,0,0,0
2200,2018,Under Capricorn (1949),1949.0,8,2.5,0.37037037037037024,0.0020426028596440032,0.375,0,0,0,0,0,0,0,1,0,0,0,0,0,0,0,0,0,0
2201,2019,"Paradine Case, The (1947)",1947.0,20,3.4,0.345679012345677,0.005544207761890867,0.6,0,0,0,0,0,0,0,1,0,0,0,0,0,0,0,0,0,0
2202,2020,Lifeboat (1944),1944.0,213,3.943661971830986,0.30864197530864246,0.061861686606361245,0.7359154929577465,0,0,0,0,0,0,0,1,0,0,0,0,0,0,0,1,1,0
2203,2021,Shadow of a Doubt (1943),1943.0,233,4.2703862660944205,0.29629629629629406,0.06769769477677268,0.8175965665236051,0,0,0,0,0,0,0,0,0,1,0,0,0,0,0,1,0,0
2204,2022,Saboteur (1942),1942.0,89,3.8202247191011236,0.2839506172839492,0.025678435949810327,0.7050561797752809,0,0,0,0,0,0,0,0,0,0,0,0,0,0,0,1,0,0
2205,2023,Mr. & Mrs. Smith (1941),1941.0,33,3.515151515151515,0.27160493827160437,0.009337613072658301,0.6287878787878788,0,0,0,0,1,0,0,0,0,0,0,0,0,0,0,0,0,0
2206,2024,Suspicion (1941),1941.0,167,4.0119760479041915,0.27160493827160437,0.048438867814414935,0.7529940119760479,0,0,0,0,0,0,0,0,0,0,0,0,1,0,0,1,0,0
2207,2025,Jamaica Inn (1939),1939.0,8,2.875,0.24691358024691112,0.0020426028596440032,0.46875,0,0,0,0,0,0,0,1,0,0,0,0,0,0,0,0,0,0
2208,2026,"Lady Vanishes, The (1938)",1938.0,199,4.185929648241206,0.23456790123456628,0.05777648088707324,0.7964824120603016,0,0,0,0,1,0,0,0,0,0,0,0,1,1,0,1,0,0
2209,2027,Young and Innocent (1937),1937.0,10,3.3,0.22222222222222143,0.0026262036766851473,0.575,0,0,0,0,0,1,0,0,0,0,0,0,0,0,0,1,0,0
2210,2028,Sabotage (1936),1936.0,54,3.7037037037037037,0.2098765432098766,0.015465421651590311,0.6759259259259259,0,0,0,0,0,0,0,0,0,0,0,0,0,0,0,1,0,0
2211,2029,Secret Agent (1936),1936.0,19,3.526315789473684,0.2098765432098766,0.005252407353370295,0.631578947368421,0,0,0,0,0,0,0,0,0,0,0,0,0,0,0,1,0,0
2212,2030,"Man Who Knew Too Much, The (1934)",1934.0,128,3.8359375,0.18518518518518334,0.03705865188211263,0.708984375,0,0,0,0,0,0,0,0,0,0,0,0,0,0,0,1,0,0
2213,2031,Waltzes from Vienna (1933),1933.0,1,1.0,0.1728395061728385,0.0,0.0,0,0,0,0,1,0,0,0,0,0,0,1,0,0,0,0,0,0
2214,2032,Number Seventeen (1932),1932.0,1,3.0,0.16049382716049365,0.0,0.5,0,0,0,0,0,0,0,0,0,0,0,0,0,0,0,1,0,0
2215,2033,Rich and Strange (1932),1932.0,12,3.5,0.16049382716049365,0.003209804493726291,0.625,0,0,0,0,1,0,0,0,0,0,0,0,0,1,0,0,0,0
2217,2034,Elstree Calling (1930),1930.0,1,1.0,0.1358024691358004,0.0,0.0,0,0,0,0,1,0,0,0,0,0,0,1,0,0,0,0,0,0
2218,2035,Juno and Paycock (1930),1930.0,1,2.0,0.1358024691358004,0.0,0.25,0,0,0,0,0,0,0,1,0,0,0,0,0,0,0,0,0,0
2219,2036,Murder! (1930),1930.0,10,3.4,0.1358024691358004,0.0026262036766851473,0.6,0,0,0,0,0,0,0,0,0,0,0,0,1,0,0,1,0,0
2221,2037,Blackmail (1929),1929.0,11,3.090909090909091,0.12345679012345556,0.002918004085205719,0.5227272727272727,0,0,0,0,0,0,0,0,0,0,0,0,0,0,0,1,0,0
2223,2038,"Farmer's Wife, The (1928)",1928.0,3,3.3333333333333335,0.11111111111111072,0.0005836008170411438,0.5833333333333334,0,0,0,0,1,0,0,0,0,0,0,0,0,0,0,0,0,0
2226,2039,"Ring, The (1927)",1927.0,1,3.0,0.09876543209876587,0.0,0.5,0,0,0,0,0,0,0,1,0,0,0,0,0,0,0,0,0,0
2227,2040,"Lodger, The (1926)",1926.0,21,3.5238095238095237,0.08641975308641747,0.005836008170411439,0.6309523809523809,0,0,0,0,0,0,0,0,0,0,0,0,0,0,0,1,0,0
2231,2041,Rounders (1998),1998.0,345,3.608695652173913,0.9753086419753068,0.10037934053107674,0.6521739130434783,0,0,0,0,0,1,0,1,0,0,0,0,0,0,0,0,0,0
2232,2042,Cube (1997),1997.0,233,3.467811158798283,0.9629629629629619,0.06769769477677268,0.6169527896995708,0,0,0,0,0,0,0,0,0,0,0,0,0,0,1,1,0,0
2233,2043,Digging to China (1998),1998.0,5,1.6,0.9753086419753068,0.0011672016340822876,0.15000000000000002,0,0,0,0,0,0,0,1,0,0,0,0,0,0,0,0,0,0
2234,2044,Let's Talk About Sex (1998),1998.0,8,1.875,0.9753086419753068,0.0020426028596440032,0.21875,0,0,0,0,0,0,0,1,0,0,0,0,0,0,0,0,0,0
2235,2045,One Man's Hero (1999),1999.0,1,2.0,0.9876543209876552,0.0,0.25,0,0,0,0,0,0,0,1,0,0,0,0,0,0,0,0,1,0
2236,2046,Simon Birch (1998),1998.0,202,3.608910891089109,0.9753086419753068,0.05865188211263495,0.6522277227722773,0,0,0,0,0,0,0,1,0,0,0,0,0,0,0,0,0,0
2237,2047,Without Limits (1998),1998.0,44,3.590909090909091,0.9753086419753068,0.012547417566384592,0.6477272727272727,0,0,0,0,0,0,0,1,0,0,0,0,0,0,0,0,0,0
2238,2048,Seven Beauties (Pasqualino Settebellezze) (1976),1976.0,77,3.831168831168831,0.7037037037037024,0.022176831047563465,0.7077922077922078,0,0,0,0,1,0,0,1,0,0,0,0,0,0,0,0,0,0
2239,2049,Swept Away (Travolti da un insolito destino nell'azzurro mare d'Agosto) (1975),1975.0,97,3.7422680412371134,0.6913580246913575,0.028012839217974903,0.6855670103092784,0,0,0,0,1,0,0,1,0,0,0,0,0,0,0,0,0,0
2240,2050,My Bodyguard (1980),1980.0,238,3.508403361344538,0.7530864197530853,0.06915669681937554,0.6271008403361344,0,0,0,0,0,0,0,1,0,0,0,0,0,0,0,0,0,0
2241,2051,Class (1983),1983.0,129,2.7751937984496124,0.7901234567901234,0.037350452290633204,0.4437984496124031,0,0,0,0,1,0,0,0,0,0,0,0,0,0,0,0,0,0
2242,2052,"Grandview, U.S.A. (1984)",1984.0,6,2.5,0.8024691358024683,0.0014590020426028597,0.375,0,0,0,0,0,0,0,1,0,0,0,0,0,0,0,0,0,0
2243,2053,Broadcast News (1987),1987.0,789,3.747782002534854,0.8395061728395063,0.22993872191421066,0.6869455006337135,0,0,0,0,1,0,0,1,0,0,0,0,0,1,0,0,0,0
2244,2054,"Allnighter, The (1987)",1987.0,7,1.8571428571428572,0.8395061728395063,0.0017508024511234312,0.2142857142857143,0,0,0,0,1,0,0,0,0,0,0,0,0,1,0,0,0,0
2245,2055,Working Girl (1988),1988.0,514,3.414396887159533,0.8518518518518512,0.1496936095710534,0.6035992217898832,0,0,0,0,1,0,0,1,0,0,0,0,0,0,0,0,0,0
2246,2056,Stars and Bars (1988),1988.0,14,2.7142857142857144,0.8518518518518512,0.0037934053107674345,0.4285714285714286,0,0,0,0,1,0,0,0,0,0,0,0,0,0,0,0,0,0
2247,2057,Married to the Mob (1988),1988.0,365,3.0931506849315067,0.8518518518518512,0.10621534870148817,0.5232876712328767,0,0,0,0,1,0,0,0,0,0,0,0,0,0,0,0,0,0
2248,2058,Say Anything... (1989),1989.0,914,4.017505470459518,0.864197530864196,0.26641377297928215,0.7543763676148796,0,0,0,0,1,0,0,1,0,0,0,0,0,1,0,0,0,0
2249,2059,My Blue Heaven (1990),1990.0,239,3.192468619246862,0.8765432098765409,0.06944849722789612,0.5481171548117155,0,0,0,0,1,0,0,0,0,0,0,0,0,0,0,0,0,0
2250,2060,Men Don't Leave (1990),1990.0,62,3.1451612903225805,0.8765432098765409,0.017799824919754886,0.5362903225806451,0,0,0,0,0,0,0,1,0,0,0,0,0,0,0,0,0,0
2251,2061,"Cabinet of Dr. Ramirez, The (1991)",1991.0,2,3.5,0.8888888888888893,0.0002918004085205719,0.625,0,0,0,0,1,0,0,0,0,0,0,0,0,0,0,0,0,0
2252,2062,Hero (1992),1992.0,186,3.0161290322580645,0.9012345679012341,0.0539830755763058,0.5040322580645161,0,0,0,0,1,0,0,1,0,0,0,0,0,0,0,0,0,0
2253,2063,Toys (1992),1992.0,440,2.5636363636363635,0.9012345679012341,0.1281003793405311,0.3909090909090909,1,0,0,0,1,0,0,0,1,0,0,0,0,0,0,0,0,0
2254,2064,Choices (1981),1981.0,1,2.0,0.7654320987654302,0.0,0.25,0,0,0,0,0,0,0,1,0,0,0,0,0,0,0,0,0,0
2255,2065,Young Doctors in Love (1982),1982.0,79,2.607594936708861,0.7777777777777786,0.022760431864604608,0.4018987341772152,0,0,0,0,1,0,0,0,0,0,0,0,0,0,0,0,0,0
2256,2066,Parasite (1982),1982.0,24,2.375,0.7777777777777786,0.006711409395973154,0.34375,0,0,0,0,0,0,0,0,0,0,1,0,0,0,1,0,0,0
2257,2067,No Small Affair (1984),1984.0,17,2.9411764705882355,0.8024691358024683,0.0046688065363291505,0.4852941176470589,0,0,0,0,1,0,0,0,0,0,0,0,0,1,0,0,0,0
2258,2068,Master Ninja I (1984),1984.0,2,3.0,0.8024691358024683,0.0002918004085205719,0.5,1,0,0,0,0,0,0,0,0,0,0,0,0,0,0,0,0,0
2259,2069,Blame It on Rio (1984),1984.0,201,2.716417910447761,0.8024691358024683,0.05836008170411438,0.42910447761194026,0,0,0,0,1,0,0,0,0,0,0,0,0,1,0,0,0,0
2260,2070,Wisdom (1986),1986.0,49,2.795918367346939,0.827160493827158,0.014006419608987452,0.44897959183673475,1,0,0,0,0,1,0,0,0,0,0,0,0,0,0,0,0,0
2261,2071,One Crazy Summer (1986),1986.0,161,3.329192546583851,0.827160493827158,0.0466880653632915,0.5822981366459627,0,0,0,0,1,0,0,0,0,0,0,0,0,0,0,0,0,0
2262,2072,About Last Night... (1986),1986.0,326,3.1564417177914113,0.827160493827158,0.09483513276918587,0.5391104294478528,0,0,0,0,1,0,0,1,0,0,0,0,0,1,0,0,0,0
2263,2073,"Seventh Sign, The (1988)",1988.0,175,3.1028571428571428,0.8518518518518512,0.05077327108257951,0.5257142857142857,0,0,0,0,0,0,0,0,0,0,0,0,0,0,0,1,0,0
2264,2074,We're No Angels (1989),1989.0,83,2.5903614457831323,0.864197530864196,0.023927633498686894,0.3975903614457831,0,0,0,0,0,0,0,1,0,0,0,0,0,0,0,0,0,0
2265,2075,Nothing But Trouble (1991),1991.0,83,2.0,0.8888888888888893,0.023927633498686894,0.25,0,1,0,0,1,0,0,0,0,0,0,0,0,0,0,0,0,0
2266,2076,"Butcher's Wife, The (1991)",1991.0,195,2.871794871794872,0.8888888888888893,0.056609279252990946,0.46794871794871795,0,0,0,0,1,0,0,0,0,0,0,0,0,1,0,0,0,0
2267,2077,Mortal Thoughts (1991),1991.0,74,2.945945945945946,0.8888888888888893,0.021301429822001748,0.4864864864864865,0,0,0,0,0,0,0,0,0,0,0,0,1,0,0,1,0,0
2268,2078,"Few Good Men, A (1992)",1992.0,1061,3.93119698397738,0.9012345679012341,0.3093084330318062,0.732799245994345,0,0,0,0,0,1,0,1,0,0,0,0,0,0,0,0,0,0
2269,2079,Indecent Proposal (1993),1993.0,217,2.737327188940092,0.913580246913579,0.06302888824044353,0.434331797235023,0,0,0,0,0,0,0,1,0,0,0,0,0,0,0,0,0,0
2271,2080,Permanent Midnight (1998),1998.0,76,3.289473684210526,0.9753086419753068,0.02188503063904289,0.5723684210526315,0,0,0,0,0,0,0,1,0,0,0,0,0,0,0,0,0,0
2272,2081,One True Thing (1998),1998.0,112,3.455357142857143,0.9753086419753068,0.03238984534578348,0.6138392857142857,0,0,0,0,0,0,0,1,0,0,0,0,0,0,0,0,0,0
2273,2082,Rush Hour (1998),1998.0,627,3.5661881977671452,0.9753086419753068,0.18266705573387804,0.6415470494417863,1,0,0,0,0,0,0,0,0,0,0,0,0,0,0,1,0,0
2275,2083,Six-String Samurai (1998),1998.0,71,3.3661971830985915,0.9753086419753068,0.02042602859644003,0.5915492957746479,1,1,0,0,0,0,0,0,0,0,0,0,0,0,1,0,0,0
2276,2084,"Soldier's Daughter Never Cries, A (1998)",1998.0,70,3.7142857142857144,0.9753086419753068,0.020134228187919462,0.6785714285714286,0,0,0,0,0,0,0,1,0,0,0,0,0,0,0,0,0,0
2277,2085,Somewhere in the City (1997),1997.0,1,2.0,0.9629629629629619,0.0,0.25,0,0,0,0,0,0,0,1,0,0,0,0,0,0,0,0,0,0
2278,2086,Ronin (1998),1998.0,806,3.5272952853598016,0.9753086419753068,0.2348993288590604,0.6318238213399504,1,0,0,0,0,1,0,0,0,0,0,0,0,0,0,1,0,0
2279,2087,Urban Legend (1998),1998.0,226,2.7168141592920354,0.9753086419753068,0.06565509191712868,0.42920353982300885,0,0,0,0,0,0,0,0,0,0,1,0,0,0,0,1,0,0
2280,2088,Clay Pigeons (1998),1998.0,125,3.432,0.9753086419753068,0.03618325065655092,0.608,0,0,0,0,0,1,0,0,0,0,0,0,0,0,0,0,0,0
2281,2089,Monument Ave. (1998),1998.0,11,3.4545454545454546,0.9753086419753068,0.002918004085205719,0.6136363636363636,0,0,0,0,0,1,0,0,0,0,0,0,0,0,0,0,0,0
2282,2090,Pecker (1998),1998.0,316,3.518987341772152,0.9753086419753068,0.09191712868398015,0.629746835443038,0,0,0,0,1,0,0,1,0,0,0,0,0,0,0,0,0,0
2283,2091,"Sheltering Sky, The (1990)",1990.0,61,2.918032786885246,0.8765432098765409,0.017508024511234312,0.4795081967213115,0,0,0,0,0,0,0,1,0,0,0,0,0,0,0,0,0,0
2284,2092,Bandit Queen (1994),1994.0,43,3.7906976744186047,0.9259259259259238,0.01225561715786402,0.6976744186046512,0,0,0,0,0,0,0,1,0,0,0,0,0,0,0,0,0,0
2285,2093,If.... (1968),1968.0,54,3.888888888888889,0.6049382716049365,0.015465421651590311,0.7222222222222222,0,0,0,0,0,0,0,1,0,0,0,0,0,0,0,0,0,0
2286,2094,"Fiendish Plot of Dr. Fu Manchu, The (1980)",1980.0,43,2.511627906976744,0.7530864197530853,0.01225561715786402,0.37790697674418605,0,0,0,0,1,0,0,0,0,0,0,0,0,0,0,0,0,0
2287,2095,Them! (1954),1954.0,280,3.4392857142857145,0.432098765432098,0.08141231397723957,0.6098214285714286,0,0,0,0,0,0,0,0,0,0,0,0,0,0,1,1,1,0
2288,2096,"Thing, The (1982)",1982.0,741,3.785425101214575,0.7777777777777786,0.21593230230522323,0.6963562753036437,1,0,0,0,0,0,0,0,0,0,1,0,0,0,1,1,0,0
2289,2097,"Player, The (1992)",1992.0,978,3.96319018404908,0.9012345679012341,0.2850889991245988,0.74079754601227,0,0,0,0,1,0,0,1,0,0,0,0,0,0,0,0,0,0
2290,2098,Stardust Memories (1980),1980.0,121,3.28099173553719,0.7530864197530853,0.035016049022468625,0.5702479338842975,0,0,0,0,1,0,0,1,0,0,0,0,0,0,0,0,0,0
2291,2099,Edward Scissorhands (1990),1990.0,1473,3.5926680244399187,0.8765432098765409,0.42953020134228187,0.6481670061099797,0,0,0,0,0,0,0,1,0,0,0,0,0,1,0,0,0,0
2292,2100,Overnight Delivery (1996),1996.0,20,2.5,0.9506172839506171,0.005544207761890867,0.375,0,0,0,0,0,0,0,0,0,0,0,0,0,1,0,0,0,0
2293,2101,Shadrach (1998),1998.0,25,3.24,0.9753086419753068,0.007003209804493726,0.56,0,0,0,0,0,0,0,1,0,0,0,0,0,0,0,0,0,0
2294,2102,Antz (1998),1998.0,645,3.483720930232558,0.9753086419753068,0.18791946308724833,0.6209302325581395,0,0,1,1,0,0,0,0,0,0,0,0,0,0,0,0,0,0
2295,2103,"Impostors, The (1998)",1998.0,74,3.810810810810811,0.9753086419753068,0.021301429822001748,0.7027027027027027,0,0,0,0,1,0,0,0,0,0,0,0,0,0,0,0,0,0
2296,2104,"Night at the Roxbury, A (1998)",1998.0,144,2.3819444444444446,0.9753086419753068,0.04172745841844178,0.34548611111111116,0,0,0,0,1,0,0,0,0,0,0,0,0,0,0,0,0,0
2297,2105,What Dreams May Come (1998),1998.0,355,3.1070422535211266,0.9753086419753068,0.10329734461628245,0.5267605633802817,0,0,0,0,0,0,0,1,0,0,0,0,0,1,0,0,0,0
2298,2106,Strangeland (1998),1998.0,15,1.8666666666666667,0.9753086419753068,0.004085205719288007,0.21666666666666667,0,0,0,0,0,0,0,0,0,0,0,0,0,0,0,1,0,0
2299,2107,"Battle of the Sexes, The (1959)",1959.0,4,3.75,0.4938271604938258,0.0008754012255617157,0.6875,0,0,0,0,1,0,0,0,0,0,0,0,0,0,0,0,0,0
2300,2108,"Producers, The (1968)",1968.0,658,4.144376899696049,0.6049382716049365,0.19171286839801577,0.7860942249240122,0,0,0,0,1,0,0,0,0,0,0,1,0,0,0,0,0,0
2301,2109,History of the World: Part I (1981),1981.0,371,3.5902964959568733,0.7654320987654302,0.1079661511526116,0.6475741239892183,0,0,0,0,1,0,0,0,0,0,0,0,0,0,0,0,0,0
2302,2110,My Cousin Vinny (1992),1992.0,1086,3.7845303867403315,0.9012345679012341,0.31660344324482054,0.6961325966850829,0,0,0,0,1,0,0,0,0,0,0,0,0,0,0,0,0,0
2303,2111,Nashville (1975),1975.0,325,3.92,0.6913580246913575,0.0945433323606653,0.73,0,0,0,0,0,0,0,1,0,0,0,1,0,0,0,0,0,0
2304,2112,Love Is the Devil (1998),1998.0,7,3.5714285714285716,0.9753086419753068,0.0017508024511234312,0.6428571428571429,0,0,0,0,0,0,0,1,0,0,0,0,0,0,0,0,0,0
2305,2113,Slam (1998),1998.0,25,3.48,0.9753086419753068,0.007003209804493726,0.62,0,0,0,0,0,0,0,1,0,0,0,0,0,0,0,0,0,0
2306,2114,Holy Man (1998),1998.0,90,2.488888888888889,0.9753086419753068,0.025970236358330897,0.37222222222222223,0,0,0,0,1,0,0,0,0,0,0,0,0,0,0,0,0,0
2307,2115,One Tough Cop (1998),1998.0,38,2.6315789473684212,0.9753086419753068,0.01079661511526116,0.4078947368421053,1,0,0,0,0,0,0,1,0,0,0,0,0,0,0,0,0,0
2308,2116,Detroit 9000 (1973),1973.0,1,2.0,0.6666666666666643,0.0,0.25,1,0,0,0,0,1,0,0,0,0,0,0,0,0,0,0,0,0
2309,2117,"Inheritors, The (Die Siebtelbauern) (1998)",1998.0,2,4.5,0.9753086419753068,0.0002918004085205719,0.875,0,0,0,0,0,0,0,1,0,0,0,0,0,0,0,0,0,0
2310,2118,"Mighty, The (1998)",1998.0,134,3.798507462686567,0.9753086419753068,0.038809454333236064,0.6996268656716418,0,0,0,0,0,0,0,1,0,0,0,0,0,0,0,0,0,0
2311,2119,2010 (1984),1984.0,470,3.4170212765957446,0.8024691358024683,0.13685439159614823,0.6042553191489362,0,0,0,0,0,0,0,0,0,0,0,0,1,0,1,0,0,0
2312,2120,Children of a Lesser God (1986),1986.0,331,3.8277945619335347,0.827160493827158,0.09629413481178872,0.7069486404833837,0,0,0,0,0,0,0,1,0,0,0,0,0,0,0,0,0,0
2313,2121,"Elephant Man, The (1980)",1980.0,457,4.013129102844639,0.7530864197530853,0.1330609862853808,0.7532822757111597,0,0,0,0,0,0,0,1,0,0,0,0,0,0,0,0,0,0
2314,2122,Beloved (1998),1998.0,104,3.1346153846153846,0.9753086419753068,0.030055442077618906,0.5336538461538461,0,0,0,0,0,0,0,1,0,0,0,0,0,0,0,0,0,0
2315,2123,Bride of Chucky (1998),1998.0,147,2.36734693877551,0.9753086419753068,0.042602859644003496,0.34183673469387754,0,0,0,0,0,0,0,0,0,0,1,0,0,0,0,1,0,0
2316,2124,Practical Magic (1998),1998.0,236,2.983050847457627,0.9753086419753068,0.0685730960023344,0.4957627118644068,0,0,0,0,0,0,0,1,0,0,0,0,0,1,0,0,0,0
2317,2125,"Alarmist, The (1997)",1997.0,8,2.625,0.9629629629629619,0.0020426028596440032,0.40625,0,0,0,0,1,0,0,0,0,0,0,0,0,0,0,0,0,0
2318,2126,Happiness (1998),1998.0,320,3.903125,0.9753086419753068,0.09308433031806244,0.72578125,0,0,0,0,1,0,0,0,0,0,0,0,0,0,0,0,0,0
2320,2127,Apt Pupil (1998),1998.0,187,3.106951871657754,0.9753086419753068,0.05427487598482637,0.5267379679144385,0,0,0,0,0,0,0,1,0,0,0,0,0,0,0,1,0,0
2321,2128,Pleasantville (1998),1998.0,1158,3.6968911917098444,0.9753086419753068,0.3376130726583017,0.6742227979274611,0,0,0,0,1,0,0,0,0,0,0,0,0,0,0,0,0,0
2322,2129,Soldier (1998),1998.0,290,2.9310344827586206,0.9753086419753068,0.08433031806244529,0.48275862068965514,1,1,0,0,0,0,0,0,0,0,0,0,0,0,1,1,1,0
2323,2130,"Cruise, The (1998)",1998.0,35,3.942857142857143,0.9753086419753068,0.009921213889699446,0.7357142857142858,0,0,0,0,0,0,1,0,0,0,0,0,0,0,0,0,0,0
2324,2131,Life Is Beautiful (La Vita è bella) (1997),1997.0,1152,4.329861111111111,0.9629629629629619,0.3358622702071783,0.8324652777777777,0,0,0,0,1,0,0,1,0,0,0,0,0,0,0,0,0,0
2325,2132,Orgazmo (1997),1997.0,119,3.134453781512605,0.9629629629629619,0.034432448205427485,0.5336134453781513,0,0,0,0,1,0,0,0,0,0,0,0,0,0,0,0,0,0
2326,2133,Shattered Image (1998),1998.0,12,3.0,0.9753086419753068,0.003209804493726291,0.5,0,0,0,0,0,0,0,1,0,0,0,0,0,0,0,1,0,0
2327,2134,Tales from the Darkside: The Movie (1990),1990.0,100,2.85,0.8765432098765409,0.028888240443536616,0.4625,0,0,0,0,0,0,0,0,0,0,1,0,0,0,0,0,0,0
2328,2135,Vampires (1998),1998.0,173,2.8497109826589595,0.9753086419753068,0.05018967026553837,0.4624277456647399,0,0,0,0,0,0,0,0,0,0,1,0,0,0,0,0,0,0
2329,2136,American History X (1998),1998.0,640,4.2265625,0.9753086419753068,0.18646046104464548,0.806640625,0,0,0,0,0,0,0,1,0,0,0,0,0,0,0,0,0,0
2330,2137,Hands on a Hard Body (1996),1996.0,92,4.163043478260869,0.9506172839506171,0.026553837175372044,0.7907608695652173,0,0,0,0,0,0,1,0,0,0,0,0,0,0,0,0,0,0
2331,2138,Living Out Loud (1998),1998.0,179,3.223463687150838,0.9753086419753068,0.0519404727166618,0.5558659217877095,0,0,0,0,1,0,0,0,0,0,0,0,0,1,0,0,0,0
2332,2139,Belly (1998),1998.0,8,3.25,0.9753086419753068,0.0020426028596440032,0.5625,0,0,0,0,0,1,0,1,0,0,0,0,0,0,0,0,0,0
2333,2140,Gods and Monsters (1998),1998.0,578,3.8131487889273354,0.9753086419753068,0.16836883571637,0.7032871972318339,0,0,0,0,0,0,0,1,0,0,0,0,0,0,0,0,0,0
2334,2141,"Siege, The (1998)",1998.0,386,3.1243523316062176,0.9753086419753068,0.11234315728042019,0.5310880829015544,1,0,0,0,0,0,0,0,0,0,0,0,0,0,0,1,0,0
2335,2142,"Waterboy, The (1998)",1998.0,420,2.926190476190476,0.9753086419753068,0.12226437117011962,0.481547619047619,0,0,0,0,1,0,0,0,0,0,0,0,0,0,0,0,0,0
2336,2143,Elizabeth (1998),1998.0,938,4.029850746268656,0.9753086419753068,0.2734169827837759,0.7574626865671641,0,0,0,0,0,0,0,1,0,0,0,0,0,0,0,0,0,0
2337,2144,Velvet Goldmine (1998),1998.0,126,3.2063492063492065,0.9753086419753068,0.036475051065071484,0.5515873015873016,0,0,0,0,0,0,0,1,0,0,0,0,0,0,0,0,0,0
2338,2145,I Still Know What You Did Last Summer (1998),1998.0,295,2.2033898305084745,0.9753086419753068,0.08578932010504814,0.3008474576271186,0,0,0,0,0,0,0,0,0,0,1,0,1,0,0,1,0,0
2339,2146,I'll Be Home For Christmas (1998),1998.0,27,2.925925925925926,0.9753086419753068,0.00758681062153487,0.4814814814814815,0,0,0,0,1,0,0,0,0,0,0,0,0,1,0,0,0,0
2340,2147,Meet Joe Black (1998),1998.0,344,3.252906976744186,0.9753086419753068,0.10008754012255616,0.5632267441860465,0,0,0,0,0,0,0,0,0,0,0,0,0,1,0,0,0,0
2341,2148,Dancing at Lughnasa (1998),1998.0,44,3.272727272727273,0.9753086419753068,0.012547417566384592,0.5681818181818182,0,0,0,0,0,0,0,1,0,0,0,0,0,0,0,0,0,0
2342,2149,Hard Core Logo (1996),1996.0,11,3.727272727272727,0.9506172839506171,0.002918004085205719,0.6818181818181818,0,0,0,0,1,0,0,0,0,0,0,0,0,0,0,0,0,0
2343,2150,"Naked Man, The (1998)",1998.0,2,2.0,0.9753086419753068,0.0002918004085205719,0.25,0,0,0,0,0,0,0,1,0,0,0,0,0,0,0,0,0,0
2344,2151,Runaway Train (1985),1985.0,201,3.4228855721393034,0.8148148148148131,0.05836008170411438,0.6057213930348259,1,1,0,0,0,0,0,1,0,0,0,0,0,0,0,1,0,0
2345,2152,Desert Bloom (1986),1986.0,43,3.372093023255814,0.827160493827158,0.01225561715786402,0.5930232558139535,0,0,0,0,0,0,0,1,0,0,0,0,0,0,0,0,0,0
2346,2153,"Stepford Wives, The (1975)",1975.0,300,3.3066666666666666,0.6913580246913575,0.087248322147651,0.5766666666666667,0,0,0,0,0,0,0,0,0,0,0,0,0,0,1,1,0,0
2347,2154,"Pope of Greenwich Village, The (1984)",1984.0,95,3.736842105263158,0.8024691358024683,0.027429238400933757,0.6842105263157895,1,0,0,0,0,0,0,0,0,0,0,0,0,0,0,0,0,0
2348,2155,Sid and Nancy (1986),1986.0,304,3.5526315789473686,0.827160493827158,0.08841552378173329,0.6381578947368421,0,0,0,0,0,0,0,1,0,0,0,0,0,0,0,0,0,0
2349,2156,Mona Lisa (1986),1986.0,167,3.6107784431137726,0.827160493827158,0.048438867814414935,0.6526946107784432,0,0,0,0,1,0,0,0,0,0,0,0,0,0,0,1,0,0
2350,2157,Heart Condition (1990),1990.0,19,2.789473684210526,0.8765432098765409,0.005252407353370295,0.4473684210526315,0,0,0,0,1,0,0,0,0,0,0,0,0,0,0,0,0,0
2351,2158,Nights of Cabiria (Le Notti di Cabiria) (1957),1957.0,111,4.207207207207207,0.4691358024691361,0.032098044937262905,0.8018018018018018,0,0,0,0,0,0,0,1,0,0,0,0,0,0,0,0,0,0
2352,2159,"Big Chill, The (1983)",1983.0,838,3.8747016706443915,0.7901234567901234,0.2442369419317187,0.7186754176610979,0,0,0,0,1,0,0,1,0,0,0,0,0,0,0,0,0,0
2353,2160,Enemy of the State (1998),1998.0,988,3.687246963562753,0.9753086419753068,0.2880070032098045,0.6718117408906883,1,0,0,0,0,0,0,0,0,0,0,0,0,0,0,1,0,0
2354,2161,"Rugrats Movie, The (1998)",1998.0,141,2.780141843971631,0.9753086419753068,0.04085205719288006,0.4450354609929078,0,0,1,1,1,0,0,0,0,0,0,0,0,0,0,0,0,0
2355,2162,"Bug's Life, A (1998)",1998.0,1703,3.854374633000587,0.9753086419753068,0.4966442953020134,0.7135936582501468,0,0,1,1,1,0,0,0,0,0,0,0,0,0,0,0,0,0
2356,2163,Celebrity (1998),1998.0,96,2.8958333333333335,0.9753086419753068,0.02772103880945433,0.47395833333333337,0,0,0,0,1,0,0,0,0,0,0,0,0,0,0,0,0,0
2357,2164,Central Station (Central do Brasil) (1998),1998.0,215,4.283720930232558,0.9753086419753068,0.062445287423402385,0.8209302325581396,0,0,0,0,0,0,0,1,0,0,0,0,0,0,0,0,0,0
2358,2165,Savior (1998),1998.0,4,4.0,0.9753086419753068,0.0008754012255617157,0.75,0,0,0,0,0,0,0,1,0,0,0,0,0,0,0,0,0,0
2359,2166,Waking Ned Devine (1998),1998.0,703,3.879089615931721,0.9753086419753068,0.2048438867814415,0.7197724039829303,0,0,0,0,1,0,0,0,0,0,0,0,0,0,0,0,0,0
2360,2167,"Celebration, The (Festen) (1998)",1998.0,117,4.3076923076923075,0.9753086419753068,0.03384884738838634,0.8269230769230769,0,0,0,0,0,0,0,1,0,0,0,0,0,0,0,0,0,0
2361,2168,Pink Flamingos (1972),1972.0,158,3.240506329113924,0.6543209876543195,0.04581266413772979,0.560126582278481,0,0,0,0,1,0,0,0,0,0,0,0,0,0,0,0,0,0
2362,2169,Glen or Glenda (1953),1953.0,53,2.849056603773585,0.4197530864197532,0.01517362124306974,0.46226415094339623,0,0,0,0,0,0,0,1,0,0,0,0,0,0,0,0,0,0
2363,2170,Godzilla (Gojira) (1954),1954.0,301,3.318936877076412,0.432098765432098,0.08754012255617157,0.579734219269103,1,0,0,0,0,0,0,0,0,0,0,0,0,0,1,0,0,0
2364,2171,Godzilla (Gojira) (1984),1984.0,121,2.7768595041322315,0.8024691358024683,0.035016049022468625,0.44421487603305787,1,0,0,0,0,0,0,0,0,0,0,0,0,0,1,0,0,0
2365,2172,King Kong vs. Godzilla (Kingukongu tai Gojira) (1962),1962.0,136,2.7720588235294117,0.5308641975308639,0.039393055150277204,0.4430147058823529,1,0,0,0,0,0,0,0,0,0,0,0,0,0,1,0,0,0
2366,2173,King Kong (1933),1933.0,756,3.6560846560846563,0.1728395061728385,0.22030930843303181,0.6640211640211641,1,1,0,0,0,0,0,0,0,0,1,0,0,0,0,0,0,0
2367,2174,King Kong (1976),1976.0,309,2.7572815533980584,0.7037037037037024,0.08987452582433615,0.4393203883495146,1,1,0,0,0,0,0,0,0,0,1,0,0,0,0,0,0,0
2368,2175,King Kong Lives (1986),1986.0,58,1.6896551724137931,0.827160493827158,0.016632623285672596,0.1724137931034483,1,1,0,0,0,0,0,0,0,0,1,0,0,0,0,0,0,0
2369,2176,Desperately Seeking Susan (1985),1985.0,840,2.954761904761905,0.8148148148148131,0.24482054274875983,0.48869047619047623,0,0,0,0,1,0,0,0,0,0,0,0,0,1,0,0,0,0
2370,2177,"Emerald Forest, The (1985)",1985.0,142,3.5140845070422535,0.8148148148148131,0.04114385760140064,0.6285211267605634,1,1,0,0,0,0,0,1,0,0,0,0,0,0,0,0,0,0
2371,2178,Fletch (1985),1985.0,599,3.5943238731218696,0.8148148148148131,0.174496644295302,0.6485809682804674,0,0,0,0,1,0,0,0,0,0,0,0,0,0,0,0,0,0
2372,2179,Fletch Lives (1989),1989.0,238,2.966386554621849,0.864197530864196,0.06915669681937554,0.4915966386554622,0,0,0,0,1,0,0,0,0,0,0,0,0,0,0,0,0,0
2373,2180,Red Sonja (1985),1985.0,189,2.4814814814814814,0.8148148148148131,0.05485847680186752,0.37037037037037035,1,1,0,0,0,0,0,0,0,0,0,0,0,0,0,0,0,0
2374,2181,Gung Ho (1986),1986.0,244,2.930327868852459,0.827160493827158,0.07090749927049897,0.48258196721311475,0,0,0,0,1,0,0,1,0,0,0,0,0,0,0,0,0,0
2375,2182,"Money Pit, The (1986)",1986.0,418,2.8923444976076556,0.827160493827158,0.12168077035307849,0.4730861244019139,0,0,0,0,1,0,0,0,0,0,0,0,0,0,0,0,0,0
2376,2183,"View to a Kill, A (1985)",1985.0,325,3.267692307692308,0.8148148148148131,0.0945433323606653,0.566923076923077,1,0,0,0,0,0,0,0,0,0,0,0,0,0,0,0,0,0
2377,2184,Lifeforce (1985),1985.0,183,2.9453551912568305,0.8148148148148131,0.05310767435074409,0.48633879781420764,0,0,0,0,0,0,0,0,0,0,1,0,0,0,1,0,0,0
2378,2185,Police Academy (1984),1984.0,413,2.997578692493947,0.8024691358024683,0.12022176831047562,0.49939467312348673,0,0,0,0,1,0,0,0,0,0,0,0,0,0,0,0,0,0
2379,2186,Police Academy 2: Their First Assignment (1985),1985.0,225,2.3866666666666667,0.8148148148148131,0.0653632915086081,0.3466666666666667,0,0,0,0,1,0,0,0,0,0,0,0,0,0,0,0,0,0
2380,2187,Police Academy 3: Back in Training (1986),1986.0,196,2.0306122448979593,0.827160493827158,0.05690107966151152,0.25765306122448983,0,0,0,0,1,0,0,0,0,0,0,0,0,0,0,0,0,0
2381,2188,Police Academy 4: Citizens on Patrol (1987),1987.0,174,1.9137931034482758,0.8395061728395063,0.05048147067405894,0.22844827586206895,0,0,0,0,1,0,0,0,0,0,0,0,0,0,0,0,0,0
2382,2189,Police Academy 5: Assignment: Miami Beach (1988),1988.0,150,1.7666666666666666,0.8518518518518512,0.043478260869565216,0.19166666666666665,0,0,0,0,1,0,0,0,0,0,0,0,0,0,0,0,0,0
2383,2190,Police Academy 6: City Under Siege (1989),1989.0,149,1.657718120805369,0.864197530864196,0.04318646046104464,0.16442953020134227,0,0,0,0,1,0,0,0,0,0,0,0,0,0,0,0,0,0
2384,2191,Babe: Pig in the City (1998),1998.0,523,3.2906309751434035,0.9753086419753068,0.15231981324773855,0.5726577437858509,0,0,0,1,1,0,0,0,0,0,0,0,0,0,0,0,0,0
2385,2192,Home Fries (1998),1998.0,146,2.5753424657534247,0.9753086419753068,0.04231105923548292,0.3938356164383562,0,0,0,0,1,0,0,0,0,0,0,0,0,1,0,0,0,0
2386,2193,Jerry Springer: Ringmaster (1998),1998.0,59,1.9661016949152543,0.9753086419753068,0.01692442369419317,0.24152542372881358,0,0,0,0,0,0,0,1,0,0,0,0,0,0,0,0,0,0
2387,2194,Very Bad Things (1998),1998.0,217,2.774193548387097,0.9753086419753068,0.06302888824044353,0.44354838709677424,0,0,0,0,1,1,0,0,0,0,0,0,0,0,0,0,0,0
2388,2195,Steam: The Turkish Bath (Hamam) (1997),1997.0,15,3.466666666666667,0.9629629629629619,0.004085205719288007,0.6166666666666667,0,0,0,0,0,0,0,1,0,0,0,0,0,1,0,0,0,0
2389,2196,Psycho (1998),1998.0,264,2.6515151515151514,0.9753086419753068,0.07674350744091041,0.41287878787878785,0,0,0,0,0,1,0,0,0,0,1,0,0,0,0,1,0,0
2390,2197,Little Voice (1998),1998.0,330,3.690909090909091,0.9753086419753068,0.09600233440326815,0.6727272727272727,0,0,0,0,1,0,0,0,0,0,0,0,0,0,0,0,0,0
2391,2198,"Simple Plan, A (1998)",1998.0,745,3.751677852348993,0.9753086419753068,0.21709950393930552,0.6879194630872483,0,0,0,0,0,1,0,0,0,0,0,0,0,0,0,1,0,0
2392,2199,Jack Frost (1998),1998.0,205,2.234146341463415,0.9753086419753068,0.059527283338196665,0.3085365853658537,0,0,0,0,1,0,0,1,0,0,0,0,0,0,0,0,0,0
2393,2200,Star Trek: Insurrection (1998),1998.0,807,3.34820322180917,0.9753086419753068,0.23519112926758098,0.5870508054522925,1,0,0,0,0,0,0,0,0,0,0,0,0,0,1,0,0,0
2394,2201,"Prince of Egypt, The (1998)",1998.0,579,3.5716753022452505,0.9753086419753068,0.16866063612489057,0.6429188255613126,0,0,1,0,0,0,0,0,0,0,0,1,0,0,0,0,0,0
2395,2202,Rushmore (1998),1998.0,1220,3.8409836065573773,0.9753086419753068,0.35570469798657717,0.7102459016393443,0,0,0,0,1,0,0,0,0,0,0,0,0,0,0,0,0,0
2396,2203,Shakespeare in Love (1998),1998.0,2369,4.127479949345715,0.9753086419753068,0.6909833673767143,0.7818699873364288,0,0,0,0,1,0,0,0,0,0,0,0,0,1,0,0,0,0
2397,2204,Mass Appeal (1984),1984.0,23,3.3043478260869565,0.8024691358024683,0.006419608987452583,0.5760869565217391,0,0,0,0,0,0,0,1,0,0,0,0,0,0,0,0,0,0
2398,2205,Miracle on 34th Street (1947),1947.0,380,3.960526315789474,0.345679012345677,0.11059235482929675,0.7401315789473685,0,0,0,0,0,0,0,1,0,0,0,0,0,0,0,0,0,0
2399,2206,Santa Claus: The Movie (1985),1985.0,223,2.6681614349775784,0.8148148148148131,0.06477969069156696,0.4170403587443946,0,1,0,1,0,0,0,0,1,0,0,0,0,0,0,0,0,0
2400,2207,Prancer (1989),1989.0,43,2.86046511627907,0.864197530864196,0.01225561715786402,0.4651162790697675,0,0,0,1,0,0,0,1,0,0,0,0,0,0,0,0,0,0
2401,2208,Pale Rider (1985),1985.0,312,3.769230769230769,0.8148148148148131,0.09074992704989786,0.6923076923076923,0,0,0,0,0,0,0,0,0,0,0,0,0,0,0,0,0,1
2402,2209,Rambo: First Blood Part II (1985),1985.0,401,2.825436408977556,0.8148148148148131,0.11672016340822876,0.456359102244389,1,0,0,0,0,0,0,0,0,0,0,0,0,0,0,0,1,0
2403,2210,First Blood (1982),1982.0,397,3.5717884130982367,0.7777777777777786,0.11555296177414648,0.6429471032745592,1,0,0,0,0,0,0,0,0,0,0,0,0,0,0,0,0,0
2404,2211,Rambo III (1988),1988.0,301,2.3421926910299002,0.8518518518518512,0.08754012255617157,0.33554817275747506,1,0,0,0,0,0,0,0,0,0,0,0,0,0,0,0,1,0
2405,2212,"Jewel of the Nile, The (1985)",1985.0,673,3.163447251114413,0.8148148148148131,0.19608987452582433,0.5408618127786032,1,1,0,0,1,0,0,0,0,0,0,0,0,1,0,0,0,0
2406,2213,Romancing the Stone (1984),1984.0,1345,3.6892193308550185,0.8024691358024683,0.39217974905164865,0.6723048327137546,1,1,0,0,1,0,0,0,0,0,0,0,0,1,0,0,0,0
2407,2214,Cocoon (1985),1985.0,1006,3.5377733598409544,0.8148148148148131,0.2932594105631748,0.6344433399602386,0,0,0,0,1,0,0,0,0,0,0,0,0,0,1,0,0,0
2408,2215,Cocoon: The Return (1988),1988.0,259,2.528957528957529,0.8518518518518512,0.07528450539830756,0.38223938223938225,0,0,0,0,1,0,0,0,0,0,0,0,0,0,1,0,0,0
2409,2216,Rocky II (1979),1979.0,445,3.1775280898876406,0.7407407407407405,0.12955938138313394,0.5443820224719101,1,0,0,0,0,0,0,1,0,0,0,0,0,0,0,0,0,0
2410,2217,Rocky III (1982),1982.0,401,2.8753117206982544,0.7777777777777786,0.11672016340822876,0.4688279301745636,1,0,0,0,0,0,0,1,0,0,0,0,0,0,0,0,0,0
2411,2218,Rocky IV (1985),1985.0,375,2.6453333333333333,0.8148148148148131,0.1091333527866939,0.41133333333333333,1,0,0,0,0,0,0,1,0,0,0,0,0,0,0,0,0,0
2412,2219,Rocky V (1990),1990.0,274,2.102189781021898,0.8765432098765409,0.07966151152611613,0.2755474452554745,1,0,0,0,0,0,0,1,0,0,0,0,0,0,0,0,0,0
2413,2220,Clue (1985),1985.0,443,3.2483069977426635,0.8148148148148131,0.1289757805660928,0.5620767494356659,0,0,0,0,1,0,0,0,0,0,0,0,1,0,0,0,0,0
2414,2221,Young Sherlock Holmes (1985),1985.0,379,3.390501319261214,0.8148148148148131,0.11030055442077619,0.5976253298153035,1,1,0,0,0,0,0,0,0,0,0,0,1,0,0,0,0,0
2415,2222,Violets Are Blue... (1986),1986.0,15,2.8,0.827160493827158,0.004085205719288007,0.44999999999999996,0,0,0,0,0,0,0,1,0,0,0,0,0,1,0,0,0,0
2416,2223,Back to School (1986),1986.0,354,3.1497175141242937,0.827160493827158,0.10300554420776188,0.5374293785310734,0,0,0,0,1,0,0,0,0,0,0,0,0,0,0,0,0,0
2417,2224,Heartburn (1986),1986.0,74,2.945945945945946,0.827160493827158,0.021301429822001748,0.4864864864864865,0,0,0,0,1,0,0,1,0,0,0,0,0,0,0,0,0,0
2418,2225,Nothing in Common (1986),1986.0,110,3.0727272727272728,0.827160493827158,0.03180624452874234,0.5181818181818182,0,0,0,0,1,0,0,0,0,0,0,0,0,0,0,0,0,0
2419,2226,Extremities (1986),1986.0,69,3.2028985507246377,0.827160493827158,0.01984242777939889,0.5507246376811594,0,0,0,0,0,0,0,1,0,0,0,0,0,0,0,1,0,0
2420,2227,"Karate Kid, The (1984)",1984.0,493,3.417849898580122,0.8024691358024683,0.14356580099212138,0.6044624746450304,0,0,0,0,0,0,0,1,0,0,0,0,0,0,0,0,0,0
2421,2228,"Karate Kid, Part II, The (1986)",1986.0,477,2.6771488469601676,0.827160493827158,0.13889699445579223,0.4192872117400419,1,1,0,0,0,0,0,1,0,0,0,0,0,0,0,0,0,0
2422,2229,"Karate Kid III, The (1989)",1989.0,286,2.1223776223776225,0.864197530864196,0.083163116428363,0.2805944055944056,1,1,0,0,0,0,0,1,0,0,0,0,0,0,0,0,0,0
2423,2230,Christmas Vacation (1989),1989.0,515,3.588349514563107,0.864197530864196,0.14998540997957396,0.6470873786407767,0,0,0,0,1,0,0,0,0,0,0,0,0,0,0,0,0,0
2424,2231,You've Got Mail (1998),1998.0,838,3.380668257756563,0.9753086419753068,0.2442369419317187,0.5951670644391408,0,0,0,0,1,0,0,0,0,0,0,0,0,1,0,0,0,0
2425,2232,"General, The (1998)",1998.0,58,3.6206896551724137,0.9753086419753068,0.016632623285672596,0.6551724137931034,0,0,0,0,0,1,0,0,0,0,0,0,0,0,0,0,0,0
2426,2233,"Theory of Flight, The (1998)",1998.0,27,2.962962962962963,0.9753086419753068,0.00758681062153487,0.4907407407407407,0,0,0,0,1,0,0,1,0,0,0,0,0,1,0,0,0,0
2427,2234,"Thin Red Line, The (1998)",1998.0,803,3.398505603985056,0.9753086419753068,0.2340239276334987,0.599626400996264,1,0,0,0,0,0,0,1,0,0,0,0,0,0,0,0,1,0
2428,2235,"Faculty, The (1998)",1998.0,513,2.7777777777777777,0.9753086419753068,0.14940180916253282,0.4444444444444444,0,0,0,0,0,0,0,0,0,0,1,0,0,0,1,0,0,0
2429,2236,Mighty Joe Young (1998),1998.0,180,2.827777777777778,0.9753086419753068,0.05223227312518237,0.4569444444444445,0,1,0,1,0,0,0,1,0,0,0,0,0,0,0,0,0,0
2430,2237,Mighty Joe Young (1949),1949.0,144,3.111111111111111,0.37037037037037024,0.04172745841844178,0.5277777777777778,0,1,0,1,0,0,0,1,0,0,0,0,0,0,0,0,0,0
2431,2238,Patch Adams (1998),1998.0,474,3.1371308016877637,0.9753086419753068,0.13802159323023053,0.5342827004219409,0,0,0,0,1,0,0,1,0,0,0,0,0,0,0,0,0,0
2432,2239,Stepmom (1998),1998.0,146,3.136986301369863,0.9753086419753068,0.04231105923548292,0.5342465753424658,0,0,0,0,0,0,0,1,0,0,0,0,0,0,0,0,0,0
2433,2240,"Civil Action, A (1998)",1998.0,612,3.3594771241830066,0.9753086419753068,0.17829004960606945,0.5898692810457516,0,0,0,0,0,0,0,1,0,0,0,0,0,0,0,0,0,0
2434,2241,Down in the Delta (1998),1998.0,60,3.6333333333333333,0.9753086419753068,0.017216224102713742,0.6583333333333333,0,0,0,0,0,0,0,1,0,0,0,0,0,0,0,0,0,0
2435,2242,Hurlyburly (1998),1998.0,99,3.080808080808081,0.9753086419753068,0.028596440035016046,0.5202020202020202,0,0,0,0,0,0,0,1,0,0,0,0,0,0,0,0,0,0
2436,2243,Tea with Mussolini (1999),1999.0,122,3.5901639344262297,0.9876543209876552,0.0353078494309892,0.6475409836065574,0,0,0,0,1,0,0,0,0,0,0,0,0,0,0,0,0,0
2437,2244,Wilde (1997),1997.0,85,3.6470588235294117,0.9629629629629619,0.024511234315728037,0.6617647058823529,0,0,0,0,0,0,0,1,0,0,0,0,0,0,0,0,0,0
2438,2245,Outside Ozona (1998),1998.0,1,4.0,0.9753086419753068,0.0,0.75,0,0,0,0,0,0,0,1,0,0,0,0,0,0,0,1,0,0
2439,2246,Affliction (1997),1997.0,198,3.611111111111111,0.9629629629629619,0.057484680478552666,0.6527777777777778,0,0,0,0,0,0,0,1,0,0,0,0,0,0,0,0,0,0
2440,2247,Another Day in Paradise (1998),1998.0,47,3.3617021276595747,0.9753086419753068,0.013422818791946308,0.5904255319148937,0,0,0,0,0,0,0,1,0,0,0,0,0,0,0,0,0,0
2441,2248,"Hi-Lo Country, The (1998)",1998.0,26,3.0384615384615383,0.9753086419753068,0.007295010213014298,0.5096153846153846,0,0,0,0,0,0,0,1,0,0,0,0,0,0,0,0,0,1
2442,2249,Hilary and Jackie (1998),1998.0,160,3.825,0.9753086419753068,0.046396264954770935,0.70625,0,0,0,0,0,0,0,1,0,0,0,0,0,0,0,0,0,0
2443,2250,Playing by Heart (1998),1998.0,126,3.5952380952380953,0.9753086419753068,0.036475051065071484,0.6488095238095238,0,0,0,0,0,0,0,1,0,0,0,0,0,1,0,0,0,0
2444,2251,24 7: Twenty Four Seven (1997),1997.0,5,4.0,0.9629629629629619,0.0011672016340822876,0.75,0,0,0,0,1,0,0,1,0,0,0,0,0,0,0,0,0,0
2445,2252,At First Sight (1999),1999.0,74,2.7972972972972974,0.9876543209876552,0.021301429822001748,0.44932432432432434,0,0,0,0,0,0,0,1,0,0,0,0,0,0,0,0,0,0
2446,2253,In Dreams (1999),1999.0,63,2.5396825396825395,0.9876543209876552,0.018091625328275455,0.3849206349206349,0,0,0,0,0,0,0,0,0,0,0,0,0,0,0,1,0,0
2447,2254,Varsity Blues (1999),1999.0,266,3.0601503759398496,0.9876543209876552,0.07732710825795155,0.5150375939849624,0,0,0,0,1,0,0,1,0,0,0,0,0,0,0,0,0,0
2448,2255,Virus (1999),1999.0,189,2.3492063492063493,0.9876543209876552,0.05485847680186752,0.3373015873015873,0,0,0,0,0,0,0,0,0,0,1,0,0,0,1,0,0,0
2449,2256,"Garbage Pail Kids Movie, The (1987)",1987.0,32,1.53125,0.8395061728395063,0.00904581266413773,0.1328125,0,1,0,1,0,0,0,0,0,0,0,0,0,0,0,0,0,0
2450,2257,Howard the Duck (1986),1986.0,434,2.0990783410138247,0.827160493827158,0.12634957688940765,0.2747695852534562,0,1,0,1,0,0,0,0,0,0,0,0,0,0,1,0,0,0
2451,2258,"Gate, The (1987)",1987.0,113,2.646017699115044,0.8395061728395063,0.03268164575430405,0.41150442477876104,0,0,0,0,0,0,0,0,0,0,1,0,0,0,0,0,0,0
2452,2259,"Gate II: Trespassers, The (1990)",1990.0,19,1.6842105263157894,0.8765432098765409,0.005252407353370295,0.17105263157894735,0,0,0,0,0,0,0,0,0,0,1,0,0,0,0,0,0,0
2453,2260,"Boy Who Could Fly, The (1986)",1986.0,176,3.25,0.827160493827158,0.05106507149110008,0.5625,0,0,0,0,0,0,0,1,1,0,0,0,0,0,0,0,0,0
2454,2261,"Fly, The (1958)",1958.0,480,3.3583333333333334,0.48148148148148096,0.13977239568135397,0.5895833333333333,0,0,0,0,0,0,0,0,0,0,1,0,0,0,1,0,0,0
2455,2262,"Fly, The (1986)",1986.0,1071,3.4407096171802056,0.827160493827158,0.312226437117012,0.6101774042950514,0,0,0,0,0,0,0,0,0,0,1,0,0,0,1,0,0,0
2456,2263,"Fly II, The (1989)",1989.0,284,2.313380281690141,0.864197530864196,0.08257951561132185,0.32834507042253525,0,0,0,0,0,0,0,0,0,0,1,0,0,0,1,0,0,0
2457,2264,Running Scared (1986),1986.0,259,3.382239382239382,0.827160493827158,0.07528450539830756,0.5955598455598455,1,0,0,0,1,0,0,0,0,0,0,0,0,0,0,0,0,0
2458,2265,Armed and Dangerous (1986),1986.0,130,2.476923076923077,0.827160493827158,0.03764225269915378,0.36923076923076925,0,0,0,0,1,1,0,0,0,0,0,0,0,0,0,0,0,0
2459,2266,"Texas Chainsaw Massacre, The (1974)",1974.0,247,3.222672064777328,0.6790123456790127,0.07178290049606069,0.555668016194332,0,0,0,0,0,0,0,0,0,0,1,0,0,0,0,0,0,0
2460,2267,"Texas Chainsaw Massacre 2, The (1986)",1986.0,116,2.353448275862069,0.827160493827158,0.033557046979865765,0.33836206896551724,0,0,0,0,0,0,0,0,0,0,1,0,0,0,0,0,0,0
2461,2268,Leatherface: Texas Chainsaw Massacre III (1990),1990.0,62,2.096774193548387,0.8765432098765409,0.017799824919754886,0.27419354838709675,0,0,0,0,0,0,0,0,0,0,1,0,0,0,0,0,0,0
2462,2269,"Return of the Texas Chainsaw Massacre, The (1994)",1994.0,54,1.8333333333333333,0.9259259259259238,0.015465421651590311,0.20833333333333331,0,0,0,0,0,0,0,0,0,0,1,0,0,0,0,0,0,0
2463,2270,Ruthless People (1986),1986.0,475,3.4610526315789474,0.827160493827158,0.1383133936387511,0.6152631578947368,0,0,0,0,1,0,0,0,0,0,0,0,0,0,0,0,0,0
2464,2271,Trick or Treat (1986),1986.0,8,2.625,0.827160493827158,0.0020426028596440032,0.40625,0,0,0,0,0,0,0,0,0,0,1,0,0,0,0,0,0,0
2465,2272,Deadly Friend (1986),1986.0,42,2.0238095238095237,0.827160493827158,0.011963816749343449,0.25595238095238093,0,0,0,0,0,0,0,0,0,0,1,0,0,0,0,0,0,0
2466,2273,Belizaire the Cajun (1986),1986.0,13,3.4615384615384617,0.827160493827158,0.003501604902246863,0.6153846153846154,0,0,0,0,0,0,0,1,0,0,0,0,0,0,0,0,0,0
2467,2274,"Name of the Rose, The (1986)",1986.0,324,3.9012345679012346,0.827160493827158,0.09425153195214472,0.7253086419753086,0,0,0,0,0,0,0,0,0,0,0,0,1,0,0,0,0,0
2468,2275,Jumpin' Jack Flash (1986),1986.0,374,2.770053475935829,0.827160493827158,0.10884155237817332,0.4425133689839572,1,0,0,0,1,0,0,0,0,0,0,0,0,1,0,1,0,0
2469,2276,Peggy Sue Got Married (1986),1986.0,506,3.2766798418972334,0.827160493827158,0.14735920630288882,0.5691699604743083,0,0,0,0,1,0,0,0,0,0,0,0,0,1,0,0,0,0
2470,2277,Crocodile Dundee (1986),1986.0,912,3.4265350877192984,0.827160493827158,0.26583017216224103,0.6066337719298246,0,1,0,0,1,0,0,0,0,0,0,0,0,0,0,0,0,0
2471,2278,Crocodile Dundee II (1988),1988.0,414,2.6280193236714977,0.8518518518518512,0.1205135687189962,0.4070048309178744,0,1,0,0,1,0,0,0,0,0,0,0,0,0,0,0,0,0
2472,2279,Tough Guys (1986),1986.0,93,2.978494623655914,0.827160493827158,0.026845637583892613,0.4946236559139785,0,0,0,0,1,0,0,0,0,0,0,0,0,0,0,0,0,0
2473,2280,Soul Man (1986),1986.0,193,2.4093264248704664,0.827160493827158,0.056025678435949806,0.3523316062176166,0,0,0,0,1,0,0,0,0,0,0,0,0,0,0,0,0,0
2474,2281,"Color of Money, The (1986)",1986.0,343,3.4606413994169096,0.827160493827158,0.09979573971403559,0.6151603498542274,0,0,0,0,0,0,0,1,0,0,0,0,0,0,0,0,0,0
2475,2282,52 Pick-Up (1986),1986.0,140,3.3,0.827160493827158,0.0405602567843595,0.575,1,0,0,0,0,0,0,0,0,0,0,0,1,0,0,1,0,0
2476,2283,Heartbreak Ridge (1986),1986.0,300,3.3466666666666667,0.827160493827158,0.087248322147651,0.5866666666666667,1,0,0,0,0,0,0,0,0,0,0,0,0,0,0,0,1,0
2477,2284,Firewalker (1986),1986.0,42,2.2857142857142856,0.827160493827158,0.011963816749343449,0.3214285714285714,0,1,0,0,0,0,0,0,0,0,0,0,0,0,0,0,0,0
2478,2285,Three Amigos! (1986),1986.0,569,3.117750439367311,0.827160493827158,0.16574263203968487,0.5294376098418277,0,0,0,0,1,0,0,0,0,0,0,0,0,0,0,0,0,1
2479,2286,Gloria (1999),1999.0,44,2.272727272727273,0.9876543209876552,0.012547417566384592,0.31818181818181823,0,0,0,0,0,0,0,1,0,0,0,0,0,0,0,1,0,0
2480,2287,Dry Cleaning (Nettoyage à sec) (1997),1997.0,2,4.5,0.9629629629629619,0.0002918004085205719,0.875,0,0,0,0,0,0,0,1,0,0,0,0,0,0,0,0,0,0
2481,2288,My Name Is Joe (1998),1998.0,35,3.6,0.9753086419753068,0.009921213889699446,0.65,0,0,0,0,0,0,0,1,0,0,0,0,0,1,0,0,0,0
2482,2289,Still Crazy (1998),1998.0,30,3.3333333333333335,0.9753086419753068,0.008462211847096586,0.5833333333333334,0,0,0,0,1,0,0,0,0,0,0,0,0,1,0,0,0,0
2483,2290,"Day of the Beast, The (El Día de la bestia) (1995)",1995.0,25,2.92,0.9382716049382722,0.007003209804493726,0.48,0,0,0,0,1,0,0,0,0,0,1,0,0,0,0,1,0,0
2484,2291,Tinseltown (1998),1998.0,1,2.0,0.9753086419753068,0.0,0.25,0,0,0,0,1,0,0,0,0,0,0,0,0,0,0,0,0,0
2485,2292,She's All That (1999),1999.0,410,3.051219512195122,0.9876543209876552,0.1193463670849139,0.5128048780487805,0,0,0,0,1,0,0,0,0,0,0,0,0,1,0,0,0,0
2486,2293,24-hour Woman (1998),1998.0,9,1.7777777777777777,0.9753086419753068,0.0023344032681645753,0.19444444444444442,0,0,0,0,0,0,0,1,0,0,0,0,0,0,0,0,0,0
2487,2294,"Blood, Guts, Bullets and Octane (1998)",1998.0,7,2.4285714285714284,0.9753086419753068,0.0017508024511234312,0.3571428571428571,1,0,0,0,1,0,0,0,0,0,0,0,0,0,0,0,0,0
2488,2295,Peeping Tom (1960),1960.0,85,3.8588235294117648,0.5061728395061706,0.024511234315728037,0.7147058823529412,0,0,0,0,0,0,0,1,0,0,1,0,0,0,0,1,0,0
2490,2296,Payback (1999),1999.0,773,3.5058214747736094,0.9876543209876552,0.22526991537788152,0.6264553686934023,1,0,0,0,0,0,0,0,0,0,0,0,0,0,0,1,0,0
2491,2297,Simply Irresistible (1999),1999.0,115,2.739130434782609,0.9876543209876552,0.0332652465713452,0.4347826086956522,0,0,0,0,1,0,0,0,0,0,0,0,0,1,0,0,0,0
2492,2298,20 Dates (1998),1998.0,139,2.856115107913669,0.9753086419753068,0.040268456375838924,0.46402877697841727,0,0,0,0,1,0,0,0,0,0,0,0,0,0,0,0,0,0
2493,2299,"Harmonists, The (1997)",1997.0,28,4.142857142857143,0.9629629629629619,0.007878611030055441,0.7857142857142858,0,0,0,0,0,0,0,1,0,0,0,0,0,0,0,0,0,0
2494,2300,"Last Days, The (1998)",1998.0,27,4.0,0.9753086419753068,0.00758681062153487,0.75,0,0,0,0,0,0,1,0,0,0,0,0,0,0,0,0,0,0
2495,2301,"Fantastic Planet, The (La Planète sauvage) (1973)",1973.0,98,3.6020408163265305,0.6666666666666643,0.028304639626495473,0.6505102040816326,0,0,1,0,0,0,0,0,0,0,0,0,0,0,1,0,0,0
2496,2302,Blast from the Past (1999),1999.0,360,3.363888888888889,0.9876543209876552,0.10475634665888531,0.5909722222222222,0,0,0,0,1,0,0,0,0,0,0,0,0,1,0,0,0,0
2497,2303,Message in a Bottle (1999),1999.0,170,2.835294117647059,0.9876543209876552,0.04931426903997665,0.45882352941176474,0,0,0,0,0,0,0,0,0,0,0,0,0,1,0,0,0,0
2498,2304,My Favorite Martian (1999),1999.0,123,2.3333333333333335,0.9876543209876552,0.03559964983950977,0.33333333333333337,0,0,0,0,1,0,0,0,0,0,0,0,0,0,1,0,0,0
2499,2305,God Said 'Ha!' (1998),1998.0,52,3.5384615384615383,0.9753086419753068,0.014881820834549168,0.6346153846153846,0,0,0,0,1,0,0,0,0,0,0,0,0,0,0,0,0,0
2500,2306,Jawbreaker (1999),1999.0,119,2.596638655462185,0.9876543209876552,0.034432448205427485,0.39915966386554624,0,0,0,0,1,0,0,0,0,0,0,0,0,0,0,0,0,0
2501,2307,October Sky (1999),1999.0,588,4.137755102040816,0.9876543209876552,0.17128683980157572,0.784438775510204,0,0,0,0,0,0,0,1,0,0,0,0,0,0,0,0,0,0
2502,2308,Office Space (1999),1999.0,872,3.8211009174311927,0.9876543209876552,0.25415815582141815,0.7052752293577982,0,0,0,0,1,0,0,0,0,0,0,0,0,1,0,0,0,0
2503,2309,"Apple, The (Sib) (1998)",1998.0,9,4.666666666666667,0.9753086419753068,0.0023344032681645753,0.9166666666666667,0,0,0,0,0,0,0,1,0,0,0,0,0,0,0,0,0,0
2504,2310,200 Cigarettes (1999),1999.0,181,2.883977900552486,0.9876543209876552,0.05252407353370294,0.47099447513812154,0,0,0,0,1,0,0,1,0,0,0,0,0,0,0,0,0,0
2505,2311,8MM (1999),1999.0,272,2.863970588235294,0.9876543209876552,0.07907791070907498,0.4659926470588235,0,0,0,0,0,0,0,0,0,0,0,0,0,0,0,1,0,0
2506,2312,"Other Sister, The (1999)",1999.0,163,3.3435582822085887,0.9876543209876552,0.04727166618033265,0.5858895705521472,0,0,0,0,1,0,0,1,0,0,0,0,0,1,0,0,0,0
2507,2313,Breakfast of Champions (1999),1999.0,54,2.9814814814814814,0.9876543209876552,0.015465421651590311,0.49537037037037035,0,0,0,0,1,0,0,0,0,0,0,0,0,0,0,0,0,0
2509,2314,Eight Days a Week (1997),1997.0,18,2.7777777777777777,0.9629629629629619,0.004960606944849723,0.4444444444444444,0,0,0,0,1,0,0,0,0,0,0,0,0,0,0,0,0,0
2510,2315,Just the Ticket (1999),1999.0,3,3.6666666666666665,0.9876543209876552,0.0005836008170411438,0.6666666666666666,0,0,0,0,1,0,0,0,0,0,0,0,0,1,0,0,0,0
2511,2316,"Long Goodbye, The (1973)",1973.0,82,3.8658536585365852,0.6666666666666643,0.023635833090166324,0.7164634146341463,0,0,0,0,0,1,0,0,0,0,0,0,0,0,0,0,0,0
2512,2317,"Ballad of Narayama, The (Narayama Bushiko) (1982)",1982.0,19,3.9473684210526314,0.7777777777777786,0.005252407353370295,0.7368421052631579,0,0,0,0,0,0,0,1,0,0,0,0,0,0,0,0,0,0
2513,2318,Pet Sematary (1989),1989.0,305,2.960655737704918,0.864197530864196,0.08870732419025386,0.4901639344262295,0,0,0,0,0,0,0,0,0,0,1,0,0,0,0,0,0,0
2514,2319,Pet Sematary II (1992),1992.0,116,2.060344827586207,0.9012345679012341,0.033557046979865765,0.2650862068965517,0,0,0,0,0,0,0,0,0,0,1,0,0,0,0,0,0,0
2515,2320,Children of the Corn II: The Final Sacrifice (1993),1993.0,52,1.7884615384615385,0.913580246913579,0.014881820834549168,0.19711538461538464,0,0,0,0,0,0,0,0,0,0,1,0,0,0,0,0,0,0
2516,2321,Children of the Corn III (1994),1994.0,45,1.8444444444444446,0.9259259259259238,0.012839217974905164,0.21111111111111114,0,0,0,0,0,0,0,0,0,0,1,0,0,0,0,0,0,0
2517,2322,Christine (1983),1983.0,273,3.062271062271062,0.7901234567901234,0.07936971111759555,0.5155677655677655,0,0,0,0,0,0,0,0,0,0,1,0,0,0,0,0,0,0
2518,2323,Night Shift (1982),1982.0,294,3.4727891156462585,0.7777777777777786,0.08549751969652757,0.6181972789115646,0,0,0,0,1,0,0,0,0,0,0,0,0,0,0,0,0,0
2519,2324,House on Haunted Hill (1958),1958.0,96,3.2291666666666665,0.48148148148148096,0.02772103880945433,0.5572916666666666,0,0,0,0,0,0,0,0,0,0,1,0,0,0,0,0,0,0
2520,2325,Airport (1970),1970.0,179,3.1452513966480447,0.6296296296296298,0.0519404727166618,0.5363128491620112,0,0,0,0,0,0,0,1,0,0,0,0,0,0,0,0,0,0
2521,2326,Airport 1975 (1974),1974.0,84,2.630952380952381,0.6790123456790127,0.024219433907207467,0.40773809523809523,0,0,0,0,0,0,0,1,0,0,0,0,0,0,0,0,0,0
2522,2327,Airport '77 (1977),1977.0,79,2.3544303797468356,0.7160493827160472,0.022760431864604608,0.3386075949367089,0,0,0,0,0,0,0,1,0,0,0,0,0,0,0,0,0,0
2523,2328,Rollercoaster (1977),1977.0,42,2.3095238095238093,0.7160493827160472,0.011963816749343449,0.32738095238095233,0,0,0,0,0,0,0,1,0,0,0,0,0,0,0,1,0,0
2524,2329,"Towering Inferno, The (1974)",1974.0,266,3.018796992481203,0.6790123456790127,0.07732710825795155,0.5046992481203008,1,0,0,0,0,0,0,1,0,0,0,0,0,0,0,0,0,0
2525,2330,Alligator (1980),1980.0,153,2.235294117647059,0.7530864197530853,0.04435366209512693,0.3088235294117647,1,0,0,0,0,0,0,0,0,0,1,0,0,0,1,0,0,0
2526,2331,Meteor (1979),1979.0,131,2.366412213740458,0.7407407407407405,0.037934053107674344,0.34160305343511455,0,0,0,0,0,0,0,0,0,0,0,0,0,0,1,0,0,0
2527,2332,Westworld (1973),1973.0,636,3.4213836477987423,0.6666666666666643,0.18529325941056318,0.6053459119496856,1,0,0,0,0,0,0,0,0,0,0,0,0,0,1,1,0,1
2528,2333,Logan's Run (1976),1976.0,626,3.4696485623003195,0.7037037037037024,0.18237525532535745,0.6174121405750799,1,1,0,0,0,0,0,0,0,0,0,0,0,0,1,0,0,0
2529,2334,Planet of the Apes (1968),1968.0,1162,3.712564543889845,0.6049382716049365,0.338780274292384,0.6781411359724613,1,0,0,0,0,0,0,0,0,0,0,0,0,0,1,0,0,0
2530,2335,Beneath the Planet of the Apes (1970),1970.0,365,2.9452054794520546,0.6296296296296298,0.10621534870148817,0.48630136986301364,1,0,0,0,0,0,0,0,0,0,0,0,0,0,1,0,0,0
2531,2336,Battle for the Planet of the Apes (1973),1973.0,312,2.8333333333333335,0.6666666666666643,0.09074992704989786,0.45833333333333337,1,0,0,0,0,0,0,0,0,0,0,0,0,0,1,0,0,0
2532,2337,Conquest of the Planet of the Apes (1972),1972.0,358,2.8435754189944134,0.6543209876543195,0.10417274584184417,0.46089385474860334,1,0,0,0,0,0,0,0,0,0,0,0,0,0,1,0,0,0
2533,2338,Escape from the Planet of the Apes (1971),1971.0,463,3.041036717062635,0.6419753086419746,0.13481178873650423,0.5102591792656588,1,0,0,0,0,0,0,0,0,0,0,0,0,0,1,0,0,0
2534,2339,Avalanche (1978),1978.0,17,2.5294117647058822,0.7283950617283956,0.0046688065363291505,0.38235294117647056,1,0,0,0,0,0,0,0,0,0,0,0,0,0,0,0,0,0
2535,2340,Earthquake (1974),1974.0,119,2.8487394957983194,0.6790123456790127,0.034432448205427485,0.46218487394957986,1,0,0,0,0,0,0,0,0,0,0,0,0,0,0,0,0,0
2536,2341,"Concorde: Airport '79, The (1979)",1979.0,37,1.8918918918918919,0.7407407407407405,0.01050481470674059,0.22297297297297297,0,0,0,0,0,0,0,1,0,0,0,0,0,0,0,0,0,0
2537,2342,Beyond the Poseidon Adventure (1979),1979.0,34,1.9411764705882353,0.7407407407407405,0.009629413481178873,0.23529411764705882,0,1,0,0,0,0,0,0,0,0,0,0,0,0,0,0,0,0
2538,2343,Dancemaker (1998),1998.0,5,3.6,0.9753086419753068,0.0011672016340822876,0.65,0,0,0,0,0,0,1,0,0,0,0,0,0,0,0,0,0,0
2539,2344,Analyze This (1999),1999.0,616,3.3944805194805197,0.9876543209876552,0.17945725124015174,0.5986201298701299,0,0,0,0,1,0,0,0,0,0,0,0,0,0,0,0,0,0
2540,2345,"Corruptor, The (1999)",1999.0,156,3.032051282051282,0.9876543209876552,0.04522906332068864,0.5080128205128205,1,0,0,0,0,1,0,1,0,0,0,0,0,0,0,1,0,0
2541,2346,Cruel Intentions (1999),1999.0,559,3.221824686940966,0.9876543209876552,0.16282462795447913,0.5554561717352415,0,0,0,0,0,0,0,1,0,0,0,0,0,0,0,0,0,0
2542,2347,"Lock, Stock & Two Smoking Barrels (1998)",1998.0,625,3.8976,0.9753086419753068,0.1820834549168369,0.7244,0,0,0,0,1,1,0,0,0,0,0,0,0,0,0,1,0,0
2543,2348,Six Ways to Sunday (1997),1997.0,2,3.5,0.9629629629629619,0.0002918004085205719,0.625,0,0,0,0,1,0,0,0,0,0,0,0,0,0,0,0,0,0
2544,2349,"School of Flesh, The (L' École de la chair) (1998)",1998.0,18,2.7777777777777777,0.9753086419753068,0.004960606944849723,0.4444444444444444,0,0,0,0,0,0,0,1,0,0,0,0,0,0,0,0,0,0
2545,2350,Relax... It's Just Sex (1998),1998.0,12,2.8333333333333335,0.9753086419753068,0.003209804493726291,0.45833333333333337,0,0,0,0,1,0,0,0,0,0,0,0,0,0,0,0,0,0
2546,2351,"Deep End of the Ocean, The (1999)",1999.0,169,2.940828402366864,0.9876543209876552,0.04902246863145608,0.485207100591716,0,0,0,0,0,0,0,1,0,0,0,0,0,0,0,0,0,0
2548,2352,"Rage: Carrie 2, The (1999)",1999.0,105,2.2285714285714286,0.9876543209876552,0.030347242486139476,0.30714285714285716,0,0,0,0,0,0,0,0,0,0,1,0,0,0,0,0,0,0
2549,2353,Wing Commander (1999),1999.0,175,2.2285714285714286,0.9876543209876552,0.05077327108257951,0.30714285714285716,1,0,0,0,0,0,0,0,0,0,0,0,0,0,1,0,0,0
2550,2354,"Haunting, The (1963)",1963.0,183,3.5027322404371586,0.5432098765432087,0.05310767435074409,0.6256830601092896,0,0,0,0,0,0,0,0,0,0,1,0,0,0,0,1,0,0
2551,2355,Dead Ringers (1988),1988.0,189,3.291005291005291,0.8518518518518512,0.05485847680186752,0.5727513227513228,0,0,0,0,0,0,0,1,0,0,0,0,0,0,0,1,0,0
2552,2356,My Boyfriend's Back (1993),1993.0,37,2.2162162162162162,0.913580246913579,0.01050481470674059,0.30405405405405406,0,0,0,0,1,0,0,0,0,0,0,0,0,0,0,0,0,0
2553,2357,Village of the Damned (1960),1960.0,219,3.356164383561644,0.5061728395061706,0.06361248905748468,0.589041095890411,0,0,0,0,0,0,0,0,0,0,1,0,0,0,1,1,0,0
2554,2358,Children of the Damned (1963),1963.0,136,3.176470588235294,0.5432098765432087,0.039393055150277204,0.5441176470588235,0,0,0,0,0,0,0,0,0,0,1,0,0,0,1,1,0,0
2555,2359,Baby Geniuses (1999),1999.0,164,1.701219512195122,0.9876543209876552,0.04756346658885322,0.17530487804878048,0,0,0,0,1,0,0,0,0,0,0,0,0,0,0,0,0,0
2556,2360,Telling You (1998),1998.0,1,3.0,0.9753086419753068,0.0,0.5,0,0,0,0,1,0,0,1,0,0,0,0,0,1,0,0,0,0
2557,2361,I Stand Alone (Seul contre tous) (1998),1998.0,5,3.4,0.9753086419753068,0.0011672016340822876,0.6,0,0,0,0,0,0,0,1,0,0,0,0,0,0,0,0,0,0
2558,2362,Forces of Nature (1999),1999.0,235,2.74468085106383,0.9876543209876552,0.06828129559381382,0.43617021276595747,0,0,0,0,1,0,0,0,0,0,0,0,0,1,0,0,0,0
2559,2363,"King and I, The (1999)",1999.0,27,2.5925925925925926,0.9876543209876552,0.00758681062153487,0.39814814814814814,0,0,1,1,0,0,0,0,0,0,0,0,0,0,0,0,0,0
2560,2364,Ravenous (1999),1999.0,171,3.111111111111111,0.9876543209876552,0.04960606944849722,0.5277777777777778,0,0,0,0,0,0,0,1,0,0,1,0,0,0,0,0,0,0
2561,2365,True Crime (1999),1999.0,131,3.0381679389312977,0.9876543209876552,0.037934053107674344,0.5095419847328244,0,0,0,0,0,1,0,0,0,0,0,0,0,0,0,1,0,0
2562,2366,Bandits (1997),1997.0,9,3.7777777777777777,0.9629629629629619,0.0023344032681645753,0.6944444444444444,0,0,0,0,0,0,0,1,0,0,0,0,0,0,0,0,0,0
2563,2367,Beauty (1998),1998.0,1,3.0,0.9753086419753068,0.0,0.5,0,0,0,0,0,0,0,1,0,0,0,0,0,0,0,0,0,0
2565,2368,"King and I, The (1956)",1956.0,372,3.954301075268817,0.4567901234567877,0.10825795156113217,0.7385752688172043,0,0,0,0,0,0,0,0,0,0,0,1,0,0,0,0,0,0
2566,2369,Doug's 1st Movie (1999),1999.0,40,2.425,0.9876543209876552,0.011380215932302306,0.35624999999999996,0,0,1,1,0,0,0,0,0,0,0,0,0,0,0,0,0,0
2567,2370,EDtv (1999),1999.0,302,3.2019867549668874,0.9876543209876552,0.08783192296469214,0.5504966887417219,0,0,0,0,1,0,0,0,0,0,0,0,0,0,0,0,0,0
2568,2371,"Mod Squad, The (1999)",1999.0,214,2.107476635514019,0.9876543209876552,0.06215348701488182,0.2768691588785047,1,0,0,0,0,1,0,0,0,0,0,0,0,0,0,0,0,0
2569,2372,Among Giants (1998),1998.0,9,3.7777777777777777,0.9753086419753068,0.0023344032681645753,0.6944444444444444,0,0,0,0,0,0,0,1,0,0,0,0,0,1,0,0,0,0
2570,2373,"Walk on the Moon, A (1999)",1999.0,102,3.5980392156862746,0.9876543209876552,0.029471841260577763,0.6495098039215687,0,0,0,0,0,0,0,1,0,0,0,0,0,1,0,0,0,0
2571,2374,"Matrix, The (1999)",1999.0,2590,4.315830115830116,0.9876543209876552,0.7554712576597606,0.828957528957529,1,0,0,0,0,0,0,0,0,0,0,0,0,0,1,1,0,0
2572,2375,10 Things I Hate About You (1999),1999.0,700,3.422857142857143,0.9876543209876552,0.20396848555587976,0.6057142857142858,0,0,0,0,1,0,0,0,0,0,0,0,0,1,0,0,0,0
2573,2376,Tango (1998),1998.0,48,3.4166666666666665,0.9753086419753068,0.01371461920046688,0.6041666666666666,0,0,0,0,0,0,0,1,0,0,0,0,0,0,0,0,0,0
2574,2377,"Out-of-Towners, The (1999)",1999.0,199,2.6683417085427137,0.9876543209876552,0.05777648088707324,0.4170854271356784,0,0,0,0,1,0,0,0,0,0,0,0,0,0,0,0,0,0
2575,2378,"Dreamlife of Angels, The (La Vie rêvée des anges) (1998)",1998.0,141,4.0,0.9753086419753068,0.04085205719288006,0.75,0,0,0,0,0,0,0,1,0,0,0,0,0,0,0,0,0,0
2576,2379,"Love, etc. (1996)",1996.0,3,2.0,0.9506172839506171,0.0005836008170411438,0.25,0,0,0,0,0,0,0,1,0,0,0,0,0,0,0,0,0,0
2577,2380,Metroland (1997),1997.0,28,3.2857142857142856,0.9629629629629619,0.007878611030055441,0.5714285714285714,0,0,0,0,1,0,0,1,0,0,0,0,0,0,0,0,0,0
2578,2381,"Sticky Fingers of Time, The (1997)",1997.0,4,3.5,0.9629629629629619,0.0008754012255617157,0.625,0,0,0,0,0,0,0,0,0,0,0,0,0,0,1,0,0,0
2579,2382,Following (1998),1998.0,29,3.793103448275862,0.9753086419753068,0.008170411438576013,0.6982758620689655,0,0,0,0,0,0,0,1,0,0,0,0,0,0,0,0,0,0
2580,2383,Go (1999),1999.0,723,3.854771784232365,0.9876543209876552,0.21067989495185294,0.7136929460580913,0,0,0,0,0,1,0,0,0,0,0,0,0,0,0,0,0,0
2581,2384,Never Been Kissed (1999),1999.0,624,3.168269230769231,0.9876543209876552,0.1817916545083163,0.5420673076923077,0,0,0,0,1,0,0,0,0,0,0,0,0,1,0,0,0,0
2582,2385,Twin Dragons (Shuang long hui) (1992),1992.0,66,3.106060606060606,0.9012345679012341,0.018967026553837172,0.5265151515151515,1,0,0,0,1,0,0,0,0,0,0,0,0,0,0,0,0,0
2583,2386,Cookie's Fortune (1999),1999.0,235,3.608510638297872,0.9876543209876552,0.06828129559381382,0.652127659574468,0,0,0,0,0,0,0,0,0,0,0,0,1,0,0,0,0,0
2584,2387,Foolish (1999),1999.0,1,3.0,0.9876543209876552,0.0,0.5,0,0,0,0,1,0,0,0,0,0,0,0,0,0,0,0,0,0
2585,2388,"Lovers of the Arctic Circle, The (Los Amantes del Círculo Polar) (1998)",1998.0,48,3.8541666666666665,0.9753086419753068,0.01371461920046688,0.7135416666666666,0,0,0,0,0,0,0,1,0,0,0,0,0,1,0,0,0,0
2586,2389,"Goodbye, Lover (1999)",1999.0,25,2.96,0.9876543209876552,0.007003209804493726,0.49,0,0,0,0,1,1,0,0,0,0,0,0,0,0,0,1,0,0
2587,2390,Life (1999),1999.0,102,2.9607843137254903,0.9876543209876552,0.029471841260577763,0.4901960784313726,0,0,0,0,1,0,0,0,0,0,0,0,0,0,0,0,0,0
2589,2391,Friends & Lovers (1999),1999.0,64,2.734375,0.9876543209876552,0.01838342573679603,0.43359375,0,0,0,0,1,0,0,1,0,0,0,0,0,1,0,0,0,0
2590,2392,Hideous Kinky (1998),1998.0,48,3.0416666666666665,0.9753086419753068,0.01371461920046688,0.5104166666666666,0,0,0,0,0,0,0,1,0,0,0,0,0,0,0,0,0,0
2591,2393,Jeanne and the Perfect Guy (Jeanne et le garçon formidable) (1998),1998.0,2,2.0,0.9753086419753068,0.0002918004085205719,0.25,0,0,0,0,1,0,0,0,0,0,0,0,0,1,0,0,0,0
2592,2394,"Joyriders, The (1999)",1999.0,1,3.0,0.9876543209876552,0.0,0.5,0,0,0,0,0,0,0,1,0,0,0,0,0,0,0,0,0,0
2593,2395,"Monster, The (Il Mostro) (1994)",1994.0,35,3.7142857142857144,0.9259259259259238,0.009921213889699446,0.6785714285714286,0,0,0,0,1,0,0,0,0,0,0,0,0,0,0,0,0,0
2594,2396,Open Your Eyes (Abre los ojos) (1997),1997.0,62,3.9516129032258065,0.9629629629629619,0.017799824919754886,0.7379032258064516,0,0,0,0,0,0,0,1,0,0,0,0,0,1,1,0,0,0
2596,2397,SLC Punk! (1998),1998.0,139,3.618705035971223,0.9753086419753068,0.040268456375838924,0.6546762589928058,0,0,0,0,1,0,0,1,0,0,0,0,0,0,0,0,0,0
2597,2398,Lost & Found (1999),1999.0,64,2.609375,0.9876543209876552,0.01838342573679603,0.40234375,0,0,0,0,1,0,0,0,0,0,0,0,0,1,0,0,0,0
2598,2399,Pushing Tin (1999),1999.0,533,3.016885553470919,0.9876543209876552,0.15523781733294426,0.5042213883677298,0,0,0,0,1,0,0,0,0,0,0,0,0,0,0,0,0,0
2599,2400,Election (1999),1999.0,1522,3.9303547963206307,0.9876543209876552,0.4438284213597899,0.7325886990801577,0,0,0,0,1,0,0,0,0,0,0,0,0,0,0,0,0,0
2600,2401,eXistenZ (1999),1999.0,410,3.2560975609756095,0.9876543209876552,0.1193463670849139,0.5640243902439024,1,0,0,0,0,0,0,0,0,0,0,0,0,0,1,1,0,0
2602,2402,Mighty Peking Man (Hsing hsing wang) (1977),1977.0,6,2.8333333333333335,0.7160493827160472,0.0014590020426028597,0.45833333333333337,0,1,0,0,0,0,0,0,0,0,0,0,0,0,1,0,0,0
2605,2403,Entrapment (1999),1999.0,777,3.168597168597169,0.9876543209876552,0.2264371170119638,0.5421492921492922,0,0,0,0,0,1,0,0,0,0,0,0,0,0,0,1,0,0
2606,2404,Idle Hands (1999),1999.0,207,2.7246376811594204,0.9876543209876552,0.06011088415523781,0.4311594202898551,0,0,0,0,1,0,0,0,0,0,1,0,0,0,0,0,0,0
2607,2405,Get Real (1998),1998.0,68,4.088235294117647,0.9753086419753068,0.019550627370878315,0.7720588235294117,0,0,0,0,0,0,0,1,0,0,0,0,0,0,0,0,0,0
2608,2406,Heaven (1998),1998.0,5,2.6,0.9753086419753068,0.0011672016340822876,0.4,0,0,0,0,0,0,0,0,0,0,0,0,0,0,0,1,0,0
2609,2407,"King of Masks, The (Bian Lian) (1996)",1996.0,67,4.223880597014926,0.9506172839506171,0.019258826962357745,0.8059701492537314,0,0,0,0,0,0,0,1,0,0,0,0,0,0,0,0,0,0
2610,2408,Three Seasons (1999),1999.0,41,3.8780487804878048,0.9876543209876552,0.011672016340822877,0.7195121951219512,0,0,0,0,0,0,0,1,0,0,0,0,0,0,0,0,0,0
2611,2409,"Winslow Boy, The (1998)",1998.0,146,3.910958904109589,0.9753086419753068,0.04231105923548292,0.7277397260273972,0,0,0,0,0,0,0,1,0,0,0,0,0,0,0,0,0,0
2612,2410,Mildred Pierce (1945),1945.0,136,4.088235294117647,0.3209876543209873,0.039393055150277204,0.7720588235294117,0,0,0,0,0,0,0,1,0,0,0,0,0,0,0,0,0,0
2613,2411,Night of the Comet (1984),1984.0,281,3.096085409252669,0.8024691358024683,0.08170411438576013,0.5240213523131673,1,0,0,0,0,0,0,0,0,0,1,0,0,0,1,0,0,0
2614,2412,Chopping Mall (a.k.a. Killbots) (1986),1986.0,44,1.9318181818181819,0.827160493827158,0.012547417566384592,0.23295454545454547,1,0,0,0,0,0,0,0,0,0,1,0,0,0,1,0,0,0
2615,2413,My Science Project (1985),1985.0,189,3.0105820105820107,0.8148148148148131,0.05485847680186752,0.5026455026455027,0,1,0,0,0,0,0,0,0,0,0,0,0,0,1,0,0,0
2616,2414,Dick Tracy (1990),1990.0,624,2.6826923076923075,0.8765432098765409,0.1817916545083163,0.42067307692307687,1,0,0,0,0,1,0,0,0,0,0,0,0,0,0,0,0,0
2617,2415,"Mummy, The (1999)",1999.0,1007,3.3217477656405165,0.9876543209876552,0.29355121097169534,0.5804369414101291,1,1,0,0,0,0,0,0,0,0,1,0,0,0,0,1,0,0
2618,2416,"Castle, The (1997)",1997.0,46,3.891304347826087,0.9629629629629619,0.013131018383425737,0.7228260869565217,0,0,0,0,1,0,0,0,0,0,0,0,0,0,0,0,0,0
2619,2417,Mascara (1999),1999.0,1,3.0,0.9876543209876552,0.0,0.5,0,0,0,0,0,0,0,1,0,0,0,0,0,0,0,0,0,0
2620,2418,This Is My Father (1998),1998.0,36,3.6944444444444446,0.9753086419753068,0.010213014298220018,0.6736111111111112,0,0,0,0,0,0,0,1,0,0,0,0,0,1,0,0,0,0
2621,2419,Xiu Xiu: The Sent-Down Girl (Tian yu) (1998),1998.0,69,3.652173913043478,0.9753086419753068,0.01984242777939889,0.6630434782608695,0,0,0,0,0,0,0,1,0,0,0,0,0,1,0,0,0,0
2622,2420,"Midsummer Night's Dream, A (1999)",1999.0,415,3.3493975903614457,0.9876543209876552,0.12080536912751677,0.5873493975903614,0,0,0,0,1,0,0,0,1,0,0,0,0,0,0,0,0,0
2623,2421,Trippin' (1999),1999.0,4,2.75,0.9876543209876552,0.0008754012255617157,0.4375,0,0,0,0,1,0,0,0,0,0,0,0,0,0,0,0,0,0
2624,2422,After Life (1998),1998.0,102,4.088235294117647,0.9753086419753068,0.029471841260577763,0.7720588235294117,0,0,0,0,0,0,0,1,0,0,0,0,0,0,0,0,0,0
2625,2423,Black Mask (Hak hap) (1996),1996.0,66,3.0757575757575757,0.9506172839506171,0.018967026553837172,0.5189393939393939,1,0,0,0,0,0,0,0,0,0,0,0,0,0,0,0,0,0
2626,2424,Edge of Seventeen (1998),1998.0,35,3.5714285714285716,0.9753086419753068,0.009921213889699446,0.6428571428571429,0,0,0,0,1,0,0,1,0,0,0,0,0,1,0,0,0,0
2627,2425,Endurance (1998),1998.0,14,3.4285714285714284,0.9753086419753068,0.0037934053107674345,0.6071428571428571,0,0,0,0,0,0,1,1,0,0,0,0,0,0,0,0,0,0
2628,2426,Star Wars: Episode I - The Phantom Menace (1999),1999.0,2250,3.409777777777778,0.9876543209876552,0.6562591187627662,0.6024444444444444,1,1,0,0,0,0,0,0,1,0,0,0,0,0,1,0,0,0
2629,2427,"Love Letter, The (1999)",1999.0,144,2.75,0.9876543209876552,0.04172745841844178,0.4375,0,0,0,0,1,0,0,0,0,0,0,0,0,1,0,0,0,0
2630,2428,Besieged (L' Assedio) (1998),1998.0,41,3.5121951219512195,0.9753086419753068,0.011672016340822877,0.6280487804878049,0,0,0,0,0,0,0,1,0,0,0,0,0,0,0,0,0,0
2631,2429,Frogs for Snakes (1998),1998.0,5,2.0,0.9753086419753068,0.0011672016340822876,0.25,0,0,0,0,1,0,0,0,0,1,0,0,0,0,0,1,0,0
2632,2430,"Saragossa Manuscript, The (Rekopis znaleziony w Saragossie) (1965)",1965.0,11,3.272727272727273,0.567901234567902,0.002918004085205719,0.5681818181818182,0,0,0,0,0,0,0,1,0,0,0,0,0,0,0,0,0,0
2633,2431,"Mummy, The (1932)",1932.0,162,3.537037037037037,0.16049382716049365,0.046979865771812075,0.6342592592592593,0,0,0,0,0,0,0,0,0,0,1,0,0,1,0,0,0,0
2634,2432,"Mummy, The (1959)",1959.0,93,3.247311827956989,0.4938271604938258,0.026845637583892613,0.5618279569892473,0,0,0,0,0,0,0,0,0,0,1,0,0,0,0,0,0,0
2635,2433,"Mummy's Curse, The (1944)",1944.0,31,3.032258064516129,0.30864197530864246,0.008754012255617158,0.5080645161290323,0,0,0,0,0,0,0,0,0,0,1,0,0,0,0,0,0,0
2636,2434,"Mummy's Ghost, The (1944)",1944.0,13,2.4615384615384617,0.30864197530864246,0.003501604902246863,0.3653846153846154,0,0,0,0,0,0,0,0,0,0,1,0,0,0,0,0,0,0
2637,2435,"Mummy's Hand, The (1940)",1940.0,33,2.6666666666666665,0.2592592592592595,0.009337613072658301,0.41666666666666663,0,0,0,0,0,0,0,0,0,0,1,0,0,0,0,0,0,0
2638,2436,"Mummy's Tomb, The (1942)",1942.0,36,2.8333333333333335,0.2839506172839492,0.010213014298220018,0.45833333333333337,0,0,0,0,0,0,0,0,0,0,1,0,0,0,0,0,0,0
2639,2437,Mommie Dearest (1981),1981.0,163,3.2024539877300615,0.7654320987654302,0.04727166618033265,0.5506134969325154,0,0,0,0,0,0,0,1,0,0,0,0,0,0,0,0,0,0
2640,2438,Superman (1978),1978.0,1222,3.536824877250409,0.7283950617283956,0.3562882988036183,0.6342062193126022,1,1,0,0,0,0,0,0,0,0,0,0,0,0,1,0,0,0
2641,2439,Superman II (1980),1980.0,846,3.1643026004728134,0.7530864197530853,0.24657134519988327,0.5410756501182034,1,1,0,0,0,0,0,0,0,0,0,0,0,0,1,0,0,0
2642,2440,Superman III (1983),1983.0,511,2.336594911937378,0.7901234567901234,0.1488182083454917,0.3341487279843445,1,1,0,0,0,0,0,0,0,0,0,0,0,0,1,0,0,0
2643,2441,Superman IV: The Quest for Peace (1987),1987.0,332,1.8885542168674698,0.8395061728395063,0.0965859352203093,0.22213855421686746,1,1,0,0,0,0,0,0,0,0,0,0,0,0,1,0,0,0
2644,2442,Dracula (1931),1931.0,238,3.827731092436975,0.1481481481481488,0.06915669681937554,0.7069327731092437,0,0,0,0,0,0,0,0,0,0,1,0,0,0,0,0,0,0
2645,2443,Dracula (1958),1958.0,102,3.343137254901961,0.48148148148148096,0.029471841260577763,0.5857843137254902,0,0,0,0,0,0,0,0,0,0,1,0,0,0,0,0,0,0
2646,2444,House of Dracula (1945),1945.0,39,2.871794871794872,0.3209876543209873,0.011088415523781732,0.46794871794871795,0,0,0,0,0,0,0,0,0,0,1,0,0,0,0,0,0,0
2647,2445,House of Frankenstein (1944),1944.0,52,3.1923076923076925,0.30864197530864246,0.014881820834549168,0.5480769230769231,0,0,0,0,0,0,0,0,0,0,1,0,0,0,0,0,0,0
2648,2446,Frankenstein (1931),1931.0,406,3.9753694581280787,0.1481481481481488,0.11817916545083162,0.7438423645320197,0,0,0,0,0,0,0,0,0,0,1,0,0,0,0,0,0,0
2649,2447,Son of Frankenstein (1939),1939.0,65,3.3230769230769233,0.24691358024691112,0.018675226145316602,0.5807692307692308,0,0,0,0,0,0,0,0,0,0,1,0,0,0,0,0,0,0
2650,2448,"Ghost of Frankenstein, The (1942)",1942.0,33,2.757575757575758,0.2839506172839492,0.009337613072658301,0.43939393939393945,0,0,0,0,0,0,0,0,0,0,1,0,0,0,0,0,0,0
2651,2449,Frankenstein Meets the Wolf Man (1943),1943.0,82,3.1463414634146343,0.29629629629629406,0.023635833090166324,0.5365853658536586,0,0,0,0,0,0,0,0,0,0,1,0,0,0,0,0,0,0
2652,2450,"Curse of Frankenstein, The (1957)",1957.0,51,2.9215686274509802,0.4691358024691361,0.014590020426028597,0.48039215686274506,0,0,0,0,0,0,0,0,0,0,1,0,0,0,0,0,0,0
2653,2451,Son of Dracula (1943),1943.0,42,2.761904761904762,0.29629629629629406,0.011963816749343449,0.44047619047619047,0,0,0,0,0,0,0,0,0,0,1,0,0,0,0,0,0,0
2654,2452,"Wolf Man, The (1941)",1941.0,134,3.7611940298507465,0.27160493827160437,0.038809454333236064,0.6902985074626866,0,0,0,0,0,0,0,0,0,0,1,0,0,0,0,0,0,0
2655,2453,Howling II: Your Sister Is a Werewolf (1985),1985.0,47,1.7659574468085106,0.8148148148148131,0.013422818791946308,0.19148936170212766,0,0,0,0,0,0,0,0,0,0,1,0,0,0,0,0,0,0
2656,2454,Tarantula (1955),1955.0,62,2.774193548387097,0.44444444444444287,0.017799824919754886,0.44354838709677424,0,0,0,0,0,0,0,0,0,0,1,0,0,0,1,0,0,0
2657,2455,"Rocky Horror Picture Show, The (1975)",1975.0,1233,3.291159772911598,0.6913580246913575,0.3594981032973446,0.5727899432278994,0,0,0,0,1,0,0,0,0,0,1,1,0,0,1,0,0,0
2658,2456,"Flying Saucer, The (1950)",1950.0,11,3.090909090909091,0.3827160493827151,0.002918004085205719,0.5227272727272727,0,0,0,0,0,0,0,0,0,0,0,0,0,0,1,0,0,0
2659,2457,It Came from Hollywood (1982),1982.0,46,3.1739130434782608,0.7777777777777786,0.013131018383425737,0.5434782608695652,0,0,0,0,1,0,1,0,0,0,0,0,0,0,0,0,0,0
2660,2458,"Thing From Another World, The (1951)",1951.0,135,3.8962962962962964,0.39506172839505993,0.03910125474175664,0.7240740740740741,0,0,0,0,0,0,0,0,0,0,0,0,0,0,1,0,0,0
2661,2459,It Came from Outer Space (1953),1953.0,94,3.3617021276595747,0.4197530864197532,0.027137437992413187,0.5904255319148937,0,0,0,0,0,0,0,0,0,0,0,0,0,0,1,0,0,0
2662,2460,"War of the Worlds, The (1953)",1953.0,565,3.8584070796460175,0.4197530864197532,0.16457543040560257,0.7146017699115044,1,0,0,0,0,0,0,0,0,0,0,0,0,0,1,0,1,0
2663,2461,It Came from Beneath the Sea (1955),1955.0,53,3.0754716981132075,0.44444444444444287,0.01517362124306974,0.5188679245283019,0,0,0,0,0,0,0,0,0,0,0,0,0,0,1,0,0,0
2664,2462,Invasion of the Body Snatchers (1956),1956.0,628,3.912420382165605,0.4567901234567877,0.1829588561423986,0.7281050955414012,0,0,0,0,0,0,0,0,0,0,1,0,0,0,1,0,0,0
2665,2463,Earth Vs. the Flying Saucers (1956),1956.0,71,3.4225352112676055,0.4567901234567877,0.02042602859644003,0.6056338028169014,0,0,0,0,0,0,0,0,0,0,0,0,0,0,1,0,0,0
2666,2464,It Conquered the World (1956),1956.0,28,3.2142857142857144,0.4567901234567877,0.007878611030055441,0.5535714285714286,0,0,0,0,0,0,0,0,0,0,0,0,0,0,1,0,0,0
2667,2465,"Mole People, The (1956)",1956.0,58,2.6206896551724137,0.4567901234567877,0.016632623285672596,0.4051724137931034,0,0,0,0,0,0,0,0,0,0,0,0,0,0,1,0,0,0
2668,2466,Swamp Thing (1982),1982.0,273,2.5347985347985347,0.7777777777777786,0.07936971111759555,0.38369963369963367,0,0,0,0,0,0,0,0,0,0,1,0,0,0,1,0,0,0
2669,2467,Pork Chop Hill (1959),1959.0,107,3.7383177570093458,0.4938271604938258,0.030930843303180622,0.6845794392523364,0,0,0,0,0,0,0,0,0,0,0,0,0,0,0,0,1,0
2670,2468,"Run Silent, Run Deep (1958)",1958.0,220,4.0,0.48148148148148096,0.06390428946600525,0.75,0,0,0,0,0,0,0,0,0,0,0,0,0,0,0,0,1,0
2671,2469,Notting Hill (1999),1999.0,780,3.6628205128205127,0.9876543209876552,0.22731251823752552,0.6657051282051282,0,0,0,0,1,0,0,0,0,0,0,0,0,1,0,0,0,0
2672,2470,"Thirteenth Floor, The (1999)",1999.0,391,3.1892583120204603,0.9876543209876552,0.11380215932302304,0.5473145780051151,0,0,0,0,0,0,0,1,0,0,0,0,0,0,1,1,0,0
2673,2471,Eternity and a Day (Mia eoniotita ke mia mera ) (1998),1998.0,7,3.857142857142857,0.9753086419753068,0.0017508024511234312,0.7142857142857143,0,0,0,0,0,0,0,1,0,0,0,0,0,0,0,0,0,0
2674,2472,"Loss of Sexual Innocence, The (1999)",1999.0,26,2.6923076923076925,0.9876543209876552,0.007295010213014298,0.42307692307692313,0,0,0,0,0,0,0,1,0,0,0,0,0,0,0,0,0,0
2675,2473,Twice Upon a Yesterday (1998),1998.0,10,3.4,0.9753086419753068,0.0026262036766851473,0.6,0,0,0,0,1,0,0,1,0,0,0,0,0,1,0,0,0,0
2676,2474,Instinct (1999),1999.0,266,3.1353383458646618,0.9876543209876552,0.07732710825795155,0.5338345864661654,0,0,0,0,0,0,0,1,0,0,0,0,0,0,0,1,0,0
2677,2475,Buena Vista Social Club (1999),1999.0,230,4.056521739130435,0.9876543209876552,0.06682229355121097,0.7641304347826088,0,0,0,0,0,0,1,0,0,0,0,0,0,0,0,0,0,0
2678,2476,Desert Blue (1999),1999.0,25,3.12,0.9876543209876552,0.007003209804493726,0.53,0,0,0,0,0,0,0,1,0,0,0,0,0,0,0,0,0,0
2679,2477,Finding North (1999),1999.0,5,2.6,0.9876543209876552,0.0011672016340822876,0.4,0,0,0,0,0,0,0,1,0,0,0,0,0,1,0,0,0,0
2681,2478,Free Enterprise (1998),1998.0,43,3.604651162790698,0.9753086419753068,0.01225561715786402,0.6511627906976745,0,0,0,0,1,0,0,0,0,0,0,0,0,1,1,0,0,0
2682,2479,Limbo (1999),1999.0,88,4.056818181818182,0.9876543209876552,0.025386635541289754,0.7642045454545454,0,0,0,0,0,0,0,1,0,0,0,0,0,0,0,0,0,0
2683,2480,Austin Powers: The Spy Who Shagged Me (1999),1999.0,1434,3.388423988842399,0.9876543209876552,0.41814998540997955,0.5971059972105998,0,0,0,0,1,0,0,0,0,0,0,0,0,0,0,0,0,0
2685,2481,"Red Dwarf, The (Le Nain rouge) (1998)",1998.0,4,3.0,0.9753086419753068,0.0008754012255617157,0.5,0,0,0,0,1,0,0,1,0,0,0,0,0,0,0,0,0,0
2686,2482,"Red Violin, The (Le Violon rouge) (1998)",1998.0,583,3.9622641509433962,0.9753086419753068,0.16982783775897287,0.7405660377358491,0,0,0,0,0,0,0,1,0,0,0,0,1,0,0,0,0,0
2687,2483,Tarzan (1999),1999.0,442,3.665158371040724,0.9876543209876552,0.12868398015757224,0.666289592760181,0,0,1,1,0,0,0,0,0,0,0,0,0,0,0,0,0,0
2688,2484,"General's Daughter, The (1999)",1999.0,691,3.141823444283647,0.9876543209876552,0.20134228187919462,0.5354558610709117,0,0,0,0,0,0,0,1,0,0,0,0,0,0,0,1,0,0
2689,2485,Get Bruce (1999),1999.0,41,3.3902439024390243,0.9876543209876552,0.011672016340822877,0.5975609756097561,0,0,0,0,0,0,1,0,0,0,0,0,0,0,0,0,0,0
2690,2486,"Ideal Husband, An (1999)",1999.0,390,3.7,0.9876543209876552,0.11351035891450247,0.675,0,0,0,0,1,0,0,0,0,0,0,0,0,0,0,0,0,0
2691,2487,"Legend of 1900, The (Leggenda del pianista sull'oceano) (1998)",1998.0,20,2.95,0.9753086419753068,0.005544207761890867,0.48750000000000004,0,0,0,0,0,0,0,1,0,0,0,0,0,0,0,0,0,0
2692,2488,Run Lola Run (Lola rennt) (1998),1998.0,1072,4.224813432835821,0.9753086419753068,0.31251823752553254,0.8062033582089552,1,0,0,0,0,1,0,0,0,0,0,0,0,1,0,0,0,0
2693,2489,Trekkies (1997),1997.0,224,3.857142857142857,0.9629629629629619,0.06507149110008753,0.7142857142857143,0,0,0,0,0,0,1,0,0,0,0,0,0,0,0,0,0,0
2694,2490,Big Daddy (1999),1999.0,791,3.1352718078381794,0.9876543209876552,0.2305223227312518,0.5338179519595448,0,0,0,0,1,0,0,0,0,0,0,0,0,0,0,0,0,0
2695,2491,"Boys, The (1997)",1997.0,11,2.1818181818181817,0.9629629629629619,0.002918004085205719,0.2954545454545454,0,0,0,0,0,0,0,1,0,0,0,0,0,0,0,0,0,0
2696,2492,"Dinner Game, The (Le Dîner de cons) (1998)",1998.0,81,3.691358024691358,0.9753086419753068,0.02334403268164575,0.6728395061728395,0,0,0,0,1,0,0,0,0,0,0,0,0,0,0,0,0,0
2697,2493,My Son the Fanatic (1998),1998.0,48,3.7291666666666665,0.9753086419753068,0.01371461920046688,0.6822916666666666,0,0,0,0,1,0,0,1,0,0,0,0,0,1,0,0,0,0
2699,2494,Arachnophobia (1990),1990.0,1367,3.0029261155815656,0.8765432098765409,0.39859935803910124,0.5007315288953914,1,0,0,0,1,0,0,0,0,0,0,0,0,0,1,1,0,0
2700,2495,"South Park: Bigger, Longer and Uncut (1999)",1999.0,1269,3.760441292356186,0.9876543209876552,0.3700029180040852,0.6901103230890465,0,0,1,0,1,0,0,0,0,0,0,0,0,0,0,0,0,0
2701,2496,Wild Wild West (1999),1999.0,902,2.158536585365854,0.9876543209876552,0.2629121680770353,0.28963414634146345,1,0,0,0,0,0,0,0,0,0,0,0,0,0,1,0,0,1
2702,2497,Summer of Sam (1999),1999.0,395,3.070886075949367,0.9876543209876552,0.11496936095710533,0.5177215189873418,0,0,0,0,0,0,0,1,0,0,0,0,0,0,0,0,0,0
2703,2498,Broken Vessels (1998),1998.0,1,3.0,0.9753086419753068,0.0,0.5,0,0,0,0,0,0,0,1,0,0,0,0,0,0,0,0,0,0
2704,2499,"Lovers on the Bridge, The (Les Amants du Pont-Neuf) (1991)",1991.0,41,3.073170731707317,0.8888888888888893,0.011672016340822877,0.5182926829268293,0,0,0,0,0,0,0,1,0,0,0,0,0,1,0,0,0,0
2705,2500,"Late August, Early September (Fin août, début septembre) (1998)",1998.0,7,2.7142857142857144,0.9753086419753068,0.0017508024511234312,0.4285714285714286,0,0,0,0,0,0,0,1,0,0,0,0,0,0,0,0,0,0
2706,2501,American Pie (1999),1999.0,1389,3.7098632109431247,0.9876543209876552,0.4050189670265538,0.6774658027357812,0,0,0,0,1,0,0,0,0,0,0,0,0,0,0,0,0,0
2707,2502,Arlington Road (1999),1999.0,634,3.504731861198738,0.9876543209876552,0.18470965859352204,0.6261829652996845,0,0,0,0,0,0,0,0,0,0,0,0,0,0,0,1,0,0
2708,2503,"Autumn Tale, An (Conte d'automne) (1998)",1998.0,47,3.8297872340425534,0.9753086419753068,0.013422818791946308,0.7074468085106383,0,0,0,0,0,0,0,0,0,0,0,0,0,1,0,0,0,0
2709,2504,Muppets From Space (1999),1999.0,232,3.1767241379310347,0.9876543209876552,0.0674058943682521,0.5441810344827587,0,0,0,1,1,0,0,0,0,0,0,0,0,0,0,0,0,0
2710,2505,"Blair Witch Project, The (1999)",1999.0,1237,3.0315278900565885,0.9876543209876552,0.3606653049314269,0.5078819725141471,0,0,0,0,0,0,0,0,0,0,1,0,0,0,0,0,0,0
2711,2506,My Life So Far (1999),1999.0,32,3.5625,0.9876543209876552,0.00904581266413773,0.640625,0,0,0,0,0,0,0,1,0,0,0,0,0,0,0,0,0,0
2712,2507,Eyes Wide Shut (1999),1999.0,945,3.201058201058201,0.9876543209876552,0.2754595856434199,0.5502645502645502,0,0,0,0,0,0,0,1,0,0,0,0,0,0,0,0,0,0
2713,2508,Lake Placid (1999),1999.0,421,2.501187648456057,0.9876543209876552,0.1225561715786402,0.3752969121140143,0,0,0,0,0,0,0,0,0,0,1,0,0,0,0,1,0,0
2714,2509,"Wood, The (1999)",1999.0,87,3.2528735632183907,0.9876543209876552,0.025094835132769184,0.5632183908045977,0,0,0,0,0,0,0,1,0,0,0,0,0,0,0,0,0,0
2715,2510,"Velocity of Gary, The (1998)",1998.0,22,2.227272727272727,0.9753086419753068,0.00612780857893201,0.30681818181818177,0,0,0,0,1,0,0,0,0,0,0,0,0,1,0,0,0,0
2716,2511,Ghostbusters (1984),1984.0,2181,3.9055479138010085,0.8024691358024683,0.6361248905748467,0.7263869784502521,0,0,0,0,1,0,0,0,0,0,1,0,0,0,0,0,0,0
2717,2512,Ghostbusters II (1989),1989.0,565,2.9061946902654867,0.864197530864196,0.16457543040560257,0.4765486725663717,0,0,0,0,1,0,0,0,0,0,1,0,0,0,0,0,0,0
2718,2513,Drop Dead Gorgeous (1999),1999.0,383,3.1305483028720626,0.9876543209876552,0.11146775605485847,0.5326370757180157,0,0,0,0,1,0,0,0,0,0,0,0,0,0,0,0,0,0
2719,2514,"Haunting, The (1999)",1999.0,476,2.3823529411764706,0.9876543209876552,0.13860519404727167,0.34558823529411764,0,0,0,0,0,0,0,0,0,0,1,0,0,0,0,1,0,0
2720,2515,Inspector Gadget (1999),1999.0,373,2.1662198391420913,0.9876543209876552,0.10854975196965275,0.2915549597855228,1,1,0,1,1,0,0,0,0,0,0,0,0,0,0,0,0,0
2721,2516,Trick (1999),1999.0,85,3.764705882352941,0.9876543209876552,0.024511234315728037,0.6911764705882353,0,0,0,0,0,0,0,0,0,0,0,0,0,1,0,0,0,0
2722,2517,Deep Blue Sea (1999),1999.0,598,2.8729096989966556,0.9876543209876552,0.17420484388678145,0.4682274247491639,1,0,0,0,0,0,0,0,0,0,0,0,0,0,1,1,0,0
2723,2518,Mystery Men (1999),1999.0,853,3.0105509964830013,0.9876543209876552,0.24861394805952727,0.5026377491207503,1,1,0,0,1,0,0,0,0,0,0,0,0,0,0,0,0,0
2724,2519,Runaway Bride (1999),1999.0,650,3.12,0.9876543209876552,0.18937846512985118,0.53,0,0,0,0,1,0,0,0,0,0,0,0,0,1,0,0,0,0
2725,2520,Twin Falls Idaho (1999),1999.0,95,3.7473684210526317,0.9876543209876552,0.027429238400933757,0.6868421052631579,0,0,0,0,0,0,0,1,0,0,0,0,0,0,0,0,0,0
2726,2521,"Killing, The (1956)",1956.0,130,4.1692307692307695,0.4567901234567877,0.03764225269915378,0.7923076923076924,0,0,0,0,0,1,0,0,0,1,0,0,0,0,0,0,0,0
2727,2522,Killer's Kiss (1955),1955.0,32,3.46875,0.44444444444444287,0.00904581266413773,0.6171875,0,0,0,0,0,0,0,0,0,1,0,0,0,0,0,0,0,0
2728,2523,Spartacus (1960),1960.0,426,4.018779342723005,0.5061728395061706,0.12401517362124306,0.7546948356807512,0,0,0,0,0,0,0,1,0,0,0,0,0,0,0,0,0,0
2729,2524,Lolita (1962),1962.0,201,3.8656716417910446,0.5308641975308639,0.05836008170411438,0.7164179104477612,0,0,0,0,0,0,0,1,0,0,0,0,0,0,0,0,0,0
2730,2525,Barry Lyndon (1975),1975.0,169,3.5502958579881656,0.6913580246913575,0.04902246863145608,0.6375739644970414,0,0,0,0,0,0,0,1,0,0,0,0,0,0,0,0,0,0
2731,2526,"400 Blows, The (Les Quatre cents coups) (1959)",1959.0,187,4.320855614973262,0.4938271604938258,0.05427487598482637,0.8302139037433156,0,0,0,0,0,0,0,1,0,0,0,0,0,0,0,0,0,0
2732,2527,Jules and Jim (Jules et Jim) (1961),1961.0,148,3.97972972972973,0.518518518518519,0.04289466005252407,0.7449324324324325,0,0,0,0,0,0,0,1,0,0,0,0,0,0,0,0,0,0
2733,2528,Vibes (1988),1988.0,50,2.44,0.8518518518518512,0.014298220017508023,0.36,0,1,0,0,1,0,0,0,0,0,0,0,0,0,0,0,0,0
2734,2529,"Mosquito Coast, The (1986)",1986.0,466,3.3583690987124464,0.827160493827158,0.13568718996206594,0.5895922746781116,0,0,0,0,0,0,0,1,0,0,0,0,0,0,0,0,0,0
2735,2530,"Golden Child, The (1986)",1986.0,459,2.89760348583878,0.827160493827158,0.13364458710242194,0.474400871459695,1,1,0,0,1,0,0,0,0,0,0,0,0,0,0,0,0,0
2736,2531,Brighton Beach Memoirs (1986),1986.0,225,3.4355555555555557,0.827160493827158,0.0653632915086081,0.6088888888888889,0,0,0,0,1,0,0,0,0,0,0,0,0,0,0,0,0,0
2737,2532,Assassination (1987),1987.0,23,2.9130434782608696,0.8395061728395063,0.006419608987452583,0.4782608695652174,1,0,0,0,0,0,0,0,0,0,0,0,0,0,0,0,0,0
2738,2533,Crimes of the Heart (1986),1986.0,79,3.4556962025316458,0.827160493827158,0.022760431864604608,0.6139240506329114,0,0,0,0,1,0,0,1,0,0,0,0,0,0,0,0,0,0
2739,2534,"Color Purple, The (1985)",1985.0,450,3.8555555555555556,0.8148148148148131,0.1310183834257368,0.7138888888888889,0,0,0,0,0,0,0,1,0,0,0,0,0,0,0,0,0,0
2740,2535,"Kindred, The (1986)",1986.0,17,2.6470588235294117,0.827160493827158,0.0046688065363291505,0.4117647058823529,0,0,0,0,0,0,0,0,0,0,1,0,0,0,0,0,0,0
2741,2536,No Mercy (1986),1986.0,61,3.0163934426229506,0.827160493827158,0.017508024511234312,0.5040983606557377,1,0,0,0,0,0,0,0,0,0,0,0,0,0,0,1,0,0
2742,2537,Ménage (Tenue de soirée) (1986),1986.0,1,2.0,0.827160493827158,0.0,0.25,0,0,0,0,1,0,0,1,0,0,0,0,0,0,0,0,0,0
2743,2538,Native Son (1986),1986.0,24,3.375,0.827160493827158,0.006711409395973154,0.59375,0,0,0,0,0,0,0,1,0,0,0,0,0,0,0,0,0,0
2744,2539,Otello (1986),1986.0,38,3.6842105263157894,0.827160493827158,0.01079661511526116,0.6710526315789473,0,0,0,0,0,0,0,1,0,0,0,0,0,0,0,0,0,0
2745,2540,"Mission, The (1986)",1986.0,229,3.8951965065502185,0.827160493827158,0.0665304931426904,0.7237991266375546,0,0,0,0,0,0,0,1,0,0,0,0,0,0,0,0,0,0
2746,2541,Little Shop of Horrors (1986),1986.0,936,3.3322649572649574,0.827160493827158,0.27283338196673473,0.5830662393162394,0,0,0,0,1,0,0,0,0,0,1,1,0,0,0,0,0,0
2747,2542,"Little Shop of Horrors, The (1960)",1960.0,356,3.311797752808989,0.5061728395061706,0.10358914502480303,0.5779494382022472,0,0,0,0,1,0,0,0,0,0,1,0,0,0,0,0,0,0
2748,2543,Allan Quartermain and the Lost City of Gold (1987),1987.0,137,2.051094890510949,0.8395061728395063,0.03968485555879778,0.26277372262773724,1,1,0,0,0,0,0,0,0,0,0,0,0,0,0,0,0,0
2749,2544,"Morning After, The (1986)",1986.0,87,3.218390804597701,0.827160493827158,0.025094835132769184,0.5545977011494253,0,0,0,0,0,0,0,1,0,0,0,0,1,0,0,0,0,0
2750,2545,Radio Days (1987),1987.0,285,3.6982456140350877,0.8395061728395063,0.08287131601984242,0.6745614035087719,0,0,0,0,1,0,0,1,0,0,0,0,0,0,0,0,0,0
2751,2546,From the Hip (1987),1987.0,54,2.814814814814815,0.8395061728395063,0.015465421651590311,0.4537037037037037,0,0,0,0,1,0,0,0,0,0,0,0,0,0,0,0,0,0
2752,2547,Outrageous Fortune (1987),1987.0,185,2.962162162162162,0.8395061728395063,0.05369127516778523,0.4905405405405405,0,0,0,0,1,0,0,0,0,0,0,0,1,0,0,0,0,0
2753,2548,"Bedroom Window, The (1987)",1987.0,57,3.491228070175439,0.8395061728395063,0.016340822877152026,0.6228070175438597,0,0,0,0,0,0,0,0,0,0,0,0,0,0,0,1,0,0
2754,2549,Deadtime Stories (1987),1987.0,12,1.8333333333333333,0.8395061728395063,0.003209804493726291,0.20833333333333331,0,0,0,0,0,0,0,0,0,0,1,0,0,0,0,0,0,0
2755,2550,Light of Day (1987),1987.0,31,2.6774193548387095,0.8395061728395063,0.008754012255617158,0.4193548387096774,0,0,0,0,0,0,0,1,0,0,0,0,0,0,0,0,0,0
2756,2551,Wanted: Dead or Alive (1987),1987.0,32,3.21875,0.8395061728395063,0.00904581266413773,0.5546875,1,0,0,0,0,0,0,0,0,0,0,0,0,0,0,0,0,0
2757,2552,Frances (1982),1982.0,135,3.8222222222222224,0.7777777777777786,0.03910125474175664,0.7055555555555556,0,0,0,0,0,0,0,1,0,0,0,0,0,0,0,0,0,0
2758,2553,Plenty (1985),1985.0,31,2.838709677419355,0.8148148148148131,0.008754012255617158,0.45967741935483875,0,0,0,0,0,0,0,1,0,0,0,0,0,0,0,0,0,0
2759,2554,Dick (1999),1999.0,430,3.3511627906976744,0.9876543209876552,0.12518237525532536,0.5877906976744186,0,0,0,0,1,0,0,0,0,0,0,0,0,0,0,0,0,0
2760,2555,"Gambler, The (A Játékos) (1997)",1997.0,7,3.4285714285714284,0.9629629629629619,0.0017508024511234312,0.6071428571428571,0,0,0,0,0,0,0,1,0,0,0,0,0,0,0,0,0,0
2761,2556,"Iron Giant, The (1999)",1999.0,674,4.0474777448071215,0.9876543209876552,0.1963816749343449,0.7618694362017804,0,0,1,1,0,0,0,0,0,0,0,0,0,0,0,0,0,0
2762,2557,"Sixth Sense, The (1999)",1999.0,2459,4.406262708418057,0.9876543209876552,0.7172454041435657,0.8515656771045141,0,0,0,0,0,0,0,0,0,0,0,0,0,0,0,1,0,0
2763,2558,"Thomas Crown Affair, The (1999)",1999.0,1089,3.6418732782369148,0.9876543209876552,0.31747884447038227,0.6604683195592287,1,0,0,0,0,0,0,0,0,0,0,0,0,0,0,1,0,0
2764,2559,"Thomas Crown Affair, The (1968)",1968.0,280,3.6,0.6049382716049365,0.08141231397723957,0.65,0,0,0,0,0,1,0,1,0,0,0,0,0,0,0,1,0,0
2765,2560,"Acid House, The (1998)",1998.0,7,2.7142857142857144,0.9753086419753068,0.0017508024511234312,0.4285714285714286,0,0,0,0,1,0,0,1,0,0,0,0,0,0,0,0,0,0
2766,2561,"Adventures of Sebastian Cole, The (1998)",1998.0,33,3.515151515151515,0.9753086419753068,0.009337613072658301,0.6287878787878788,0,0,0,0,1,0,0,1,0,0,0,0,0,0,0,0,0,0
2767,2562,Illuminata (1998),1998.0,25,3.08,0.9753086419753068,0.007003209804493726,0.52,0,0,0,0,1,0,0,0,0,0,0,0,0,0,0,0,0,0
2768,2563,Stiff Upper Lips (1998),1998.0,13,3.230769230769231,0.9753086419753068,0.003501604902246863,0.5576923076923077,0,0,0,0,1,0,0,0,0,0,0,0,0,0,0,0,0,0
2769,2564,"Yards, The (1999)",1999.0,77,3.220779220779221,0.9876543209876552,0.022176831047563465,0.5551948051948052,0,0,0,0,0,1,0,0,0,0,0,0,1,0,0,0,0,0
2770,2565,Bowfinger (1999),1999.0,935,3.2620320855614975,0.9876543209876552,0.2725415815582142,0.5655080213903744,0,0,0,0,1,0,0,0,0,0,0,0,0,0,0,0,0,0
2771,2566,Brokedown Palace (1999),1999.0,171,2.888888888888889,0.9876543209876552,0.04960606944849722,0.4722222222222222,0,0,0,0,0,0,0,1,0,0,0,0,0,0,0,0,0,0
2772,2567,Detroit Rock City (1999),1999.0,246,3.032520325203252,0.9876543209876552,0.07149110008754012,0.508130081300813,0,0,0,0,1,0,0,0,0,0,0,0,0,0,0,0,0,0
2773,2568,Alice and Martin (Alice et Martin) (1998),1998.0,14,2.9285714285714284,0.9753086419753068,0.0037934053107674345,0.4821428571428571,0,0,0,0,0,0,0,1,0,0,0,0,0,0,0,0,0,0
2774,2569,Better Than Chocolate (1999),1999.0,68,3.514705882352941,0.9876543209876552,0.019550627370878315,0.6286764705882353,0,0,0,0,1,0,0,0,0,0,0,0,0,1,0,0,0,0
2775,2570,Head On (1998),1998.0,14,3.2857142857142856,0.9753086419753068,0.0037934053107674345,0.5714285714285714,0,0,0,0,0,0,0,1,0,0,0,0,0,0,0,0,0,0
2776,2571,"Marcello Mastroianni: I Remember Yes, I Remember (1997)",1997.0,13,3.769230769230769,0.9629629629629619,0.003501604902246863,0.6923076923076923,0,0,0,0,0,0,1,0,0,0,0,0,0,0,0,0,0,0
2777,2572,Cobra (1925),1925.0,5,2.0,0.07407407407407263,0.0011672016340822876,0.25,0,0,0,0,0,0,0,1,0,0,0,0,0,0,0,0,0,0
2778,2573,Never Talk to Strangers (1995),1995.0,29,2.5517241379310347,0.9382716049382722,0.008170411438576013,0.3879310344827587,0,0,0,0,0,0,0,0,0,0,0,0,0,0,0,1,0,0
2779,2574,Heaven Can Wait (1978),1978.0,345,3.6202898550724636,0.7283950617283956,0.10037934053107674,0.6550724637681159,0,0,0,0,1,0,0,0,0,0,0,0,0,0,0,0,0,0
2780,2575,"Raven, The (1963)",1963.0,82,3.182926829268293,0.5432098765432087,0.023635833090166324,0.5457317073170732,0,0,0,0,1,0,0,0,0,0,1,0,0,0,0,0,0,0
2781,2576,"Tingler, The (1959)",1959.0,63,3.1746031746031744,0.4938271604938258,0.018091625328275455,0.5436507936507936,0,0,0,0,0,0,0,0,0,0,1,0,0,0,0,0,0,0
2782,2577,Pit and the Pendulum (1961),1961.0,107,3.5046728971962615,0.518518518518519,0.030930843303180622,0.6261682242990654,0,0,0,0,0,0,0,0,0,0,1,0,0,0,0,0,0,0
2783,2578,"Tomb of Ligeia, The (1965)",1965.0,10,2.6,0.567901234567902,0.0026262036766851473,0.4,0,0,0,0,0,0,0,0,0,0,1,0,0,0,0,0,0,0
2784,2579,"Masque of the Red Death, The (1964)",1964.0,63,3.2063492063492065,0.5555555555555536,0.018091625328275455,0.5515873015873016,0,0,0,0,0,0,0,0,0,0,1,0,0,0,0,0,0,0
2785,2580,Tales of Terror (1962),1962.0,25,3.04,0.5308641975308639,0.007003209804493726,0.51,0,0,0,0,0,0,0,0,0,0,1,0,0,0,0,0,0,0
2786,2581,Haunted Honeymoon (1986),1986.0,72,2.4166666666666665,0.827160493827158,0.020717829004960605,0.35416666666666663,0,0,0,0,1,0,0,0,0,0,0,0,0,0,0,0,0,0
2787,2582,Cat's Eye (1985),1985.0,162,2.9012345679012346,0.8148148148148131,0.046979865771812075,0.47530864197530864,0,0,0,0,0,0,0,0,0,0,1,0,0,0,0,0,0,0
2788,2583,And Now for Something Completely Different (1971),1971.0,451,4.137472283813747,0.6419753086419746,0.13131018383425738,0.7843680709534369,0,0,0,0,1,0,0,0,0,0,0,0,0,0,0,0,0,0
2789,2584,Damien: Omen II (1978),1978.0,165,2.993939393939394,0.7283950617283956,0.04785526699737379,0.49848484848484853,0,0,0,0,0,0,0,0,0,0,1,0,0,0,0,0,0,0
2790,2585,"Final Conflict, The (a.k.a. Omen III: The Final Conflict) (1981)",1981.0,61,2.6557377049180326,0.7654320987654302,0.017508024511234312,0.41393442622950816,0,0,0,0,0,0,0,0,0,0,1,0,0,0,0,0,0,0
2791,2586,Airplane! (1980),1980.0,1731,3.9711149624494513,0.7530864197530853,0.5048147067405894,0.7427787406123628,0,0,0,0,1,0,0,0,0,0,0,0,0,0,0,0,0,0
2792,2587,Airplane II: The Sequel (1982),1982.0,558,2.9802867383512543,0.7777777777777786,0.16253282754595857,0.4950716845878136,0,0,0,0,1,0,0,0,0,0,0,0,0,0,0,0,0,0
2793,2588,"American Werewolf in Paris, An (1997)",1997.0,265,2.7547169811320753,0.9629629629629619,0.07703530784943098,0.4386792452830188,0,0,0,0,1,0,0,0,0,0,1,0,0,0,0,0,0,0
2794,2589,European Vacation (1985),1985.0,385,2.9220779220779223,0.8148148148148131,0.11205135687189961,0.48051948051948057,0,0,0,0,1,0,0,0,0,0,0,0,0,0,0,0,0,0
2795,2590,Vacation (1983),1983.0,549,3.841530054644809,0.7901234567901234,0.15990662386927343,0.7103825136612022,0,0,0,0,1,0,0,0,0,0,0,0,0,0,0,0,0,0
2796,2591,Funny Farm (1988),1988.0,240,2.95,0.8518518518518512,0.06974029763641669,0.48750000000000004,0,0,0,0,1,0,0,0,0,0,0,0,0,0,0,0,0,0
2797,2592,Big (1988),1988.0,1491,3.8558014755197854,0.8518518518518512,0.43478260869565216,0.7139503688799463,0,0,0,0,1,0,0,0,1,0,0,0,0,0,0,0,0,0
2798,2593,Problem Child (1990),1990.0,160,1.925,0.8765432098765409,0.046396264954770935,0.23125,0,0,0,0,1,0,0,0,0,0,0,0,0,0,0,0,0,0
2799,2594,Problem Child 2 (1991),1991.0,99,1.5555555555555556,0.8888888888888893,0.028596440035016046,0.1388888888888889,0,0,0,0,1,0,0,0,0,0,0,0,0,0,0,0,0,0
2800,2595,Little Nemo: Adventures in Slumberland (1992),1992.0,22,3.0454545454545454,0.9012345679012341,0.00612780857893201,0.5113636363636364,0,0,1,1,0,0,0,0,0,0,0,0,0,0,0,0,0,0
2801,2596,Oscar and Lucinda (a.k.a. Oscar & Lucinda) (1997),1997.0,91,3.5164835164835164,0.9629629629629619,0.02626203676685147,0.6291208791208791,0,0,0,0,0,0,0,1,0,0,0,0,0,1,0,0,0,0
2802,2597,Tequila Sunrise (1988),1988.0,306,3.088235294117647,0.8518518518518512,0.08899912459877443,0.5220588235294118,1,0,0,0,0,0,0,0,0,0,0,0,0,1,0,1,0,0
2803,2598,"Pelican Brief, The (1993)",1993.0,346,3.2745664739884393,0.913580246913579,0.10067114093959731,0.5686416184971098,0,0,0,0,0,0,0,0,0,0,0,0,0,0,0,1,0,0
2804,2599,"Christmas Story, A (1983)",1983.0,1352,4.238905325443787,0.7901234567901234,0.3942223519112927,0.8097263313609468,0,0,0,0,1,0,0,1,0,0,0,0,0,0,0,0,0,0
2805,2600,Mickey Blue Eyes (1999),1999.0,448,2.8683035714285716,0.9876543209876552,0.13043478260869565,0.4670758928571429,0,0,0,0,1,0,0,0,0,0,0,0,0,1,0,0,0,0
2806,2601,Teaching Mrs. Tingle (1999),1999.0,199,2.6331658291457285,0.9876543209876552,0.05777648088707324,0.4082914572864321,0,0,0,0,1,0,0,0,0,0,0,0,0,0,0,1,0,0
2807,2602,Universal Soldier: The Return (1999),1999.0,91,1.7582417582417582,0.9876543209876552,0.02626203676685147,0.18956043956043955,1,0,0,0,0,0,0,0,0,0,0,0,0,0,1,0,0,0
2808,2603,Universal Soldier (1992),1992.0,375,2.512,0.9012345679012341,0.1091333527866939,0.378,1,0,0,0,0,0,0,0,0,0,0,0,0,0,1,0,0,0
2809,2604,Love Stinks (1999),1999.0,20,2.55,0.9876543209876552,0.005544207761890867,0.38749999999999996,0,0,0,0,1,0,0,0,0,0,0,0,0,0,0,0,0,0
2810,2605,Perfect Blue (1997),1997.0,41,3.926829268292683,0.9629629629629619,0.011672016340822877,0.7317073170731707,0,0,1,0,0,0,0,0,0,0,0,0,1,0,0,0,0,0
2811,2606,With Friends Like These... (1998),1998.0,2,4.0,0.9753086419753068,0.0002918004085205719,0.75,0,0,0,0,1,0,0,0,0,0,0,0,0,0,0,0,0,0
2812,2607,In Too Deep (1999),1999.0,46,3.239130434782609,0.9876543209876552,0.013131018383425737,0.5597826086956522,1,0,0,0,0,0,0,0,0,0,0,0,0,0,0,1,0,0
2813,2608,"Source, The (1999)",1999.0,29,3.6551724137931036,0.9876543209876552,0.008170411438576013,0.6637931034482759,0,0,0,0,0,0,1,0,0,0,0,0,0,0,0,0,0,0
2814,2609,"Bat, The (1959)",1959.0,8,2.625,0.4938271604938258,0.0020426028596440032,0.40625,0,0,0,0,0,0,0,0,0,0,1,0,0,0,0,0,0,0
2815,2610,Iron Eagle (1986),1986.0,271,2.5940959409594098,0.827160493827158,0.07878611030055441,0.39852398523985244,1,0,0,0,0,0,0,0,0,0,0,0,0,0,0,0,1,0
2816,2611,Iron Eagle II (1988),1988.0,148,1.864864864864865,0.8518518518518512,0.04289466005252407,0.21621621621621623,1,0,0,0,0,0,0,0,0,0,0,0,0,0,0,0,1,0
2817,2612,Aces: Iron Eagle III (1992),1992.0,125,1.64,0.9012345679012341,0.03618325065655092,0.15999999999999998,1,0,0,0,0,0,0,0,0,0,0,0,0,0,0,0,1,0
2818,2613,Iron Eagle IV (1995),1995.0,58,1.603448275862069,0.9382716049382722,0.016632623285672596,0.15086206896551724,1,0,0,0,0,0,0,0,0,0,0,0,0,0,0,0,1,0
2819,2614,Three Days of the Condor (1975),1975.0,319,4.040752351097178,0.6913580246913575,0.09279252990954187,0.7601880877742946,0,0,0,0,0,0,0,0,0,0,0,0,0,0,0,1,0,0
2820,2615,Hamlet (1964),1964.0,53,3.5660377358490565,0.5555555555555536,0.01517362124306974,0.6415094339622641,0,0,0,0,0,0,0,1,0,0,0,0,0,0,0,0,0,0
2821,2616,Male and Female (1919),1919.0,3,2.6666666666666665,0.0,0.0005836008170411438,0.41666666666666663,0,1,0,0,0,0,0,1,0,0,0,0,0,0,0,0,0,0
2822,2617,Medicine Man (1992),1992.0,263,3.049429657794677,0.9012345679012341,0.07645170703238983,0.5123574144486692,0,1,0,0,0,0,0,0,0,0,0,0,0,1,0,0,0,0
2823,2618,"Spiders, The (Die Spinnen, 1. Teil: Der Goldene See) (1919)",1919.0,4,2.5,0.0,0.0008754012255617157,0.375,1,0,0,0,0,0,0,1,0,0,0,0,0,0,0,0,0,0
2824,2619,On the Ropes (1999),1999.0,14,3.9285714285714284,0.9876543209876552,0.0037934053107674345,0.7321428571428571,0,0,0,0,0,0,1,0,0,0,0,0,0,0,0,0,0,0
2825,2620,Rosie (1998),1998.0,4,2.75,0.9753086419753068,0.0008754012255617157,0.4375,0,0,0,0,0,0,0,1,0,0,0,0,0,0,0,0,0,0
2826,2621,"13th Warrior, The (1999)",1999.0,750,3.1586666666666665,0.9876543209876552,0.21855850598190837,0.5396666666666666,1,0,0,0,0,0,0,0,0,0,1,0,0,0,0,1,0,0
2827,2622,"Astronaut's Wife, The (1999)",1999.0,328,2.442073170731707,0.9876543209876552,0.09541873358622702,0.3605182926829268,0,0,0,0,0,0,0,0,0,0,0,0,0,0,1,1,0,0
2828,2623,Dudley Do-Right (1999),1999.0,121,2.1074380165289255,0.9876543209876552,0.035016049022468625,0.27685950413223137,0,0,0,1,1,0,0,0,0,0,0,0,0,0,0,0,0,0
2829,2624,"Muse, The (1999)",1999.0,157,2.9554140127388533,0.9876543209876552,0.045520863729209216,0.4888535031847133,0,0,0,0,1,0,0,1,0,0,0,0,0,0,0,0,0,0
2830,2625,Cabaret Balkan (Bure Baruta) (1998),1998.0,11,3.5454545454545454,0.9753086419753068,0.002918004085205719,0.6363636363636364,0,0,0,0,0,0,0,1,0,0,0,0,0,0,0,0,0,0
2831,2626,"Dog of Flanders, A (1999)",1999.0,8,3.25,0.9876543209876552,0.0020426028596440032,0.5625,0,0,0,0,0,0,0,1,0,0,0,0,0,0,0,0,0,0
2833,2627,Lucie Aubrac (1997),1997.0,6,3.6666666666666665,0.9629629629629619,0.0014590020426028597,0.6666666666666666,0,0,0,0,0,0,0,0,0,0,0,0,0,1,0,0,1,0
2834,2628,"Very Thought of You, The (1998)",1998.0,18,3.5555555555555554,0.9753086419753068,0.004960606944849723,0.6388888888888888,0,0,0,0,1,0,0,0,0,0,0,0,0,1,0,0,0,0
2835,2629,Chill Factor (1999),1999.0,56,2.5357142857142856,0.9876543209876552,0.016049022468631453,0.3839285714285714,1,0,0,0,0,0,0,0,0,0,0,0,0,0,0,1,0,0
2836,2630,Outside Providence (1999),1999.0,163,3.294478527607362,0.9876543209876552,0.04727166618033265,0.5736196319018405,0,0,0,0,1,0,0,0,0,0,0,0,0,0,0,0,0,0
2837,2631,Bedrooms & Hallways (1998),1998.0,21,3.380952380952381,0.9753086419753068,0.005836008170411439,0.5952380952380952,0,0,0,0,1,0,0,0,0,0,0,0,0,1,0,0,0,0
2839,2632,West Beirut (West Beyrouth) (1998),1998.0,10,4.3,0.9753086419753068,0.0026262036766851473,0.825,0,0,0,0,0,0,0,1,0,0,0,0,0,0,0,0,0,0
2840,2633,Stigmata (1999),1999.0,419,2.899761336515513,0.9876543209876552,0.12197257076159905,0.47494033412887826,0,0,0,0,0,0,0,0,0,0,0,0,0,0,0,1,0,0
2841,2634,Stir of Echoes (1999),1999.0,487,3.6262833675564683,0.9876543209876552,0.14181499854099797,0.6565708418891171,0,0,0,0,0,0,0,0,0,0,0,0,0,0,0,1,0,0
2842,2635,Best Laid Plans (1999),1999.0,42,3.4523809523809526,0.9876543209876552,0.011963816749343449,0.6130952380952381,0,0,0,0,0,1,0,1,0,0,0,0,0,0,0,0,0,0
2843,2636,"Black Cat, White Cat (Crna macka, beli macor) (1998)",1998.0,23,3.869565217391304,0.9753086419753068,0.006419608987452583,0.717391304347826,0,0,0,0,1,0,0,0,0,0,0,0,0,1,0,0,0,0
2844,2637,"Minus Man, The (1999)",1999.0,83,3.180722891566265,0.9876543209876552,0.023927633498686894,0.5451807228915663,0,0,0,0,0,0,0,1,0,0,0,0,1,0,0,0,0,0
2845,2638,White Boys (1999),1999.0,1,1.0,0.9876543209876552,0.0,0.0,0,0,0,0,0,0,0,1,0,0,0,0,0,0,0,0,0,0
2846,2639,"Adventures of Milo and Otis, The (1986)",1986.0,166,3.3674698795180724,0.827160493827158,0.04814706740589436,0.5918674698795181,0,0,0,1,0,0,0,0,0,0,0,0,0,0,0,0,0,0
2847,2640,Only Angels Have Wings (1939),1939.0,33,3.909090909090909,0.24691358024691112,0.009337613072658301,0.7272727272727273,0,0,0,0,0,0,0,1,0,0,0,0,0,0,0,0,0,0
2848,2641,Othello (1952),1952.0,41,3.951219512195122,0.40740740740740833,0.011672016340822877,0.7378048780487805,0,0,0,0,0,0,0,1,0,0,0,0,0,0,0,0,0,0
2849,2642,Queens Logic (1991),1991.0,30,2.8,0.8888888888888893,0.008462211847096586,0.44999999999999996,0,0,0,0,1,0,0,1,0,0,0,0,0,0,0,0,0,0
2850,2643,Public Access (1993),1993.0,7,2.7142857142857144,0.913580246913579,0.0017508024511234312,0.4285714285714286,0,0,0,0,0,0,0,1,0,0,0,0,0,0,0,1,0,0
2851,2644,Saturn 3 (1979),1979.0,133,2.443609022556391,0.7407407407407405,0.03851765392471549,0.3609022556390977,0,1,0,0,0,0,0,0,0,0,0,0,0,0,1,1,0,0
2852,2645,"Soldier's Story, A (1984)",1984.0,164,3.7378048780487805,0.8024691358024683,0.04756346658885322,0.6844512195121951,0,0,0,0,0,0,0,1,0,0,0,0,0,0,0,0,0,0
2853,2646,"Communion (a.k.a. Alice, Sweet Alice/Holy Terror) (1977)",1977.0,28,2.892857142857143,0.7160493827160472,0.007878611030055441,0.4732142857142857,0,0,0,0,0,0,0,0,0,0,1,0,0,0,0,0,0,0
2854,2647,Don't Look in the Basement! (1973),1973.0,11,2.3636363636363638,0.6666666666666643,0.002918004085205719,0.34090909090909094,0,0,0,0,0,0,0,0,0,0,1,0,0,0,0,0,0,0
2855,2648,Nightmares (1983),1983.0,10,2.3,0.7901234567901234,0.0026262036766851473,0.32499999999999996,0,0,0,0,0,0,0,0,0,0,1,0,0,0,0,0,0,0
2856,2649,I Saw What You Did (1965),1965.0,90,2.7777777777777777,0.567901234567902,0.025970236358330897,0.4444444444444444,0,0,0,0,0,0,0,0,0,0,0,0,0,0,0,1,0,0
2857,2650,Yellow Submarine (1968),1968.0,399,3.6967418546365916,0.6049382716049365,0.11613656259118761,0.6741854636591479,0,0,1,0,0,0,0,0,0,0,0,1,0,0,0,0,0,0
2858,2651,American Beauty (1999),1999.0,3428,4.3173862310385065,0.9876543209876552,0.9999999999999998,0.8293465577596266,0,0,0,0,1,0,0,1,0,0,0,0,0,0,0,0,0,0
2859,2652,Stop Making Sense (1984),1984.0,239,4.2343096234309625,0.8024691358024683,0.06944849722789612,0.8085774058577406,0,0,0,0,0,0,1,0,0,0,0,0,0,0,0,0,0,0
2860,2653,Blue Streak (1999),1999.0,128,3.2578125,0.9876543209876552,0.03705865188211263,0.564453125,0,0,0,0,1,0,0,0,0,0,0,0,0,0,0,0,0,0
2861,2654,For Love of the Game (1999),1999.0,354,3.152542372881356,0.9876543209876552,0.10300554420776188,0.538135593220339,0,0,0,0,1,0,0,1,0,0,0,0,0,0,0,0,0,0
2862,2655,Caligula (1980),1980.0,89,2.5842696629213484,0.7530864197530853,0.025678435949810327,0.3960674157303371,0,0,0,0,0,0,0,1,0,0,0,0,0,0,0,0,0,0
2863,2656,"Hard Day's Night, A (1964)",1964.0,518,3.88996138996139,0.5555555555555536,0.1508608112051357,0.7224903474903475,0,0,0,0,1,0,0,0,0,0,0,1,0,0,0,0,0,0
2864,2657,Splendor (1999),1999.0,28,2.8214285714285716,0.9876543209876552,0.007878611030055441,0.4553571428571429,0,0,0,0,1,0,0,0,0,0,0,0,0,0,0,0,0,0
2865,2658,Sugar Town (1999),1999.0,20,3.05,0.9876543209876552,0.005544207761890867,0.5125,0,0,0,0,1,0,0,0,0,0,0,0,0,0,0,0,0,0
2866,2659,"Buddy Holly Story, The (1978)",1978.0,199,3.6884422110552766,0.7283950617283956,0.05777648088707324,0.6721105527638191,0,0,0,0,0,0,0,1,0,0,0,0,0,0,0,0,0,0
2867,2660,Fright Night (1985),1985.0,306,3.434640522875817,0.8148148148148131,0.08899912459877443,0.6086601307189542,0,0,0,0,1,0,0,0,0,0,1,0,0,0,0,0,0,0
2868,2661,Fright Night Part II (1989),1989.0,63,2.3015873015873014,0.864197530864196,0.018091625328275455,0.32539682539682535,0,0,0,0,0,0,0,0,0,0,1,0,0,0,0,0,0,0
2869,2662,"Separation, The (La Séparation) (1994)",1994.0,3,2.6666666666666665,0.9259259259259238,0.0005836008170411438,0.41666666666666663,0,0,0,0,0,0,0,1,0,0,0,0,0,0,0,0,0,0
2870,2663,Barefoot in the Park (1967),1967.0,193,3.5906735751295336,0.5925925925925917,0.056025678435949806,0.6476683937823834,0,0,0,0,1,0,0,0,0,0,0,0,0,0,0,0,0,0
2871,2664,Deliverance (1972),1972.0,729,3.9410150891632374,0.6543209876543195,0.21243069740297635,0.7352537722908093,0,1,0,0,0,0,0,0,0,0,0,0,0,0,0,1,0,0
2872,2665,Excalibur (1981),1981.0,742,3.81266846361186,0.7654320987654302,0.2162241027137438,0.703167115902965,1,0,0,0,0,0,0,1,1,0,0,0,0,1,0,0,0,0
2873,2666,Lulu on the Bridge (1998),1998.0,22,2.6818181818181817,0.9753086419753068,0.00612780857893201,0.4204545454545454,0,0,0,0,0,0,0,1,0,0,0,0,1,1,0,0,0,0
2874,2667,"Pajama Game, The (1957)",1957.0,67,3.5223880597014925,0.4691358024691361,0.019258826962357745,0.6305970149253731,0,0,0,0,1,0,0,0,0,0,0,0,0,0,0,0,0,0
2875,2668,Sommersby (1993),1993.0,291,3.2577319587628866,0.913580246913579,0.08462211847096585,0.5644329896907216,0,0,0,0,0,0,0,1,0,0,0,0,1,1,0,0,0,0
2876,2669,Thumbelina (1994),1994.0,43,2.6511627906976742,0.9259259259259238,0.01225561715786402,0.41279069767441856,0,0,1,1,0,0,0,0,0,0,0,0,0,0,0,0,0,0
2877,2670,Tommy (1975),1975.0,211,3.014218009478673,0.6913580246913575,0.0612780857893201,0.5035545023696683,0,0,0,0,0,0,0,1,0,0,0,1,0,0,0,0,0,0
2878,2671,Hell Night (1981),1981.0,34,2.264705882352941,0.7654320987654302,0.009629413481178873,0.3161764705882353,0,0,0,0,0,0,0,0,0,0,1,0,0,0,0,0,0,0
2879,2672,Operation Condor (Feiying gaiwak) (1990),1990.0,164,3.4634146341463414,0.8765432098765409,0.04756346658885322,0.6158536585365854,1,1,0,0,1,0,0,0,0,0,0,0,0,0,0,0,0,0
2880,2673,Operation Condor 2 (Longxiong hudi) (1990),1990.0,72,3.4583333333333335,0.8765432098765409,0.020717829004960605,0.6145833333333334,1,1,0,0,1,0,0,0,0,0,0,0,0,0,0,0,0,0
2881,2674,Double Jeopardy (1999),1999.0,786,3.2010178117048347,0.9876543209876552,0.22906332068864896,0.5502544529262087,1,0,0,0,0,0,0,0,0,0,0,0,0,0,0,1,0,0
2882,2675,Jakob the Liar (1999),1999.0,118,2.7966101694915255,0.9876543209876552,0.03414064779690691,0.4491525423728814,0,0,0,0,0,0,0,1,0,0,0,0,0,0,0,0,0,0
2883,2676,Mumford (1999),1999.0,277,3.5487364620938626,0.9876543209876552,0.08053691275167785,0.6371841155234657,0,0,0,0,1,0,0,0,0,0,0,0,0,0,0,0,0,0
2884,2677,Dog Park (1998),1998.0,42,2.5714285714285716,0.9753086419753068,0.011963816749343449,0.3928571428571429,0,0,0,0,1,0,0,0,0,0,0,0,0,1,0,0,0,0
2885,2678,Guinevere (1999),1999.0,61,3.360655737704918,0.9876543209876552,0.017508024511234312,0.5901639344262295,0,0,0,0,0,0,0,1,0,0,0,0,0,1,0,0,0,0
2886,2679,"Adventures of Elmo in Grouchland, The (1999)",1999.0,33,2.242424242424242,0.9876543209876552,0.009337613072658301,0.31060606060606055,0,0,0,1,1,0,0,0,0,0,0,0,0,0,0,0,0,0
2887,2680,Simon Sez (1999),1999.0,4,2.25,0.9876543209876552,0.0008754012255617157,0.3125,0,0,0,0,0,0,0,1,0,0,0,0,0,0,0,0,0,0
2888,2681,Drive Me Crazy (1999),1999.0,119,2.7815126050420167,0.9876543209876552,0.034432448205427485,0.4453781512605042,0,0,0,0,1,0,0,0,0,0,0,0,0,1,0,0,0,0
2889,2682,"Mystery, Alaska (1999)",1999.0,287,3.4355400696864113,0.9876543209876552,0.08345491683688357,0.6088850174216028,0,0,0,0,1,0,0,0,0,0,0,0,0,0,0,0,0,0
2890,2683,Three Kings (1999),1999.0,1021,3.8070519098922624,0.9876543209876552,0.29763641669098334,0.7017629774730656,0,0,0,0,0,0,0,1,0,0,0,0,0,0,0,0,1,0
2891,2684,"Happy, Texas (1999)",1999.0,185,3.4918918918918918,0.9876543209876552,0.05369127516778523,0.6229729729729729,0,0,0,0,1,0,0,0,0,0,0,0,0,0,0,0,0,0
2892,2685,New Rose Hotel (1998),1998.0,12,2.5,0.9753086419753068,0.003209804493726291,0.375,1,0,0,0,0,0,0,1,0,0,0,0,0,0,0,0,0,0
2893,2686,Plunkett & MaCleane (1999),1999.0,42,2.880952380952381,0.9876543209876552,0.011963816749343449,0.47023809523809523,1,0,0,0,0,0,0,1,0,0,0,0,0,0,0,0,0,0
2894,2687,Romance (1999),1999.0,32,2.625,0.9876543209876552,0.00904581266413773,0.40625,0,0,0,0,0,0,0,1,0,0,0,0,0,1,0,0,0,0
2895,2688,Napoleon and Samantha (1972),1972.0,2,3.0,0.6543209876543195,0.0002918004085205719,0.5,0,1,0,0,0,0,0,0,0,0,0,0,0,0,0,0,0,0
2896,2689,Alvarez Kelly (1966),1966.0,28,3.3214285714285716,0.5802469135802468,0.007878611030055441,0.5803571428571429,0,0,0,0,0,0,0,0,0,0,0,0,0,0,0,0,0,1
2897,2690,And the Ship Sails On (E la nave va) (1984),1984.0,20,3.25,0.8024691358024683,0.005544207761890867,0.5625,0,0,0,0,1,0,0,0,0,0,0,0,0,0,0,0,1,0
2898,2691,"Dark Half, The (1993)",1993.0,102,2.7450980392156863,0.913580246913579,0.029471841260577763,0.4362745098039216,0,0,0,0,0,0,0,0,0,0,1,0,1,0,0,0,0,0
2899,2692,Gulliver's Travels (1939),1939.0,117,3.547008547008547,0.24691358024691112,0.03384884738838634,0.6367521367521367,0,1,1,1,0,0,0,0,0,0,0,0,0,0,0,0,0,0
2900,2693,Monkey Shines (1988),1988.0,161,2.6832298136645965,0.8518518518518512,0.0466880653632915,0.4208074534161491,0,0,0,0,0,0,0,0,0,0,1,0,0,0,1,0,0,0
2901,2694,Phantasm (1979),1979.0,330,3.203030303030303,0.7407407407407405,0.09600233440326815,0.5507575757575758,0,0,0,0,0,0,0,0,0,0,1,0,0,0,1,0,0,0
2902,2695,Psycho II (1983),1983.0,164,2.4207317073170733,0.7901234567901234,0.04756346658885322,0.35518292682926833,0,0,0,0,0,0,0,0,0,0,1,0,0,0,0,1,0,0
2903,2696,Psycho III (1986),1986.0,98,2.0510204081632653,0.827160493827158,0.028304639626495473,0.2627551020408163,0,0,0,0,0,0,0,0,0,0,1,0,0,0,0,1,0,0
2904,2697,Rain (1932),1932.0,17,3.764705882352941,0.16049382716049365,0.0046688065363291505,0.6911764705882353,0,0,0,0,0,0,0,1,0,0,0,0,0,0,0,0,0,0
2905,2698,Sanjuro (1962),1962.0,69,4.608695652173913,0.5308641975308639,0.01984242777939889,0.9021739130434783,1,1,0,0,0,0,0,0,0,0,0,0,0,0,0,0,0,0
2906,2699,Random Hearts (1999),1999.0,250,2.328,0.9876543209876552,0.07265830172162241,0.33199999999999996,0,0,0,0,0,0,0,1,0,0,0,0,0,1,0,0,0,0
2907,2700,Superstar (1999),1999.0,213,2.4460093896713615,0.9876543209876552,0.061861686606361245,0.3615023474178404,0,0,0,0,1,0,0,0,0,0,0,0,0,0,0,0,0,0
2908,2701,Boys Don't Cry (1999),1999.0,850,4.014117647058823,0.9876543209876552,0.24773854683396557,0.7535294117647058,0,0,0,0,0,0,0,1,0,0,0,0,0,0,0,0,0,0
2909,2702,"Five Wives, Three Secretaries and Me (1998)",1998.0,1,4.0,0.9753086419753068,0.0,0.75,0,0,0,0,0,0,1,0,0,0,0,0,0,0,0,0,0,0
2911,2703,"Grandfather, The (El Abuelo) (1998)",1998.0,7,3.2857142857142856,0.9753086419753068,0.0017508024511234312,0.5714285714285714,0,0,0,0,0,0,0,1,0,0,0,0,0,0,0,0,0,0
2912,2704,"Limey, The (1999)",1999.0,474,3.679324894514768,0.9876543209876552,0.13802159323023053,0.669831223628692,1,0,0,0,0,1,0,1,0,0,0,0,0,0,0,0,0,0
2913,2705,"Mating Habits of the Earthbound Human, The (1998)",1998.0,17,3.2941176470588234,0.9753086419753068,0.0046688065363291505,0.5735294117647058,0,0,0,0,1,0,0,0,0,0,0,0,0,0,0,0,0,0
2914,2706,Molly (1999),1999.0,11,2.1818181818181817,0.9876543209876552,0.002918004085205719,0.2954545454545454,0,0,0,0,1,0,0,1,0,0,0,0,0,0,0,0,0,0
2915,2707,Risky Business (1983),1983.0,852,3.6396713615023475,0.7901234567901234,0.2483221476510067,0.6599178403755869,0,0,0,0,1,0,0,0,0,0,0,0,0,0,0,0,0,0
2916,2708,Total Recall (1990),1990.0,1996,3.682364729458918,0.8765432098765409,0.5821418149985409,0.6705911823647295,1,1,0,0,0,0,0,0,0,0,0,0,0,0,1,1,0,0
2917,2709,Body Heat (1981),1981.0,504,4.031746031746032,0.7654320987654302,0.14677560548584767,0.7579365079365079,0,0,0,0,0,1,0,0,0,0,0,0,0,0,0,1,0,0
2918,2710,Ferris Bueller's Day Off (1986),1986.0,1473,4.11744738628649,0.827160493827158,0.42953020134228187,0.7793618465716226,0,0,0,0,1,0,0,0,0,0,0,0,0,0,0,0,0,0
2919,2711,Year of Living Dangerously (1982),1982.0,391,3.895140664961637,0.7777777777777786,0.11380215932302304,0.7237851662404092,0,0,0,0,0,0,0,1,0,0,0,0,0,1,0,0,0,0
2920,2712,Children of Paradise (Les enfants du paradis) (1945),1945.0,100,4.19,0.3209876543209873,0.028888240443536616,0.7975000000000001,0,0,0,0,0,0,0,1,0,0,0,0,0,1,0,0,0,0
2921,2713,High Plains Drifter (1972),1972.0,317,3.8832807570977916,0.6543209876543195,0.09220892909250072,0.7208201892744479,0,0,0,0,0,0,0,0,0,0,0,0,0,0,0,0,0,1
2922,2714,Hang 'em High (1967),1967.0,241,3.7468879668049793,0.5925925925925917,0.07003209804493726,0.6867219917012448,0,0,0,0,0,0,0,0,0,0,0,0,0,0,0,0,0,1
2923,2715,Citizen's Band (a.k.a. Handle with Care) (1977),1977.0,17,3.411764705882353,0.7160493827160472,0.0046688065363291505,0.6029411764705882,0,0,0,0,1,0,0,0,0,0,0,0,0,0,0,0,0,0
2924,2716,Drunken Master (Zui quan) (1979),1979.0,133,3.9097744360902253,0.7407407407407405,0.03851765392471549,0.7274436090225563,1,0,0,0,1,0,0,0,0,0,0,0,0,0,0,0,0,0
2925,2717,"Conformist, The (Il Conformista) (1970)",1970.0,57,4.228070175438597,0.6296296296296298,0.016340822877152026,0.8070175438596492,0,0,0,0,0,0,0,1,0,0,0,0,0,0,0,0,0,0
2926,2718,Hairspray (1988),1988.0,445,3.350561797752809,0.8518518518518512,0.12955938138313394,0.5876404494382023,0,0,0,0,1,0,0,1,0,0,0,0,0,0,0,0,0,0
2927,2719,Brief Encounter (1946),1946.0,99,4.08080808080808,0.33333333333333215,0.028596440035016046,0.7702020202020201,0,0,0,0,0,0,0,1,0,0,0,0,0,1,0,0,0,0
2928,2720,"Razor's Edge, The (1984)",1984.0,77,3.3376623376623376,0.8024691358024683,0.022176831047563465,0.5844155844155844,0,0,0,0,0,0,0,1,0,0,0,0,0,0,0,0,0,0
2929,2721,Reds (1981),1981.0,215,3.474418604651163,0.7654320987654302,0.062445287423402385,0.6186046511627907,0,0,0,0,0,0,0,1,0,0,0,0,0,0,0,0,0,0
2930,2722,Return with Honor (1998),1998.0,5,4.4,0.9753086419753068,0.0011672016340822876,0.8500000000000001,0,0,0,0,0,0,1,0,0,0,0,0,0,0,0,0,0,0
2931,2723,Time of the Gypsies (Dom za vesanje) (1989),1989.0,10,4.3,0.864197530864196,0.0026262036766851473,0.825,0,0,0,0,0,0,0,1,0,0,0,0,0,0,0,0,0,0
2932,2724,Days of Heaven (1978),1978.0,118,3.957627118644068,0.7283950617283956,0.03414064779690691,0.739406779661017,0,0,0,0,0,0,0,1,0,0,0,0,0,0,0,0,0,0
2933,2725,"Fire Within, The (Le Feu Follet) (1963)",1963.0,9,3.4444444444444446,0.5432098765432087,0.0023344032681645753,0.6111111111111112,0,0,0,0,0,0,0,1,0,0,0,0,0,0,0,0,0,0
2934,2726,"Love Bewitched, A (El Amor Brujo) (1986)",1986.0,5,2.4,0.827160493827158,0.0011672016340822876,0.35,0,0,0,0,0,0,0,0,0,0,0,1,0,0,0,0,0,0
2935,2727,"Lady Eve, The (1941)",1941.0,145,4.1931034482758625,0.27160493827160437,0.04201925882696236,0.7982758620689656,0,0,0,0,1,0,0,0,0,0,0,0,0,1,0,0,0,0
2936,2728,Sullivan's Travels (1942),1942.0,161,4.093167701863354,0.2839506172839492,0.0466880653632915,0.7732919254658386,0,0,0,0,1,0,0,0,0,0,0,0,0,0,0,0,0,0
2937,2729,"Palm Beach Story, The (1942)",1942.0,104,4.288461538461538,0.2839506172839492,0.030055442077618906,0.8221153846153846,0,0,0,0,1,0,0,0,0,0,0,0,0,0,0,0,0,0
2938,2730,Man Facing Southeast (Hombre Mirando al Sudeste) (1986),1986.0,31,3.7419354838709675,0.827160493827158,0.008754012255617158,0.6854838709677419,0,0,0,0,0,0,0,1,0,0,0,0,0,0,0,0,0,0
2939,2731,Niagara (1953),1953.0,52,3.5,0.4197530864197532,0.014881820834549168,0.625,0,0,0,0,0,0,0,1,0,0,0,0,0,0,0,1,0,0
2940,2732,Gilda (1946),1946.0,107,4.009345794392523,0.33333333333333215,0.030930843303180622,0.7523364485981308,0,0,0,0,0,0,0,0,0,1,0,0,0,0,0,0,0,0
2941,2733,South Pacific (1958),1958.0,280,3.6142857142857143,0.48148148148148096,0.08141231397723957,0.6535714285714286,0,0,0,0,0,0,0,0,0,0,0,1,0,1,0,0,1,0
2942,2734,Flashdance (1983),1983.0,362,3.0994475138121547,0.7901234567901234,0.10533994747592645,0.5248618784530387,0,0,0,0,0,0,0,1,0,0,0,0,0,1,0,0,0,0
2943,2735,Indochine (1992),1992.0,160,3.78125,0.9012345679012341,0.046396264954770935,0.6953125,0,0,0,0,0,0,0,1,0,0,0,0,0,1,0,0,0,0
2944,2736,"Dirty Dozen, The (1967)",1967.0,707,4.0042432814710045,0.5925925925925917,0.2060110884155238,0.7510608203677511,1,0,0,0,0,0,0,0,0,0,0,0,0,0,0,0,1,0
2945,2737,Mike's Murder (1984),1984.0,28,2.6785714285714284,0.8024691358024683,0.007878611030055441,0.4196428571428571,0,0,0,0,0,0,0,0,0,0,0,0,1,0,0,0,0,0
2946,2738,Help! (1965),1965.0,291,3.7731958762886597,0.567901234567902,0.08462211847096585,0.6932989690721649,0,0,0,0,1,0,0,0,0,0,0,1,0,0,0,0,0,0
2947,2739,Goldfinger (1964),1964.0,897,3.971014492753623,0.5555555555555536,0.2614531660344324,0.7427536231884058,1,0,0,0,0,0,0,0,0,0,0,0,0,0,0,0,0,0
2948,2740,From Russia with Love (1963),1963.0,771,3.8897535667963683,0.5432098765432087,0.22468631456084037,0.7224383916990921,1,0,0,0,0,0,0,0,0,0,0,0,0,0,0,0,0,0
2949,2741,Dr. No (1962),1962.0,646,3.874613003095975,0.5308641975308639,0.1882112634957689,0.7186532507739938,1,0,0,0,0,0,0,0,0,0,0,0,0,0,0,0,0,0
2950,2742,"Blue Lagoon, The (1980)",1980.0,346,2.332369942196532,0.7530864197530853,0.10067114093959731,0.33309248554913296,0,1,0,0,0,0,0,1,0,0,0,0,0,1,0,0,0,0
2951,2743,"Fistful of Dollars, A (1964)",1964.0,522,3.9942528735632186,0.5555555555555536,0.15202801283921796,0.7485632183908046,1,0,0,0,0,0,0,0,0,0,0,0,0,0,0,0,0,1
2952,2744,"Hard 8 (a.k.a. Sydney, a.k.a. Hard Eight) (1996)",1996.0,186,3.747311827956989,0.9506172839506171,0.0539830755763058,0.6868279569892473,0,0,0,0,0,1,0,0,0,0,0,0,0,0,0,1,0,0
2953,2745,Home Alone 2: Lost in New York (1992),1992.0,341,2.3929618768328447,0.9012345679012341,0.09921213889699444,0.34824046920821117,0,0,0,1,1,0,0,0,0,0,0,0,0,0,0,0,0,0
2955,2746,Penitentiary II (1982),1982.0,4,2.0,0.7777777777777786,0.0008754012255617157,0.25,0,0,0,0,0,0,0,1,0,0,0,0,0,0,0,0,0,0
2956,2747,Someone to Watch Over Me (1987),1987.0,141,3.1347517730496453,0.8395061728395063,0.04085205719288006,0.5336879432624113,1,0,0,0,0,1,0,0,0,0,0,0,0,0,0,1,0,0
2959,2748,Fight Club (1999),1999.0,1451,4.077188146106134,0.9876543209876552,0.4231105923548293,0.7692970365265335,0,0,0,0,0,0,0,1,0,0,0,0,0,0,0,0,0,0
2960,2749,Beefcake (1999),1999.0,4,2.75,0.9876543209876552,0.0008754012255617157,0.4375,0,0,0,0,0,0,0,1,0,0,0,0,0,0,0,0,0,0
2961,2750,"Story of Us, The (1999)",1999.0,280,2.817857142857143,0.9876543209876552,0.08141231397723957,0.45446428571428577,0,0,0,0,1,0,0,1,0,0,0,0,0,0,0,0,0,0
2962,2751,Fever Pitch (1997),1997.0,10,3.4,0.9629629629629619,0.0026262036766851473,0.6,0,0,0,0,1,0,0,0,0,0,0,0,0,1,0,0,0,0
2963,2752,Joe the King (1999),1999.0,17,3.7058823529411766,0.9876543209876552,0.0046688065363291505,0.6764705882352942,0,0,0,0,0,1,0,1,0,0,0,0,0,0,0,0,0,0
2964,2753,Julien Donkey-Boy (1999),1999.0,12,3.3333333333333335,0.9876543209876552,0.003209804493726291,0.5833333333333334,0,0,0,0,0,0,0,1,0,0,0,0,0,0,0,0,0,0
2965,2754,"Omega Code, The (1999)",1999.0,72,2.0277777777777777,0.9876543209876552,0.020717829004960605,0.2569444444444444,1,0,0,0,0,0,0,0,0,0,0,0,0,0,0,0,0,0
2966,2755,"Straight Story, The (1999)",1999.0,429,4.055944055944056,0.9876543209876552,0.12489057484680478,0.763986013986014,0,0,0,0,0,0,0,1,0,0,0,0,0,0,0,0,0,0
2967,2756,"Bad Seed, The (1956)",1956.0,127,3.748031496062992,0.4567901234567877,0.03676685147359206,0.687007874015748,0,0,0,0,0,0,0,1,0,0,0,0,0,0,0,1,0,0
2968,2757,Time Bandits (1981),1981.0,1010,3.6940594059405942,0.7654320987654302,0.2944266121972571,0.6735148514851486,0,1,0,0,0,0,0,0,1,0,0,0,0,0,1,0,0,0
2969,2758,"Man and a Woman, A (Un Homme et une Femme) (1966)",1966.0,91,3.912087912087912,0.5802469135802468,0.02626203676685147,0.728021978021978,0,0,0,0,0,0,0,1,0,0,0,0,0,1,0,0,0,0
2970,2759,Fitzcarraldo (1982),1982.0,98,3.9591836734693877,0.7777777777777786,0.028304639626495473,0.7397959183673469,0,1,0,0,0,0,0,1,0,0,0,0,0,0,0,0,0,0
2971,2760,All That Jazz (1979),1979.0,317,3.823343848580442,0.7407407407407405,0.09220892909250072,0.7058359621451105,0,0,0,0,0,0,0,0,0,0,0,1,0,0,0,0,0,0
2972,2761,Red Sorghum (Hong Gao Liang) (1987),1987.0,65,4.015384615384615,0.8395061728395063,0.018675226145316602,0.7538461538461538,0,0,0,0,0,0,0,1,0,0,0,0,0,0,0,0,1,0
2973,2762,Crimes and Misdemeanors (1989),1989.0,460,4.05,0.864197530864196,0.13393638751094253,0.7625,0,0,0,0,1,0,0,0,0,0,0,0,0,0,0,0,0,0
2974,2763,Bats (1999),1999.0,67,1.835820895522388,0.9876543209876552,0.019258826962357745,0.208955223880597,0,0,0,0,0,0,0,0,0,0,1,0,0,0,0,1,0,0
2975,2764,"Best Man, The (1999)",1999.0,111,3.036036036036036,0.9876543209876552,0.032098044937262905,0.509009009009009,0,0,0,0,0,0,0,1,0,0,0,0,0,0,0,0,0,0
2976,2765,Bringing Out the Dead (1999),1999.0,557,3.0718132854578095,0.9876543209876552,0.162241027137438,0.5179533213644524,0,0,0,0,0,0,0,1,0,0,1,0,0,0,0,0,0,0
2977,2766,Crazy in Alabama (1999),1999.0,45,2.911111111111111,0.9876543209876552,0.012839217974905164,0.47777777777777775,0,0,0,0,1,0,0,1,0,0,0,0,0,0,0,0,0,0
2978,2767,Three to Tango (1999),1999.0,103,2.8446601941747574,0.9876543209876552,0.029763641669098333,0.46116504854368934,0,0,0,0,1,0,0,0,0,0,0,0,0,1,0,0,0,0
2979,2768,Body Shots (1999),1999.0,37,2.189189189189189,0.9876543209876552,0.01050481470674059,0.29729729729729726,0,0,0,0,0,0,0,1,0,0,0,0,0,0,0,0,0,0
2981,2769,"Brother, Can You Spare a Dime? (1975)",1975.0,15,3.7333333333333334,0.6913580246913575,0.004085205719288007,0.6833333333333333,0,0,0,0,0,0,1,0,0,0,0,0,0,0,0,0,0,0
2982,2770,"Guardian, The (1990)",1990.0,38,2.1052631578947367,0.8765432098765409,0.01079661511526116,0.2763157894736842,0,0,0,0,0,0,0,0,0,0,1,0,0,0,0,1,0,0
2983,2771,"Ipcress File, The (1965)",1965.0,81,3.9876543209876543,0.567901234567902,0.02334403268164575,0.7469135802469136,0,0,0,0,0,0,0,0,0,0,0,0,0,0,0,1,0,0
2984,2772,On Any Sunday (1971),1971.0,9,3.4444444444444446,0.6419753086419746,0.0023344032681645753,0.6111111111111112,0,0,0,0,0,0,1,0,0,0,0,0,0,0,0,0,0,0
2985,2773,Robocop (1987),1987.0,1229,3.451586655817738,0.8395061728395063,0.3583309016632623,0.6128966639544345,1,0,0,0,0,1,0,0,0,0,0,0,0,0,1,0,0,0
2986,2774,Robocop 2 (1990),1990.0,493,2.3813387423935093,0.8765432098765409,0.14356580099212138,0.3453346855983773,1,0,0,0,0,1,0,0,0,0,0,0,0,0,1,0,0,0
2987,2775,Who Framed Roger Rabbit? (1988),1988.0,1799,3.6798221234018897,0.8518518518518512,0.5246571345199883,0.6699555308504724,0,1,1,0,0,0,0,0,0,1,0,0,0,0,0,0,0,0
2988,2776,Melvin and Howard (1980),1980.0,108,3.638888888888889,0.7530864197530853,0.031222643711701192,0.6597222222222222,0,0,0,0,0,0,0,1,0,0,0,0,0,0,0,0,0,0
2989,2777,For Your Eyes Only (1981),1981.0,425,3.501176470588235,0.7654320987654302,0.12372337321272249,0.6252941176470588,1,0,0,0,0,0,0,0,0,0,0,0,0,0,0,0,0,0
2990,2778,Licence to Kill (1989),1989.0,385,3.2,0.864197530864196,0.11205135687189961,0.55,1,0,0,0,0,0,0,0,0,0,0,0,0,0,0,0,0,0
2991,2779,Live and Let Die (1973),1973.0,422,3.5924170616113744,0.6666666666666643,0.12284797198716077,0.6481042654028436,1,0,0,0,0,0,0,0,0,0,0,0,0,0,0,0,0,0
2992,2780,Rawhead Rex (1986),1986.0,31,2.4838709677419355,0.827160493827158,0.008754012255617158,0.3709677419354839,0,0,0,0,0,0,0,0,0,0,1,0,0,0,0,1,0,0
2993,2781,Thunderball (1965),1965.0,404,3.7054455445544554,0.567901234567902,0.11759556463379048,0.6763613861386139,1,0,0,0,0,0,0,0,0,0,0,0,0,0,0,0,0,0
2994,2782,"City, The (1998)",1998.0,10,3.5,0.9753086419753068,0.0026262036766851473,0.625,0,0,0,0,0,0,0,1,0,0,0,0,0,0,0,0,0,0
2995,2783,"House on Haunted Hill, The (1999)",1999.0,341,2.30791788856305,0.9876543209876552,0.09921213889699444,0.3269794721407625,0,0,0,0,0,0,0,0,0,0,1,0,0,0,0,0,0,0
2996,2784,Music of the Heart (1999),1999.0,133,3.4285714285714284,0.9876543209876552,0.03851765392471549,0.6071428571428571,0,0,0,0,0,0,0,1,0,0,0,0,0,0,0,0,0,0
2997,2785,Being John Malkovich (1999),1999.0,2241,4.125390450691656,0.9876543209876552,0.653632915086081,0.781347612672914,0,0,0,0,1,0,0,0,0,0,0,0,0,0,0,0,0,0
2998,2786,Dreaming of Joseph Lees (1998),1998.0,13,3.5384615384615383,0.9753086419753068,0.003501604902246863,0.6346153846153846,0,0,0,0,0,0,0,0,0,0,0,0,0,1,0,0,0,0
2999,2787,Man of the Century (1999),1999.0,4,4.0,0.9876543209876552,0.0008754012255617157,0.75,0,0,0,0,1,0,0,0,0,0,0,0,0,0,0,0,0,0
3000,2788,"Princess Mononoke, The (Mononoke Hime) (1997)",1997.0,345,4.147826086956521,0.9629629629629619,0.10037934053107674,0.7869565217391303,1,1,1,0,0,0,0,0,0,0,0,0,0,0,0,0,0,0
3001,2789,"Suburbans, The (1999)",1999.0,6,1.6666666666666667,0.9876543209876552,0.0014590020426028597,0.16666666666666669,0,0,0,0,0,0,0,1,0,0,0,0,0,0,0,0,0,0
3002,2790,My Best Fiend (Mein liebster Feind) (1999),1999.0,35,3.914285714285714,0.9876543209876552,0.009921213889699446,0.7285714285714285,0,0,0,0,0,0,1,0,0,0,0,0,0,0,0,0,0,0
3003,2791,Train of Life (Train De Vie) (1998),1998.0,8,3.25,0.9753086419753068,0.0020426028596440032,0.5625,0,0,0,0,1,0,0,1,0,0,0,0,0,0,0,0,0,0
3004,2792,"Bachelor, The (1999)",1999.0,252,2.4801587301587302,0.9876543209876552,0.07324190253866354,0.37003968253968256,0,0,0,0,1,0,0,0,0,0,0,0,0,1,0,0,0,0
3005,2793,"Bone Collector, The (1999)",1999.0,640,3.3765625,0.9876543209876552,0.18646046104464548,0.594140625,0,0,0,0,0,0,0,0,0,0,0,0,0,0,0,1,0,0
3006,2794,"Insider, The (1999)",1999.0,884,4.0588235294117645,0.9876543209876552,0.25765976072366503,0.7647058823529411,0,0,0,0,0,0,0,1,0,0,0,0,0,0,0,0,0,0
3007,2795,American Movie (1999),1999.0,295,4.013559322033898,0.9876543209876552,0.08578932010504814,0.7533898305084745,0,0,0,0,0,0,1,0,0,0,0,0,0,0,0,0,0,0
3008,2796,Last Night (1998),1998.0,51,3.7254901960784315,0.9753086419753068,0.014590020426028597,0.6813725490196079,0,0,0,0,0,0,0,0,0,0,0,0,0,0,0,1,0,0
3010,2797,Rosetta (1999),1999.0,35,3.6,0.9876543209876552,0.009921213889699446,0.65,0,0,0,0,0,0,0,1,0,0,0,0,0,0,0,0,0,0
3011,2798,"They Shoot Horses, Don't They? (1969)",1969.0,149,3.610738255033557,0.6172839506172814,0.04318646046104464,0.6526845637583892,0,0,0,0,0,0,0,1,0,0,0,0,0,0,0,0,0,0
3012,2799,Battling Butler (1926),1926.0,10,3.4,0.08641975308641747,0.0026262036766851473,0.6,0,0,0,0,1,0,0,0,0,0,0,0,0,0,0,0,0,0
3013,2800,Bride of Re-Animator (1990),1990.0,65,2.8923076923076922,0.8765432098765409,0.018675226145316602,0.47307692307692306,0,0,0,0,1,0,0,0,0,0,1,0,0,0,0,0,0,0
3014,2801,Bustin' Loose (1981),1981.0,49,2.9183673469387754,0.7654320987654302,0.014006419608987452,0.47959183673469385,0,0,0,0,1,0,0,0,0,0,0,0,0,0,0,0,0,0
3015,2802,Coma (1978),1978.0,144,3.375,0.7283950617283956,0.04172745841844178,0.59375,0,0,0,0,0,0,0,0,0,0,0,0,0,0,0,1,0,0
3016,2803,Creepshow (1982),1982.0,447,3.1588366890380315,0.7777777777777786,0.1301429822001751,0.5397091722595079,0,0,0,0,0,0,0,0,0,0,1,0,0,0,0,0,0,0
3017,2804,Creepshow 2 (1987),1987.0,104,2.5288461538461537,0.8395061728395063,0.030055442077618906,0.38221153846153844,0,0,0,0,0,0,0,0,0,0,1,0,0,0,0,0,0,0
3018,2805,Re-Animator (1985),1985.0,248,3.475806451612903,0.8148148148148131,0.07207470090458126,0.6189516129032258,0,0,0,0,0,0,0,0,0,0,1,0,0,0,0,0,0,0
3019,2806,Drugstore Cowboy (1989),1989.0,416,3.920673076923077,0.864197530864196,0.12109716953603734,0.7301682692307693,0,0,0,0,0,1,0,1,0,0,0,0,0,0,0,0,0,0
3020,2807,Falling Down (1993),1993.0,524,3.4522900763358777,0.913580246913579,0.1526116136562591,0.6130725190839694,1,0,0,0,0,0,0,1,0,0,0,0,0,0,0,0,0,0
3021,2808,"Funhouse, The (1981)",1981.0,36,2.861111111111111,0.7654320987654302,0.010213014298220018,0.4652777777777778,0,0,0,0,0,0,0,0,0,0,1,0,0,0,0,0,0,0
3022,2809,"General, The (1927)",1927.0,206,4.368932038834951,0.09876543209876587,0.05981908374671724,0.8422330097087378,0,0,0,0,1,0,0,0,0,0,0,0,0,0,0,0,0,0
3024,2810,Piranha (1978),1978.0,161,2.347826086956522,0.7283950617283956,0.0466880653632915,0.3369565217391305,0,0,0,0,0,0,0,0,0,0,1,0,0,0,1,0,0,0
3025,2811,Rough Night in Jericho (1967),1967.0,14,3.2857142857142856,0.5925925925925917,0.0037934053107674345,0.5714285714285714,0,0,0,0,0,0,0,0,0,0,0,0,0,0,0,0,0,1
3026,2812,Slaughterhouse (1987),1987.0,8,1.5,0.8395061728395063,0.0020426028596440032,0.125,0,0,0,0,0,0,0,0,0,0,1,0,0,0,0,0,0,0
3027,2813,Slaughterhouse 2 (1988),1988.0,7,1.1428571428571428,0.8518518518518512,0.0017508024511234312,0.0357142857142857,0,0,0,0,0,0,0,0,0,0,1,0,0,0,0,0,0,0
3028,2814,"Taming of the Shrew, The (1967)",1967.0,139,3.762589928057554,0.5925925925925917,0.040268456375838924,0.6906474820143885,0,0,0,0,1,0,0,0,0,0,0,0,0,0,0,0,0,0
3029,2815,Nighthawks (1981),1981.0,190,3.2736842105263158,0.7654320987654302,0.055150277210388086,0.5684210526315789,1,0,0,0,0,0,0,1,0,0,0,0,0,0,0,0,0,0
3030,2816,Yojimbo (1961),1961.0,215,4.404651162790698,0.518518518518519,0.062445287423402385,0.8511627906976744,0,0,0,0,1,0,0,1,0,0,0,0,0,0,0,0,0,1
3031,2817,Repossessed (1990),1990.0,53,2.150943396226415,0.8765432098765409,0.01517362124306974,0.28773584905660377,0,0,0,0,1,0,0,0,0,0,0,0,0,0,0,0,0,0
3032,2818,"Omega Man, The (1971)",1971.0,224,3.5401785714285716,0.6419753086419746,0.06507149110008753,0.6350446428571429,0,0,0,0,0,0,0,0,0,0,0,0,0,0,1,0,0,0
3033,2819,Spaceballs (1987),1987.0,899,3.2836484983314795,0.8395061728395063,0.2620367668514736,0.5709121245828699,0,0,0,0,1,0,0,0,0,0,0,0,0,0,1,0,0,0
3034,2820,Robin Hood (1973),1973.0,343,3.7434402332361514,0.6666666666666643,0.09979573971403559,0.6858600583090378,0,0,1,1,0,0,0,0,0,0,0,0,0,0,0,0,0,0
3035,2821,Mister Roberts (1955),1955.0,421,4.149643705463183,0.44444444444444287,0.1225561715786402,0.7874109263657958,0,0,0,0,1,0,0,1,0,0,0,0,0,0,0,0,1,0
3036,2822,Quest for Fire (1981),1981.0,174,3.2298850574712645,0.7654320987654302,0.05048147067405894,0.5574712643678161,0,1,0,0,0,0,0,0,0,0,0,0,0,0,0,0,0,0
3037,2823,Little Big Man (1970),1970.0,591,4.04399323181049,0.6296296296296298,0.17216224102713742,0.7609983079526226,0,0,0,0,1,0,0,1,0,0,0,0,0,0,0,0,0,1
3038,2824,"Face in the Crowd, A (1957)",1957.0,74,4.202702702702703,0.4691358024691361,0.021301429822001748,0.8006756756756757,0,0,0,0,0,0,0,1,0,0,0,0,0,0,0,0,0,0
3039,2825,Trading Places (1983),1983.0,839,3.828367103694875,0.7901234567901234,0.24452874234023927,0.7070917759237187,0,0,0,0,1,0,0,0,0,0,0,0,0,0,0,0,0,0
3040,2826,Meatballs (1979),1979.0,315,3.311111111111111,0.7407407407407405,0.09162532827545958,0.5777777777777777,0,0,0,0,1,0,0,0,0,0,0,0,0,0,0,0,0,0
3041,2827,Meatballs Part II (1984),1984.0,73,1.6986301369863013,0.8024691358024683,0.021009629413481175,0.17465753424657532,0,0,0,0,1,0,0,0,0,0,0,0,0,0,0,0,0,0
3042,2828,Meatballs III (1987),1987.0,65,1.5538461538461539,0.8395061728395063,0.018675226145316602,0.13846153846153847,0,0,0,0,1,0,0,0,0,0,0,0,0,0,0,0,0,0
3043,2829,Meatballs 4 (1992),1992.0,40,1.725,0.9012345679012341,0.011380215932302306,0.18125000000000002,0,0,0,0,1,0,0,0,0,0,0,0,0,0,0,0,0,0
3044,2830,Dead Again (1991),1991.0,583,3.855917667238422,0.8888888888888893,0.16982783775897287,0.7139794168096055,0,0,0,0,0,0,0,0,0,0,0,0,1,1,0,1,0,0
3045,2831,Peter's Friends (1992),1992.0,118,3.093220338983051,0.9012345679012341,0.03414064779690691,0.5233050847457628,0,0,0,0,1,0,0,1,0,0,0,0,0,0,0,0,0,0
3046,2832,"Incredibly True Adventure of Two Girls in Love, The (1995)",1995.0,85,3.4941176470588236,0.9382716049382722,0.024511234315728037,0.6235294117647059,0,0,0,0,1,0,0,0,0,0,0,0,0,1,0,0,0,0
3047,2833,Experience Preferred... But Not Essential (1982),1982.0,18,3.5555555555555554,0.7777777777777786,0.004960606944849723,0.6388888888888888,0,0,0,0,0,0,0,1,0,0,0,0,0,0,0,0,0,0
3048,2834,Under the Rainbow (1981),1981.0,71,2.352112676056338,0.7654320987654302,0.02042602859644003,0.3380281690140845,0,0,0,0,1,0,0,0,0,0,0,0,0,0,0,0,0,0
3049,2835,How I Won the War (1967),1967.0,37,3.2432432432432434,0.5925925925925917,0.01050481470674059,0.5608108108108109,0,0,0,0,1,0,0,0,0,0,0,0,0,0,0,0,1,0
3050,2836,Light It Up (1999),1999.0,16,3.125,0.9876543209876552,0.004377006127808579,0.53125,0,0,0,0,0,0,0,1,0,0,0,0,0,0,0,0,0,0
3051,2837,Anywhere But Here (1999),1999.0,161,2.950310559006211,0.9876543209876552,0.0466880653632915,0.48757763975155277,0,0,0,0,0,0,0,1,0,0,0,0,0,0,0,0,0,0
3052,2838,Dogma (1999),1999.0,989,3.7128412537917086,0.9876543209876552,0.28829880361832505,0.6782103134479271,0,0,0,0,1,0,0,0,0,0,0,0,0,0,0,0,0,0
3053,2839,"Messenger: The Story of Joan of Arc, The (1999)",1999.0,341,3.0175953079178885,0.9876543209876552,0.09921213889699444,0.5043988269794721,0,0,0,0,0,0,0,1,0,0,0,0,0,0,0,0,1,0
3054,2840,Pokémon: The First Movie (1998),1998.0,136,1.9779411764705883,0.9753086419753068,0.039393055150277204,0.24448529411764708,0,0,1,1,0,0,0,0,0,0,0,0,0,0,0,0,0,0
3055,2841,Felicia's Journey (1999),1999.0,82,3.3902439024390243,0.9876543209876552,0.023635833090166324,0.5975609756097561,0,0,0,0,0,0,0,0,0,0,0,0,0,0,0,1,0,0
3056,2842,Oxygen (1999),1999.0,6,3.6666666666666665,0.9876543209876552,0.0014590020426028597,0.6666666666666666,0,0,0,0,0,0,0,0,0,0,0,0,0,0,0,1,0,0
3057,2843,Where's Marlowe? (1999),1999.0,2,4.0,0.9876543209876552,0.0002918004085205719,0.75,0,0,0,0,1,0,0,0,0,0,0,0,0,0,0,0,0,0
3058,2844,"Ape, The (1940)",1940.0,12,2.1666666666666665,0.2592592592592595,0.003209804493726291,0.29166666666666663,0,0,0,0,0,0,0,0,0,0,1,0,0,0,1,0,0,0
3060,2845,"Commitments, The (1991)",1991.0,558,3.8315412186379927,0.8888888888888893,0.16253282754595857,0.7078853046594982,0,0,0,0,1,0,0,1,0,0,0,0,0,0,0,0,0,0
3061,2846,Holiday Inn (1942),1942.0,275,3.88,0.2839506172839492,0.0799533119346367,0.72,0,0,0,0,1,0,0,0,0,0,0,1,0,0,0,0,0,0
3062,2847,"Longest Day, The (1962)",1962.0,352,3.971590909090909,0.5308641975308639,0.10242194339072073,0.7428977272727273,1,0,0,0,0,0,0,1,0,0,0,0,0,0,0,0,1,0
3063,2848,Poison Ivy (1992),1992.0,139,2.7194244604316546,0.9012345679012341,0.040268456375838924,0.42985611510791366,0,0,0,0,0,0,0,0,0,0,0,0,0,0,0,1,0,0
3064,2849,Poison Ivy: New Seduction (1997),1997.0,60,2.5,0.9629629629629619,0.017216224102713742,0.375,0,0,0,0,0,0,0,0,0,0,0,0,0,0,0,1,0,0
3065,2850,Ten Benny (1997),1997.0,1,4.0,0.9629629629629619,0.0,0.75,0,0,0,0,0,0,0,1,0,0,0,0,0,0,0,0,0,0
3066,2851,Tora! Tora! Tora! (1970),1970.0,194,3.7010309278350517,0.6296296296296298,0.05631747884447038,0.6752577319587629,0,0,0,0,0,0,0,0,0,0,0,0,0,0,0,0,1,0
3067,2852,Women on the Verge of a Nervous Breakdown (1988),1988.0,353,3.8923512747875355,0.8518518518518512,0.10271374379924131,0.7230878186968839,0,0,0,0,1,0,0,1,0,0,0,0,0,0,0,0,0,0
3068,2853,"Verdict, The (1982)",1982.0,379,3.865435356200528,0.7777777777777786,0.11030055442077619,0.716358839050132,0,0,0,0,0,0,0,1,0,0,0,0,0,0,0,0,0,0
3069,2854,"Effect of Gamma Rays on Man-in-the-Moon Marigolds, The (1972)",1972.0,55,3.8181818181818183,0.6543209876543195,0.015757222060110883,0.7045454545454546,0,0,0,0,0,0,0,1,0,0,0,0,0,0,0,0,0,0
3070,2855,"Adventures of Buckaroo Bonzai Across the 8th Dimension, The (1984)",1984.0,611,3.3878887070376433,0.8024691358024683,0.17799824919754886,0.5969721767594108,0,1,0,0,1,0,0,0,0,0,0,0,0,0,1,0,0,0
3071,2856,Stand and Deliver (1987),1987.0,327,3.764525993883792,0.8395061728395063,0.09512693317770644,0.691131498470948,0,0,0,0,0,0,0,1,0,0,0,0,0,0,0,0,0,0
3072,2857,Moonstruck (1987),1987.0,982,3.7871690427698574,0.8395061728395063,0.2862562007586811,0.6967922606924644,0,0,0,0,1,0,0,0,0,0,0,0,0,0,0,0,0,0
3073,2858,"Sandpiper, The (1965)",1965.0,33,3.242424242424242,0.567901234567902,0.009337613072658301,0.5606060606060606,0,0,0,0,0,0,0,1,0,0,0,0,0,1,0,0,0,0
3074,2859,Jeremiah Johnson (1972),1972.0,222,3.7882882882882885,0.6543209876543195,0.06448789028304638,0.6970720720720721,0,0,0,0,0,0,0,0,0,0,0,0,0,0,0,0,0,1
3075,2860,Repulsion (1965),1965.0,69,3.9855072463768115,0.567901234567902,0.01984242777939889,0.7463768115942029,0,0,0,0,0,0,0,0,0,0,0,0,0,0,0,1,0,0
3076,2861,Irma la Douce (1963),1963.0,93,3.7096774193548385,0.5432098765432087,0.026845637583892613,0.6774193548387096,0,0,0,0,1,0,0,0,0,0,0,0,0,0,0,0,0,0
3077,2862,42 Up (1998),1998.0,88,4.2272727272727275,0.9753086419753068,0.025386635541289754,0.8068181818181819,0,0,0,0,0,0,1,0,0,0,0,0,0,0,0,0,0,0
3078,2863,Liberty Heights (1999),1999.0,155,3.6516129032258067,0.9876543209876552,0.044937262912168076,0.6629032258064517,0,0,0,0,0,0,0,1,0,0,0,0,0,0,0,0,0,0
3079,2864,Mansfield Park (1999),1999.0,145,3.882758620689655,0.9876543209876552,0.04201925882696236,0.7206896551724138,0,0,0,0,0,0,0,1,0,0,0,0,0,0,0,0,0,0
3081,2865,Sleepy Hollow (1999),1999.0,1066,3.516885553470919,0.9876543209876552,0.31076743507440907,0.6292213883677298,0,0,0,0,0,0,0,0,0,0,1,0,0,1,0,0,0,0
3082,2866,"World Is Not Enough, The (1999)",1999.0,862,3.379350348027842,0.9876543209876552,0.25124015173621245,0.5948375870069605,1,0,0,0,0,0,0,0,0,0,0,0,0,0,0,1,0,0
3083,2867,All About My Mother (Todo Sobre Mi Madre) (1999),1999.0,394,4.086294416243655,0.9876543209876552,0.11467756054858476,0.7715736040609138,0,0,0,0,1,0,0,1,0,0,0,0,0,0,0,0,0,0
3084,2868,Home Page (1999),1999.0,2,3.5,0.9876543209876552,0.0002918004085205719,0.625,0,0,0,0,0,0,1,0,0,0,0,0,0,0,0,0,0,0
3085,2869,"Living Dead Girl, The (La Morte Vivante) (1982)",1982.0,2,2.5,0.7777777777777786,0.0002918004085205719,0.375,0,0,0,0,0,0,0,0,0,0,1,0,0,0,0,0,0,0
3086,2870,March of the Wooden Soldiers (a.k.a. Laurel & Hardy in Toyland) (1934),1934.0,81,3.580246913580247,0.18518518518518334,0.02334403268164575,0.6450617283950617,0,0,0,0,1,0,0,0,0,0,0,0,0,0,0,0,0,0
3087,2871,Scrooged (1988),1988.0,516,3.4786821705426356,0.8518518518518512,0.15027721038809455,0.6196705426356589,0,0,0,0,1,0,0,0,0,0,0,0,0,0,0,0,0,0
3088,2872,Harvey (1950),1950.0,356,4.089887640449438,0.3827160493827151,0.10358914502480303,0.7724719101123596,0,0,0,0,1,0,0,0,0,0,0,0,0,0,0,0,0,0
3089,2873,"Bicycle Thief, The (Ladri di biciclette) (1948)",1948.0,252,4.357142857142857,0.3580246913580254,0.07324190253866354,0.8392857142857142,0,0,0,0,0,0,0,1,0,0,0,0,0,0,0,0,0,0
3090,2874,Matewan (1987),1987.0,177,4.141242937853107,0.8395061728395063,0.051356871899620654,0.7853107344632768,0,0,0,0,0,0,0,1,0,0,0,0,0,0,0,0,0,0
3091,2875,Kagemusha (1980),1980.0,141,4.283687943262412,0.7530864197530853,0.04085205719288006,0.8209219858156029,0,0,0,0,0,0,0,1,0,0,0,0,0,0,0,0,1,0
3092,2876,Chushingura (1962),1962.0,20,4.0,0.5308641975308639,0.005544207761890867,0.75,0,0,0,0,0,0,0,1,0,0,0,0,0,0,0,0,0,0
3093,2877,McCabe & Mrs. Miller (1971),1971.0,208,3.6971153846153846,0.6419753086419746,0.060402684563758385,0.6742788461538461,0,0,0,0,0,0,0,1,0,0,0,0,0,0,0,0,0,1
3094,2878,Maurice (1987),1987.0,101,3.8514851485148514,0.8395061728395063,0.02918004085205719,0.7128712871287128,0,0,0,0,0,0,0,1,0,0,0,0,0,1,0,0,0,0
3095,2879,"Grapes of Wrath, The (1940)",1940.0,521,4.134357005758157,0.2592592592592595,0.1517362124306974,0.7835892514395393,0,0,0,0,0,0,0,1,0,0,0,0,0,0,0,0,0,0
3096,2880,My Man Godfrey (1957),1957.0,93,3.956989247311828,0.4691358024691361,0.026845637583892613,0.739247311827957,0,0,0,0,1,0,0,0,0,0,0,0,0,0,0,0,0,0
3097,2881,"Shop Around the Corner, The (1940)",1940.0,206,4.038834951456311,0.2592592592592595,0.05981908374671724,0.7597087378640777,0,0,0,0,1,0,0,0,0,0,0,0,0,1,0,0,0,0
3098,2882,"Natural, The (1984)",1984.0,548,3.832116788321168,0.8024691358024683,0.15961482346075284,0.708029197080292,0,0,0,0,0,0,0,1,0,0,0,0,0,0,0,0,0,0
3099,2883,Shampoo (1975),1975.0,273,3.238095238095238,0.6913580246913575,0.07936971111759555,0.5595238095238095,0,0,0,0,1,0,0,0,0,0,0,0,0,1,0,0,0,0
3100,2884,"River Runs Through It, A (1992)",1992.0,623,3.756019261637239,0.9012345679012341,0.18149985409979574,0.6890048154093098,0,0,0,0,0,0,0,1,0,0,0,0,0,0,0,0,0,0
3101,2885,Fatal Attraction (1987),1987.0,802,3.669576059850374,0.8395061728395063,0.2337321272249781,0.6673940149625935,0,0,0,0,0,0,0,0,0,0,0,0,0,0,0,1,0,0
3102,2886,Jagged Edge (1985),1985.0,244,3.6434426229508197,0.8148148148148131,0.07090749927049897,0.6608606557377049,0,0,0,0,0,0,0,0,0,0,0,0,0,0,0,1,0,0
3103,2887,Stanley & Iris (1990),1990.0,68,3.0588235294117645,0.8765432098765409,0.019550627370878315,0.5147058823529411,0,0,0,0,0,0,0,1,0,0,0,0,0,1,0,0,0,0
3104,2888,Midnight Run (1988),1988.0,765,3.8562091503267975,0.8518518518518512,0.22293551210971696,0.7140522875816994,1,1,0,0,1,1,0,0,0,0,0,0,0,0,0,0,0,0
3105,2889,Awakenings (1990),1990.0,680,3.7808823529411764,0.8765432098765409,0.19813247738546833,0.6952205882352941,0,0,0,0,0,0,0,1,0,0,0,0,0,0,0,0,0,0
3106,2890,Come See the Paradise (1990),1990.0,25,3.24,0.8765432098765409,0.007003209804493726,0.56,0,0,0,0,0,0,0,1,0,0,0,0,0,1,0,0,0,0
3107,2891,Backdraft (1991),1991.0,869,3.440736478711162,0.8888888888888893,0.2532827545958564,0.6101841196777905,1,0,0,0,0,0,0,1,0,0,0,0,0,0,0,0,0,0
3108,2892,"Fisher King, The (1991)",1991.0,945,3.6264550264550266,0.8888888888888893,0.2754595856434199,0.6566137566137566,0,0,0,0,1,0,0,1,0,0,0,0,0,1,0,0,0,0
3109,2893,"River, The (1984)",1984.0,64,3.21875,0.8024691358024683,0.01838342573679603,0.5546875,0,0,0,0,0,0,0,1,0,0,0,0,0,0,0,0,0,0
3110,2894,Country (1984),1984.0,33,3.393939393939394,0.8024691358024683,0.009337613072658301,0.5984848484848485,0,0,0,0,0,0,0,1,0,0,0,0,0,0,0,0,0,0
3111,2895,Places in the Heart (1984),1984.0,213,3.699530516431925,0.8024691358024683,0.061861686606361245,0.6748826291079812,0,0,0,0,0,0,0,1,0,0,0,0,0,0,0,0,0,0
3112,2896,'Night Mother (1986),1986.0,70,3.3714285714285714,0.827160493827158,0.020134228187919462,0.5928571428571429,0,0,0,0,0,0,0,1,0,0,0,0,0,0,0,0,0,0
3113,2897,End of Days (1999),1999.0,564,2.629432624113475,0.9876543209876552,0.164283629997082,0.4073581560283688,1,0,0,0,0,0,0,0,0,0,0,0,0,0,0,1,0,0
3114,2898,Toy Story 2 (1999),1999.0,1585,4.218927444794953,0.9876543209876552,0.4622118470965859,0.8047318611987382,0,0,1,1,1,0,0,0,0,0,0,0,0,0,0,0,0,0
3115,2899,Flawless (1999),1999.0,110,3.1636363636363636,0.9876543209876552,0.03180624452874234,0.5409090909090909,0,0,0,0,0,0,0,1,0,0,0,0,0,0,0,0,0,0
3116,2900,Miss Julie (1999),1999.0,11,2.727272727272727,0.9876543209876552,0.002918004085205719,0.43181818181818177,0,0,0,0,0,0,0,1,0,0,0,0,0,0,0,0,0,0
3117,2901,Ride with the Devil (1999),1999.0,73,3.3013698630136985,0.9876543209876552,0.021009629413481175,0.5753424657534246,0,0,0,0,0,0,0,1,0,0,0,0,0,1,0,0,1,0
3118,2902,Tumbleweeds (1999),1999.0,66,3.5303030303030303,0.9876543209876552,0.018967026553837172,0.6325757575757576,0,0,0,0,0,0,0,1,0,0,0,0,0,0,0,0,0,0
3119,2903,Bay of Blood (Reazione a catena) (1971),1971.0,3,1.6666666666666667,0.6419753086419746,0.0005836008170411438,0.16666666666666669,0,0,0,0,0,0,0,0,0,0,1,0,0,0,0,0,0,0
3120,2904,"Distinguished Gentleman, The (1992)",1992.0,130,3.0153846153846153,0.9012345679012341,0.03764225269915378,0.5038461538461538,0,0,0,0,1,0,0,0,0,0,0,0,0,0,0,0,0,0
3121,2905,"Hitch-Hiker, The (1953)",1953.0,18,3.5555555555555554,0.4197530864197532,0.004960606944849723,0.6388888888888888,0,0,0,0,0,0,0,0,0,1,0,0,0,0,0,0,0,0
3122,2906,Santa Fe Trail (1940),1940.0,29,3.3793103448275863,0.2592592592592595,0.008170411438576013,0.5948275862068966,0,0,0,0,0,0,0,1,0,0,0,0,0,1,0,0,0,1
3123,2907,Spring Fever USA (a.k.a. Lauderdale) (1989),1989.0,3,1.0,0.864197530864196,0.0005836008170411438,0.0,0,0,0,0,1,0,0,0,0,0,0,0,0,0,0,0,0,0
3124,2908,Agnes Browne (1999),1999.0,34,3.323529411764706,0.9876543209876552,0.009629413481178873,0.5808823529411765,0,0,0,0,1,0,0,1,0,0,0,0,0,0,0,0,0,0
3125,2909,"End of the Affair, The (1999)",1999.0,200,3.515,0.9876543209876552,0.058068281295593806,0.62875,0,0,0,0,0,0,0,1,0,0,0,0,0,0,0,0,0,0
3126,2910,"End of the Affair, The (1955)",1955.0,3,4.0,0.44444444444444287,0.0005836008170411438,0.75,0,0,0,0,0,0,0,1,0,0,0,0,0,0,0,0,0,0
3127,2911,Holy Smoke (1999),1999.0,56,3.232142857142857,0.9876543209876552,0.016049022468631453,0.5580357142857143,0,0,0,0,0,0,0,1,0,0,0,0,0,0,0,0,0,0
3128,2912,"Map of the World, A (1999)",1999.0,51,3.450980392156863,0.9876543209876552,0.014590020426028597,0.6127450980392157,0,0,0,0,0,0,0,1,0,0,0,0,0,0,0,0,0,0
3129,2913,Sweet and Lowdown (1999),1999.0,288,3.701388888888889,0.9876543209876552,0.08374671724540414,0.6753472222222222,0,0,0,0,1,0,0,1,0,0,0,0,0,0,0,0,0,0
3130,2914,Bonfire of the Vanities (1990),1990.0,118,2.3728813559322033,0.8765432098765409,0.03414064779690691,0.3432203389830508,0,0,0,0,1,0,0,0,0,0,0,0,0,0,0,0,0,0
3131,2915,Broadway Damage (1997),1997.0,2,3.5,0.9629629629629619,0.0002918004085205719,0.625,0,0,0,0,1,0,0,0,0,0,0,0,0,0,0,0,0,0
3132,2916,Daddy Long Legs (1919),1919.0,38,3.6315789473684212,0.0,0.01079661511526116,0.6578947368421053,0,0,0,0,1,0,0,0,0,0,0,0,0,0,0,0,0,0
3133,2917,Go West (1925),1925.0,42,3.7142857142857144,0.07407407407407263,0.011963816749343449,0.6785714285714286,0,0,0,0,1,0,0,0,0,0,0,0,0,0,0,0,0,0
3134,2918,"Grand Illusion (Grande illusion, La) (1937)",1937.0,165,4.33939393939394,0.22222222222222143,0.04785526699737379,0.834848484848485,0,0,0,0,0,0,0,1,0,0,0,0,0,0,0,0,1,0
3135,2919,"Great Santini, The (1979)",1979.0,195,3.948717948717949,0.7407407407407405,0.056609279252990946,0.7371794871794872,0,0,0,0,0,0,0,1,0,0,0,0,0,0,0,0,0,0
3136,2920,"James Dean Story, The (1957)",1957.0,3,3.0,0.4691358024691361,0.0005836008170411438,0.5,0,0,0,0,0,0,1,0,0,0,0,0,0,0,0,0,0,0
3137,2921,"Sea Wolves, The (1980)",1980.0,16,3.8125,0.7530864197530853,0.004377006127808579,0.703125,1,0,0,0,0,0,0,0,0,0,0,0,0,0,0,0,1,0
3138,2922,Stealing Home (1988),1988.0,66,3.196969696969697,0.8518518518518512,0.018967026553837172,0.5492424242424242,0,0,0,0,0,0,0,1,0,0,0,0,0,0,0,0,0,0
3139,2923,Tarzan the Fearless (1933),1933.0,17,3.176470588235294,0.1728395061728385,0.0046688065363291505,0.5441176470588235,1,1,0,0,0,0,0,0,0,0,0,0,0,0,0,0,0,0
3140,2924,"Three Ages, The (1923)",1923.0,9,3.4444444444444446,0.049382716049382935,0.0023344032681645753,0.6111111111111112,0,0,0,0,1,0,0,0,0,0,0,0,0,0,0,0,0,0
3141,2925,"Two Jakes, The (1990)",1990.0,62,3.0483870967741935,0.8765432098765409,0.017799824919754886,0.5120967741935484,0,0,0,0,0,0,0,1,0,0,0,0,0,0,0,0,0,0
3142,2926,U2: Rattle and Hum (1988),1988.0,130,3.3846153846153846,0.8518518518518512,0.03764225269915378,0.5961538461538461,0,0,0,0,0,0,1,0,0,0,0,1,0,0,0,0,0,0
3143,2927,Hell in the Pacific (1968),1968.0,33,3.696969696969697,0.6049382716049365,0.009337613072658301,0.6742424242424242,0,0,0,0,0,0,0,1,0,0,0,0,0,0,0,0,1,0
3144,2928,"Glass Bottom Boat, The (1966)",1966.0,49,3.2653061224489797,0.5802469135802468,0.014006419608987452,0.5663265306122449,0,0,0,0,1,0,0,0,0,0,0,0,0,1,0,0,0,0
3145,2929,"Cradle Will Rock, The (1999)",1999.0,259,3.359073359073359,0.9876543209876552,0.07528450539830756,0.5897683397683398,0,0,0,0,0,0,0,1,0,0,0,0,0,0,0,0,0,0
3146,2930,Deuce Bigalow: Male Gigolo (1999),1999.0,308,2.762987012987013,0.9876543209876552,0.08958272541581558,0.4407467532467533,0,0,0,0,1,0,0,0,0,0,0,0,0,0,0,0,0,0
3147,2931,"Green Mile, The (1999)",1999.0,1222,4.154664484451718,0.9876543209876552,0.3562882988036183,0.7886661211129296,0,0,0,0,0,0,0,1,0,0,0,0,0,0,0,1,0,0
3148,2932,"Cider House Rules, The (1999)",1999.0,711,3.952180028129395,0.9876543209876552,0.20717829004960606,0.7380450070323488,0,0,0,0,0,0,0,1,0,0,0,0,0,0,0,0,0,0
3149,2933,Diamonds (1999),1999.0,9,2.4444444444444446,0.9876543209876552,0.0023344032681645753,0.36111111111111116,0,0,0,0,0,0,0,0,0,0,0,0,1,0,0,0,0,0
3150,2934,"War Zone, The (1999)",1999.0,60,3.683333333333333,0.9876543209876552,0.017216224102713742,0.6708333333333333,0,0,0,0,0,0,0,1,0,0,0,0,0,0,0,0,0,0
3151,2935,"Bat Whispers, The (1930)",1930.0,1,2.0,0.1358024691358004,0.0,0.25,0,0,0,0,0,1,0,1,0,0,0,0,1,0,0,0,0,0
3152,2936,"Last Picture Show, The (1971)",1971.0,354,3.9717514124293785,0.6419753086419746,0.10300554420776188,0.7429378531073446,0,0,0,0,0,0,0,1,0,0,0,0,0,0,0,0,0,0
3153,2937,"7th Voyage of Sinbad, The (1958)",1958.0,258,3.616279069767442,0.48148148148148096,0.07499270498978698,0.6540697674418605,1,1,0,0,0,0,0,0,1,0,0,0,0,0,0,0,0,0
3154,2938,Blood on the Sun (1945),1945.0,8,3.5,0.3209876543209873,0.0020426028596440032,0.625,0,0,0,0,0,0,0,1,0,0,0,0,0,0,0,0,1,0
3155,2939,Anna and the King (1999),1999.0,333,3.4144144144144146,0.9876543209876552,0.09687773562882987,0.6036036036036037,0,0,0,0,0,0,0,1,0,0,0,0,0,1,0,0,0,0
3156,2940,Bicentennial Man (1999),1999.0,383,2.906005221932115,0.9876543209876552,0.11146775605485847,0.4765013054830287,0,0,0,0,1,0,0,1,0,0,0,0,0,0,1,0,0,0
3157,2941,Stuart Little (1999),1999.0,520,3.15,0.9876543209876552,0.15144441202217684,0.5375,0,0,0,1,1,0,0,0,0,0,0,0,0,0,0,0,0,0
3158,2942,"Emperor and the Assassin, The (Jing ke ci qin wang) (1999)",1999.0,44,3.6363636363636362,0.9876543209876552,0.012547417566384592,0.6590909090909091,0,0,0,0,0,0,0,1,0,0,0,0,0,0,0,0,0,0
3159,2943,Fantasia 2000 (1999),1999.0,453,3.8057395143487858,0.9876543209876552,0.1318937846512985,0.7014348785871964,0,0,1,1,0,0,0,0,0,0,0,1,0,0,0,0,0,0
3160,2944,Magnolia (1999),1999.0,1113,3.8939802336028753,0.9876543209876552,0.324482054274876,0.7234950584007188,0,0,0,0,0,0,0,1,0,0,0,0,0,0,0,0,0,0
3161,2945,Onegin (1999),1999.0,19,3.473684210526316,0.9876543209876552,0.005252407353370295,0.618421052631579,0,0,0,0,0,0,0,1,0,0,0,0,0,0,0,0,0,0
3162,2946,Simpatico (1999),1999.0,21,2.4761904761904763,0.9876543209876552,0.005836008170411439,0.36904761904761907,0,0,0,0,1,0,0,1,0,0,0,0,0,0,0,0,0,0
3163,2947,Topsy-Turvy (1999),1999.0,304,3.7039473684210527,0.9876543209876552,0.08841552378173329,0.6759868421052632,0,0,0,0,0,0,0,1,0,0,0,0,0,0,0,0,0,0
3164,2948,"Alley Cats, The (1968)",1968.0,1,4.0,0.6049382716049365,0.0,0.75,0,0,0,0,0,0,0,1,0,0,0,0,0,0,0,0,0,0
3165,2949,Boiling Point (1993),1993.0,61,2.622950819672131,0.913580246913579,0.017508024511234312,0.40573770491803274,1,0,0,0,0,0,0,1,0,0,0,0,0,0,0,0,0,0
3166,2950,Brenda Starr (1989),1989.0,6,1.1666666666666667,0.864197530864196,0.0014590020426028597,0.041666666666666685,0,1,0,0,0,0,0,0,0,0,0,0,0,0,0,0,0,0
3167,2951,Carnal Knowledge (1971),1971.0,166,3.6325301204819276,0.6419753086419746,0.04814706740589436,0.6581325301204819,0,0,0,0,0,0,0,1,0,0,0,0,0,0,0,0,0,0
3168,2952,Easy Rider (1969),1969.0,485,3.7711340206185566,0.6172839506172814,0.14123139772395682,0.6927835051546392,0,1,0,0,0,0,0,1,0,0,0,0,0,0,0,0,0,0
3169,2953,"Falcon and the Snowman, The (1984)",1984.0,253,3.513833992094862,0.8024691358024683,0.07353370294718412,0.6284584980237155,0,0,0,0,0,0,0,1,0,0,0,0,0,0,0,0,0,0
3171,2954,Room at the Top (1959),1959.0,25,3.92,0.4938271604938258,0.007003209804493726,0.73,0,0,0,0,0,0,0,1,0,0,0,0,0,0,0,0,0,0
3172,2955,Ulysses (Ulisse) (1954),1954.0,1,5.0,0.432098765432098,0.0,1.0,0,1,0,0,0,0,0,0,0,0,0,0,0,0,0,0,0,0
3173,2956,Any Given Sunday (1999),1999.0,483,3.1262939958592133,0.9876543209876552,0.14064779690691567,0.5315734989648033,0,0,0,0,0,0,0,1,0,0,0,0,0,0,0,0,0,0
3174,2957,Man on the Moon (1999),1999.0,874,3.48512585812357,0.9876543209876552,0.25474175663845927,0.6212814645308925,0,0,0,0,1,0,0,1,0,0,0,0,0,0,0,0,0,0
3175,2958,Galaxy Quest (1999),1999.0,1728,3.771412037037037,0.9876543209876552,0.5039393055150276,0.6928530092592593,0,1,0,0,1,0,0,0,0,0,0,0,0,0,1,0,0,0
3176,2959,"Talented Mr. Ripley, The (1999)",1999.0,1331,3.503380916604057,0.9876543209876552,0.38809454333236065,0.6258452291510143,0,0,0,0,0,0,0,1,0,0,0,0,1,0,0,1,0,0
3177,2960,Next Friday (1999),1999.0,168,2.6011904761904763,0.9876543209876552,0.04873066822293551,0.40029761904761907,0,0,0,0,1,0,0,0,0,0,0,0,0,0,0,0,0,0
3178,2961,"Hurricane, The (1999)",1999.0,509,3.848722986247544,0.9876543209876552,0.14823460752845055,0.712180746561886,0,0,0,0,0,0,0,1,0,0,0,0,0,0,0,0,0,0
3179,2962,Angela's Ashes (1999),1999.0,225,3.4133333333333336,0.9876543209876552,0.0653632915086081,0.6033333333333334,0,0,0,0,0,0,0,1,0,0,0,0,0,0,0,0,0,0
3180,2963,Play it to the Bone (1999),1999.0,70,2.2,0.9876543209876552,0.020134228187919462,0.30000000000000004,0,0,0,0,1,0,0,1,0,0,0,0,0,0,0,0,0,0
3181,2964,Titus (1999),1999.0,163,3.7116564417177913,0.9876543209876552,0.04727166618033265,0.6779141104294478,0,0,0,0,0,0,0,1,0,0,0,0,0,0,0,0,0,0
3182,2965,Mr. Death: The Rise and Fall of Fred A. Leuchter Jr. (1999),1999.0,124,3.9596774193548385,0.9876543209876552,0.035891450248030345,0.7399193548387096,0,0,0,0,0,0,1,0,0,0,0,0,0,0,0,0,0,0
3183,2966,"Third Miracle, The (1999)",1999.0,45,3.6222222222222222,0.9876543209876552,0.012839217974905164,0.6555555555555556,0,0,0,0,0,0,0,1,0,0,0,0,0,0,0,0,0,0
3184,2967,Montana (1998),1998.0,5,3.0,0.9753086419753068,0.0011672016340822876,0.5,1,0,0,0,1,1,0,1,0,0,0,0,0,0,0,0,0,0
3185,2968,Snow Falling on Cedars (1999),1999.0,398,3.4120603015075375,0.9876543209876552,0.11584476218266705,0.6030150753768844,0,0,0,0,0,0,0,1,0,0,0,0,0,0,0,0,0,0
3186,2969,"Girl, Interrupted (1999)",1999.0,431,3.4779582366589326,0.9876543209876552,0.12547417566384594,0.6194895591647331,0,0,0,0,0,0,0,1,0,0,0,0,0,0,0,0,0,0
3187,2970,Trans (1998),1998.0,3,3.0,0.9753086419753068,0.0005836008170411438,0.5,0,0,0,0,0,0,0,1,0,0,0,0,0,0,0,0,0,0
3188,2971,"Life and Times of Hank Greenberg, The (1998)",1998.0,54,3.7037037037037037,0.9753086419753068,0.015465421651590311,0.6759259259259259,0,0,0,0,0,0,1,0,0,0,0,0,0,0,0,0,0,0
3189,2972,My Dog Skip (1999),1999.0,300,3.6433333333333335,0.9876543209876552,0.087248322147651,0.6608333333333334,0,0,0,0,1,0,0,0,0,0,0,0,0,0,0,0,0,0
3190,2973,Supernova (2000),2000.0,161,2.1490683229813663,1.0,0.0466880653632915,0.2872670807453416,0,1,0,0,0,0,0,0,0,0,0,0,0,0,1,0,0,0
3192,2974,"Terrorist, The (Malli) (1998)",1998.0,24,4.083333333333333,0.9753086419753068,0.006711409395973154,0.7708333333333333,0,0,0,0,0,0,0,1,0,0,0,0,0,0,0,0,0,0
3194,2975,"Way We Were, The (1973)",1973.0,220,3.3045454545454547,0.6666666666666643,0.06390428946600525,0.5761363636363637,0,0,0,0,0,0,0,1,0,0,0,0,0,0,0,0,0,0
3196,2976,Stalag 17 (1953),1953.0,394,4.228426395939087,0.4197530864197532,0.11467756054858476,0.8071065989847717,0,0,0,0,0,0,0,1,0,0,0,0,0,0,0,0,1,0
3197,2977,"Presidio, The (1988)",1988.0,251,3.302788844621514,0.8518518518518512,0.07295010213014298,0.5756972111553785,1,0,0,0,0,0,0,0,0,0,0,0,0,0,0,0,0,0
3198,2978,Papillon (1973),1973.0,325,4.073846153846154,0.6666666666666643,0.0945433323606653,0.7684615384615385,0,0,0,0,0,0,0,1,0,0,0,0,0,0,0,0,0,0
3199,2979,Pal Joey (1957),1957.0,72,3.3472222222222223,0.4691358024691361,0.020717829004960605,0.5868055555555556,0,0,0,0,1,0,0,0,0,0,0,1,0,1,0,0,0,0
3200,2980,"Last Detail, The (1973)",1973.0,172,3.8488372093023258,0.6666666666666643,0.049897869857017794,0.7122093023255814,0,0,0,0,1,0,0,1,0,0,0,0,0,0,0,0,0,0
3201,2981,Five Easy Pieces (1970),1970.0,359,3.9526462395543174,0.6296296296296298,0.10446454625036475,0.7381615598885793,0,0,0,0,0,0,0,1,0,0,0,0,0,0,0,0,0,0
3202,2982,Even Dwarfs Started Small (Auch Zwerge haben klein angefangen) (1971),1971.0,1,1.0,0.6419753086419746,0.0,0.0,0,0,0,0,0,0,0,1,0,0,0,0,0,0,0,0,0,0
3203,2983,Dead Calm (1989),1989.0,497,3.6780684104627768,0.864197530864196,0.14473300262620367,0.6695171026156942,0,0,0,0,0,0,0,0,0,0,0,0,0,0,0,1,0,0
3204,2984,"Boys from Brazil, The (1978)",1978.0,204,3.661764705882353,0.7283950617283956,0.0592354829296761,0.6654411764705882,0,0,0,0,0,0,0,0,0,0,0,0,0,0,0,1,0,0
3205,2985,Black Sunday (La Maschera Del Demonio) (1960),1960.0,4,2.25,0.5061728395061706,0.0008754012255617157,0.3125,0,0,0,0,0,0,0,0,0,0,1,0,0,0,0,0,0,0
3206,2986,Against All Odds (1984),1984.0,133,3.2481203007518795,0.8024691358024683,0.03851765392471549,0.5620300751879699,0,0,0,0,0,0,0,0,0,0,0,0,0,1,0,0,0,0
3207,2987,"Snows of Kilimanjaro, The (1952)",1952.0,5,3.2,0.40740740740740833,0.0011672016340822876,0.55,0,1,0,0,0,0,0,0,0,0,0,0,0,0,0,0,0,0
3208,2988,Loaded Weapon 1 (1993),1993.0,264,2.7613636363636362,0.913580246913579,0.07674350744091041,0.44034090909090906,1,0,0,0,1,0,0,0,0,0,0,0,0,0,0,0,0,0
3209,2989,"Loves of Carmen, The (1948)",1948.0,1,1.0,0.3580246913580254,0.0,0.0,0,0,0,0,0,0,0,1,0,0,0,0,0,0,0,0,0,0
3210,2990,Fast Times at Ridgemont High (1982),1982.0,886,3.8374717832957113,0.7777777777777786,0.25824336154070615,0.7093679458239278,0,0,0,0,1,0,0,0,0,0,0,0,0,0,0,0,0,0
3211,2991,"Cry in the Dark, A (1988)",1988.0,66,3.515151515151515,0.8518518518518512,0.018967026553837172,0.6287878787878788,0,0,0,0,0,0,0,1,0,0,0,0,0,0,0,0,0,0
3212,2992,Born to Win (1971),1971.0,2,2.5,0.6419753086419746,0.0002918004085205719,0.375,0,0,0,0,0,0,0,1,0,0,0,0,0,0,0,0,0,0
3213,2993,Batman: Mask of the Phantasm (1993),1993.0,232,3.560344827586207,0.913580246913579,0.0674058943682521,0.6400862068965517,0,0,1,1,0,0,0,0,0,0,0,0,0,0,0,0,0,0
3214,2994,American Flyers (1985),1985.0,97,3.329896907216495,0.8148148148148131,0.028012839217974903,0.5824742268041238,0,0,0,0,0,0,0,1,0,0,0,0,0,0,0,0,0,0
3215,2995,Voyage of the Damned (1976),1976.0,11,3.1818181818181817,0.7037037037037024,0.002918004085205719,0.5454545454545454,0,0,0,0,0,0,0,1,0,0,0,0,0,0,0,0,0,0
3216,2996,Vampyros Lesbos (Las Vampiras) (1970),1970.0,3,3.3333333333333335,0.6296296296296298,0.0005836008170411438,0.5833333333333334,0,0,0,0,0,0,0,0,0,0,1,0,0,0,0,0,0,0
3217,2997,"Star Is Born, A (1937)",1937.0,91,3.3516483516483517,0.22222222222222143,0.02626203676685147,0.5879120879120879,0,0,0,0,0,0,0,1,0,0,0,0,0,0,0,0,0,0
3218,2998,Poison (1991),1991.0,32,3.1875,0.8888888888888893,0.00904581266413773,0.546875,0,0,0,0,0,0,0,1,0,0,0,0,0,0,0,0,0,0
3219,2999,Pacific Heights (1990),1990.0,447,3.2550335570469797,0.8765432098765409,0.1301429822001751,0.5637583892617449,0,0,0,0,0,0,0,0,0,0,0,0,0,0,0,1,0,0
3220,3000,Night Tide (1961),1961.0,1,2.0,0.518518518518519,0.0,0.25,0,0,0,0,0,0,0,1,0,0,0,0,0,0,0,0,0,0
3221,3001,"Draughtsman's Contract, The (1982)",1982.0,29,3.413793103448276,0.7777777777777786,0.008170411438576013,0.603448275862069,0,0,0,0,0,0,0,1,0,0,0,0,0,0,0,0,0,0
3222,3002,Carmen (1984),1984.0,30,4.166666666666667,0.8024691358024683,0.008462211847096586,0.7916666666666667,0,0,0,0,0,0,0,1,0,0,0,0,0,0,0,0,0,0
3223,3003,"Zed & Two Noughts, A (1985)",1985.0,29,3.413793103448276,0.8148148148148131,0.008170411438576013,0.603448275862069,0,0,0,0,0,0,0,1,0,0,0,0,0,0,0,0,0,0
3224,3004,Woman in the Dunes (Suna no onna) (1964),1964.0,77,4.0519480519480515,0.5555555555555536,0.022176831047563465,0.7629870129870129,0,0,0,0,0,0,0,1,0,0,0,0,0,0,0,0,0,0
3225,3005,Down to You (2000),2000.0,122,2.6885245901639343,1.0,0.0353078494309892,0.4221311475409836,0,0,0,0,1,0,0,0,0,0,0,0,0,1,0,0,0,0
3228,3006,Wirey Spindell (1999),1999.0,2,1.0,0.9876543209876552,0.0002918004085205719,0.0,0,0,0,0,1,0,0,0,0,0,0,0,0,0,0,0,0,0
3229,3007,Another Man's Poison (1952),1952.0,1,4.0,0.40740740740740833,0.0,0.75,0,0,0,0,0,1,0,1,0,0,0,0,0,0,0,0,0,0
3230,3008,"Odessa File, The (1974)",1974.0,78,3.6666666666666665,0.6790123456790127,0.022468631456084034,0.6666666666666666,0,0,0,0,0,0,0,0,0,0,0,0,0,0,0,1,0,0
3232,3009,Seven Chances (1925),1925.0,5,4.0,0.07407407407407263,0.0011672016340822876,0.75,0,0,0,0,1,0,0,0,0,0,0,0,0,0,0,0,0,0
3233,3010,Smashing Time (1967),1967.0,2,5.0,0.5925925925925917,0.0002918004085205719,1.0,0,0,0,0,1,0,0,0,0,0,0,0,0,0,0,0,0,0
3235,3011,Where the Buffalo Roam (1980),1980.0,71,3.0,0.7530864197530853,0.02042602859644003,0.5,0,0,0,0,1,0,0,0,0,0,0,0,0,0,0,0,0,0
3236,3012,Zachariah (1971),1971.0,2,3.5,0.6419753086419746,0.0002918004085205719,0.625,0,0,0,0,0,0,0,0,0,0,0,0,0,0,0,0,0,1
3237,3013,Kestrel's Eye (Falkens öga) (1998),1998.0,1,1.0,0.9753086419753068,0.0,0.0,0,0,0,0,0,0,1,0,0,0,0,0,0,0,0,0,0,0
3238,3014,Eye of the Beholder (1999),1999.0,267,2.134831460674157,0.9876543209876552,0.07761890866647213,0.2837078651685393,0,0,0,0,0,0,0,0,0,0,0,0,0,0,0,1,0,0
3239,3015,Isn't She Great? (2000),2000.0,37,2.3783783783783785,1.0,0.01050481470674059,0.3445945945945946,0,0,0,0,1,0,0,0,0,0,0,0,0,0,0,0,0,0
3240,3016,"Big Tease, The (1999)",1999.0,33,3.272727272727273,0.9876543209876552,0.009337613072658301,0.5681818181818182,0,0,0,0,1,0,0,0,0,0,0,0,0,0,0,0,0,0
3241,3017,"Cup, The (Phörpa) (1999)",1999.0,57,3.6666666666666665,0.9876543209876552,0.016340822877152026,0.6666666666666666,0,0,0,0,1,0,0,0,0,0,0,0,0,0,0,0,0,0
3242,3018,Santitos (1997),1997.0,3,3.6666666666666665,0.9629629629629619,0.0005836008170411438,0.6666666666666666,0,0,0,0,1,0,0,0,0,0,0,0,0,0,0,0,0,0
3243,3019,Encino Man (1992),1992.0,293,2.5017064846416384,0.9012345679012341,0.08520571928800699,0.3754266211604096,0,0,0,0,1,0,0,0,0,0,0,0,0,0,0,0,0,0
3244,3020,"Goodbye Girl, The (1977)",1977.0,322,3.6956521739130435,0.7160493827160472,0.09366793113510358,0.6739130434782609,0,0,0,0,1,0,0,0,0,0,0,0,0,1,0,0,0,0
3245,3021,I Am Cuba (Soy Cuba/Ya Kuba) (1964),1964.0,5,4.8,0.5555555555555536,0.0011672016340822876,0.95,0,0,0,0,0,0,0,1,0,0,0,0,0,0,0,0,0,0
3246,3022,Malcolm X (1992),1992.0,475,3.903157894736842,0.9012345679012341,0.1383133936387511,0.7257894736842105,0,0,0,0,0,0,0,1,0,0,0,0,0,0,0,0,0,0
3247,3023,Sister Act (1992),1992.0,666,3.1681681681681684,0.9012345679012341,0.19404727166618033,0.5420420420420421,0,0,0,0,1,1,0,0,0,0,0,0,0,0,0,0,0,0
3248,3024,Sister Act 2: Back in the Habit (1993),1993.0,202,2.5396039603960396,0.913580246913579,0.05865188211263495,0.3849009900990099,0,0,0,0,1,0,0,0,0,0,0,0,0,0,0,0,0,0
3249,3025,"Hand That Rocks the Cradle, The (1992)",1992.0,340,3.135294117647059,0.9012345679012341,0.09892033848847387,0.5338235294117647,0,0,0,0,0,0,0,0,0,0,0,0,0,0,0,1,0,0
3250,3026,Alive (1993),1993.0,366,3.401639344262295,0.913580246913579,0.10650714911000875,0.6004098360655737,0,0,0,0,0,0,0,1,0,0,0,0,0,0,0,0,0,0
3251,3027,Agnes of God (1985),1985.0,276,3.380434782608696,0.8148148148148131,0.08024511234315727,0.595108695652174,0,0,0,0,0,0,0,1,0,0,0,0,1,0,0,0,0,0
3252,3028,Scent of a Woman (1992),1992.0,555,3.7135135135135133,0.9012345679012341,0.16165742632039684,0.6783783783783783,0,0,0,0,0,0,0,1,0,0,0,0,0,0,0,0,0,0
3253,3029,Wayne's World (1992),1992.0,1120,3.600892857142857,0.9012345679012341,0.32652465713452,0.6502232142857143,0,0,0,0,1,0,0,0,0,0,0,0,0,0,0,0,0,0
3254,3030,Wayne's World 2 (1993),1993.0,433,2.884526558891455,0.913580246913579,0.1260577764808871,0.47113163972286376,0,0,0,0,1,0,0,0,0,0,0,0,0,0,0,0,0,0
3255,3031,"League of Their Own, A (1992)",1992.0,1099,3.6797088262056414,0.9012345679012341,0.320396848555588,0.6699272065514104,0,0,0,0,1,0,0,1,0,0,0,0,0,0,0,0,0,0
3256,3032,Patriot Games (1992),1992.0,1052,3.75,0.9012345679012341,0.30668222935512107,0.6875,1,0,0,0,0,0,0,0,0,0,0,0,0,0,0,1,0,0
3257,3033,"Bodyguard, The (1992)",1992.0,626,2.8594249201277955,0.9012345679012341,0.18237525532535745,0.46485623003194887,1,0,0,0,0,0,0,1,0,0,0,0,0,1,0,1,0,0
3258,3034,Death Becomes Her (1992),1992.0,339,2.752212389380531,0.9012345679012341,0.09862853807995331,0.43805309734513276,0,0,0,0,1,0,0,0,0,0,0,0,0,0,0,0,0,0
3259,3035,Far and Away (1992),1992.0,403,3.369727047146402,0.9012345679012341,0.1173037642252699,0.5924317617866005,0,0,0,0,0,0,0,1,0,0,0,0,0,1,0,0,0,0
3260,3036,Howards End (1992),1992.0,480,3.7291666666666665,0.9012345679012341,0.13977239568135397,0.6822916666666666,0,0,0,0,0,0,0,1,0,0,0,0,0,0,0,0,0,0
3261,3037,Singles (1992),1992.0,429,3.4825174825174825,0.9012345679012341,0.12489057484680478,0.6206293706293706,0,0,0,0,1,0,0,1,0,0,0,0,0,1,0,0,0,0
3262,3038,Twin Peaks: Fire Walk with Me (1992),1992.0,163,2.9693251533742333,0.9012345679012341,0.04727166618033265,0.4923312883435583,0,0,0,0,0,0,0,1,0,0,0,0,1,0,0,0,0,0
3263,3039,White Men Can't Jump (1992),1992.0,667,3.188905547226387,0.9012345679012341,0.1943390720747009,0.5472263868065967,0,0,0,0,1,0,0,0,0,0,0,0,0,0,0,0,0,0
3264,3040,Buffy the Vampire Slayer (1992),1992.0,512,3.091796875,0.9012345679012341,0.14911000875401226,0.52294921875,0,0,0,0,1,0,0,0,0,0,1,0,0,0,0,0,0,0
3265,3041,Hard-Boiled (Lashou shentan) (1992),1992.0,327,4.137614678899083,0.9012345679012341,0.09512693317770644,0.7844036697247707,1,0,0,0,0,1,0,0,0,0,0,0,0,0,0,0,0,0
3266,3042,Man Bites Dog (C'est arrivé près de chez vous) (1992),1992.0,154,3.655844155844156,0.9012345679012341,0.0446454625036475,0.663961038961039,1,0,0,0,1,1,0,1,0,0,0,0,0,0,0,0,0,0
3267,3043,"Mariachi, El (1992)",1992.0,483,3.6873706004140785,0.9012345679012341,0.14064779690691567,0.6718426501035196,1,0,0,0,0,0,0,0,0,0,0,0,0,0,0,1,0,0
3268,3044,Stop! Or My Mom Will Shoot (1992),1992.0,179,1.782122905027933,0.9012345679012341,0.0519404727166618,0.19553072625698326,1,0,0,0,1,0,0,0,0,0,0,0,0,0,0,0,0,0
3269,3045,Forever Young (1992),1992.0,477,3.20335429769392,0.9012345679012341,0.13889699445579223,0.55083857442348,0,1,0,0,0,0,0,0,0,0,0,0,0,1,1,0,0,0
3270,3046,"Cutting Edge, The (1992)",1992.0,200,3.285,0.9012345679012341,0.058068281295593806,0.57125,0,0,0,0,0,0,0,1,0,0,0,0,0,0,0,0,0,0
3271,3047,Of Mice and Men (1992),1992.0,328,3.847560975609756,0.9012345679012341,0.09541873358622702,0.711890243902439,0,0,0,0,0,0,0,1,0,0,0,0,0,0,0,0,0,0
3272,3048,Bad Lieutenant (1992),1992.0,171,3.2046783625730995,0.9012345679012341,0.04960606944849722,0.5511695906432749,0,0,0,0,0,1,0,1,0,0,0,0,0,0,0,0,0,0
3273,3049,Scream 3 (2000),2000.0,577,2.733102253032929,1.0,0.16807703530784943,0.43327556325823224,0,0,0,0,0,0,0,0,0,0,1,0,1,0,0,1,0,0
3274,3050,Single White Female (1992),1992.0,438,3.1073059360730593,0.9012345679012341,0.12751677852348994,0.5268264840182648,1,0,0,0,0,0,0,0,0,0,0,0,0,0,0,0,0,0
3275,3051,"Boondock Saints, The (1999)",1999.0,92,3.619565217391304,0.9876543209876552,0.026553837175372044,0.654891304347826,1,0,0,0,1,0,0,0,0,0,0,0,0,0,0,0,0,0
3276,3052,Gun Shy (2000),2000.0,46,2.652173913043478,1.0,0.013131018383425737,0.4130434782608695,0,0,0,0,1,0,0,0,0,0,0,0,0,0,0,0,0,0
3277,3053,Beloved/Friend (Amigo/Amado) (1999),1999.0,1,4.0,0.9876543209876552,0.0,0.75,0,0,0,0,0,0,0,1,0,0,0,0,0,0,0,0,0,0
3280,3054,"Baby, The (1973)",1973.0,1,5.0,0.6666666666666643,0.0,1.0,0,0,0,0,0,0,0,0,0,0,1,0,0,0,0,0,0,0
3281,3055,"Brandon Teena Story, The (1998)",1998.0,49,4.040816326530612,0.9753086419753068,0.014006419608987452,0.760204081632653,0,0,0,0,0,0,1,0,0,0,0,0,0,0,0,0,0,0
3282,3056,Different for Girls (1996),1996.0,10,3.7,0.9506172839506171,0.0026262036766851473,0.675,0,0,0,0,1,0,0,0,0,0,0,0,0,0,0,0,0,0
3283,3057,Minnie and Moskowitz (1971),1971.0,15,3.466666666666667,0.6419753086419746,0.004085205719288007,0.6166666666666667,1,0,0,0,0,0,0,0,0,0,0,0,0,0,0,0,0,0
3284,3058,They Might Be Giants (1971),1971.0,45,3.7333333333333334,0.6419753086419746,0.012839217974905164,0.6833333333333333,0,0,0,0,1,0,0,0,0,0,0,0,0,1,0,0,0,0
3285,3059,"Beach, The (2000)",2000.0,423,2.702127659574468,1.0,0.12313977239568134,0.42553191489361697,0,1,0,0,0,0,0,1,0,0,0,0,0,0,0,0,0,0
3286,3060,Snow Day (2000),2000.0,122,2.2131147540983607,1.0,0.0353078494309892,0.30327868852459017,0,0,0,0,1,0,0,0,0,0,0,0,0,0,0,0,0,0
3287,3061,"Tigger Movie, The (2000)",2000.0,129,2.7286821705426356,1.0,0.037350452290633204,0.4321705426356589,0,0,1,1,0,0,0,0,0,0,0,0,0,0,0,0,0,0
3288,3062,Cotton Mary (1999),1999.0,4,3.0,0.9876543209876552,0.0008754012255617157,0.5,0,0,0,0,0,0,0,1,0,0,0,0,0,0,0,0,0,0
3289,3063,Not One Less (Yi ge dou bu neng shao) (1999),1999.0,52,3.769230769230769,0.9876543209876552,0.014881820834549168,0.6923076923076923,0,0,0,0,0,0,0,1,0,0,0,0,0,0,0,0,0,0
3290,3064,Soft Toilet Seats (1999),1999.0,1,3.0,0.9876543209876552,0.0,0.5,0,0,0,0,1,0,0,0,0,0,0,0,0,0,0,0,0,0
3291,3065,Trois (2000),2000.0,1,2.0,1.0,0.0,0.25,0,0,0,0,0,0,0,0,0,0,0,0,0,0,0,1,0,0
3292,3066,"Big Combo, The (1955)",1955.0,6,3.8333333333333335,0.44444444444444287,0.0014590020426028597,0.7083333333333334,0,0,0,0,0,0,0,0,0,1,0,0,0,0,0,0,0,0
3293,3067,Conceiving Ada (1997),1997.0,5,3.4,0.9629629629629619,0.0011672016340822876,0.6,0,0,0,0,0,0,0,1,0,0,0,0,0,0,1,0,0,0
3294,3068,Eaten Alive (1976),1976.0,2,2.5,0.7037037037037024,0.0002918004085205719,0.375,0,0,0,0,0,0,0,0,0,0,1,0,0,0,0,0,0,0
3295,3069,Raining Stones (1993),1993.0,2,3.5,0.913580246913579,0.0002918004085205719,0.625,0,0,0,0,0,0,0,1,0,0,0,0,0,0,0,0,0,0
3296,3070,To Sir with Love (1967),1967.0,203,3.793103448275862,0.5925925925925917,0.058943682521155526,0.6982758620689655,0,0,0,0,0,0,0,1,0,0,0,0,0,0,0,0,0,0
3297,3071,With Byrd at the South Pole (1930),1930.0,1,2.0,0.1358024691358004,0.0,0.25,0,0,0,0,0,0,1,0,0,0,0,0,0,0,0,0,0,0
3298,3072,Boiler Room (2000),2000.0,590,3.4593220338983053,1.0,0.17187044061861687,0.6148305084745763,0,0,0,0,0,0,0,1,0,0,0,0,0,0,0,0,0,0
3299,3073,Hanging Up (2000),2000.0,176,2.2954545454545454,1.0,0.05106507149110008,0.32386363636363635,0,0,0,0,1,0,0,1,0,0,0,0,0,0,0,0,0,0
3300,3074,Pitch Black (2000),2000.0,542,3.300738007380074,1.0,0.1578640210096294,0.5751845018450185,1,0,0,0,0,0,0,0,0,0,0,0,0,0,1,0,0,0
3301,3075,"Whole Nine Yards, The (2000)",2000.0,602,3.3787375415282392,1.0,0.17537204552086372,0.5946843853820598,0,0,0,0,1,1,0,0,0,0,0,0,0,0,0,0,0,0
3302,3076,Beautiful People (1999),1999.0,53,3.339622641509434,0.9876543209876552,0.01517362124306974,0.5849056603773585,0,0,0,0,1,0,0,0,0,0,0,0,0,0,0,0,0,0
3303,3077,Black Tar Heroin: The Dark End of the Street (1999),1999.0,6,3.5,0.9876543209876552,0.0014590020426028597,0.625,0,0,0,0,0,0,1,0,0,0,0,0,0,0,0,0,0,0
3304,3078,Blue Collar (1978),1978.0,56,3.5714285714285716,0.7283950617283956,0.016049022468631453,0.6428571428571429,0,0,0,0,0,1,0,1,0,0,0,0,0,0,0,0,0,0
3305,3079,Bluebeard (1944),1944.0,2,4.0,0.30864197530864246,0.0002918004085205719,0.75,0,0,0,0,0,0,0,0,0,1,1,0,0,0,0,0,0,0
3306,3080,"Circus, The (1928)",1928.0,24,3.9583333333333335,0.11111111111111072,0.006711409395973154,0.7395833333333334,0,0,0,0,1,0,0,0,0,0,0,0,0,0,0,0,0,0
3307,3081,City Lights (1931),1931.0,271,4.387453874538745,0.1481481481481488,0.07878611030055441,0.8468634686346863,0,0,0,0,1,0,0,1,0,0,0,0,0,1,0,0,0,0
3308,3082,"Flamingo Kid, The (1984)",1984.0,294,3.197278911564626,0.8024691358024683,0.08549751969652757,0.5493197278911565,0,0,0,0,1,0,0,1,0,0,0,0,0,0,0,0,0,0
3309,3083,"Dog's Life, A (1920)",1920.0,24,3.6666666666666665,0.012345679012344846,0.006711409395973154,0.6666666666666666,0,0,0,0,1,0,0,0,0,0,0,0,0,0,0,0,0,0
3310,3084,"Kid, The (1921)",1921.0,62,3.7903225806451615,0.02469135802468969,0.017799824919754886,0.6975806451612904,1,0,0,0,0,0,0,0,0,0,0,0,0,0,0,0,0,0
3311,3085,"Man from Laramie, The (1955)",1955.0,33,3.787878787878788,0.44444444444444287,0.009337613072658301,0.696969696969697,0,0,0,0,0,0,0,0,0,0,0,0,0,0,0,0,0,1
3312,3086,"McCullochs, The (1975)",1975.0,1,1.0,0.6913580246913575,0.0,0.0,0,0,0,0,0,0,0,1,0,0,0,0,0,0,0,0,0,0
3313,3087,Class Reunion (1982),1982.0,20,2.25,0.7777777777777786,0.005544207761890867,0.3125,0,0,0,0,1,0,0,0,0,0,0,0,0,0,0,0,0,0
3314,3088,"Big Trees, The (1952)",1952.0,4,3.25,0.40740740740740833,0.0008754012255617157,0.5625,1,0,0,0,0,0,0,1,0,0,0,0,0,0,0,0,0,0
3315,3089,Happy Go Lovely (1951),1951.0,1,2.0,0.39506172839505993,0.0,0.25,0,0,0,0,0,0,0,0,0,0,0,1,0,0,0,0,0,0
3316,3090,Reindeer Games (2000),2000.0,289,2.7681660899653977,1.0,0.08403851765392471,0.4420415224913494,1,0,0,0,0,0,0,0,0,0,0,0,0,0,0,1,0,0
3317,3091,Wonder Boys (2000),2000.0,496,3.9495967741935485,1.0,0.1444412022176831,0.7373991935483871,0,0,0,0,1,0,0,1,0,0,0,0,0,0,0,0,0,0
3318,3092,Deterrence (1998),1998.0,48,3.4791666666666665,0.9753086419753068,0.01371461920046688,0.6197916666666666,0,0,0,0,0,0,0,0,0,0,0,0,0,0,0,1,0,0
3319,3093,Judy Berlin (1999),1999.0,28,3.107142857142857,0.9876543209876552,0.007878611030055441,0.5267857142857143,0,0,0,0,0,0,0,1,0,0,0,0,0,0,0,0,0,0
3320,3094,Mifune (Mifunes sidste sang) (1999),1999.0,45,3.511111111111111,0.9876543209876552,0.012839217974905164,0.6277777777777778,0,0,0,0,1,0,0,0,0,0,0,0,0,1,0,0,0,0
3321,3095,"Waiting Game, The (2000)",2000.0,1,2.0,1.0,0.0,0.25,0,0,0,0,1,0,0,0,0,0,0,0,0,0,0,0,0,0
3322,3096,3 Strikes (2000),2000.0,4,2.75,1.0,0.0008754012255617157,0.4375,0,0,0,0,1,0,0,0,0,0,0,0,0,0,0,0,0,0
3323,3097,Chain of Fools (2000),2000.0,1,3.0,1.0,0.0,0.5,0,0,0,0,1,1,0,0,0,0,0,0,0,0,0,0,0,0
3324,3098,Drowning Mona (2000),2000.0,190,2.763157894736842,1.0,0.055150277210388086,0.4407894736842105,0,0,0,0,1,0,0,0,0,0,0,0,0,0,0,0,0,0
3325,3099,"Next Best Thing, The (2000)",2000.0,160,2.33125,1.0,0.046396264954770935,0.33281249999999996,0,0,0,0,1,0,0,1,0,0,0,0,0,0,0,0,0,0
3326,3100,What Planet Are You From? (2000),2000.0,180,2.8555555555555556,1.0,0.05223227312518237,0.4638888888888889,0,0,0,0,1,0,0,0,0,0,0,0,0,0,1,0,0,0
3327,3101,Beyond the Mat (2000),2000.0,134,3.529850746268657,1.0,0.038809454333236064,0.6324626865671642,0,0,0,0,0,0,1,0,0,0,0,0,0,0,0,0,0,0
3328,3102,Ghost Dog: The Way of the Samurai (1999),1999.0,314,3.843949044585987,0.9876543209876552,0.091333527866939,0.7109872611464968,0,0,0,0,0,1,0,1,0,0,0,0,0,0,0,0,0,0
3329,3103,"Year My Voice Broke, The (1987)",1987.0,27,3.814814814814815,0.8395061728395063,0.00758681062153487,0.7037037037037037,0,0,0,0,0,0,0,1,0,0,0,0,0,0,0,0,0,0
3330,3104,Splendor in the Grass (1961),1961.0,108,3.759259259259259,0.518518518518519,0.031222643711701192,0.6898148148148148,0,0,0,0,0,0,0,1,0,0,0,0,0,0,0,0,0,0
3331,3105,My Tutor (1983),1983.0,35,2.3142857142857145,0.7901234567901234,0.009921213889699446,0.3285714285714286,0,0,0,0,0,0,0,1,0,0,0,0,0,0,0,0,0,0
3333,3106,"Killing of Sister George, The (1968)",1968.0,16,3.5,0.6049382716049365,0.004377006127808579,0.625,0,0,0,0,0,0,0,1,0,0,0,0,0,0,0,0,0,0
3334,3107,Key Largo (1948),1948.0,461,4.082429501084599,0.3580246913580254,0.1342281879194631,0.7706073752711498,0,0,0,0,0,1,0,1,0,1,0,0,0,0,0,1,0,0
3335,3108,Jail Bait (1954),1954.0,12,2.6666666666666665,0.432098765432098,0.003209804493726291,0.41666666666666663,0,0,0,0,0,1,0,1,0,0,0,0,0,0,0,0,0,0
3336,3109,It Happened Here (1961),1961.0,2,3.0,0.518518518518519,0.0002918004085205719,0.5,0,0,0,0,0,0,0,1,0,0,0,0,0,0,0,0,0,0
3337,3110,I'll Never Forget What's 'is Name (1967),1967.0,2,3.5,0.5925925925925917,0.0002918004085205719,0.625,0,0,0,0,1,0,0,1,0,0,0,0,0,0,0,0,0,0
3338,3111,For All Mankind (1989),1989.0,27,4.444444444444445,0.864197530864196,0.00758681062153487,0.8611111111111112,0,0,0,0,0,0,1,0,0,0,0,0,0,0,0,0,0,0
3339,3112,Cross of Iron (1977),1977.0,43,3.744186046511628,0.7160493827160472,0.01225561715786402,0.686046511627907,0,0,0,0,0,0,0,0,0,0,0,0,0,0,0,0,1,0
3340,3113,Bride of the Monster (1956),1956.0,71,2.8028169014084505,0.4567901234567877,0.02042602859644003,0.45070422535211263,0,0,0,0,0,0,0,0,0,0,1,0,0,0,1,0,0,0
3341,3114,Born Yesterday (1950),1950.0,177,4.03954802259887,0.3827160493827151,0.051356871899620654,0.7598870056497176,0,0,0,0,1,0,0,0,0,0,0,0,0,0,0,0,0,0
3342,3115,Birdy (1984),1984.0,223,3.8565022421524664,0.8024691358024683,0.06477969069156696,0.7141255605381166,0,0,0,0,0,0,0,1,0,0,0,0,0,0,0,0,1,0
3343,3116,And God Created Woman (1988),1988.0,40,2.375,0.8518518518518512,0.011380215932302306,0.34375,0,0,0,0,1,0,0,1,0,0,0,0,0,1,0,0,0,0
3344,3117,Blood Feast (1963),1963.0,20,2.6,0.5432098765432087,0.005544207761890867,0.4,0,0,0,0,0,0,0,0,0,0,1,0,0,0,0,0,0,0
3345,3118,"Charlie, the Lonesome Cougar (1967)",1967.0,23,3.130434782608696,0.5925925925925917,0.006419608987452583,0.532608695652174,0,1,0,1,0,0,0,0,0,0,0,0,0,0,0,0,0,0
3346,3119,Color Me Blood Red (1965),1965.0,5,2.8,0.567901234567902,0.0011672016340822876,0.44999999999999996,0,0,0,0,0,0,0,0,0,0,1,0,0,0,0,0,0,0
3347,3120,Never Cry Wolf (1983),1983.0,212,3.981132075471698,0.7901234567901234,0.06156988619784067,0.7452830188679245,0,0,0,0,0,0,0,1,0,0,0,0,0,0,0,0,0,0
3349,3121,"Perils of Pauline, The (1947)",1947.0,25,3.4,0.345679012345677,0.007003209804493726,0.6,0,0,0,0,1,0,0,0,0,0,0,0,0,0,0,0,0,0
3350,3122,"Raisin in the Sun, A (1961)",1961.0,143,3.972027972027972,0.518518518518519,0.04143565800992121,0.743006993006993,0,0,0,0,0,0,0,1,0,0,0,0,0,0,0,0,0,0
3351,3123,Two Thousand Maniacs! (1964),1964.0,15,3.2666666666666666,0.5555555555555536,0.004085205719288007,0.5666666666666667,0,0,0,0,0,0,0,0,0,0,1,0,0,0,0,0,0,0
3352,3124,Brown's Requiem (1998),1998.0,3,2.6666666666666665,0.9753086419753068,0.0005836008170411438,0.41666666666666663,0,0,0,0,0,0,0,1,0,0,0,0,0,0,0,0,0,0
3353,3125,"Closer You Get, The (2000)",2000.0,2,4.0,1.0,0.0002918004085205719,0.75,0,0,0,0,1,0,0,0,0,0,0,0,0,1,0,0,0,0
3354,3126,Mission to Mars (2000),2000.0,793,2.5952080706179066,1.0,0.23110592354829296,0.39880201765447665,0,0,0,0,0,0,0,0,0,0,0,0,0,0,1,0,0,0
3355,3127,"Ninth Gate, The (2000)",2000.0,298,2.8758389261744965,1.0,0.08666472133060986,0.46895973154362414,0,0,0,0,0,0,0,0,0,0,0,0,0,0,0,1,0,0
3357,3128,East-West (Est-ouest) (1999),1999.0,103,3.766990291262136,0.9876543209876552,0.029763641669098333,0.691747572815534,0,0,0,0,0,0,0,1,0,0,0,0,0,1,0,0,0,0
3358,3129,Defending Your Life (1991),1991.0,446,3.681614349775785,0.8888888888888893,0.1298511817916545,0.6704035874439462,0,0,0,0,1,0,0,0,0,0,0,0,0,1,0,0,0,0
3359,3130,Breaking Away (1979),1979.0,520,4.0807692307692305,0.7407407407407405,0.15144441202217684,0.7701923076923076,0,0,0,0,0,0,0,1,0,0,0,0,0,0,0,0,0,0
3360,3131,Hoosiers (1986),1986.0,590,3.91864406779661,0.827160493827158,0.17187044061861687,0.7296610169491525,0,0,0,0,0,0,0,1,0,0,0,0,0,0,0,0,0,0
3361,3132,Bull Durham (1988),1988.0,1095,3.837442922374429,0.8518518518518512,0.3192296469215057,0.7093607305936073,0,0,0,0,1,0,0,0,0,0,0,0,0,0,0,0,0,0
3362,3133,Dog Day Afternoon (1975),1975.0,765,3.969934640522876,0.6913580246913575,0.22293551210971696,0.742483660130719,0,0,0,0,1,1,0,1,0,0,0,0,0,0,0,0,0,0
3363,3134,American Graffiti (1973),1973.0,990,4.026262626262627,0.6666666666666643,0.2885906040268456,0.7565656565656567,0,0,0,0,1,0,0,1,0,0,0,0,0,0,0,0,0,0
3364,3135,"Asphalt Jungle, The (1950)",1950.0,151,3.9271523178807946,0.3827160493827151,0.04377006127808578,0.7317880794701986,0,0,0,0,0,1,0,0,0,1,0,0,0,0,0,0,0,0
3365,3136,"Searchers, The (1956)",1956.0,245,4.085714285714285,0.4567901234567877,0.07119929967901954,0.7714285714285714,0,0,0,0,0,0,0,0,0,0,0,0,0,0,0,0,0,1
3366,3137,Where Eagles Dare (1969),1969.0,265,3.811320754716981,0.6172839506172814,0.07703530784943098,0.7028301886792453,1,1,0,0,0,0,0,0,0,0,0,0,0,0,0,0,1,0
3367,3138,"Devil's Brigade, The (1968)",1968.0,43,3.372093023255814,0.6049382716049365,0.01225561715786402,0.5930232558139535,0,0,0,0,0,0,0,0,0,0,0,0,0,0,0,0,1,0
3368,3139,"Big Country, The (1958)",1958.0,63,3.6507936507936507,0.48148148148148096,0.018091625328275455,0.6626984126984127,0,0,0,0,0,0,0,0,0,0,0,0,0,1,0,0,0,1
3370,3140,Betrayed (1988),1988.0,86,3.4302325581395348,0.8518518518518512,0.02480303472424861,0.6075581395348837,0,0,0,0,0,0,0,1,0,0,0,0,0,0,0,1,0,0
3371,3141,Bound for Glory (1976),1976.0,48,3.7083333333333335,0.7037037037037024,0.01371461920046688,0.6770833333333334,0,0,0,0,0,0,0,1,0,0,0,0,0,0,0,0,0,0
3372,3142,"Bridge at Remagen, The (1969)",1969.0,56,3.5535714285714284,0.6172839506172814,0.016049022468631453,0.6383928571428571,1,0,0,0,0,0,0,0,0,0,0,0,0,0,0,0,1,0
3373,3143,Buck and the Preacher (1972),1972.0,3,2.6666666666666665,0.6543209876543195,0.0005836008170411438,0.41666666666666663,0,0,0,0,0,0,0,0,0,0,0,0,0,0,0,0,0,1
3374,3144,Daughters of the Dust (1992),1992.0,15,2.6,0.9012345679012341,0.004085205719288007,0.4,0,0,0,0,0,0,0,1,0,0,0,0,0,0,0,0,0,0
3375,3145,Destination Moon (1950),1950.0,65,3.3384615384615386,0.3827160493827151,0.018675226145316602,0.5846153846153846,0,0,0,0,0,0,0,0,0,0,0,0,0,0,1,0,0,0
3376,3146,"Fantastic Night, The (La Nuit Fantastique) (1949)",1949.0,1,1.0,0.37037037037037024,0.0,0.0,0,0,0,0,0,0,0,0,0,0,0,0,0,1,0,0,0,0
3377,3147,Hangmen Also Die (1943),1943.0,2,3.5,0.29629629629629406,0.0002918004085205719,0.625,0,0,0,0,0,0,0,1,0,0,0,0,0,0,0,0,1,0
3378,3148,"Ogre, The (Der Unhold) (1996)",1996.0,4,3.25,0.9506172839506171,0.0008754012255617157,0.5625,0,0,0,0,0,0,0,1,0,0,0,0,0,0,0,0,0,0
3379,3149,On the Beach (1959),1959.0,95,3.9473684210526314,0.4938271604938258,0.027429238400933757,0.7368421052631579,0,0,0,0,0,0,0,1,0,0,0,0,0,0,0,0,0,0
3380,3150,Railroaded! (1947),1947.0,3,3.0,0.345679012345677,0.0005836008170411438,0.5,0,0,0,0,0,0,0,0,0,1,0,0,0,0,0,0,0,0
3381,3151,Slaves to the Underground (1997),1997.0,2,3.5,0.9629629629629619,0.0002918004085205719,0.625,0,0,0,0,1,0,0,1,0,0,0,0,0,0,0,0,0,0
3382,3152,Song of Freedom (1936),1936.0,1,5.0,0.2098765432098766,0.0,1.0,0,0,0,0,0,0,0,1,0,0,0,0,0,0,0,0,0,0
3384,3153,"Taking of Pelham One Two Three, The (1974)",1974.0,276,3.800724637681159,0.6790123456790127,0.08024511234315727,0.7001811594202898,1,0,0,0,0,0,0,0,0,0,0,0,0,0,0,0,0,0
3385,3154,Volunteers (1985),1985.0,141,2.5531914893617023,0.8148148148148131,0.04085205719288006,0.38829787234042556,0,0,0,0,1,0,0,0,0,0,0,0,0,0,0,0,0,0
3386,3155,JFK (1991),1991.0,756,3.755291005291005,0.8888888888888893,0.22030930843303181,0.6888227513227513,0,0,0,0,0,0,0,1,0,0,0,0,1,0,0,0,0,0
3387,3156,Who's Harry Crumb? (1989),1989.0,173,2.722543352601156,0.864197530864196,0.05018967026553837,0.43063583815028905,0,0,0,0,1,0,0,0,0,0,0,0,0,0,0,0,0,0
3388,3157,Harry and the Hendersons (1987),1987.0,298,2.7181208053691277,0.8395061728395063,0.08666472133060986,0.4295302013422819,0,0,0,0,1,0,0,0,0,0,0,0,0,0,0,0,0,0
3389,3158,Let's Get Harry (1986),1986.0,38,2.710526315789474,0.827160493827158,0.01079661511526116,0.4276315789473685,1,1,0,0,0,0,0,0,0,0,0,0,0,0,0,0,0,0
3390,3159,Shanghai Surprise (1986),1986.0,33,1.6666666666666667,0.827160493827158,0.009337613072658301,0.16666666666666669,0,1,0,0,0,0,0,0,0,0,0,0,0,0,0,0,0,0
3391,3160,Who's That Girl? (1987),1987.0,96,2.28125,0.8395061728395063,0.02772103880945433,0.3203125,0,0,0,0,1,0,0,0,0,0,0,0,0,0,0,0,0,0
3392,3161,She-Devil (1989),1989.0,157,1.9363057324840764,0.864197530864196,0.045520863729209216,0.2340764331210191,0,0,0,0,1,0,0,0,0,0,0,0,0,0,0,0,0,0
3393,3162,Date with an Angel (1987),1987.0,51,2.1372549019607843,0.8395061728395063,0.014590020426028597,0.28431372549019607,0,0,0,0,1,0,0,0,1,0,0,0,0,0,0,0,0,0
3394,3163,Blind Date (1987),1987.0,210,2.6714285714285713,0.8395061728395063,0.060986285380799525,0.4178571428571428,0,0,0,0,1,0,0,0,0,0,0,0,0,1,0,0,0,0
3395,3164,Nadine (1987),1987.0,55,2.8363636363636364,0.8395061728395063,0.015757222060110883,0.4590909090909091,0,0,0,0,1,0,0,0,0,0,0,0,0,0,0,0,0,0
3396,3165,"Muppet Movie, The (1979)",1979.0,744,3.8561827956989245,0.7407407407407405,0.21680770353078493,0.7140456989247311,0,0,0,1,1,0,0,0,0,0,0,0,0,0,0,0,0,0
3397,3166,"Great Muppet Caper, The (1981)",1981.0,358,3.7374301675977653,0.7654320987654302,0.10417274584184417,0.6843575418994413,0,0,0,1,1,0,0,0,0,0,0,0,0,0,0,0,0,0
3398,3167,"Muppets Take Manhattan, The (1984)",1984.0,341,3.504398826979472,0.8024691358024683,0.09921213889699444,0.626099706744868,0,0,0,1,1,0,0,0,0,0,0,0,0,0,0,0,0,0
3399,3168,Sesame Street Presents Follow That Bird (1985),1985.0,87,3.1264367816091956,0.8148148148148131,0.025094835132769184,0.5316091954022989,0,0,0,1,1,0,0,0,0,0,0,0,0,0,0,0,0,0
3400,3169,We're Back! A Dinosaur's Story (1993),1993.0,29,2.5172413793103448,0.913580246913579,0.008170411438576013,0.3793103448275862,0,0,1,1,0,0,0,0,0,0,0,0,0,0,0,0,0,0
3401,3170,Baby... Secret of the Lost Legend (1985),1985.0,113,2.106194690265487,0.8148148148148131,0.03268164575430405,0.2765486725663717,0,1,0,0,0,0,0,0,0,0,0,0,0,0,1,0,0,0
3402,3171,Turtle Diary (1985),1985.0,23,3.347826086956522,0.8148148148148131,0.006419608987452583,0.5869565217391305,0,0,0,0,0,0,0,1,0,0,0,0,0,0,0,0,0,0
3403,3172,Raise the Titanic (1980),1980.0,32,2.78125,0.7530864197530853,0.00904581266413773,0.4453125,0,0,0,0,0,0,0,1,0,0,0,0,0,0,0,1,0,0
3404,3173,Titanic (1953),1953.0,219,3.452054794520548,0.4197530864197532,0.06361248905748468,0.613013698630137,1,0,0,0,0,0,0,1,0,0,0,0,0,0,0,0,0,0
3405,3174,"Night to Remember, A (1958)",1958.0,144,3.875,0.48148148148148096,0.04172745841844178,0.71875,1,0,0,0,0,0,0,1,0,0,0,0,0,0,0,0,0,0
3406,3175,Captain Horatio Hornblower (1951),1951.0,105,3.7523809523809524,0.39506172839505993,0.030347242486139476,0.6880952380952381,1,1,0,0,0,0,0,0,0,0,0,0,0,0,0,0,1,0
3407,3176,"Carriers Are Waiting, The (Les Convoyeurs Attendent) (1999)",1999.0,3,1.6666666666666667,0.9876543209876552,0.0005836008170411438,0.16666666666666669,0,0,0,0,1,0,0,1,0,0,0,0,0,0,0,0,0,0
3408,3177,Erin Brockovich (2000),2000.0,1315,3.863878326996198,1.0,0.3834257367960315,0.7159695817490495,0,0,0,0,0,0,0,1,0,0,0,0,0,0,0,0,0,0
3409,3178,Final Destination (2000),2000.0,459,3.272331154684096,1.0,0.13364458710242194,0.568082788671024,0,0,0,0,0,0,0,1,0,0,0,0,0,0,0,1,0,0
3410,3179,Soft Fruit (1999),1999.0,9,4.333333333333333,0.9876543209876552,0.0023344032681645753,0.8333333333333333,0,0,0,0,1,0,0,1,0,0,0,0,0,0,0,0,0,0
3412,3180,"Bear, The (1988)",1988.0,175,3.3714285714285714,0.8518518518518512,0.05077327108257951,0.5928571428571429,0,1,0,0,0,0,0,0,0,0,0,0,0,0,0,0,0,0
3413,3181,Impact (1949),1949.0,2,3.5,0.37037037037037024,0.0002918004085205719,0.625,0,0,0,0,0,1,0,1,0,0,0,0,0,0,0,0,0,0
3414,3182,Love Is a Many-Splendored Thing (1955),1955.0,50,3.26,0.44444444444444287,0.014298220017508023,0.565,0,0,0,0,0,0,0,0,0,0,0,0,0,1,0,0,0,0
3415,3183,"Mirror, The (Zerkalo) (1975)",1975.0,23,3.8260869565217392,0.6913580246913575,0.006419608987452583,0.7065217391304348,0,0,0,0,0,0,0,1,0,0,0,0,0,0,0,0,0,0
3416,3184,"Trial, The (Le Procès) (1963)",1963.0,51,3.9411764705882355,0.5432098765432087,0.014590020426028597,0.7352941176470589,0,0,0,0,0,0,0,1,0,0,0,0,0,0,0,0,0,0
3417,3185,"Crimson Pirate, The (1952)",1952.0,73,3.589041095890411,0.40740740740740833,0.021009629413481175,0.6472602739726028,0,1,0,0,1,0,0,0,0,0,0,0,0,0,1,0,0,0
3418,3186,Thelma & Louise (1991),1991.0,1417,3.6803105151729003,0.8888888888888893,0.4131893784651298,0.6700776287932251,1,0,0,0,0,0,0,1,0,0,0,0,0,0,0,0,0,0
3419,3187,Something for Everyone (1970),1970.0,13,3.1538461538461537,0.6296296296296298,0.003501604902246863,0.5384615384615384,0,0,0,0,1,1,0,0,0,0,0,0,0,0,0,0,0,0
3420,3188,...And Justice for All (1979),1979.0,199,3.71356783919598,0.7407407407407405,0.05777648088707324,0.678391959798995,0,0,0,0,0,0,0,1,0,0,0,0,0,0,0,1,0,0
3421,3189,Animal House (1978),1978.0,1207,4.053024026512014,0.7283950617283956,0.35191129267580973,0.7632560066280034,0,0,0,0,1,0,0,0,0,0,0,0,0,0,0,0,0,0
3422,3190,She's Gotta Have It (1986),1986.0,210,3.4,0.827160493827158,0.060986285380799525,0.6,0,0,0,0,1,0,0,0,0,0,0,0,0,1,0,0,0,0
3423,3191,School Daze (1988),1988.0,74,2.918918918918919,0.8518518518518512,0.021301429822001748,0.4797297297297297,0,0,0,0,0,0,0,1,0,0,0,0,0,0,0,0,0,0
3424,3192,Do the Right Thing (1989),1989.0,781,3.880921895006402,0.864197530864196,0.2276043186460461,0.7202304737516005,0,0,0,0,1,0,0,1,0,0,0,0,0,0,0,0,0,0
3425,3193,Mo' Better Blues (1990),1990.0,79,3.2911392405063293,0.8765432098765409,0.022760431864604608,0.5727848101265823,0,0,0,0,0,0,0,1,0,0,0,0,0,0,0,0,0,0
3426,3194,Jungle Fever (1991),1991.0,215,3.1953488372093024,0.8888888888888893,0.062445287423402385,0.5488372093023256,0,0,0,0,0,0,0,1,0,0,0,0,0,1,0,0,0,0
3427,3195,Coogan's Bluff (1968),1968.0,74,3.3378378378378377,0.6049382716049365,0.021301429822001748,0.5844594594594594,0,0,0,0,0,1,0,0,0,0,0,0,0,0,0,0,0,0
3428,3196,"Champ, The (1979)",1979.0,59,2.9491525423728815,0.7407407407407405,0.01692442369419317,0.4872881355932204,0,0,0,0,0,0,0,1,0,0,0,0,0,0,0,0,0,0
3429,3197,Creature Comforts (1990),1990.0,274,4.335766423357664,0.8765432098765409,0.07966151152611613,0.833941605839416,0,0,1,0,1,0,0,0,0,0,0,0,0,0,0,0,0,0
3430,3198,Death Wish (1974),1974.0,220,3.340909090909091,0.6790123456790127,0.06390428946600525,0.5852272727272727,1,0,0,0,0,0,0,1,0,0,0,0,0,0,0,0,0,0
3431,3199,Death Wish II (1982),1982.0,85,2.6705882352941175,0.7777777777777786,0.024511234315728037,0.41764705882352937,1,0,0,0,0,0,0,1,0,0,0,0,0,0,0,0,0,0
3432,3200,Death Wish 3 (1985),1985.0,72,2.263888888888889,0.8148148148148131,0.020717829004960605,0.3159722222222222,1,0,0,0,0,0,0,1,0,0,0,0,0,0,0,0,0,0
3433,3201,Death Wish 4: The Crackdown (1987),1987.0,48,2.1458333333333335,0.8395061728395063,0.01371461920046688,0.28645833333333337,1,0,0,0,0,0,0,1,0,0,0,0,0,0,0,0,0,0
3434,3202,Death Wish V: The Face of Death (1994),1994.0,38,2.263157894736842,0.9259259259259238,0.01079661511526116,0.3157894736842105,1,0,0,0,0,0,0,1,0,0,0,0,0,0,0,0,0,0
3435,3203,Double Indemnity (1944),1944.0,551,4.415607985480944,0.30864197530864246,0.16049022468631458,0.8539019963702359,0,0,0,0,0,1,0,0,0,1,0,0,0,0,0,0,0,0
3436,3204,Dying Young (1991),1991.0,128,2.7890625,0.8888888888888893,0.03705865188211263,0.447265625,0,0,0,0,0,0,0,1,0,0,0,0,0,1,0,0,0,0
3437,3205,Cool as Ice (1991),1991.0,12,2.0,0.8888888888888893,0.003209804493726291,0.25,0,0,0,0,0,0,0,1,0,0,0,0,0,0,0,0,0,0
3438,3206,Teenage Mutant Ninja Turtles (1990),1990.0,534,2.6779026217228465,0.8765432098765409,0.15552961774146484,0.41947565543071164,1,0,0,1,0,0,0,0,1,0,0,0,0,0,0,0,0,0
3439,3207,Teenage Mutant Ninja Turtles II: The Secret of the Ooze (1991),1991.0,251,2.1274900398406373,0.8888888888888893,0.07295010213014298,0.28187250996015933,1,0,0,1,0,0,0,0,1,0,0,0,0,0,0,0,0,0
3440,3208,Teenage Mutant Ninja Turtles III (1993),1993.0,188,1.9202127659574468,0.913580246913579,0.05456667639334695,0.2300531914893617,1,0,0,1,0,0,0,0,1,0,0,0,0,0,0,0,0,0
3441,3209,Red Dawn (1984),1984.0,475,3.2757894736842106,0.8024691358024683,0.1383133936387511,0.5689473684210526,1,0,0,0,0,0,0,0,0,0,0,0,0,0,0,0,1,0
3442,3210,Band of the Hand (1986),1986.0,39,2.3076923076923075,0.827160493827158,0.011088415523781732,0.32692307692307687,1,0,0,0,0,0,0,0,0,0,0,0,0,0,0,0,0,0
3443,3211,Born American (1986),1986.0,5,3.8,0.827160493827158,0.0011672016340822876,0.7,1,0,0,0,0,0,0,1,0,0,0,0,0,0,0,1,0,0
3444,3212,Bloodsport (1988),1988.0,222,3.225225225225225,0.8518518518518512,0.06448789028304638,0.5563063063063063,1,0,0,0,0,0,0,0,0,0,0,0,0,0,0,0,0,0
3445,3213,Eyes of Laura Mars (1978),1978.0,139,3.194244604316547,0.7283950617283956,0.040268456375838924,0.5485611510791367,0,0,0,0,0,0,0,0,0,0,0,0,1,0,0,1,0,0
3446,3214,Funny Bones (1995),1995.0,39,3.41025641025641,0.9382716049382722,0.011088415523781732,0.6025641025641025,0,0,0,0,1,0,0,0,0,0,0,0,0,0,0,0,0,0
3447,3215,"Good Earth, The (1937)",1937.0,72,3.7222222222222223,0.22222222222222143,0.020717829004960605,0.6805555555555556,0,0,0,0,0,0,0,1,0,0,0,0,0,0,0,0,0,0
3448,3216,"Good Morning, Vietnam (1987)",1987.0,1082,3.733826247689464,0.8395061728395063,0.31543624161073824,0.683456561922366,0,0,0,0,1,0,0,1,0,0,0,0,0,0,0,0,1,0
3449,3217,"Good Mother, The (1988)",1988.0,34,2.9705882352941178,0.8518518518518512,0.009629413481178873,0.49264705882352944,0,0,0,0,0,0,0,1,0,0,0,0,0,0,0,0,0,0
3450,3218,Grumpy Old Men (1993),1993.0,809,3.415327564894932,0.913580246913579,0.2357747300846221,0.603831891223733,0,0,0,0,1,0,0,0,0,0,0,0,0,0,0,0,0,0
3451,3219,Guess Who's Coming to Dinner (1967),1967.0,350,3.92,0.5925925925925917,0.10183834257367959,0.73,0,0,0,0,1,0,0,1,0,0,0,0,0,0,0,0,0,0
3452,3220,Romeo Must Die (2000),2000.0,331,3.1419939577039275,1.0,0.09629413481178872,0.5354984894259819,1,0,0,0,0,0,0,0,0,0,0,0,0,1,0,0,0,0
3453,3221,Here on Earth (2000),2000.0,89,2.4831460674157304,1.0,0.025678435949810327,0.3707865168539326,0,0,0,0,0,0,0,1,0,0,0,0,0,1,0,0,0,0
3454,3222,Whatever It Takes (2000),2000.0,43,2.697674418604651,1.0,0.01225561715786402,0.42441860465116277,0,0,0,0,1,0,0,0,0,0,0,0,0,1,0,0,0,0
3456,3223,"Color of Paradise, The (Rang-e Khoda) (1999)",1999.0,65,3.9384615384615387,0.9876543209876552,0.018675226145316602,0.7346153846153847,0,0,0,0,0,0,0,1,0,0,0,0,0,0,0,0,0,0
3457,3224,Waking the Dead (1999),1999.0,141,2.99290780141844,0.9876543209876552,0.04085205719288006,0.49822695035460995,0,0,0,0,0,0,0,1,0,0,0,0,0,0,0,0,0,0
3458,3225,Blood and Sand (Sangre y Arena) (1989),1989.0,1,3.0,0.864197530864196,0.0,0.5,0,0,0,0,0,0,0,1,0,0,0,0,0,1,0,0,0,0
3459,3226,Gothic (1986),1986.0,62,2.774193548387097,0.827160493827158,0.017799824919754886,0.44354838709677424,0,0,0,0,0,0,0,1,0,0,1,0,0,0,0,0,0,0
3460,3227,Hillbillys in a Haunted House (1967),1967.0,1,1.0,0.5925925925925917,0.0,0.0,0,0,0,0,1,0,0,0,0,0,0,0,0,0,0,0,0,0
3461,3228,Lord of the Flies (1963),1963.0,353,3.6657223796033995,0.5432098765432087,0.10271374379924131,0.6664305949008499,0,1,0,0,0,0,0,1,0,0,0,0,0,0,0,1,0,0
3462,3229,Modern Times (1936),1936.0,305,4.2360655737704915,0.2098765432098766,0.08870732419025386,0.8090163934426229,0,0,0,0,1,0,0,0,0,0,0,0,0,0,0,0,0,0
3463,3230,Last Resort (1994),1994.0,10,1.8,0.9259259259259238,0.0026262036766851473,0.2,0,0,0,0,1,0,0,0,0,0,0,0,0,0,0,0,0,0
3464,3231,Solar Crisis (1993),1993.0,20,2.45,0.913580246913579,0.005544207761890867,0.36250000000000004,0,0,0,0,0,0,0,0,0,0,0,0,0,0,1,1,0,0
3465,3232,That's Life! (1986),1986.0,18,2.7777777777777777,0.827160493827158,0.004960606944849723,0.4444444444444444,0,0,0,0,0,0,0,1,0,0,0,0,0,0,0,0,0,0
3466,3233,Heart and Souls (1993),1993.0,219,3.547945205479452,0.913580246913579,0.06361248905748468,0.636986301369863,0,0,0,0,1,0,0,0,1,0,0,0,0,0,0,0,0,0
3467,3234,Hud (1963),1963.0,279,4.021505376344086,0.5432098765432087,0.081120513568719,0.7553763440860215,0,0,0,0,0,0,0,1,0,0,0,0,0,0,0,0,0,1
3468,3235,"Hustler, The (1961)",1961.0,450,4.24,0.518518518518519,0.1310183834257368,0.81,0,0,0,0,0,0,0,1,0,0,0,0,0,0,0,0,0,0
3469,3236,Inherit the Wind (1960),1960.0,268,4.279850746268656,0.5061728395061706,0.0779107090749927,0.8199626865671641,0,0,0,0,0,0,0,1,0,0,0,0,0,0,0,0,0,0
3470,3237,Dersu Uzala (1974),1974.0,92,4.326086956521739,0.6790123456790127,0.026553837175372044,0.8315217391304348,0,1,0,0,0,0,0,1,0,0,0,0,0,0,0,0,0,0
3471,3238,Close Encounters of the Third Kind (1977),1977.0,1451,4.0144727773949,0.7160493827160472,0.4231105923548293,0.753618194348725,0,0,0,0,0,0,0,1,0,0,0,0,0,0,1,0,0,0
3472,3239,Horror Hotel (a.k.a. The City of the Dead) (1960),1960.0,4,1.75,0.5061728395061706,0.0008754012255617157,0.1875,0,0,0,0,0,0,0,0,0,0,1,0,0,0,0,0,0,0
3473,3240,Jonah Who Will Be 25 in the Year 2000 (1976),1976.0,24,3.4166666666666665,0.7037037037037024,0.006711409395973154,0.6041666666666666,0,0,0,0,1,0,0,0,0,0,0,0,0,0,0,0,0,0
3474,3241,Retroactive (1997),1997.0,16,3.1875,0.9629629629629619,0.004377006127808579,0.546875,0,0,0,0,0,0,0,0,0,0,0,0,0,0,1,1,0,0
3475,3242,"Place in the Sun, A (1951)",1951.0,134,3.962686567164179,0.39506172839505993,0.038809454333236064,0.7406716417910447,0,0,0,0,0,0,0,1,0,0,0,0,0,1,0,0,0,0
3476,3243,Jacob's Ladder (1990),1990.0,667,3.578710644677661,0.8765432098765409,0.1943390720747009,0.6446776611694153,0,0,0,0,0,0,0,0,0,0,1,0,1,0,0,1,0,0
3477,3244,Empire Records (1995),1995.0,271,3.044280442804428,0.9382716049382722,0.07878611030055441,0.511070110701107,0,0,0,0,1,0,0,1,0,0,0,0,0,0,0,0,0,0
3478,3245,"Bamba, La (1987)",1987.0,266,3.330827067669173,0.8395061728395063,0.07732710825795155,0.5827067669172933,0,0,0,0,0,0,0,1,0,0,0,0,0,0,0,0,0,0
3479,3246,Ladyhawke (1985),1985.0,542,3.6734317343173433,0.8148148148148131,0.1578640210096294,0.6683579335793358,0,1,0,0,0,0,0,0,1,0,0,0,0,1,0,0,0,0
3480,3247,Lucas (1986),1986.0,155,3.6258064516129034,0.827160493827158,0.044937262912168076,0.6564516129032258,0,0,0,0,0,0,0,1,0,0,0,0,0,0,0,0,0,0
3481,3248,High Fidelity (2000),2000.0,1373,3.928623452294246,1.0,0.40035016049022465,0.7321558630735615,0,0,0,0,1,0,0,0,0,0,0,0,0,0,0,0,0,0
3482,3249,Price of Glory (2000),2000.0,3,3.0,1.0,0.0005836008170411438,0.5,0,0,0,0,0,0,0,1,0,0,0,0,0,0,0,0,0,0
3483,3250,"Road to El Dorado, The (2000)",2000.0,168,3.011904761904762,1.0,0.04873066822293551,0.5029761904761905,0,0,1,1,0,0,0,0,0,0,0,0,0,0,0,0,0,0
3484,3251,"Skulls, The (2000)",2000.0,302,2.728476821192053,1.0,0.08783192296469214,0.4321192052980133,0,0,0,0,0,0,0,0,0,0,0,0,0,0,0,1,0,0
3485,3252,Autopsy (Macchie Solari) (1975),1975.0,2,1.5,0.6913580246913575,0.0002918004085205719,0.125,0,0,0,0,0,0,0,0,0,0,1,0,0,0,0,0,0,0
3486,3253,Devil Girl From Mars (1954),1954.0,10,3.1,0.432098765432098,0.0026262036766851473,0.525,0,0,0,0,0,0,0,0,0,0,0,0,0,0,1,0,0,0
3487,3254,"Dorado, El (1967)",1967.0,68,3.7205882352941178,0.5925925925925917,0.019550627370878315,0.6801470588235294,0,0,0,0,0,0,0,0,0,0,0,0,0,0,0,0,0,1
3488,3255,"Hideous Sun Demon, The (1959)",1959.0,22,2.0,0.4938271604938258,0.00612780857893201,0.25,0,0,0,0,0,0,0,0,0,0,1,0,0,0,1,0,0,0
3489,3256,Hook (1991),1991.0,722,3.018005540166205,0.8888888888888893,0.21038809454333235,0.5045013850415513,0,1,0,0,0,0,0,0,1,0,0,0,0,0,0,0,0,0
3490,3257,Horror Express (1972),1972.0,17,2.6470588235294117,0.6543209876543195,0.0046688065363291505,0.4117647058823529,0,0,0,0,0,0,0,0,0,0,1,0,0,0,0,0,0,0
3491,3258,My Chauffeur (1986),1986.0,66,2.9393939393939394,0.827160493827158,0.018967026553837172,0.48484848484848486,0,0,0,0,1,0,0,0,0,0,0,0,0,0,0,0,0,0
3492,3259,"Son of the Sheik, The (1926)",1926.0,14,3.5714285714285716,0.08641975308641747,0.0037934053107674345,0.6428571428571429,0,1,0,0,0,0,0,0,0,0,0,0,0,0,0,0,0,0
3493,3260,Torso (Corpi Presentano Tracce di Violenza Carnale) (1973),1973.0,2,1.0,0.6666666666666643,0.0002918004085205719,0.0,0,0,0,0,0,0,0,0,0,0,1,0,0,0,0,0,0,0
3494,3261,True Grit (1969),1969.0,320,3.7375,0.6172839506172814,0.09308433031806244,0.684375,0,1,0,0,0,0,0,0,0,0,0,0,0,0,0,0,0,1
3495,3262,Roadside Prophets (1992),1992.0,12,3.75,0.9012345679012341,0.003209804493726291,0.6875,0,0,0,0,1,0,0,1,0,0,0,0,0,0,0,0,0,0
3496,3263,Madame Sousatzka (1988),1988.0,59,3.2203389830508473,0.8518518518518512,0.01692442369419317,0.5550847457627118,0,0,0,0,0,0,0,1,0,0,0,0,0,0,0,0,0,0
3497,3264,Max Dugan Returns (1983),1983.0,96,3.0520833333333335,0.7901234567901234,0.02772103880945433,0.5130208333333334,0,0,0,0,1,0,0,0,0,0,0,0,0,0,0,0,0,0
3498,3265,Midnight Express (1978),1978.0,295,4.0067796610169495,0.7283950617283956,0.08578932010504814,0.7516949152542374,0,0,0,0,0,0,0,1,0,0,0,0,0,0,0,0,0,0
3499,3266,Misery (1990),1990.0,884,3.82579185520362,0.8765432098765409,0.25765976072366503,0.706447963800905,0,0,0,0,0,0,0,0,0,0,1,0,0,0,0,0,0,0
3500,3267,Mr. Saturday Night (1992),1992.0,177,2.711864406779661,0.9012345679012341,0.051356871899620654,0.4279661016949152,0,0,0,0,1,0,0,1,0,0,0,0,0,0,0,0,0,0
3501,3268,Murphy's Romance (1985),1985.0,269,3.546468401486989,0.8148148148148131,0.07820250948351327,0.6366171003717472,0,0,0,0,1,0,0,0,0,0,0,0,0,1,0,0,0,0
3502,3269,My Life (1993),1993.0,88,3.5113636363636362,0.913580246913579,0.025386635541289754,0.6278409090909091,0,0,0,0,0,0,0,1,0,0,0,0,0,0,0,0,0,0
3503,3270,Solaris (Solyaris) (1972),1972.0,143,3.4545454545454546,0.6543209876543195,0.04143565800992121,0.6136363636363636,0,0,0,0,0,0,0,1,0,0,0,0,0,0,1,0,0,0
3504,3271,Network (1976),1976.0,688,4.020348837209302,0.7037037037037024,0.2004668806536329,0.7550872093023255,0,0,0,0,1,0,0,1,0,0,0,0,0,0,0,0,0,0
3505,3272,No Way Out (1987),1987.0,355,3.8732394366197185,0.8395061728395063,0.10329734461628245,0.7183098591549296,0,0,0,0,0,0,0,0,0,0,0,0,0,0,0,1,0,0
3506,3273,North Dallas Forty (1979),1979.0,167,3.3652694610778444,0.7407407407407405,0.048438867814414935,0.5913173652694611,0,0,0,0,1,0,0,1,0,0,0,0,0,0,0,0,0,0
3507,3274,"Odd Couple, The (1968)",1968.0,389,4.033419023136247,0.6049382716049365,0.11321855850598189,0.7583547557840618,0,0,0,0,1,0,0,0,0,0,0,0,0,0,0,0,0,0
3508,3275,"Outlaw Josey Wales, The (1976)",1976.0,365,4.043835616438356,0.7037037037037024,0.10621534870148817,0.760958904109589,0,0,0,0,0,0,0,0,0,0,0,0,0,0,0,0,0,1
3509,3276,Black and White (1999),1999.0,92,2.847826086956522,0.9876543209876552,0.026553837175372044,0.4619565217391305,0,0,0,0,0,0,0,1,0,0,0,0,0,0,0,0,0,0
3510,3277,Frequency (2000),2000.0,821,3.7588306942752743,1.0,0.23927633498686898,0.6897076735688186,0,0,0,0,0,0,0,1,0,0,0,0,0,0,0,1,0,0
3511,3278,Ready to Rumble (2000),2000.0,66,2.590909090909091,1.0,0.018967026553837172,0.3977272727272727,0,0,0,0,1,0,0,0,0,0,0,0,0,0,0,0,0,0
3512,3279,Return to Me (2000),2000.0,454,3.6806167400881056,1.0,0.1321855850598191,0.6701541850220264,0,0,0,0,0,0,0,1,0,0,0,0,0,1,0,0,0,0
3513,3280,Rules of Engagement (2000),2000.0,420,3.3476190476190477,1.0,0.12226437117011962,0.5869047619047619,0,0,0,0,0,0,0,1,0,0,0,0,0,0,0,1,0,0
3514,3281,Joe Gould's Secret (2000),2000.0,62,3.161290322580645,1.0,0.017799824919754886,0.5403225806451613,0,0,0,0,0,0,0,1,0,0,0,0,0,0,0,0,0,0
3515,3282,Me Myself I (2000),2000.0,192,3.1875,1.0,0.05573387802742923,0.546875,0,0,0,0,1,0,0,0,0,0,0,0,0,0,0,0,0,0
3516,3283,"Bell, Book and Candle (1958)",1958.0,227,3.7665198237885464,0.48148148148148096,0.06594689232564925,0.6916299559471366,0,0,0,0,1,0,0,0,0,0,0,0,0,1,0,0,0,0
3517,3284,"Bells, The (1926)",1926.0,2,4.5,0.08641975308641747,0.0002918004085205719,0.875,0,0,0,0,0,1,0,1,0,0,0,0,0,0,0,0,0,0
3518,3285,"End of Violence, The (1997)",1997.0,54,2.8703703703703702,0.9629629629629619,0.015465421651590311,0.46759259259259256,0,0,0,0,0,0,0,1,0,0,0,0,0,0,0,1,0,0
3519,3286,Force 10 from Navarone (1978),1978.0,199,3.3467336683417086,0.7283950617283956,0.05777648088707324,0.5866834170854272,1,0,0,0,0,0,0,0,0,0,0,0,0,0,0,0,1,0
3520,3287,How to Stuff a Wild Bikini (1965),1965.0,32,2.5625,0.567901234567902,0.00904581266413773,0.390625,0,0,0,0,1,0,0,0,0,0,0,0,0,0,0,0,0,0
3521,3288,Mystery Train (1989),1989.0,188,3.877659574468085,0.864197530864196,0.05456667639334695,0.7194148936170213,0,0,0,0,1,1,0,1,0,0,0,0,0,0,0,0,0,0
3522,3289,Sacco and Vanzetti (Sacco e Vanzetti) (1971),1971.0,3,4.0,0.6419753086419746,0.0005836008170411438,0.75,0,0,0,0,0,0,0,1,0,0,0,0,0,0,0,0,0,0
3523,3290,Taffin (1988),1988.0,8,3.125,0.8518518518518512,0.0020426028596440032,0.53125,1,0,0,0,0,0,0,0,0,0,0,0,0,0,0,1,0,0
3524,3291,Arthur (1981),1981.0,534,3.4269662921348316,0.7654320987654302,0.15552961774146484,0.6067415730337079,0,0,0,0,1,0,0,0,0,0,0,0,0,1,0,0,0,0
3525,3292,Bachelor Party (1984),1984.0,360,3.138888888888889,0.8024691358024683,0.10475634665888531,0.5347222222222222,0,0,0,0,1,0,0,0,0,0,0,0,0,0,0,0,0,0
3526,3293,Parenthood (1989),1989.0,811,3.7694204685573367,0.864197530864196,0.23635833090166325,0.6923551171393342,0,0,0,0,1,0,0,1,0,0,0,0,0,0,0,0,0,0
3527,3294,Predator (1987),1987.0,1297,3.653816499614495,0.8395061728395063,0.3781733294426612,0.6634541249036238,1,0,0,0,0,0,0,0,0,0,0,0,0,0,1,1,0,0
3528,3295,"Prince of Tides, The (1991)",1991.0,321,3.155763239875389,0.8888888888888893,0.093376130726583,0.5389408099688473,0,0,0,0,0,0,0,1,0,0,0,0,0,1,0,0,0,0
3529,3296,"Postman Always Rings Twice, The (1981)",1981.0,155,3.470967741935484,0.7654320987654302,0.044937262912168076,0.617741935483871,0,0,0,0,0,1,0,0,0,0,0,0,0,0,0,1,0,0
3530,3297,Smoking/No Smoking (1993),1993.0,1,4.0,0.913580246913579,0.0,0.75,0,0,0,0,1,0,0,0,0,0,0,0,0,0,0,0,0,0
3531,3298,All the Vermeers in New York (1990),1990.0,27,3.037037037037037,0.8765432098765409,0.00758681062153487,0.5092592592592593,0,0,0,0,1,0,0,1,0,0,0,0,0,1,0,0,0,0
3532,3299,Freedom for Us (À nous la liberté ) (1931),1931.0,21,3.761904761904762,0.1481481481481488,0.005836008170411439,0.6904761904761905,0,0,0,0,1,0,0,0,0,0,0,0,0,0,0,0,0,0
3533,3300,"Actor's Revenge, An (Yukinojo Henge) (1963)",1963.0,7,3.2857142857142856,0.5432098765432087,0.0017508024511234312,0.5714285714285714,0,0,0,0,0,0,0,1,0,0,0,0,0,0,0,0,0,0
3534,3301,28 Days (2000),2000.0,505,3.0653465346534654,1.0,0.14706740589436826,0.5163366336633664,0,0,0,0,1,0,0,0,0,0,0,0,0,0,0,0,0,0
3535,3302,American Psycho (2000),2000.0,630,3.219047619047619,1.0,0.18354245695943974,0.5547619047619048,0,0,0,0,1,0,0,0,0,0,1,0,0,0,0,1,0,0
3536,3303,Keeping the Faith (2000),2000.0,489,3.7484662576687118,1.0,0.1423985993580391,0.6871165644171779,0,0,0,0,1,0,0,0,0,0,0,0,0,1,0,0,0,0
3537,3304,Where the Money Is (2000),2000.0,34,3.323529411764706,1.0,0.009629413481178873,0.5808823529411765,0,0,0,0,1,0,0,1,0,0,0,0,0,0,0,0,0,0
3538,3305,East is East (1999),1999.0,176,3.664772727272727,0.9876543209876552,0.05106507149110008,0.6661931818181818,0,0,0,0,1,0,0,0,0,0,0,0,0,0,0,0,0,0
3539,3306,"Filth and the Fury, The (2000)",2000.0,39,3.8461538461538463,1.0,0.011088415523781732,0.7115384615384616,0,0,0,0,0,0,1,0,0,0,0,0,0,0,0,0,0,0
3540,3307,Passion of Mind (1999),1999.0,28,2.75,0.9876543209876552,0.007878611030055441,0.4375,0,0,0,0,0,0,0,0,0,0,0,0,0,1,0,1,0,0
3542,3308,Coming Apart (1969),1969.0,2,3.0,0.6172839506172814,0.0002918004085205719,0.5,0,0,0,0,0,0,0,1,0,0,0,0,0,0,0,0,0,0
3543,3309,Diner (1982),1982.0,839,3.9225268176400476,0.7777777777777786,0.24452874234023927,0.7306317044100119,0,0,0,0,1,0,0,1,0,0,0,0,0,0,0,0,0,0
3544,3310,Shakes the Clown (1991),1991.0,97,2.917525773195876,0.8888888888888893,0.028012839217974903,0.47938144329896903,0,0,0,0,1,0,0,0,0,0,0,0,0,0,0,0,0,0
3545,3311,Cabaret (1972),1972.0,443,3.9029345372460496,0.6543209876543195,0.1289757805660928,0.7257336343115124,0,0,0,0,0,0,0,0,0,0,0,1,0,0,0,0,1,0
3546,3312,What Ever Happened to Baby Jane? (1962),1962.0,223,3.7219730941704037,0.5308641975308639,0.06477969069156696,0.6804932735426009,0,0,0,0,0,0,0,1,0,0,0,0,0,0,0,1,0,0
3547,3313,Prick Up Your Ears (1987),1987.0,77,3.792207792207792,0.8395061728395063,0.022176831047563465,0.698051948051948,0,0,0,0,0,0,0,1,0,0,0,0,0,0,0,0,0,0
3548,3314,Auntie Mame (1958),1958.0,274,3.835766423357664,0.48148148148148096,0.07966151152611613,0.708941605839416,0,0,0,0,1,0,0,1,0,0,0,0,0,0,0,0,0,0
3549,3315,Guys and Dolls (1955),1955.0,260,3.792307692307692,0.44444444444444287,0.07557630580682813,0.698076923076923,0,0,0,0,0,0,0,0,0,0,0,1,0,0,0,0,0,0
3550,3316,"Hunger, The (1983)",1983.0,160,3.43125,0.7901234567901234,0.046396264954770935,0.6078125,0,0,0,0,0,0,0,0,0,0,1,0,0,0,0,0,0,0
3551,3317,Marathon Man (1976),1976.0,400,3.93,0.7037037037037024,0.11642836299970818,0.7325,0,0,0,0,0,0,0,0,0,0,0,0,0,0,0,1,0,0
3552,3318,Caddyshack (1980),1980.0,967,3.8469493278179936,0.7530864197530853,0.28187919463087246,0.7117373319544984,0,0,0,0,1,0,0,0,0,0,0,0,0,0,0,0,0,0
3553,3319,Gossip (2000),2000.0,82,2.768292682926829,1.0,0.023635833090166324,0.44207317073170727,0,0,0,0,0,0,0,1,0,0,0,0,0,0,0,1,0,0
3554,3320,Love and Basketball (2000),2000.0,119,3.453781512605042,1.0,0.034432448205427485,0.6134453781512605,0,0,0,0,0,0,0,1,0,0,0,0,0,1,0,0,0,0
3555,3321,U-571 (2000),2000.0,908,3.539647577092511,1.0,0.26466297052815874,0.6349118942731278,1,0,0,0,0,0,0,0,0,0,0,0,0,0,0,1,0,0
3556,3322,"Virgin Suicides, The (1999)",1999.0,328,3.6310975609756095,0.9876543209876552,0.09541873358622702,0.6577743902439024,0,0,0,0,1,0,0,1,0,0,0,0,0,0,0,0,0,0
3557,3323,Jennifer 8 (1992),1992.0,116,2.896551724137931,0.9012345679012341,0.033557046979865765,0.47413793103448276,0,0,0,0,0,0,0,0,0,0,0,0,0,0,0,1,0,0
3559,3324,Limelight (1952),1952.0,30,3.6666666666666665,0.40740740740740833,0.008462211847096586,0.6666666666666666,0,0,0,0,0,0,0,1,0,0,0,0,0,0,0,0,0,0
3562,3325,Committed (2000),2000.0,26,3.0384615384615383,1.0,0.007295010213014298,0.5096153846153846,0,0,0,0,1,0,0,1,0,0,0,0,0,0,0,0,0,0
3563,3326,"Crow: Salvation, The (2000)",2000.0,13,1.9230769230769231,1.0,0.003501604902246863,0.23076923076923078,1,0,0,0,0,0,0,0,0,0,1,0,0,0,0,0,0,0
3564,3327,"Flintstones in Viva Rock Vegas, The (2000)",2000.0,128,1.8046875,1.0,0.03705865188211263,0.201171875,0,0,0,1,1,0,0,0,0,0,0,0,0,0,0,0,0,0
3565,3328,Where the Heart Is (2000),2000.0,277,3.267148014440433,1.0,0.08053691275167785,0.5667870036101083,0,0,0,0,1,0,0,1,0,0,0,0,0,0,0,0,0,0
3566,3329,"Big Kahuna, The (2000)",2000.0,304,3.3717105263157894,1.0,0.08841552378173329,0.5929276315789473,0,0,0,0,1,0,0,1,0,0,0,0,0,0,0,0,0,0
3567,3330,Bossa Nova (1999),1999.0,35,3.4,0.9876543209876552,0.009921213889699446,0.6,0,0,0,0,1,0,0,0,0,0,0,0,0,0,0,0,0,0
3568,3331,Smiling Fish and Goat on Fire (1999),1999.0,26,3.269230769230769,0.9876543209876552,0.007295010213014298,0.5673076923076923,0,0,0,0,0,0,0,1,0,0,0,0,0,0,0,0,0,0
3569,3332,"Idiots, The (Idioterne) (1998)",1998.0,37,3.3513513513513513,0.9753086419753068,0.01050481470674059,0.5878378378378378,0,0,0,0,1,0,0,1,0,0,0,0,0,0,0,0,0,0
3570,3333,"Last September, The (1999)",1999.0,10,3.9,0.9876543209876552,0.0026262036766851473,0.725,0,0,0,0,0,0,0,1,0,0,0,0,0,0,0,0,0,0
3571,3334,Time Code (2000),2000.0,127,3.377952755905512,1.0,0.03676685147359206,0.594488188976378,0,0,0,0,0,0,0,1,0,0,0,0,0,0,0,0,0,0
3572,3335,Carnosaur (1993),1993.0,77,1.7272727272727273,0.913580246913579,0.022176831047563465,0.18181818181818182,0,0,0,0,0,0,0,0,0,0,1,0,0,0,1,0,0,0
3573,3336,Carnosaur 2 (1995),1995.0,26,1.4615384615384615,0.9382716049382722,0.007295010213014298,0.11538461538461536,0,0,0,0,0,0,0,0,0,0,1,0,0,0,1,0,0,0
3574,3337,Carnosaur 3: Primal Species (1996),1996.0,17,1.0588235294117647,0.9506172839506171,0.0046688065363291505,0.01470588235294118,0,0,0,0,0,0,0,0,0,0,1,0,0,0,1,0,0,0
3575,3338,Defying Gravity (1997),1997.0,3,3.3333333333333335,0.9629629629629619,0.0005836008170411438,0.5833333333333334,0,0,0,0,0,0,0,1,0,0,0,0,0,0,0,0,0,0
3576,3339,"Hidden, The (1987)",1987.0,284,3.683098591549296,0.8395061728395063,0.08257951561132185,0.670774647887324,1,0,0,0,0,0,0,0,0,0,1,0,0,0,1,0,0,0
3577,3340,Two Moon Juction (1988),1988.0,60,2.65,0.8518518518518512,0.017216224102713742,0.4125,0,0,0,0,0,0,0,1,0,0,0,0,0,0,0,0,0,0
3578,3341,Gladiator (2000),2000.0,1924,4.106029106029106,1.0,0.5611321855850597,0.7765072765072765,1,0,0,0,0,0,0,1,0,0,0,0,0,0,0,0,0,0
3579,3342,I Dreamed of Africa (2000),2000.0,68,2.485294117647059,1.0,0.019550627370878315,0.3713235294117647,0,0,0,0,0,0,0,1,0,0,0,0,0,0,0,0,0,0
3580,3343,Up at the Villa (2000),2000.0,29,3.0689655172413794,1.0,0.008170411438576013,0.5172413793103449,0,0,0,0,0,0,0,1,0,0,0,0,0,0,0,0,0,0
3581,3344,Human Traffic (1999),1999.0,14,2.7857142857142856,0.9876543209876552,0.0037934053107674345,0.4464285714285714,0,0,0,0,0,0,0,1,0,0,0,0,0,0,0,0,0,0
3584,3345,Breathless (1983),1983.0,129,2.7674418604651163,0.7901234567901234,0.037350452290633204,0.4418604651162791,1,0,0,0,0,0,0,1,0,0,0,0,0,1,0,1,0,0
3585,3346,"Great Locomotive Chase, The (1956)",1956.0,19,3.8421052631578947,0.4567901234567877,0.005252407353370295,0.7105263157894737,0,1,0,0,0,0,0,0,0,0,0,0,0,0,0,0,1,0
3586,3347,"Idolmaker, The (1980)",1980.0,28,3.392857142857143,0.7530864197530853,0.007878611030055441,0.5982142857142857,0,0,0,0,0,0,0,1,0,0,0,0,0,0,0,0,0,0
3587,3348,Inferno (1980),1980.0,30,3.0,0.7530864197530853,0.008462211847096586,0.5,0,0,0,0,0,0,0,0,0,0,1,0,0,0,0,0,0,0
3588,3349,"King of Marvin Gardens, The (1972)",1972.0,48,3.3333333333333335,0.6543209876543195,0.01371461920046688,0.5833333333333334,0,0,0,0,0,1,0,1,0,0,0,0,0,0,0,0,0,0
3590,3350,"Lords of Flatbush, The (1974)",1974.0,85,2.8588235294117648,0.6790123456790127,0.024511234315728037,0.4647058823529412,0,0,0,0,1,0,0,0,0,0,0,0,0,0,0,0,0,0
3591,3351,Mr. Mom (1983),1983.0,628,3.4076433121019107,0.7901234567901234,0.1829588561423986,0.6019108280254777,0,0,0,0,1,0,0,1,0,0,0,0,0,0,0,0,0,0
3592,3352,Time Masters (Les Maîtres du Temps) (1982),1982.0,8,2.5,0.7777777777777786,0.0020426028596440032,0.375,0,0,1,0,0,0,0,0,0,0,0,0,0,0,1,0,0,0
3593,3353,Battlefield Earth (2000),2000.0,342,1.6111111111111112,1.0,0.09950393930551502,0.1527777777777778,1,0,0,0,0,0,0,0,0,0,0,0,0,0,1,0,0,0
3594,3354,Center Stage (2000),2000.0,182,3.302197802197802,1.0,0.052815873942223514,0.5755494505494505,0,0,0,0,0,0,0,1,0,0,0,0,0,0,0,0,0,0
3595,3355,Held Up (2000),2000.0,4,3.0,1.0,0.0008754012255617157,0.5,0,0,0,0,1,0,0,0,0,0,0,0,0,0,0,0,0,0
3596,3356,Screwed (2000),2000.0,60,2.533333333333333,1.0,0.017216224102713742,0.3833333333333333,0,0,0,0,1,0,0,0,0,0,0,0,0,0,0,0,0,0
3597,3357,Whipped (2000),2000.0,37,2.72972972972973,1.0,0.01050481470674059,0.43243243243243246,0,0,0,0,1,0,0,0,0,0,0,0,0,0,0,0,0,0
3598,3358,Hamlet (2000),2000.0,179,3.458100558659218,1.0,0.0519404727166618,0.6145251396648045,0,0,0,0,0,0,0,1,0,0,0,0,0,0,0,0,0,0
3599,3359,Anchors Aweigh (1945),1945.0,103,3.6310679611650487,0.3209876543209873,0.029763641669098333,0.6577669902912622,0,0,0,0,1,0,0,0,0,0,0,1,0,0,0,0,0,0
3600,3360,Blue Hawaii (1961),1961.0,121,2.8264462809917354,0.518518518518519,0.035016049022468625,0.45661157024793386,0,0,0,0,1,0,0,0,0,0,0,1,0,0,0,0,0,0
3601,3361,"Castaway Cowboy, The (1974)",1974.0,2,4.0,0.6790123456790127,0.0002918004085205719,0.75,0,0,0,0,1,0,0,0,0,0,0,0,0,0,0,0,0,1
3602,3362,G. I. Blues (1960),1960.0,49,2.979591836734694,0.5061728395061706,0.014006419608987452,0.4948979591836735,0,0,0,0,0,0,0,0,0,0,0,1,0,0,0,0,0,0
3603,3363,"Gay Deceivers, The (1969)",1969.0,3,3.3333333333333335,0.6172839506172814,0.0005836008170411438,0.5833333333333334,0,0,0,0,1,0,0,0,0,0,0,0,0,0,0,0,0,0
3604,3364,Gypsy (1962),1962.0,122,3.69672131147541,0.5308641975308639,0.0353078494309892,0.6741803278688525,0,0,0,0,0,0,0,0,0,0,0,1,0,0,0,0,0,0
3605,3365,King Creole (1958),1958.0,51,3.0980392156862746,0.48148148148148096,0.014590020426028597,0.5245098039215687,0,0,0,0,0,0,0,1,0,0,0,1,0,0,0,0,0,0
3606,3366,On the Town (1949),1949.0,169,3.940828402366864,0.37037037037037024,0.04902246863145608,0.735207100591716,0,0,0,0,0,0,0,0,0,0,0,1,0,0,0,0,0,0
3607,3367,One Little Indian (1973),1973.0,1,5.0,0.6666666666666643,0.0,1.0,0,0,0,0,1,0,0,1,0,0,0,0,0,0,0,0,0,1
3608,3368,Pee-wee's Big Adventure (1985),1985.0,861,3.40534262485482,0.8148148148148131,0.25094835132769183,0.601335656213705,0,0,0,0,1,0,0,0,0,0,0,0,0,0,0,0,0,0
3609,3369,Regret to Inform (1998),1998.0,4,4.0,0.9753086419753068,0.0008754012255617157,0.75,0,0,0,0,0,0,1,0,0,0,0,0,0,0,0,0,0,0
3610,3370,Roustabout (1964),1964.0,34,2.5294117647058822,0.5555555555555536,0.009629413481178873,0.38235294117647056,0,0,0,0,0,0,0,0,0,0,0,1,0,0,0,0,0,0
3611,3371,Saludos Amigos (1943),1943.0,15,3.066666666666667,0.29629629629629406,0.004085205719288007,0.5166666666666667,0,0,1,1,1,0,0,0,0,0,0,0,0,0,0,0,0,0
3612,3372,"Slipper and the Rose, The (1976)",1976.0,30,3.6333333333333333,0.7037037037037024,0.008462211847096586,0.6583333333333333,0,1,0,0,0,0,0,0,0,0,0,1,0,1,0,0,0,0
3613,3373,Things Change (1988),1988.0,94,3.75531914893617,0.8518518518518512,0.027137437992413187,0.6888297872340425,0,0,0,0,1,0,0,0,0,0,0,0,0,0,0,0,0,0
3614,3374,Honeymoon in Vegas (1992),1992.0,542,3.2195571955719555,0.9012345679012341,0.1578640210096294,0.5548892988929889,0,0,0,0,1,0,0,0,0,0,0,0,0,1,0,0,0,0
3615,3375,Dinosaur (2000),2000.0,345,3.217391304347826,1.0,0.10037934053107674,0.5543478260869565,0,0,1,1,0,0,0,0,0,0,0,0,0,0,0,0,0,0
3616,3376,Loser (2000),2000.0,138,2.4565217391304346,1.0,0.03997665596731835,0.36413043478260865,0,0,0,0,1,0,0,0,0,0,0,0,0,1,0,0,0,0
3617,3377,Road Trip (2000),2000.0,419,3.2673031026252985,1.0,0.12197257076159905,0.5668257756563246,0,0,0,0,1,0,0,0,0,0,0,0,0,0,0,0,0,0
3618,3378,Small Time Crooks (2000),2000.0,369,3.3712737127371275,1.0,0.10738255033557047,0.5928184281842819,0,0,0,0,1,0,0,0,0,0,0,0,0,0,0,0,0,0
3619,3379,"Hollywood Knights, The (1980)",1980.0,92,3.260869565217391,0.7530864197530853,0.026553837175372044,0.5652173913043478,0,0,0,0,1,0,0,0,0,0,0,0,0,0,0,0,0,0
3620,3380,"Myth of Fingerprints, The (1997)",1997.0,50,3.0,0.9629629629629619,0.014298220017508023,0.5,0,0,0,0,1,0,0,1,0,0,0,0,0,0,0,0,0,0
3621,3381,Possession (1981),1981.0,3,1.6666666666666667,0.7654320987654302,0.0005836008170411438,0.16666666666666669,0,0,0,0,0,0,0,1,0,0,1,0,0,0,0,0,0,0
3622,3382,"Twelve Chairs, The (1970)",1970.0,84,3.8333333333333335,0.6296296296296298,0.024219433907207467,0.7083333333333334,0,0,0,0,1,0,0,0,0,0,0,0,0,0,0,0,0,0
3623,3383,Mission: Impossible 2 (2000),2000.0,1313,3.1957349581111956,1.0,0.38284213597899036,0.5489337395277989,1,0,0,0,0,0,0,0,0,0,0,0,0,0,0,1,0,0
3624,3384,Shanghai Noon (2000),2000.0,791,3.6548672566371683,1.0,0.2305223227312518,0.6637168141592921,1,0,0,0,0,0,0,0,0,0,0,0,0,0,0,0,0,0
3625,3385,Better Living Through Circuitry (1999),1999.0,16,3.8125,0.9876543209876552,0.004377006127808579,0.703125,0,0,0,0,0,0,1,0,0,0,0,0,0,0,0,0,0,0
3626,3386,8 1/2 Women (1999),1999.0,49,2.4693877551020407,0.9876543209876552,0.014006419608987452,0.36734693877551017,0,0,0,0,1,0,0,0,0,0,0,0,0,0,0,0,0,0
3627,3387,Carnival of Souls (1962),1962.0,107,3.4766355140186915,0.5308641975308639,0.030930843303180622,0.6191588785046729,0,0,0,0,0,0,0,0,0,0,1,0,0,0,0,1,0,0
3628,3388,Flying Tigers (1942),1942.0,101,3.4158415841584158,0.2839506172839492,0.02918004085205719,0.6039603960396039,1,0,0,0,0,0,0,1,0,0,0,0,0,0,0,0,1,0
3629,3389,"Gold Rush, The (1925)",1925.0,275,4.189090909090909,0.07407407407407263,0.0799533119346367,0.7972727272727274,0,0,0,0,1,0,0,0,0,0,0,0,0,0,0,0,0,0
3631,3390,It's in the Water (1998),1998.0,3,2.6666666666666665,0.9753086419753068,0.0005836008170411438,0.41666666666666663,0,0,0,0,1,0,0,0,0,0,0,0,0,0,0,0,0,0
3632,3391,Monsieur Verdoux (1947),1947.0,40,3.6,0.345679012345677,0.011380215932302306,0.65,0,0,0,0,1,0,0,0,0,0,0,0,0,0,0,0,0,0
3633,3392,On Her Majesty's Secret Service (1969),1969.0,353,3.461756373937677,0.6172839506172814,0.10271374379924131,0.6154390934844193,1,0,0,0,0,0,0,0,0,0,0,0,0,0,0,0,0,0
3634,3393,Seven Days in May (1964),1964.0,165,4.254545454545455,0.5555555555555536,0.04785526699737379,0.8136363636363637,0,0,0,0,0,0,0,0,0,0,0,0,0,0,0,1,0,0
3635,3394,"Spy Who Loved Me, The (1977)",1977.0,487,3.6057494866529773,0.7160493827160472,0.14181499854099797,0.6514373716632443,1,0,0,0,0,0,0,0,0,0,0,0,0,0,0,0,0,0
3636,3395,Those Who Love Me Can Take the Train (Ceux qui m'aiment prendront le train) (1998),1998.0,9,2.7777777777777777,0.9753086419753068,0.0023344032681645753,0.4444444444444444,0,0,0,0,0,0,0,1,0,0,0,0,0,0,0,0,0,0
3637,3396,Vagabond (Sans toit ni loi) (1985),1985.0,20,3.95,0.8148148148148131,0.005544207761890867,0.7375,0,0,0,0,0,0,0,1,0,0,0,0,0,0,0,0,0,0
3638,3397,Moonraker (1979),1979.0,652,3.191717791411043,0.7407407407407405,0.18996206594689233,0.5479294478527608,1,0,0,0,0,0,0,0,0,0,0,0,0,1,1,0,0,0
3639,3398,"Man with the Golden Gun, The (1974)",1974.0,461,3.629067245119306,0.6790123456790127,0.1342281879194631,0.6572668112798264,1,0,0,0,0,0,0,0,0,0,0,0,0,0,0,0,0,0
3640,3399,"King in New York, A (1957)",1957.0,12,3.4166666666666665,0.4691358024691361,0.003209804493726291,0.6041666666666666,0,0,0,0,1,0,0,1,0,0,0,0,0,0,0,0,0,0
3641,3400,"Woman of Paris, A (1923)",1923.0,8,2.75,0.049382716049382935,0.0020426028596440032,0.4375,0,0,0,0,0,0,0,1,0,0,0,0,0,0,0,0,0,0
3642,3401,In Old California (1942),1942.0,13,3.076923076923077,0.2839506172839492,0.003501604902246863,0.5192307692307693,0,0,0,0,0,0,0,0,0,0,0,0,0,0,0,0,0,1
3643,3402,"Fighting Seabees, The (1944)",1944.0,101,3.4356435643564356,0.30864197530864246,0.02918004085205719,0.6089108910891089,1,0,0,0,0,0,0,1,0,0,0,0,0,0,0,0,1,0
3644,3403,Dark Command (1940),1940.0,17,3.3529411764705883,0.2592592592592595,0.0046688065363291505,0.5882352941176471,0,0,0,0,0,0,0,0,0,0,0,0,0,0,0,0,0,1
3645,3404,Cleo From 5 to 7 (Cléo de 5 à 7) (1962),1962.0,18,3.611111111111111,0.5308641975308639,0.004960606944849723,0.6527777777777778,0,0,0,0,0,0,0,1,0,0,0,0,0,0,0,0,0,0
3646,3405,Big Momma's House (2000),2000.0,180,2.4444444444444446,1.0,0.05223227312518237,0.36111111111111116,0,0,0,0,1,0,0,0,0,0,0,0,0,0,0,0,0,0
3647,3406,Running Free (2000),2000.0,1,4.0,1.0,0.0,0.75,0,0,0,0,0,0,0,1,0,0,0,0,0,0,0,0,0,0
3648,3407,"Abominable Snowman, The (1957)",1957.0,9,2.6666666666666665,0.4691358024691361,0.0023344032681645753,0.41666666666666663,0,0,0,0,0,0,0,0,0,0,1,0,0,0,1,0,0,0
3649,3408,American Gigolo (1980),1980.0,295,3.169491525423729,0.7530864197530853,0.08578932010504814,0.5423728813559322,0,0,0,0,0,0,0,1,0,0,0,0,0,0,0,0,0,0
3651,3409,"Blood Spattered Bride, The (La Novia Ensangrentada) (1972)",1972.0,2,1.0,0.6543209876543195,0.0002918004085205719,0.0,0,0,0,0,0,0,0,0,0,0,1,0,0,0,0,0,0,0
3652,3410,City of the Living Dead (Paura nella città dei morti viventi) (1980),1980.0,5,3.0,0.7530864197530853,0.0011672016340822876,0.5,0,0,0,0,0,0,0,0,0,0,1,0,0,0,0,0,0,0
3653,3411,"Endless Summer, The (1966)",1966.0,149,3.791946308724832,0.5802469135802468,0.04318646046104464,0.697986577181208,0,0,0,0,0,0,1,0,0,0,0,0,0,0,0,0,0,0
3654,3412,"Guns of Navarone, The (1961)",1961.0,502,3.9641434262948207,0.518518518518519,0.14619200466880655,0.7410358565737052,1,0,0,0,0,0,0,1,0,0,0,0,0,0,0,0,1,0
3655,3413,Blow-Out (La Grande Bouffe) (1973),1973.0,50,3.78,0.6666666666666643,0.014298220017508023,0.695,0,0,0,0,0,0,0,1,0,0,0,0,0,0,0,0,0,0
3656,3414,Lured (1947),1947.0,1,5.0,0.345679012345677,0.0,1.0,0,0,0,0,0,1,0,0,0,0,0,0,0,0,0,0,0,0
3657,3415,Pandora and the Flying Dutchman (1951),1951.0,6,3.6666666666666665,0.39506172839505993,0.0014590020426028597,0.6666666666666666,0,0,0,0,0,0,0,1,0,0,0,0,0,0,0,0,0,0
3658,3416,Quatermass and the Pit (1967),1967.0,69,3.652173913043478,0.5925925925925917,0.01984242777939889,0.6630434782608695,0,0,0,0,0,0,0,0,0,0,0,0,0,0,1,0,0,0
3659,3417,Quatermass II (1957),1957.0,38,3.210526315789474,0.4691358024691361,0.01079661511526116,0.5526315789473685,0,0,0,0,0,0,0,0,0,0,0,0,0,0,1,1,0,0
3660,3418,Puppet Master (1989),1989.0,157,2.859872611464968,0.864197530864196,0.045520863729209216,0.46496815286624205,0,0,0,0,0,0,0,0,0,0,1,0,0,0,1,1,0,0
3661,3419,Puppet Master II (1990),1990.0,82,2.207317073170732,0.8765432098765409,0.023635833090166324,0.301829268292683,0,0,0,0,0,0,0,0,0,0,1,0,0,0,1,1,0,0
3662,3420,Puppet Master III: Toulon's Revenge (1991),1991.0,92,2.097826086956522,0.8888888888888893,0.026553837175372044,0.2744565217391305,0,0,0,0,0,0,0,0,0,0,1,0,0,0,1,1,0,0
3663,3421,Puppet Master 4 (1993),1993.0,58,1.8620689655172413,0.913580246913579,0.016632623285672596,0.21551724137931033,0,0,0,0,0,0,0,0,0,0,1,0,0,0,1,1,0,0
3664,3422,Puppet Master 5: The Final Chapter (1994),1994.0,54,1.6851851851851851,0.9259259259259238,0.015465421651590311,0.17129629629629628,0,0,0,0,0,0,0,0,0,0,1,0,0,0,1,1,0,0
3665,3423,Curse of the Puppet Master (1998),1998.0,26,1.7307692307692308,0.9753086419753068,0.007295010213014298,0.1826923076923077,0,0,0,0,0,0,0,0,0,0,1,0,0,0,1,1,0,0
3666,3424,Retro Puppetmaster (1999),1999.0,6,1.6666666666666667,0.9876543209876552,0.0014590020426028597,0.16666666666666669,0,0,0,0,0,0,0,0,0,0,1,0,0,0,1,1,0,0
3667,3425,Rent-A-Cop (1988),1988.0,35,1.9142857142857144,0.8518518518518512,0.009921213889699446,0.2285714285714286,1,0,0,0,1,0,0,0,0,0,0,0,0,0,0,0,0,0
3668,3426,Romeo and Juliet (1968),1968.0,356,3.9157303370786516,0.6049382716049365,0.10358914502480303,0.7289325842696629,0,0,0,0,0,0,0,1,0,0,0,0,0,1,0,0,0,0
3669,3427,Stay Tuned (1992),1992.0,71,2.380281690140845,0.9012345679012341,0.02042602859644003,0.34507042253521125,0,0,0,0,1,0,0,0,0,0,0,0,0,0,0,0,0,0
3670,3428,"Story of G.I. Joe, The (1945)",1945.0,21,3.6666666666666665,0.3209876543209873,0.005836008170411439,0.6666666666666666,0,0,0,0,0,0,0,0,0,0,0,0,0,0,0,0,1,0
3671,3429,Blazing Saddles (1974),1974.0,1119,4.047363717605005,0.6790123456790127,0.3262328567259994,0.7618409294012511,0,0,0,0,1,0,0,0,0,0,0,0,0,0,0,0,0,1
3672,3430,Benji (1974),1974.0,156,2.967948717948718,0.6790123456790127,0.04522906332068864,0.4919871794871795,0,1,0,1,0,0,0,0,0,0,0,0,0,0,0,0,0,0
3673,3431,Benji the Hunted (1987),1987.0,31,2.3225806451612905,0.8395061728395063,0.008754012255617158,0.3306451612903226,0,1,0,1,0,0,0,0,0,0,0,0,0,0,0,0,0,0
3674,3432,For the Love of Benji (1977),1977.0,47,2.595744680851064,0.7160493827160472,0.013422818791946308,0.39893617021276595,0,1,0,1,0,0,0,0,0,0,0,0,0,0,0,0,0,0
3675,3433,White Christmas (1954),1954.0,271,3.8265682656826567,0.432098765432098,0.07878611030055441,0.7066420664206642,0,0,0,0,0,0,0,0,0,0,0,1,0,0,0,0,0,0
3676,3434,Eraserhead (1977),1977.0,199,3.4673366834170856,0.7160493827160472,0.05777648088707324,0.6168341708542714,0,0,0,0,0,0,0,1,0,0,1,0,0,0,0,0,0,0
3677,3435,Baraka (1992),1992.0,45,3.888888888888889,0.9012345679012341,0.012839217974905164,0.7222222222222222,0,0,0,0,0,0,1,0,0,0,0,0,0,0,0,0,0,0
3678,3436,"Man with the Golden Arm, The (1955)",1955.0,90,3.7555555555555555,0.44444444444444287,0.025970236358330897,0.6888888888888889,0,0,0,0,0,0,0,1,0,0,0,0,0,0,0,0,0,0
3679,3437,"Decline of Western Civilization, The (1981)",1981.0,62,4.274193548387097,0.7654320987654302,0.017799824919754886,0.8185483870967742,0,0,0,0,0,0,1,0,0,0,0,0,0,0,0,0,0,0
3680,3438,"Decline of Western Civilization Part II: The Metal Years, The (1988)",1988.0,47,3.9361702127659575,0.8518518518518512,0.013422818791946308,0.7340425531914894,0,0,0,0,0,0,1,0,0,0,0,0,0,0,0,0,0,0
3681,3439,For a Few Dollars More (1965),1965.0,325,3.916923076923077,0.567901234567902,0.0945433323606653,0.7292307692307692,0,0,0,0,0,0,0,0,0,0,0,0,0,0,0,0,0,1
3682,3440,Magnum Force (1973),1973.0,210,3.6904761904761907,0.6666666666666643,0.060986285380799525,0.6726190476190477,0,0,0,0,0,0,0,0,0,0,0,0,0,0,0,0,0,1
3683,3441,Blood Simple (1984),1984.0,628,4.218152866242038,0.8024691358024683,0.1829588561423986,0.8045382165605095,0,0,0,0,0,0,0,1,0,1,0,0,0,0,0,0,0,0
3684,3442,"Fabulous Baker Boys, The (1989)",1989.0,358,3.374301675977654,0.864197530864196,0.10417274584184417,0.5935754189944135,0,0,0,0,0,0,0,1,0,0,0,0,0,1,0,0,0,0
3685,3443,Prizzi's Honor (1985),1985.0,545,3.5926605504587155,0.8148148148148131,0.15873942223519114,0.6481651376146789,0,0,0,0,1,0,0,1,0,0,0,0,0,1,0,0,0,0
3686,3444,Flatliners (1990),1990.0,413,3.2542372881355934,0.8765432098765409,0.12022176831047562,0.5635593220338984,0,0,0,0,0,0,0,0,0,0,0,0,0,0,0,1,0,0
3687,3445,Light Years (1988),1988.0,2,2.0,0.8518518518518512,0.0002918004085205719,0.25,0,0,0,0,0,0,0,0,0,0,0,0,0,0,1,0,0,0
3688,3446,Porky's (1981),1981.0,339,2.734513274336283,0.7654320987654302,0.09862853807995331,0.4336283185840708,0,0,0,0,1,0,0,0,0,0,0,0,0,0,0,0,0,0
3689,3447,Porky's II: The Next Day (1983),1983.0,141,2.0425531914893615,0.7901234567901234,0.04085205719288006,0.2606382978723404,0,0,0,0,1,0,0,0,0,0,0,0,0,0,0,0,0,0
3690,3448,Porky's Revenge (1985),1985.0,122,2.040983606557377,0.8148148148148131,0.0353078494309892,0.26024590163934425,0,0,0,0,1,0,0,0,0,0,0,0,0,0,0,0,0,0
3691,3449,Private School (1983),1983.0,42,2.5714285714285716,0.7901234567901234,0.011963816749343449,0.3928571428571429,0,0,0,0,1,0,0,0,0,0,0,0,0,0,0,0,0,0
3692,3450,Class of Nuke 'Em High (1986),1986.0,58,2.293103448275862,0.827160493827158,0.016632623285672596,0.3232758620689655,0,0,0,0,1,0,0,0,0,0,1,0,0,0,0,0,0,0
3693,3451,"Toxic Avenger, The (1985)",1985.0,182,2.697802197802198,0.8148148148148131,0.052815873942223514,0.4244505494505495,0,0,0,0,1,0,0,0,0,0,1,0,0,0,0,0,0,0
3694,3452,"Toxic Avenger, Part II, The (1989)",1989.0,62,1.8548387096774193,0.864197530864196,0.017799824919754886,0.21370967741935482,0,0,0,0,1,0,0,0,0,0,1,0,0,0,0,0,0,0
3695,3453,"Toxic Avenger Part III: The Last Temptation of Toxie, The (1989)",1989.0,53,1.8113207547169812,0.864197530864196,0.01517362124306974,0.2028301886792453,0,0,0,0,1,0,0,0,0,0,1,0,0,0,0,0,0,0
3696,3454,Night of the Creeps (1986),1986.0,65,2.5538461538461537,0.827160493827158,0.018675226145316602,0.3884615384615384,0,0,0,0,1,0,0,0,0,0,1,0,0,0,1,0,0,0
3697,3455,Predator 2 (1990),1990.0,643,2.8678071539657854,0.8765432098765409,0.18733586227020718,0.46695178849144636,1,0,0,0,0,0,0,0,0,0,0,0,0,0,1,1,0,0
3698,3456,"Running Man, The (1987)",1987.0,730,3.1986301369863015,0.8395061728395063,0.21272249781149694,0.5496575342465754,1,1,0,0,0,0,0,0,0,0,0,0,0,0,1,0,0,0
3699,3457,Starman (1984),1984.0,865,3.461271676300578,0.8024691358024683,0.2521155529617741,0.6153179190751445,0,1,0,0,0,0,0,1,0,0,0,0,0,1,1,0,0,0
3700,3458,"Brother from Another Planet, The (1984)",1984.0,246,3.5853658536585367,0.8024691358024683,0.07149110008754012,0.6463414634146342,0,0,0,0,0,0,0,1,0,0,0,0,0,0,1,0,0,0
3701,3459,Alien Nation (1988),1988.0,504,3.2242063492063493,0.8518518518518512,0.14677560548584767,0.5560515873015873,0,0,0,0,0,1,0,1,0,0,0,0,0,0,1,0,0,0
3702,3460,Mad Max (1979),1979.0,1066,3.6641651031894935,0.7407407407407405,0.31076743507440907,0.6660412757973734,1,0,0,0,0,0,0,0,0,0,0,0,0,0,1,0,0,0
3703,3461,Mad Max 2 (a.k.a. The Road Warrior) (1981),1981.0,1034,3.6740812379110253,0.7654320987654302,0.3014298220017508,0.6685203094777563,1,0,0,0,0,0,0,0,0,0,0,0,0,0,1,0,0,0
3704,3462,Mad Max Beyond Thunderdome (1985),1985.0,722,3.1662049861495847,0.8148148148148131,0.21038809454333235,0.5415512465373962,1,0,0,0,0,0,0,0,0,0,0,0,0,0,1,0,0,0
3705,3463,Bird on a Wire (1990),1990.0,380,2.5842105263157893,0.8765432098765409,0.11059235482929675,0.3960526315789473,1,1,0,0,0,0,0,0,0,0,0,0,0,1,0,1,0,0
3706,3464,Angel Heart (1987),1987.0,448,3.404017857142857,0.8395061728395063,0.13043478260869565,0.6010044642857143,0,0,0,0,0,0,0,0,0,1,0,0,1,0,0,1,0,0
3707,3465,Nine 1/2 Weeks (1986),1986.0,237,3.0843881856540083,0.827160493827158,0.06886489641085497,0.5210970464135021,0,0,0,0,0,0,0,1,0,0,0,0,0,0,0,0,0,0
3708,3466,Firestarter (1984),1984.0,267,2.9812734082397006,0.8024691358024683,0.07761890866647213,0.49531835205992514,0,0,0,0,0,0,0,0,0,0,1,0,0,0,0,1,0,0
3709,3467,Sleepwalkers (1992),1992.0,113,2.3893805309734515,0.9012345679012341,0.03268164575430405,0.34734513274336287,0,0,0,0,0,0,0,0,0,0,1,0,0,0,0,0,0,0
3710,3468,Action Jackson (1988),1988.0,185,2.254054054054054,0.8518518518518512,0.05369127516778523,0.31351351351351353,1,0,0,0,1,0,0,0,0,0,0,0,0,0,0,0,0,0
3711,3469,Sarafina! (1992),1992.0,33,3.212121212121212,0.9012345679012341,0.009337613072658301,0.553030303030303,0,0,0,0,0,0,0,1,0,0,0,0,0,0,0,0,0,0
3712,3470,Soapdish (1991),1991.0,365,3.23013698630137,0.8888888888888893,0.10621534870148817,0.5575342465753425,0,0,0,0,1,0,0,0,0,0,0,0,0,0,0,0,0,0
3713,3471,"Long Walk Home, The (1990)",1990.0,85,3.7411764705882353,0.8765432098765409,0.024511234315728037,0.6852941176470588,0,0,0,0,0,0,0,1,0,0,0,0,0,0,0,0,0,0
3714,3472,Clara's Heart (1988),1988.0,66,3.1363636363636362,0.8518518518518512,0.018967026553837172,0.5340909090909091,0,0,0,0,0,0,0,1,0,0,0,0,0,0,0,0,0,0
3715,3473,Burglar (1987),1987.0,88,2.4545454545454546,0.8395061728395063,0.025386635541289754,0.36363636363636365,0,0,0,0,1,0,0,0,0,0,0,0,0,0,0,0,0,0
3716,3474,Fatal Beauty (1987),1987.0,67,2.373134328358209,0.8395061728395063,0.019258826962357745,0.34328358208955223,1,0,0,0,0,1,0,0,0,0,0,0,0,0,0,0,0,0
3717,3475,Gone in 60 Seconds (2000),2000.0,584,2.9743150684931505,1.0,0.17011963816749343,0.49357876712328763,1,0,0,0,0,1,0,0,0,0,0,0,0,0,0,0,0,0
3718,3476,American Pimp (1999),1999.0,61,3.3114754098360657,0.9876543209876552,0.017508024511234312,0.5778688524590164,0,0,0,0,0,0,1,0,0,0,0,0,0,0,0,0,0,0
3719,3477,Love's Labour's Lost (2000),2000.0,45,3.022222222222222,1.0,0.012839217974905164,0.5055555555555555,0,0,0,0,1,0,0,0,0,0,0,0,0,1,0,0,0,0
3720,3478,Sunshine (1999),1999.0,87,3.6666666666666665,0.9876543209876552,0.025094835132769184,0.6666666666666666,0,0,0,0,0,0,0,1,0,0,0,0,0,0,0,0,0,0
3721,3479,Trixie (1999),1999.0,24,2.5833333333333335,0.9876543209876552,0.006711409395973154,0.39583333333333337,0,0,0,0,1,0,0,0,0,0,0,0,0,0,0,0,0,0
3722,3480,Live Virgin (1999),1999.0,1,2.0,0.9876543209876552,0.0,0.25,0,0,0,0,1,0,0,0,0,0,0,0,0,0,0,0,0,0
3723,3481,Hamlet (1990),1990.0,269,3.7286245353159853,0.8765432098765409,0.07820250948351327,0.6821561338289963,0,0,0,0,0,0,0,1,0,0,0,0,0,0,0,0,0,0
3724,3482,Coming Home (1978),1978.0,195,3.717948717948718,0.7283950617283956,0.056609279252990946,0.6794871794871795,0,0,0,0,0,0,0,1,0,0,0,0,0,0,0,0,1,0
3725,3483,American Pop (1981),1981.0,112,3.0714285714285716,0.7654320987654302,0.03238984534578348,0.5178571428571429,0,0,1,0,0,0,0,0,0,0,0,1,0,0,0,0,0,0
3726,3484,Assault on Precinct 13 (1976),1976.0,98,3.5714285714285716,0.7037037037037024,0.028304639626495473,0.6428571428571429,1,0,0,0,0,0,0,0,0,0,0,0,0,0,0,1,0,0
3727,3485,Near Dark (1987),1987.0,148,3.7094594594594597,0.8395061728395063,0.04289466005252407,0.6773648648648649,0,0,0,0,1,0,0,0,0,0,1,0,0,0,0,0,0,0
3728,3486,One False Move (1991),1991.0,148,3.9594594594594597,0.8888888888888893,0.04289466005252407,0.7398648648648649,0,0,0,0,0,0,0,0,0,0,0,0,0,0,0,1,0,0
3729,3487,Shaft (1971),1971.0,222,3.4144144144144146,0.6419753086419746,0.06448789028304638,0.6036036036036037,1,0,0,0,0,1,0,0,0,0,0,0,0,0,0,0,0,0
3730,3488,"Conversation, The (1974)",1974.0,453,4.249448123620309,0.6790123456790127,0.1318937846512985,0.8123620309050772,0,0,0,0,0,0,0,1,0,0,0,0,1,0,0,0,0,0
3731,3489,Cutter's Way (1981),1981.0,43,3.395348837209302,0.7654320987654302,0.01225561715786402,0.5988372093023255,0,0,0,0,0,0,0,1,0,0,0,0,0,0,0,1,0,0
3732,3490,"Fury, The (1978)",1978.0,71,2.9859154929577465,0.7283950617283956,0.02042602859644003,0.4964788732394366,0,0,0,0,0,0,0,0,0,0,1,0,0,0,0,0,0,0
3733,3491,"Paper Chase, The (1973)",1973.0,289,3.837370242214533,0.6666666666666643,0.08403851765392471,0.7093425605536332,0,0,0,0,0,0,0,1,0,0,0,0,0,0,0,0,0,0
3734,3492,Prince of the City (1981),1981.0,57,3.491228070175439,0.7654320987654302,0.016340822877152026,0.6228070175438597,0,0,0,0,0,0,0,1,0,0,0,0,0,0,0,0,0,0
3735,3493,Serpico (1973),1973.0,495,3.981818181818182,0.6666666666666643,0.14414940180916253,0.7454545454545455,0,0,0,0,0,1,0,1,0,0,0,0,0,0,0,0,0,0
3736,3494,"Big Carnival, The (1951)",1951.0,39,3.7948717948717947,0.39506172839505993,0.011088415523781732,0.6987179487179487,0,0,0,0,0,0,0,1,0,0,0,0,0,0,0,0,0,0
3737,3495,Lonely Are the Brave (1962),1962.0,50,4.0,0.5308641975308639,0.014298220017508023,0.75,0,0,0,0,0,0,0,1,0,0,0,0,0,0,0,0,0,1
3738,3496,"Sugarland Express, The (1974)",1974.0,77,3.4545454545454546,0.6790123456790127,0.022176831047563465,0.6136363636363636,0,0,0,0,0,0,0,1,0,0,0,0,0,0,0,0,0,0
3739,3497,Trouble in Paradise (1932),1932.0,40,3.975,0.16049382716049365,0.011380215932302306,0.74375,0,0,0,0,1,0,0,0,0,0,0,0,0,1,0,0,0,0
3740,3498,Big Trouble in Little China (1986),1986.0,584,3.414383561643836,0.827160493827158,0.17011963816749343,0.603595890410959,1,0,0,0,1,0,0,0,0,0,0,0,0,0,0,0,0,0
3741,3499,Badlands (1973),1973.0,241,4.078838174273859,0.6666666666666643,0.07003209804493726,0.7697095435684647,0,0,0,0,0,1,0,1,0,0,0,0,0,0,0,0,0,0
3742,3500,"Battleship Potemkin, The (Bronenosets Potyomkin) (1925)",1925.0,234,3.97008547008547,0.07407407407407263,0.06798949518529325,0.7425213675213675,0,0,0,0,0,0,0,1,0,0,0,0,0,0,0,0,1,0
3743,3501,Boys and Girls (2000),2000.0,77,2.5974025974025974,1.0,0.022176831047563465,0.39935064935064934,0,0,0,0,1,0,0,0,0,0,0,0,0,1,0,0,0,0
3744,3502,Shaft (2000),2000.0,421,3.2422802850356294,1.0,0.1225561715786402,0.5605700712589073,1,0,0,0,0,1,0,0,0,0,0,0,0,0,0,0,0,0
3745,3503,Titan A.E. (2000),2000.0,535,3.3813084112149534,1.0,0.1558214181499854,0.5953271028037384,0,1,1,0,0,0,0,0,0,0,0,0,0,0,1,0,0,0
3746,3504,Butterfly (La Lengua de las Mariposas) (2000),2000.0,69,3.8550724637681157,1.0,0.01984242777939889,0.7137681159420289,0,0,0,0,0,0,0,1,0,0,0,0,0,0,0,0,1,0
3747,3505,Jesus' Son (1999),1999.0,148,3.75,0.9876543209876552,0.04289466005252407,0.6875,0,0,0,0,0,0,0,1,0,0,0,0,0,0,0,0,0,0
3748,3506,"Match, The (1999)",1999.0,2,3.0,0.9876543209876552,0.0002918004085205719,0.5,0,0,0,0,1,0,0,0,0,0,0,0,0,1,0,0,0,0
3749,3507,Time Regained (Le Temps Retrouvé) (1999),1999.0,22,3.1363636363636362,0.9876543209876552,0.00612780857893201,0.5340909090909091,0,0,0,0,0,0,0,1,0,0,0,0,0,0,0,0,0,0
3751,3508,Chicken Run (2000),2000.0,1329,3.8796087283671934,1.0,0.38751094251531953,0.7199021820917983,0,0,1,1,1,0,0,0,0,0,0,0,0,0,0,0,0,0
3752,3509,"Me, Myself and Irene (2000)",2000.0,560,3.0,1.0,0.16311642836299972,0.5,0,0,0,0,1,0,0,0,0,0,0,0,0,0,0,0,0,0
3753,3510,"Patriot, The (2000)",2000.0,1240,3.7451612903225806,1.0,0.36154070615698863,0.6862903225806452,1,0,0,0,0,0,0,1,0,0,0,0,0,0,0,0,1,0
3754,3511,"Adventures of Rocky and Bullwinkle, The (2000)",2000.0,206,2.495145631067961,1.0,0.05981908374671724,0.37378640776699024,0,0,1,1,1,0,0,0,0,0,0,0,0,0,0,0,0,0
3755,3512,"Perfect Storm, The (2000)",2000.0,1013,3.351431391905232,1.0,0.2953020134228188,0.587857847976308,1,1,0,0,0,0,0,0,0,0,0,0,0,0,0,1,0,0
3756,3513,"Golden Bowl, The (2000)",2000.0,24,3.5,1.0,0.006711409395973154,0.625,0,0,0,0,0,0,0,1,0,0,0,0,0,0,0,0,0,0
3757,3514,Asylum (1972),1972.0,17,2.823529411764706,0.6543209876543195,0.0046688065363291505,0.4558823529411765,0,0,0,0,0,0,0,0,0,0,1,0,0,0,0,0,0,0
3758,3515,Communion (1989),1989.0,120,2.7583333333333333,0.864197530864196,0.03472424861394806,0.4395833333333333,0,0,0,0,0,0,0,1,0,0,0,0,0,0,1,1,0,0
3759,3516,Fun and Fancy Free (1947),1947.0,35,3.257142857142857,0.345679012345677,0.009921213889699446,0.5642857142857143,0,0,1,1,0,0,0,0,0,0,0,1,0,0,0,0,0,0
3760,3517,"Kentucky Fried Movie, The (1977)",1977.0,305,3.481967213114754,0.7160493827160472,0.08870732419025386,0.6204918032786885,0,0,0,0,1,0,0,0,0,0,0,0,0,0,0,0,0,0
3761,3518,"Blood In, Blood Out (a.k.a. Bound by Honor) (1993)",1993.0,28,2.9642857142857144,0.913580246913579,0.007878611030055441,0.4910714285714286,0,0,0,0,0,1,0,1,0,0,0,0,0,0,0,0,0,0
3762,3519,Daughter of Dr. Jeckyll (1957),1957.0,3,1.3333333333333333,0.4691358024691361,0.0005836008170411438,0.08333333333333331,0,0,0,0,0,0,0,0,0,0,1,0,0,0,0,0,0,0
3763,3520,F/X (1986),1986.0,701,3.570613409415121,0.827160493827158,0.20426028596440035,0.6426533523537803,1,0,0,0,0,1,0,0,0,0,0,0,0,0,0,1,0,0
3764,3521,F/X 2 (1992),1992.0,245,2.6408163265306124,0.9012345679012341,0.07119929967901954,0.4102040816326531,1,0,0,0,0,1,0,0,0,0,0,0,0,0,0,1,0,0
3765,3522,"Hot Spot, The (1990)",1990.0,46,2.847826086956522,0.8765432098765409,0.013131018383425737,0.4619565217391305,0,0,0,0,0,0,0,1,0,0,0,0,0,1,0,0,0,0
3766,3523,Missing in Action (1984),1984.0,191,2.5392670157068062,0.8024691358024683,0.05544207761890866,0.38481675392670156,1,0,0,0,0,0,0,0,0,0,0,0,0,0,0,0,1,0
3767,3524,Missing in Action 2: The Beginning (1985),1985.0,104,2.0865384615384617,0.8148148148148131,0.030055442077618906,0.2716346153846154,1,0,0,0,0,0,0,0,0,0,0,0,0,0,0,0,1,0
3768,3525,Braddock: Missing in Action III (1988),1988.0,81,2.1604938271604937,0.8518518518518512,0.02334403268164575,0.2901234567901234,1,0,0,0,0,0,0,0,0,0,0,0,0,0,0,0,1,0
3769,3526,Thunderbolt and Lightfoot (1974),1974.0,190,3.3842105263157896,0.6790123456790127,0.055150277210388086,0.5960526315789474,1,0,0,0,0,0,0,0,0,0,0,0,0,0,0,0,0,0
3770,3527,Dreamscape (1984),1984.0,338,3.470414201183432,0.8024691358024683,0.09833673767143274,0.617603550295858,0,1,0,0,0,1,0,0,0,0,0,0,0,0,1,1,0,0
3771,3528,"Golden Voyage of Sinbad, The (1974)",1974.0,151,3.3973509933774833,0.6790123456790127,0.04377006127808578,0.5993377483443708,1,1,0,0,0,0,0,0,0,0,0,0,0,0,0,0,0,0
3772,3529,Hatchet For the Honeymoon (Rosso Segno Della Follia) (1969),1969.0,3,1.6666666666666667,0.6172839506172814,0.0005836008170411438,0.16666666666666669,0,0,0,0,0,0,0,0,0,0,1,0,0,0,0,0,0,0
3773,3530,House Party (1990),1990.0,171,2.818713450292398,0.8765432098765409,0.04960606944849722,0.45467836257309946,0,0,0,0,1,0,0,0,0,0,0,0,0,0,0,0,0,0
3774,3531,House Party 2 (1991),1991.0,64,1.96875,0.8888888888888893,0.01838342573679603,0.2421875,0,0,0,0,1,0,0,0,0,0,0,0,0,0,0,0,0,0
3775,3532,Make Mine Music (1946),1946.0,20,3.25,0.33333333333333215,0.005544207761890867,0.5625,0,0,1,1,0,0,0,0,0,0,0,1,0,0,0,0,0,0
3776,3533,Melody Time (1948),1948.0,24,3.3333333333333335,0.3580246913580254,0.006711409395973154,0.5833333333333334,0,0,1,1,0,0,0,0,0,0,0,1,0,0,0,0,0,0
3777,3534,Nekromantik (1987),1987.0,11,2.1818181818181817,0.8395061728395063,0.002918004085205719,0.2954545454545454,0,0,0,0,1,0,0,0,0,0,1,0,0,0,0,0,0,0
3778,3535,On Our Merry Way (1948),1948.0,6,2.8333333333333335,0.3580246913580254,0.0014590020426028597,0.45833333333333337,0,0,0,0,1,0,0,1,0,0,0,0,0,0,0,0,0,0
3779,3536,Project Moon Base (1953),1953.0,1,3.0,0.4197530864197532,0.0,0.5,0,0,0,0,0,0,0,0,0,0,0,0,0,0,1,0,0,0
3780,3537,Rocketship X-M (1950),1950.0,41,3.097560975609756,0.3827160493827151,0.011672016340822877,0.524390243902439,0,0,0,0,0,0,0,0,0,0,0,0,0,0,1,0,0,0
3781,3538,Shaft in Africa (1973),1973.0,29,2.586206896551724,0.6666666666666643,0.008170411438576013,0.39655172413793105,1,0,0,0,0,1,0,0,0,0,0,0,0,0,0,0,0,0
3782,3539,Shaft's Big Score! (1972),1972.0,44,2.727272727272727,0.6543209876543195,0.012547417566384592,0.43181818181818177,1,0,0,0,0,1,0,0,0,0,0,0,0,0,0,0,0,0
3783,3540,Croupier (1998),1998.0,235,4.029787234042553,0.9753086419753068,0.06828129559381382,0.7574468085106383,0,0,0,0,0,1,0,1,0,0,0,0,0,0,0,0,0,0
3784,3541,"Kid, The (2000)",2000.0,165,3.2363636363636363,1.0,0.04785526699737379,0.5590909090909091,0,0,0,0,1,0,0,0,0,0,0,0,0,0,0,0,0,0
3785,3542,Scary Movie (2000),2000.0,613,3.0114192495921697,1.0,0.17858185001459,0.5028548123980424,0,0,0,0,1,0,0,0,0,0,1,0,0,0,0,0,0,0
3786,3543,But I'm a Cheerleader (1999),1999.0,184,3.25,0.9876543209876552,0.05339947475926466,0.5625,0,0,0,0,1,0,0,0,0,0,0,0,0,0,0,0,0,0
3787,3544,Shower (Xizhao) (1999),1999.0,63,3.857142857142857,0.9876543209876552,0.018091625328275455,0.7142857142857143,0,0,0,0,1,0,0,0,0,0,0,0,0,0,0,0,0,0
3788,3545,Blowup (1966),1966.0,246,3.8089430894308944,0.5802469135802468,0.07149110008754012,0.7022357723577236,0,0,0,0,0,0,0,1,0,0,0,0,1,0,0,0,0,0
3789,3546,"Pawnbroker, The (1965)",1965.0,156,4.198717948717949,0.567901234567902,0.04522906332068864,0.7996794871794872,0,0,0,0,0,0,0,1,0,0,0,0,0,0,0,0,0,0
3790,3547,Groove (2000),2000.0,51,3.372549019607843,1.0,0.014590020426028597,0.5931372549019608,0,0,0,0,0,0,0,1,0,0,0,0,0,0,0,0,0,0
3791,3548,Footloose (1984),1984.0,435,3.066666666666667,0.8024691358024683,0.1266413772979282,0.5166666666666667,0,0,0,0,0,0,0,1,0,0,0,0,0,0,0,0,0,0
3792,3549,Duel in the Sun (1946),1946.0,72,3.5555555555555554,0.33333333333333215,0.020717829004960605,0.6388888888888888,0,0,0,0,0,0,0,0,0,0,0,0,0,0,0,0,0,1
3793,3550,X-Men (2000),2000.0,1511,3.8206485771012573,1.0,0.4406186168660636,0.7051621442753143,1,0,0,0,0,0,0,0,0,0,0,0,0,0,1,0,0,0
3794,3551,Chuck & Buck (2000),2000.0,121,3.28099173553719,1.0,0.035016049022468625,0.5702479338842975,0,0,0,0,1,0,0,1,0,0,0,0,0,0,0,0,0,0
3795,3552,"Five Senses, The (1999)",1999.0,66,3.409090909090909,0.9876543209876552,0.018967026553837172,0.6022727272727273,0,0,0,0,0,0,0,1,0,0,0,0,0,0,0,0,0,0
3796,3553,"Wisdom of Crocodiles, The (a.k.a. Immortality) (2000)",2000.0,13,3.3846153846153846,1.0,0.003501604902246863,0.5961538461538461,0,0,0,0,0,0,0,0,0,0,0,0,0,1,0,1,0,0
3797,3554,"In Crowd, The (2000)",2000.0,29,2.206896551724138,1.0,0.008170411438576013,0.3017241379310345,0,0,0,0,0,0,0,0,0,0,0,0,0,0,0,1,0,0
3798,3555,What Lies Beneath (2000),2000.0,463,3.3347732181425487,1.0,0.13481178873650423,0.5836933045356372,0,0,0,0,0,0,0,0,0,0,0,0,0,0,0,1,0,0
3799,3556,Pokémon the Movie 2000 (2000),2000.0,100,1.62,1.0,0.028888240443536616,0.15500000000000003,0,0,1,1,0,0,0,0,0,0,0,0,0,0,0,0,0,0
3800,3557,Criminal Lovers (Les Amants Criminels) (1999),1999.0,3,2.3333333333333335,0.9876543209876552,0.0005836008170411438,0.33333333333333337,0,0,0,0,0,0,0,1,0,0,0,0,0,1,0,0,0,0
3801,3558,Anatomy of a Murder (1959),1959.0,199,4.231155778894473,0.4938271604938258,0.05777648088707324,0.8077889447236182,0,0,0,0,0,0,0,1,0,0,0,0,1,0,0,0,0,0
3802,3559,Freejack (1992),1992.0,304,2.4177631578947367,0.9012345679012341,0.08841552378173329,0.3544407894736842,1,0,0,0,0,0,0,0,0,0,0,0,0,0,1,0,0,0
3803,3560,Greaser's Palace (1972),1972.0,9,3.5555555555555554,0.6543209876543195,0.0023344032681645753,0.6388888888888888,0,0,0,0,0,0,0,1,0,0,0,0,0,0,0,0,0,0
3804,3561,H.O.T.S. (1979),1979.0,43,2.5348837209302326,0.7407407407407405,0.01225561715786402,0.38372093023255816,0,0,0,0,1,0,0,0,0,0,0,0,0,0,0,0,0,0
3805,3562,Knightriders (1981),1981.0,34,2.7941176470588234,0.7654320987654302,0.009629413481178873,0.44852941176470584,1,1,0,0,0,0,0,1,0,0,0,0,0,0,0,0,0,0
3806,3563,MacKenna's Gold (1969),1969.0,58,3.2586206896551726,0.6172839506172814,0.016632623285672596,0.5646551724137931,0,0,0,0,0,0,0,0,0,0,0,0,0,0,0,0,0,1
3807,3564,Sinbad and the Eye of the Tiger (1977),1977.0,106,3.2735849056603774,0.7160493827160472,0.03063904289466005,0.5683962264150944,1,1,0,0,0,0,0,0,0,0,0,0,0,0,0,0,0,0
3808,3565,Two Women (La Ciociara) (1961),1961.0,44,4.0227272727272725,0.518518518518519,0.012547417566384592,0.7556818181818181,0,0,0,0,0,0,0,1,0,0,0,0,0,0,0,0,1,0
3809,3566,What About Bob? (1991),1991.0,817,3.397796817625459,0.8888888888888893,0.2381091333527867,0.5994492044063647,0,0,0,0,1,0,0,0,0,0,0,0,0,0,0,0,0,0
3810,3567,White Sands (1992),1992.0,83,3.1325301204819276,0.9012345679012341,0.023927633498686894,0.5331325301204819,0,0,0,0,0,0,0,1,0,0,0,0,0,0,0,1,0,0
3811,3568,Breaker Morant (1980),1980.0,360,4.102777777777778,0.7530864197530853,0.10475634665888531,0.7756944444444445,0,0,0,0,0,0,0,1,0,0,0,0,0,0,0,0,1,0
3812,3569,Everything You Always Wanted to Know About Sex (1972),1972.0,285,3.557894736842105,0.6543209876543195,0.08287131601984242,0.6394736842105263,0,0,0,0,1,0,0,0,0,0,0,0,0,0,0,0,0,0
3813,3570,Interiors (1978),1978.0,83,3.289156626506024,0.7283950617283956,0.023927633498686894,0.572289156626506,0,0,0,0,0,0,0,1,0,0,0,0,0,0,0,0,0,0
3814,3571,Love and Death (1975),1975.0,219,4.0228310502283104,0.6913580246913575,0.06361248905748468,0.7557077625570776,0,0,0,0,1,0,0,0,0,0,0,0,0,0,0,0,0,0
3816,3572,"Official Story, The (La Historia Oficial) (1985)",1985.0,38,3.763157894736842,0.8148148148148131,0.01079661511526116,0.6907894736842105,0,0,0,0,0,0,0,1,0,0,0,0,0,0,0,0,0,0
3817,3573,"Other Side of Sunday, The (Søndagsengler) (1996)",1996.0,16,3.1875,0.9506172839506171,0.004377006127808579,0.546875,0,0,0,0,1,0,0,1,0,0,0,0,0,0,0,0,0,0
3818,3574,Pot O' Gold (1941),1941.0,7,2.4285714285714284,0.27160493827160437,0.0017508024511234312,0.3571428571428571,0,0,0,0,1,0,0,0,0,0,0,1,0,0,0,0,0,0
3819,3575,Tampopo (1986),1986.0,245,4.024489795918368,0.827160493827158,0.07119929967901954,0.7561224489795919,0,0,0,0,1,0,0,0,0,0,0,0,0,0,0,0,0,0
3820,3576,Thomas and the Magic Railroad (2000),2000.0,37,1.8108108108108107,1.0,0.01050481470674059,0.2027027027027027,0,0,0,1,0,0,0,0,0,0,0,0,0,0,0,0,0,0
3821,3577,Nutty Professor II: The Klumps (2000),2000.0,248,2.6411290322580645,1.0,0.07207470090458126,0.4102822580645161,0,0,0,0,1,0,0,0,0,0,0,0,0,0,0,0,0,0
3822,3578,"Girl on the Bridge, The (La Fille sur le Pont) (1999)",1999.0,70,3.757142857142857,0.9876543209876552,0.020134228187919462,0.6892857142857143,0,0,0,0,0,0,0,1,0,0,0,0,0,1,0,0,0,0
3823,3579,Wonderland (1999),1999.0,66,3.590909090909091,0.9876543209876552,0.018967026553837172,0.6477272727272727,0,0,0,0,0,0,0,1,0,0,0,0,0,0,0,0,0,0
3824,3580,Autumn in New York (2000),2000.0,117,2.128205128205128,1.0,0.03384884738838634,0.28205128205128205,0,0,0,0,0,0,0,1,0,0,0,0,0,1,0,0,0,0
3825,3581,Coyote Ugly (2000),2000.0,201,2.7611940298507465,1.0,0.05836008170411438,0.4402985074626866,0,0,0,0,0,0,0,1,0,0,0,0,0,0,0,0,0,0
3826,3582,Hollow Man (2000),2000.0,405,2.5382716049382714,1.0,0.11788736504231105,0.38456790123456785,0,0,0,0,0,0,0,0,0,0,1,0,0,0,1,1,0,0
3827,3583,Space Cowboys (2000),2000.0,478,3.3828451882845187,1.0,0.13918879486431282,0.5957112970711297,1,0,0,0,0,0,0,0,0,0,0,0,0,0,1,0,0,0
3828,3584,Better Living (1998),1998.0,2,2.5,0.9753086419753068,0.0002918004085205719,0.375,0,0,0,0,1,0,0,0,0,0,0,0,0,0,0,0,0,0
3830,3585,Psycho Beach Party (2000),2000.0,25,2.88,1.0,0.007003209804493726,0.47,0,0,0,0,1,0,0,0,0,0,1,0,0,0,0,1,0,0
3831,3586,Saving Grace (2000),2000.0,186,3.7204301075268815,1.0,0.0539830755763058,0.6801075268817204,0,0,0,0,1,0,0,0,0,0,0,0,0,0,0,0,0,0
3832,3587,"Black Sabbath (Tre Volti Della Paura, I) (1963)",1963.0,21,3.2857142857142856,0.5432098765432087,0.005836008170411439,0.5714285714285714,0,0,0,0,0,0,0,0,0,0,1,0,0,0,0,0,0,0
3833,3588,"Brain That Wouldn't Die, The (1962)",1962.0,56,2.5357142857142856,0.5308641975308639,0.016049022468631453,0.3839285714285714,0,0,0,0,0,0,0,0,0,0,1,0,0,0,1,0,0,0
3834,3589,Bronco Billy (1980),1980.0,176,2.8238636363636362,0.7530864197530853,0.05106507149110008,0.45596590909090906,0,1,0,0,0,0,0,1,0,0,0,0,0,1,0,0,0,0
3835,3590,"Crush, The (1993)",1993.0,178,2.707865168539326,0.913580246913579,0.05164867230814123,0.4269662921348315,0,0,0,0,0,0,0,0,0,0,0,0,0,0,0,1,0,0
3836,3591,Kelly's Heroes (1970),1970.0,375,3.9093333333333335,0.6296296296296298,0.1091333527866939,0.7273333333333334,1,0,0,0,1,0,0,0,0,0,0,0,0,0,0,0,1,0
3837,3592,Phantasm II (1988),1988.0,89,2.8876404494382024,0.8518518518518512,0.025678435949810327,0.4719101123595506,0,0,0,0,0,0,0,0,0,0,1,0,0,0,0,0,0,0
3838,3593,Phantasm III: Lord of the Dead (1994),1994.0,42,2.619047619047619,0.9259259259259238,0.011963816749343449,0.40476190476190477,0,0,0,0,0,0,0,0,0,0,1,0,0,0,0,0,0,0
3839,3594,Phantasm IV: Oblivion (1998),1998.0,47,2.6382978723404253,0.9753086419753068,0.013422818791946308,0.40957446808510634,0,0,0,0,0,0,0,0,0,0,1,0,0,0,0,0,0,0
3840,3595,Pumpkinhead (1988),1988.0,112,2.544642857142857,0.8518518518518512,0.03238984534578348,0.3861607142857143,0,0,0,0,0,0,0,0,0,0,1,0,0,0,0,0,0,0
3841,3596,Air America (1990),1990.0,306,2.7549019607843137,0.8765432098765409,0.08899912459877443,0.4387254901960784,1,0,0,0,1,0,0,0,0,0,0,0,0,0,0,0,0,0
3842,3597,Make Them Die Slowly (Cannibal Ferox) (1980),1980.0,1,3.0,0.7530864197530853,0.0,0.5,0,0,0,0,0,0,0,0,0,0,1,0,0,0,0,0,0,0
3843,3598,Sleepaway Camp (1983),1983.0,30,2.6333333333333333,0.7901234567901234,0.008462211847096586,0.4083333333333333,0,0,0,0,0,0,0,0,0,0,1,0,0,0,0,0,0,0
3844,3599,Steel Magnolias (1989),1989.0,408,3.593137254901961,0.864197530864196,0.11876276626787277,0.6482843137254902,0,0,0,0,0,0,0,1,0,0,0,0,0,0,0,0,0,0
3845,3600,And God Created Woman (Et Dieu&#8230;Créa la Femme) (1956),1956.0,28,3.392857142857143,0.4567901234567877,0.007878611030055441,0.5982142857142857,0,0,0,0,0,0,0,1,0,0,0,0,0,0,0,0,0,0
3846,3601,Easy Money (1983),1983.0,138,3.1449275362318843,0.7901234567901234,0.03997665596731835,0.5362318840579711,0,0,0,0,1,0,0,0,0,0,0,0,0,0,0,0,0,0
3847,3602,"Ilsa, She Wolf of the SS (1974)",1974.0,25,2.96,0.6790123456790127,0.007003209804493726,0.49,0,0,0,0,0,0,0,0,0,0,1,0,0,0,0,0,0,0
3848,3603,Silent Fall (1994),1994.0,20,3.1,0.9259259259259238,0.005544207761890867,0.525,0,0,0,0,0,0,0,1,0,0,0,0,0,0,0,1,0,0
3849,3604,"Spiral Staircase, The (1946)",1946.0,43,4.046511627906977,0.33333333333333215,0.01225561715786402,0.7616279069767442,0,0,0,0,0,0,0,0,0,0,0,0,0,0,0,1,0,0
3850,3605,Whatever Happened to Aunt Alice? (1969),1969.0,13,2.923076923076923,0.6172839506172814,0.003501604902246863,0.4807692307692307,0,0,0,0,0,1,0,0,0,0,0,0,0,0,0,1,0,0
3851,3606,I'm the One That I Want (2000),2000.0,40,3.95,1.0,0.011380215932302306,0.7375,0,0,0,0,1,0,0,0,0,0,0,0,0,0,0,0,0,0
3852,3607,"Tao of Steve, The (2000)",2000.0,208,3.6971153846153846,1.0,0.060402684563758385,0.6742788461538461,0,0,0,0,1,0,0,0,0,0,0,0,0,0,0,0,0,0
3853,3608,"Tic Code, The (1998)",1998.0,13,3.5384615384615383,0.9753086419753068,0.003501604902246863,0.6346153846153846,0,0,0,0,0,0,0,1,0,0,0,0,0,0,0,0,0,0
3854,3609,Aimée & Jaguar (1999),1999.0,20,3.65,0.9876543209876552,0.005544207761890867,0.6625,0,0,0,0,0,0,0,1,0,0,0,0,0,1,0,0,0,0
3855,3610,"Affair of Love, An (Une Liaison Pornographique) (1999)",1999.0,39,3.6666666666666665,0.9876543209876552,0.011088415523781732,0.6666666666666666,0,0,0,0,0,0,0,1,0,0,0,0,0,1,0,0,0,0
3857,3611,Bless the Child (2000),2000.0,60,2.6666666666666665,1.0,0.017216224102713742,0.41666666666666663,0,0,0,0,0,0,0,0,0,0,0,0,0,0,0,1,0,0
3858,3612,Cecil B. Demented (2000),2000.0,69,3.1594202898550723,1.0,0.01984242777939889,0.5398550724637681,0,0,0,0,1,0,0,0,0,0,0,0,0,0,0,0,0,0
3859,3613,"Eyes of Tammy Faye, The (2000)",2000.0,82,3.8780487804878048,1.0,0.023635833090166324,0.7195121951219512,0,0,0,0,0,0,1,0,0,0,0,0,0,0,0,0,0,0
3860,3614,"Opportunists, The (1999)",1999.0,16,3.1875,0.9876543209876552,0.004377006127808579,0.546875,0,0,0,0,0,1,0,0,0,0,0,0,0,0,0,0,0,0
3861,3615,"Replacements, The (2000)",2000.0,241,3.103734439834025,1.0,0.07003209804493726,0.5259336099585062,0,0,0,0,1,0,0,0,0,0,0,0,0,0,0,0,0,0
3862,3616,About Adam (2000),2000.0,20,3.1,1.0,0.005544207761890867,0.525,0,0,0,0,1,0,0,0,0,0,0,0,0,0,0,0,0,0
3863,3617,"Cell, The (2000)",2000.0,658,3.2613981762917934,1.0,0.19171286839801577,0.5653495440729484,0,0,0,0,0,0,0,0,0,0,0,0,0,0,1,1,0,0
3864,3618,Godzilla 2000 (Gojira ni-sen mireniamu) (1999),1999.0,143,2.6923076923076925,0.9876543209876552,0.04143565800992121,0.42307692307692313,1,1,0,0,0,0,0,0,0,0,0,0,0,0,1,0,0,0
3865,3619,"Original Kings of Comedy, The (2000)",2000.0,147,3.2312925170068025,1.0,0.042602859644003496,0.5578231292517006,0,0,0,0,1,0,1,0,0,0,0,0,0,0,0,0,0,0
3866,3620,Sunset Strip (2000),2000.0,6,3.1666666666666665,1.0,0.0014590020426028597,0.5416666666666666,0,0,0,0,1,0,0,0,0,0,0,0,0,0,0,0,0,0
3867,3621,All the Rage (a.k.a. It's the Rage) (1999),1999.0,12,3.3333333333333335,0.9876543209876552,0.003209804493726291,0.5833333333333334,0,0,0,0,0,0,0,1,0,0,0,0,0,0,0,0,0,0
3868,3622,"Naked Gun: From the Files of Police Squad!, The (1988)",1988.0,692,3.680635838150289,0.8518518518518512,0.2016340822877152,0.6701589595375722,0,0,0,0,1,0,0,0,0,0,0,0,0,0,0,0,0,0
3869,3623,"Naked Gun 2 1/2: The Smell of Fear, The (1991)",1991.0,431,3.0881670533642693,0.8888888888888893,0.12547417566384594,0.5220417633410673,0,0,0,0,1,0,0,0,0,0,0,0,0,0,0,0,0,0
3870,3624,Our Town (1940),1940.0,49,3.857142857142857,0.2592592592592595,0.014006419608987452,0.7142857142857143,0,0,0,0,0,0,0,1,0,0,0,0,0,0,0,0,0,0
3871,3625,Shane (1953),1953.0,305,3.839344262295082,0.4197530864197532,0.08870732419025386,0.7098360655737705,0,0,0,0,0,0,0,1,0,0,0,0,0,0,0,0,0,1
3872,3626,"Suddenly, Last Summer (1959)",1959.0,102,3.8333333333333335,0.4938271604938258,0.029471841260577763,0.7083333333333334,0,0,0,0,0,0,0,1,0,0,0,0,0,0,0,0,0,0
3873,3627,Cat Ballou (1965),1965.0,280,3.6678571428571427,0.567901234567902,0.08141231397723957,0.6669642857142857,0,0,0,0,1,0,0,0,0,0,0,0,0,0,0,0,0,1
3874,3628,"Couch in New York, A (1996)",1996.0,24,3.0,0.9506172839506171,0.006711409395973154,0.5,0,0,0,0,1,0,0,0,0,0,0,0,0,1,0,0,0,0
3875,3629,"Devil Rides Out, The (1968)",1968.0,5,2.8,0.6049382716049365,0.0011672016340822876,0.44999999999999996,0,0,0,0,0,0,0,0,0,0,1,0,0,0,0,0,0,0
3876,3630,Jerry & Tom (1998),1998.0,4,2.0,0.9753086419753068,0.0008754012255617157,0.25,0,0,0,0,0,0,0,1,0,0,0,0,0,0,0,0,0,0
3877,3631,Supergirl (1984),1984.0,182,2.021978021978022,0.8024691358024683,0.052815873942223514,0.2554945054945055,1,1,0,0,0,0,0,0,1,0,0,0,0,0,0,0,0,0
3878,3632,X: The Unknown (1956),1956.0,12,2.8333333333333335,0.4567901234567877,0.003209804493726291,0.45833333333333337,0,0,0,0,0,0,0,0,0,0,0,0,0,0,1,0,0,0
3879,3633,"Art of War, The (2000)",2000.0,144,2.7847222222222223,1.0,0.04172745841844178,0.4461805555555556,1,0,0,0,0,0,0,0,0,0,0,0,0,0,0,0,0,0
3880,3634,"Ballad of Ramblin' Jack, The (2000)",2000.0,18,3.5,1.0,0.004960606944849723,0.625,0,0,0,0,0,0,1,0,0,0,0,0,0,0,0,0,0,0
3881,3635,Bittersweet Motel (2000),2000.0,1,5.0,1.0,0.0,1.0,0,0,0,0,0,0,1,0,0,0,0,0,0,0,0,0,0,0
3882,3636,Bring It On (2000),2000.0,234,3.2735042735042734,1.0,0.06798949518529325,0.5683760683760684,0,0,0,0,1,0,0,0,0,0,0,0,0,0,0,0,0,0
3883,3637,Catfish in Black Bean Sauce (2000),2000.0,15,2.7333333333333334,1.0,0.004085205719288007,0.43333333333333335,0,0,0,0,1,0,0,1,0,0,0,0,0,0,0,0,0,0
3884,3638,"Crew, The (2000)",2000.0,40,2.375,1.0,0.011380215932302306,0.34375,0,0,0,0,1,0,0,0,0,0,0,0,0,0,0,0,0,0
3885,3639,Love & Sex (2000),2000.0,26,3.1153846153846154,1.0,0.007295010213014298,0.5288461538461539,0,0,0,0,1,0,0,0,0,0,0,0,0,1,0,0,0,0
3886,3640,Steal This Movie! (2000),2000.0,40,3.0,1.0,0.011380215932302306,0.5,0,0,0,0,0,0,0,1,0,0,0,0,0,0,0,0,0,0
3887,3641,Went to Coney Island on a Mission From God... Be Back by Five (1998),1998.0,4,3.0,0.9753086419753068,0.0008754012255617157,0.5,0,0,0,0,0,0,0,1,0,0,0,0,0,0,0,0,0,0
3888,3642,Skipped Parts (2000),2000.0,2,4.5,1.0,0.0002918004085205719,0.875,0,0,0,0,0,0,0,1,0,0,0,0,0,1,0,0,0,0
3889,3643,Highlander: Endgame (2000),2000.0,135,2.414814814814815,1.0,0.03910125474175664,0.35370370370370374,1,1,0,0,0,0,0,0,1,0,0,0,0,0,0,0,0,0
3890,3644,Back Stage (2000),2000.0,1,3.0,1.0,0.0,0.5,0,0,0,0,0,0,1,0,0,0,0,0,0,0,0,0,0,0
3891,3645,Turn It Up (2000),2000.0,7,1.7142857142857142,1.0,0.0017508024511234312,0.17857142857142855,0,0,0,0,0,1,0,1,0,0,0,0,0,0,0,0,0,0
3892,3646,Anatomy (Anatomie) (2000),2000.0,10,2.7,1.0,0.0026262036766851473,0.42500000000000004,0,0,0,0,0,0,0,0,0,0,1,0,0,0,0,0,0,0
3893,3647,Nurse Betty (2000),2000.0,559,3.5026833631484795,1.0,0.16282462795447913,0.6256708407871199,0,0,0,0,1,0,0,0,0,0,0,0,0,0,0,1,0,0
3894,3648,Solas (1999),1999.0,21,3.1904761904761907,0.9876543209876552,0.005836008170411439,0.5476190476190477,0,0,0,0,0,0,0,1,0,0,0,0,0,0,0,0,0,0
3895,3649,"Watcher, The (2000)",2000.0,94,2.3404255319148937,1.0,0.027137437992413187,0.3351063829787234,0,0,0,0,0,1,0,0,0,0,0,0,0,0,0,1,0,0
3896,3650,"Way of the Gun, The (2000)",2000.0,179,3.3184357541899443,1.0,0.0519404727166618,0.5796089385474861,0,0,0,0,0,1,0,0,0,0,0,0,0,0,0,1,0,0
3897,3651,Almost Famous (2000),2000.0,994,4.22635814889336,1.0,0.2897578056609279,0.80658953722334,0,0,0,0,1,0,0,1,0,0,0,0,0,0,0,0,0,0
3898,3652,Bait (2000),2000.0,45,2.7333333333333334,1.0,0.012839217974905164,0.43333333333333335,1,0,0,0,1,0,0,0,0,0,0,0,0,0,0,0,0,0
3899,3653,Circus (2000),2000.0,3,1.6666666666666667,1.0,0.0005836008170411438,0.16666666666666669,0,0,0,0,1,0,0,0,0,0,0,0,0,0,0,0,0,0
3900,3654,Crime and Punishment in Suburbia (2000),2000.0,33,2.787878787878788,1.0,0.009337613072658301,0.446969696969697,0,0,0,0,1,0,0,1,0,0,0,0,0,0,0,0,0,0
3901,3655,Duets (2000),2000.0,106,2.650943396226415,1.0,0.03063904289466005,0.41273584905660377,0,0,0,0,1,0,0,1,0,0,0,0,0,0,0,0,0,0
3902,3656,Goya in Bordeaux (Goya en Bodeos) (1999),1999.0,24,3.125,0.9876543209876552,0.006711409395973154,0.53125,0,0,0,0,0,0,0,1,0,0,0,0,0,0,0,0,0,0
3903,3657,Urbania (2000),2000.0,52,3.5,1.0,0.014881820834549168,0.625,0,0,0,0,0,0,0,1,0,0,0,0,0,0,0,0,0,0
3904,3658,"Uninvited Guest, An (2000)",2000.0,1,1.0,1.0,0.0,0.0,0,0,0,0,0,0,0,1,0,0,0,0,0,0,0,0,0,0
3905,3659,"Specials, The (2000)",2000.0,8,3.875,1.0,0.0020426028596440032,0.71875,0,0,0,0,1,0,0,0,0,0,0,0,0,0,0,0,0,0
3906,3660,Under Suspicion (2000),2000.0,32,3.15625,1.0,0.00904581266413773,0.5390625,0,0,0,0,0,1,0,0,0,0,0,0,0,0,0,0,0,0
3908,3661,Urban Legends: Final Cut (2000),2000.0,92,2.1847826086956523,1.0,0.026553837175372044,0.2961956521739131,0,0,0,0,0,0,0,0,0,0,1,0,0,0,0,0,0,0
3909,3662,Woman on Top (2000),2000.0,69,2.681159420289855,1.0,0.01984242777939889,0.42028985507246375,0,0,0,0,1,0,0,0,0,0,0,0,0,1,0,0,0,0
3910,3663,Dancer in the Dark (2000),2000.0,200,3.82,1.0,0.058068281295593806,0.705,0,0,0,0,0,0,0,1,0,0,0,1,0,0,0,0,0,0
3911,3664,Best in Show (2000),2000.0,657,4.073059360730594,1.0,0.19142106798949518,0.7682648401826484,0,0,0,0,1,0,0,0,0,0,0,0,0,0,0,0,0,0
3912,3665,Beautiful (2000),2000.0,40,2.3,1.0,0.011380215932302306,0.32499999999999996,0,0,0,0,1,0,0,1,0,0,0,0,0,0,0,0,0,0
3913,3666,Barenaked in America (1999),1999.0,32,2.90625,0.9876543209876552,0.00904581266413773,0.4765625,0,0,0,0,0,0,1,0,0,0,0,0,0,0,0,0,0,0
3914,3667,"Broken Hearts Club, The (2000)",2000.0,70,3.3285714285714287,1.0,0.020134228187919462,0.5821428571428572,0,0,0,0,0,0,0,1,0,0,0,0,0,0,0,0,0,0
3915,3668,Girlfight (2000),2000.0,127,3.5118110236220472,1.0,0.03676685147359206,0.6279527559055118,0,0,0,0,0,0,0,1,0,0,0,0,0,0,0,0,0,0
3916,3669,Remember the Titans (2000),2000.0,437,3.9244851258581237,1.0,0.12722497811496936,0.7311212814645309,0,0,0,0,0,0,0,1,0,0,0,0,0,0,0,0,0,0
3917,3670,Hellraiser (1987),1987.0,279,3.111111111111111,0.8395061728395063,0.081120513568719,0.5277777777777778,0,0,0,0,0,0,0,0,0,0,1,0,0,0,0,0,0,0
3918,3671,Hellbound: Hellraiser II (1988),1988.0,167,2.802395209580838,0.8518518518518512,0.048438867814414935,0.45059880239520955,0,0,0,0,0,0,0,0,0,0,1,0,0,0,0,0,0,0
3919,3672,Hellraiser III: Hell on Earth (1992),1992.0,87,2.2298850574712645,0.9012345679012341,0.025094835132769184,0.30747126436781613,0,0,0,0,0,0,0,0,0,0,1,0,0,0,0,0,0,0
3920,3673,"Faraway, So Close (In Weiter Ferne, So Nah!) (1993)",1993.0,66,3.712121212121212,0.913580246913579,0.018967026553837172,0.678030303030303,0,0,0,0,0,0,0,1,1,0,0,0,0,0,0,0,0,0
3921,3674,Beach Party (1963),1963.0,47,2.6382978723404253,0.5432098765432087,0.013422818791946308,0.40957446808510634,0,0,0,0,1,0,0,0,0,0,0,0,0,0,0,0,0,0
3922,3675,Bikini Beach (1964),1964.0,39,2.58974358974359,0.5555555555555536,0.011088415523781732,0.39743589743589747,0,0,0,0,1,0,0,0,0,0,0,0,0,0,0,0,0,0
3923,3676,Return of the Fly (1959),1959.0,104,2.576923076923077,0.4938271604938258,0.030055442077618906,0.3942307692307693,0,0,0,0,0,0,0,0,0,0,1,0,0,0,1,0,0,0
3924,3677,Pajama Party (1964),1964.0,26,2.923076923076923,0.5555555555555536,0.007295010213014298,0.4807692307692307,0,0,0,0,1,0,0,0,0,0,0,0,0,0,0,0,0,0
3925,3678,Stranger Than Paradise (1984),1984.0,124,3.8548387096774195,0.8024691358024683,0.035891450248030345,0.7137096774193549,0,0,0,0,1,0,0,0,0,0,0,0,0,0,0,0,0,0
3926,3679,Voyage to the Bottom of the Sea (1961),1961.0,180,3.361111111111111,0.518518518518519,0.05223227312518237,0.5902777777777778,0,1,0,0,0,0,0,0,0,0,0,0,0,0,1,0,0,0
3927,3680,Fantastic Voyage (1966),1966.0,348,3.5804597701149423,0.5802469135802468,0.10125474175663846,0.6451149425287356,0,1,0,0,0,0,0,0,0,0,0,0,0,0,1,0,0,0
3928,3681,Abbott and Costello Meet Frankenstein (1948),1948.0,206,3.441747572815534,0.3580246913580254,0.05981908374671724,0.6104368932038835,0,0,0,0,1,0,0,0,0,0,1,0,0,0,0,0,0,0
3929,3682,"Bank Dick, The (1940)",1940.0,147,3.993197278911565,0.2592592592592595,0.042602859644003496,0.7482993197278912,0,0,0,0,1,0,0,0,0,0,0,0,0,0,0,0,0,0
3930,3683,"Creature From the Black Lagoon, The (1954)",1954.0,223,3.2556053811659194,0.432098765432098,0.06477969069156696,0.5639013452914798,0,0,0,0,0,0,0,0,0,0,1,0,0,0,0,0,0,0
3931,3684,"Giant Gila Monster, The (1959)",1959.0,27,2.037037037037037,0.4938271604938258,0.00758681062153487,0.2592592592592593,0,0,0,0,0,0,0,0,0,0,1,0,0,0,1,0,0,0
3932,3685,"Invisible Man, The (1933)",1933.0,232,3.75,0.1728395061728385,0.0674058943682521,0.6875,0,0,0,0,0,0,0,0,0,0,1,0,0,0,1,0,0,0
3933,3686,"Killer Shrews, The (1959)",1959.0,16,2.25,0.4938271604938258,0.004377006127808579,0.3125,0,0,0,0,0,0,0,0,0,0,1,0,0,0,1,0,0,0
3934,3687,Kronos (1957),1957.0,28,3.0357142857142856,0.4691358024691361,0.007878611030055441,0.5089285714285714,0,0,0,0,0,0,0,0,0,0,0,0,0,0,1,0,0,0
3935,3688,Kronos (1973),1973.0,23,3.0,0.6666666666666643,0.006419608987452583,0.5,0,0,0,0,0,0,0,0,0,0,1,0,0,0,0,0,0,0
3936,3689,"Phantom of the Opera, The (1943)",1943.0,112,3.7232142857142856,0.29629629629629406,0.03238984534578348,0.6808035714285714,0,0,0,0,0,0,0,1,0,0,0,0,0,0,0,1,0,0
3937,3690,Runaway (1984),1984.0,135,2.9407407407407407,0.8024691358024683,0.03910125474175664,0.48518518518518516,0,0,0,0,0,0,0,0,0,0,0,0,0,0,1,1,0,0
3938,3691,"Slumber Party Massacre, The (1982)",1982.0,27,1.9259259259259258,0.7777777777777786,0.00758681062153487,0.23148148148148145,0,0,0,0,0,0,0,0,0,0,1,0,0,0,0,0,0,0
3939,3692,"Slumber Party Massacre II, The (1987)",1987.0,26,1.9615384615384615,0.8395061728395063,0.007295010213014298,0.24038461538461536,0,0,0,0,0,0,0,0,0,0,1,0,0,0,0,0,0,0
3940,3693,"Slumber Party Massacre III, The (1990)",1990.0,15,1.7333333333333334,0.8765432098765409,0.004085205719288007,0.18333333333333335,0,0,0,0,0,0,0,0,0,0,1,0,0,0,0,0,0,0
3941,3694,Sorority House Massacre (1986),1986.0,22,2.0454545454545454,0.827160493827158,0.00612780857893201,0.26136363636363635,0,0,0,0,0,0,0,0,0,0,1,0,0,0,0,0,0,0
3942,3695,Sorority House Massacre II (1990),1990.0,28,1.7857142857142858,0.8765432098765409,0.007878611030055441,0.19642857142857145,0,0,0,0,0,0,0,0,0,0,1,0,0,0,0,0,0,0
3943,3696,Bamboozled (2000),2000.0,96,3.0520833333333335,1.0,0.02772103880945433,0.5130208333333334,0,0,0,0,1,0,0,0,0,0,0,0,0,0,0,0,0,0
3944,3697,Bootmen (2000),2000.0,9,2.111111111111111,1.0,0.0023344032681645753,0.2777777777777778,0,0,0,0,1,0,0,1,0,0,0,0,0,0,0,0,0,0
3945,3698,Digimon: The Movie (2000),2000.0,43,1.4883720930232558,1.0,0.01225561715786402,0.12209302325581395,0,1,1,1,0,0,0,0,0,0,0,0,0,0,0,0,0,0
3946,3699,Get Carter (2000),2000.0,100,2.26,1.0,0.028888240443536616,0.31499999999999995,1,0,0,0,0,0,0,1,0,0,0,0,0,0,0,1,0,0
3947,3700,Get Carter (1971),1971.0,55,3.4727272727272727,0.6419753086419746,0.015757222060110883,0.6181818181818182,0,0,0,0,0,0,0,0,0,0,0,0,0,0,0,1,0,0
3948,3701,Meet the Parents (2000),2000.0,862,3.6357308584686776,1.0,0.25124015173621245,0.6589327146171694,0,0,0,0,1,0,0,0,0,0,0,0,0,0,0,0,0,0
3949,3702,Requiem for a Dream (2000),2000.0,304,4.115131578947368,1.0,0.08841552378173329,0.778782894736842,0,0,0,0,0,0,0,1,0,0,0,0,0,0,0,0,0,0
3950,3703,Tigerland (2000),2000.0,54,3.6666666666666665,1.0,0.015465421651590311,0.6666666666666666,0,0,0,0,0,0,0,1,0,0,0,0,0,0,0,0,0,0
3951,3704,Two Family House (2000),2000.0,40,3.9,1.0,0.011380215932302306,0.725,0,0,0,0,0,0,0,1,0,0,0,0,0,0,0,0,0,0
3952,3705,"Contender, The (2000)",2000.0,388,3.7809278350515463,1.0,0.11292675809746133,0.6952319587628866,0,0,0,0,0,0,0,1,0,0,0,0,0,0,0,1,0,0
